date,county,malaria_cases
2015-01-01,Mombasa,52
2015-01-02,Mombasa,32
2015-01-03,Mombasa,35
2015-01-04,Mombasa,22
2015-01-05,Mombasa,33
2015-01-06,Mombasa,32
2015-01-07,Mombasa,30
2015-01-08,Mombasa,37
2015-01-09,Mombasa,19
2015-01-10,Mombasa,21
2015-01-11,Mombasa,36
2015-01-12,Mombasa,19
2015-01-13,Mombasa,30
2015-01-14,Mombasa,26
2015-01-15,Mombasa,10
2015-01-16,Mombasa,30
2015-01-17,Mombasa,19
2015-01-18,Mombasa,35
2015-01-19,Mombasa,32
2015-01-20,Mombasa,28
2015-01-21,Mombasa,14
2015-01-22,Mombasa,19
2015-01-23,Mombasa,30
2015-01-24,Mombasa,29
2015-01-25,Mombasa,11
2015-01-26,Mombasa,33
2015-01-27,Mombasa,31
2015-01-28,Mombasa,36
2015-01-29,Mombasa,34
2015-01-30,Mombasa,18
2015-01-31,Mombasa,21
2015-02-01,Mombasa,21
2015-02-02,Mombasa,43
2015-02-03,Mombasa,36
2015-02-04,Mombasa,37
2015-02-05,Mombasa,32
2015-02-06,Mombasa,36
2015-02-07,Mombasa,30
2015-02-08,Mombasa,40
2015-02-09,Mombasa,34
2015-02-10,Mombasa,36
2015-02-11,Mombasa,28
2015-02-12,Mombasa,42
2015-02-13,Mombasa,46
2015-02-14,Mombasa,27
2015-02-15,Mombasa,26
2015-02-16,Mombasa,10
2015-02-17,Mombasa,30
2015-02-18,Mombasa,31
2015-02-19,Mombasa,20
2015-02-20,Mombasa,0
2015-02-21,Mombasa,37
2015-02-22,Mombasa,28
2015-02-23,Mombasa,35
2015-02-24,Mombasa,35
2015-02-25,Mombasa,32
2015-02-26,Mombasa,30
2015-02-27,Mombasa,31
2015-02-28,Mombasa,30
2015-03-01,Mombasa,31
2015-03-02,Mombasa,39
2015-03-03,Mombasa,33
2015-03-04,Mombasa,39
2015-03-05,Mombasa,22
2015-03-06,Mombasa,47
2015-03-07,Mombasa,30
2015-03-08,Mombasa,40
2015-03-09,Mombasa,24
2015-03-10,Mombasa,36
2015-03-11,Mombasa,28
2015-03-12,Mombasa,33
2015-03-13,Mombasa,19
2015-03-14,Mombasa,41
2015-03-15,Mombasa,28
2015-03-16,Mombasa,37
2015-03-17,Mombasa,37
2015-03-18,Mombasa,43
2015-03-19,Mombasa,35
2015-03-20,Mombasa,30
2015-03-21,Mombasa,24
2015-03-22,Mombasa,14
2015-03-23,Mombasa,26
2015-03-24,Mombasa,49
2015-03-25,Mombasa,38
2015-03-26,Mombasa,47
2015-03-27,Mombasa,41
2015-03-28,Mombasa,34
2015-03-29,Mombasa,32
2015-03-30,Mombasa,34
2015-03-31,Mombasa,31
2015-04-01,Mombasa,29
2015-04-02,Mombasa,22
2015-04-03,Mombasa,53
2015-04-04,Mombasa,18
2015-04-05,Mombasa,41
2015-04-06,Mombasa,47
2015-04-07,Mombasa,35
2015-04-08,Mombasa,21
2015-04-09,Mombasa,40
2015-04-10,Mombasa,36
2015-04-11,Mombasa,16
2015-04-12,Mombasa,26
2015-04-13,Mombasa,30
2015-04-14,Mombasa,41
2015-04-15,Mombasa,23
2015-04-16,Mombasa,53
2015-04-17,Mombasa,32
2015-04-18,Mombasa,50
2015-04-19,Mombasa,35
2015-04-20,Mombasa,25
2015-04-21,Mombasa,57
2015-04-22,Mombasa,35
2015-04-23,Mombasa,36
2015-04-24,Mombasa,36
2015-04-25,Mombasa,31
2015-04-26,Mombasa,28
2015-04-27,Mombasa,32
2015-04-28,Mombasa,47
2015-04-29,Mombasa,38
2015-04-30,Mombasa,42
2015-05-01,Mombasa,38
2015-05-02,Mombasa,22
2015-05-03,Mombasa,27
2015-05-04,Mombasa,37
2015-05-05,Mombasa,43
2015-05-06,Mombasa,17
2015-05-07,Mombasa,43
2015-05-08,Mombasa,42
2015-05-09,Mombasa,43
2015-05-10,Mombasa,13
2015-05-11,Mombasa,27
2015-05-12,Mombasa,54
2015-05-13,Mombasa,36
2015-05-14,Mombasa,42
2015-05-15,Mombasa,41
2015-05-16,Mombasa,37
2015-05-17,Mombasa,32
2015-05-18,Mombasa,42
2015-05-19,Mombasa,36
2015-05-20,Mombasa,18
2015-05-21,Mombasa,24
2015-05-22,Mombasa,24
2015-05-23,Mombasa,44
2015-05-24,Mombasa,35
2015-05-25,Mombasa,44
2015-05-26,Mombasa,21
2015-05-27,Mombasa,38
2015-05-28,Mombasa,22
2015-05-29,Mombasa,25
2015-05-30,Mombasa,40
2015-05-31,Mombasa,41
2015-06-01,Mombasa,16
2015-06-02,Mombasa,24
2015-06-03,Mombasa,38
2015-06-04,Mombasa,34
2015-06-05,Mombasa,23
2015-06-06,Mombasa,39
2015-06-07,Mombasa,34
2015-06-08,Mombasa,38
2015-06-09,Mombasa,36
2015-06-10,Mombasa,39
2015-06-11,Mombasa,38
2015-06-12,Mombasa,40
2015-06-13,Mombasa,20
2015-06-14,Mombasa,35
2015-06-15,Mombasa,46
2015-06-16,Mombasa,29
2015-06-17,Mombasa,33
2015-06-18,Mombasa,30
2015-06-19,Mombasa,32
2015-06-20,Mombasa,25
2015-06-21,Mombasa,24
2015-06-22,Mombasa,22
2015-06-23,Mombasa,51
2015-06-24,Mombasa,24
2015-06-25,Mombasa,30
2015-06-26,Mombasa,37
2015-06-27,Mombasa,37
2015-06-28,Mombasa,19
2015-06-29,Mombasa,13
2015-06-30,Mombasa,23
2015-07-01,Mombasa,13
2015-07-02,Mombasa,14
2015-07-03,Mombasa,21
2015-07-04,Mombasa,23
2015-07-05,Mombasa,27
2015-07-06,Mombasa,38
2015-07-07,Mombasa,39
2015-07-08,Mombasa,45
2015-07-09,Mombasa,15
2015-07-10,Mombasa,21
2015-07-11,Mombasa,37
2015-07-12,Mombasa,40
2015-07-13,Mombasa,17
2015-07-14,Mombasa,32
2015-07-15,Mombasa,18
2015-07-16,Mombasa,41
2015-07-17,Mombasa,28
2015-07-18,Mombasa,31
2015-07-19,Mombasa,36
2015-07-20,Mombasa,16
2015-07-21,Mombasa,22
2015-07-22,Mombasa,16
2015-07-23,Mombasa,19
2015-07-24,Mombasa,32
2015-07-25,Mombasa,16
2015-07-26,Mombasa,28
2015-07-27,Mombasa,22
2015-07-28,Mombasa,36
2015-07-29,Mombasa,51
2015-07-30,Mombasa,20
2015-07-31,Mombasa,23
2015-08-01,Mombasa,33
2015-08-02,Mombasa,49
2015-08-03,Mombasa,42
2015-08-04,Mombasa,30
2015-08-05,Mombasa,41
2015-08-06,Mombasa,13
2015-08-07,Mombasa,35
2015-08-08,Mombasa,12
2015-08-09,Mombasa,9
2015-08-10,Mombasa,37
2015-08-11,Mombasa,35
2015-08-12,Mombasa,36
2015-08-13,Mombasa,27
2015-08-14,Mombasa,32
2015-08-15,Mombasa,29
2015-08-16,Mombasa,41
2015-08-17,Mombasa,47
2015-08-18,Mombasa,33
2015-08-19,Mombasa,21
2015-08-20,Mombasa,39
2015-08-21,Mombasa,7
2015-08-22,Mombasa,33
2015-08-23,Mombasa,45
2015-08-24,Mombasa,35
2015-08-25,Mombasa,12
2015-08-26,Mombasa,39
2015-08-27,Mombasa,43
2015-08-28,Mombasa,59
2015-08-29,Mombasa,28
2015-08-30,Mombasa,47
2015-08-31,Mombasa,21
2015-09-01,Mombasa,15
2015-09-02,Mombasa,18
2015-09-03,Mombasa,8
2015-09-04,Mombasa,50
2015-09-05,Mombasa,29
2015-09-06,Mombasa,33
2015-09-07,Mombasa,43
2015-09-08,Mombasa,22
2015-09-09,Mombasa,17
2015-09-10,Mombasa,42
2015-09-11,Mombasa,33
2015-09-12,Mombasa,13
2015-09-13,Mombasa,26
2015-09-14,Mombasa,16
2015-09-15,Mombasa,43
2015-09-16,Mombasa,23
2015-09-17,Mombasa,24
2015-09-18,Mombasa,24
2015-09-19,Mombasa,37
2015-09-20,Mombasa,26
2015-09-21,Mombasa,42
2015-09-22,Mombasa,21
2015-09-23,Mombasa,37
2015-09-24,Mombasa,21
2015-09-25,Mombasa,27
2015-09-26,Mombasa,17
2015-09-27,Mombasa,28
2015-09-28,Mombasa,24
2015-09-29,Mombasa,34
2015-09-30,Mombasa,21
2015-10-01,Mombasa,52
2015-10-02,Mombasa,49
2015-10-03,Mombasa,34
2015-10-04,Mombasa,28
2015-10-05,Mombasa,38
2015-10-06,Mombasa,28
2015-10-07,Mombasa,31
2015-10-08,Mombasa,32
2015-10-09,Mombasa,27
2015-10-10,Mombasa,20
2015-10-11,Mombasa,29
2015-10-12,Mombasa,37
2015-10-13,Mombasa,18
2015-10-14,Mombasa,8
2015-10-15,Mombasa,18
2015-10-16,Mombasa,22
2015-10-17,Mombasa,26
2015-10-18,Mombasa,10
2015-10-19,Mombasa,31
2015-10-20,Mombasa,27
2015-10-21,Mombasa,52
2015-10-22,Mombasa,26
2015-10-23,Mombasa,42
2015-10-24,Mombasa,33
2015-10-25,Mombasa,22
2015-10-26,Mombasa,30
2015-10-27,Mombasa,46
2015-10-28,Mombasa,36
2015-10-29,Mombasa,16
2015-10-30,Mombasa,21
2015-10-31,Mombasa,36
2015-11-01,Mombasa,25
2015-11-02,Mombasa,40
2015-11-03,Mombasa,16
2015-11-04,Mombasa,22
2015-11-05,Mombasa,15
2015-11-06,Mombasa,36
2015-11-07,Mombasa,46
2015-11-08,Mombasa,16
2015-11-09,Mombasa,26
2015-11-10,Mombasa,23
2015-11-11,Mombasa,13
2015-11-12,Mombasa,27
2015-11-13,Mombasa,32
2015-11-14,Mombasa,22
2015-11-15,Mombasa,29
2015-11-16,Mombasa,29
2015-11-17,Mombasa,38
2015-11-18,Mombasa,43
2015-11-19,Mombasa,31
2015-11-20,Mombasa,29
2015-11-21,Mombasa,35
2015-11-22,Mombasa,42
2015-11-23,Mombasa,46
2015-11-24,Mombasa,37
2015-11-25,Mombasa,30
2015-11-26,Mombasa,38
2015-11-27,Mombasa,20
2015-11-28,Mombasa,39
2015-11-29,Mombasa,30
2015-11-30,Mombasa,32
2015-12-01,Mombasa,18
2015-12-02,Mombasa,51
2015-12-03,Mombasa,26
2015-12-04,Mombasa,23
2015-12-05,Mombasa,29
2015-12-06,Mombasa,53
2015-12-07,Mombasa,39
2015-12-08,Mombasa,20
2015-12-09,Mombasa,26
2015-12-10,Mombasa,21
2015-12-11,Mombasa,14
2015-12-12,Mombasa,44
2015-12-13,Mombasa,10
2015-12-14,Mombasa,40
2015-12-15,Mombasa,21
2015-12-16,Mombasa,26
2015-12-17,Mombasa,25
2015-12-18,Mombasa,39
2015-12-19,Mombasa,40
2015-12-20,Mombasa,29
2015-12-21,Mombasa,45
2015-12-22,Mombasa,26
2015-12-23,Mombasa,33
2015-12-24,Mombasa,20
2015-12-25,Mombasa,38
2015-12-26,Mombasa,22
2015-12-27,Mombasa,22
2015-12-28,Mombasa,30
2015-12-29,Mombasa,11
2015-12-30,Mombasa,26
2015-12-31,Mombasa,21
2016-01-01,Mombasa,40
2016-01-02,Mombasa,7
2016-01-03,Mombasa,27
2016-01-04,Mombasa,2
2016-01-05,Mombasa,36
2016-01-06,Mombasa,35
2016-01-07,Mombasa,18
2016-01-08,Mombasa,31
2016-01-09,Mombasa,32
2016-01-10,Mombasa,36
2016-01-11,Mombasa,28
2016-01-12,Mombasa,43
2016-01-13,Mombasa,33
2016-01-14,Mombasa,25
2016-01-15,Mombasa,32
2016-01-16,Mombasa,43
2016-01-17,Mombasa,12
2016-01-18,Mombasa,44
2016-01-19,Mombasa,41
2016-01-20,Mombasa,34
2016-01-21,Mombasa,19
2016-01-22,Mombasa,29
2016-01-23,Mombasa,50
2016-01-24,Mombasa,24
2016-01-25,Mombasa,12
2016-01-26,Mombasa,38
2016-01-27,Mombasa,11
2016-01-28,Mombasa,16
2016-01-29,Mombasa,27
2016-01-30,Mombasa,27
2016-01-31,Mombasa,28
2016-02-01,Mombasa,24
2016-02-02,Mombasa,37
2016-02-03,Mombasa,38
2016-02-04,Mombasa,28
2016-02-05,Mombasa,26
2016-02-06,Mombasa,35
2016-02-07,Mombasa,12
2016-02-08,Mombasa,27
2016-02-09,Mombasa,34
2016-02-10,Mombasa,39
2016-02-11,Mombasa,29
2016-02-12,Mombasa,39
2016-02-13,Mombasa,24
2016-02-14,Mombasa,40
2016-02-15,Mombasa,32
2016-02-16,Mombasa,26
2016-02-17,Mombasa,22
2016-02-18,Mombasa,51
2016-02-19,Mombasa,40
2016-02-20,Mombasa,18
2016-02-21,Mombasa,25
2016-02-22,Mombasa,36
2016-02-23,Mombasa,23
2016-02-24,Mombasa,22
2016-02-25,Mombasa,19
2016-02-26,Mombasa,47
2016-02-27,Mombasa,22
2016-02-28,Mombasa,32
2016-02-29,Mombasa,37
2016-03-01,Mombasa,27
2016-03-02,Mombasa,36
2016-03-03,Mombasa,35
2016-03-04,Mombasa,39
2016-03-05,Mombasa,32
2016-03-06,Mombasa,17
2016-03-07,Mombasa,28
2016-03-08,Mombasa,43
2016-03-09,Mombasa,33
2016-03-10,Mombasa,36
2016-03-11,Mombasa,46
2016-03-12,Mombasa,12
2016-03-13,Mombasa,45
2016-03-14,Mombasa,16
2016-03-15,Mombasa,19
2016-03-16,Mombasa,26
2016-03-17,Mombasa,23
2016-03-18,Mombasa,51
2016-03-19,Mombasa,43
2016-03-20,Mombasa,37
2016-03-21,Mombasa,23
2016-03-22,Mombasa,20
2016-03-23,Mombasa,52
2016-03-24,Mombasa,16
2016-03-25,Mombasa,37
2016-03-26,Mombasa,34
2016-03-27,Mombasa,49
2016-03-28,Mombasa,33
2016-03-29,Mombasa,50
2016-03-30,Mombasa,40
2016-03-31,Mombasa,44
2016-04-01,Mombasa,34
2016-04-02,Mombasa,39
2016-04-03,Mombasa,29
2016-04-04,Mombasa,43
2016-04-05,Mombasa,29
2016-04-06,Mombasa,42
2016-04-07,Mombasa,22
2016-04-08,Mombasa,43
2016-04-09,Mombasa,46
2016-04-10,Mombasa,47
2016-04-11,Mombasa,60
2016-04-12,Mombasa,46
2016-04-13,Mombasa,40
2016-04-14,Mombasa,46
2016-04-15,Mombasa,51
2016-04-16,Mombasa,33
2016-04-17,Mombasa,17
2016-04-18,Mombasa,37
2016-04-19,Mombasa,49
2016-04-20,Mombasa,42
2016-04-21,Mombasa,48
2016-04-22,Mombasa,33
2016-04-23,Mombasa,54
2016-04-24,Mombasa,38
2016-04-25,Mombasa,50
2016-04-26,Mombasa,50
2016-04-27,Mombasa,39
2016-04-28,Mombasa,45
2016-04-29,Mombasa,31
2016-04-30,Mombasa,50
2016-05-01,Mombasa,31
2016-05-02,Mombasa,50
2016-05-03,Mombasa,40
2016-05-04,Mombasa,36
2016-05-05,Mombasa,31
2016-05-06,Mombasa,26
2016-05-07,Mombasa,37
2016-05-08,Mombasa,47
2016-05-09,Mombasa,31
2016-05-10,Mombasa,36
2016-05-11,Mombasa,46
2016-05-12,Mombasa,15
2016-05-13,Mombasa,33
2016-05-14,Mombasa,36
2016-05-15,Mombasa,30
2016-05-16,Mombasa,24
2016-05-17,Mombasa,26
2016-05-18,Mombasa,36
2016-05-19,Mombasa,47
2016-05-20,Mombasa,25
2016-05-21,Mombasa,39
2016-05-22,Mombasa,27
2016-05-23,Mombasa,47
2016-05-24,Mombasa,22
2016-05-25,Mombasa,16
2016-05-26,Mombasa,51
2016-05-27,Mombasa,40
2016-05-28,Mombasa,32
2016-05-29,Mombasa,19
2016-05-30,Mombasa,56
2016-05-31,Mombasa,39
2016-06-01,Mombasa,22
2016-06-02,Mombasa,23
2016-06-03,Mombasa,44
2016-06-04,Mombasa,17
2016-06-05,Mombasa,42
2016-06-06,Mombasa,8
2016-06-07,Mombasa,26
2016-06-08,Mombasa,50
2016-06-09,Mombasa,26
2016-06-10,Mombasa,38
2016-06-11,Mombasa,41
2016-06-12,Mombasa,34
2016-06-13,Mombasa,24
2016-06-14,Mombasa,14
2016-06-15,Mombasa,20
2016-06-16,Mombasa,22
2016-06-17,Mombasa,19
2016-06-18,Mombasa,41
2016-06-19,Mombasa,24
2016-06-20,Mombasa,41
2016-06-21,Mombasa,31
2016-06-22,Mombasa,28
2016-06-23,Mombasa,28
2016-06-24,Mombasa,23
2016-06-25,Mombasa,37
2016-06-26,Mombasa,26
2016-06-27,Mombasa,27
2016-06-28,Mombasa,24
2016-06-29,Mombasa,41
2016-06-30,Mombasa,35
2016-07-01,Mombasa,33
2016-07-02,Mombasa,14
2016-07-03,Mombasa,32
2016-07-04,Mombasa,48
2016-07-05,Mombasa,19
2016-07-06,Mombasa,28
2016-07-07,Mombasa,19
2016-07-08,Mombasa,37
2016-07-09,Mombasa,29
2016-07-10,Mombasa,40
2016-07-11,Mombasa,27
2016-07-12,Mombasa,38
2016-07-13,Mombasa,38
2016-07-14,Mombasa,43
2016-07-15,Mombasa,34
2016-07-16,Mombasa,30
2016-07-17,Mombasa,26
2016-07-18,Mombasa,21
2016-07-19,Mombasa,37
2016-07-20,Mombasa,23
2016-07-21,Mombasa,37
2016-07-22,Mombasa,43
2016-07-23,Mombasa,46
2016-07-24,Mombasa,29
2016-07-25,Mombasa,23
2016-07-26,Mombasa,40
2016-07-27,Mombasa,27
2016-07-28,Mombasa,41
2016-07-29,Mombasa,21
2016-07-30,Mombasa,40
2016-07-31,Mombasa,20
2016-08-01,Mombasa,33
2016-08-02,Mombasa,33
2016-08-03,Mombasa,35
2016-08-04,Mombasa,28
2016-08-05,Mombasa,30
2016-08-06,Mombasa,29
2016-08-07,Mombasa,36
2016-08-08,Mombasa,17
2016-08-09,Mombasa,32
2016-08-10,Mombasa,29
2016-08-11,Mombasa,21
2016-08-12,Mombasa,24
2016-08-13,Mombasa,50
2016-08-14,Mombasa,24
2016-08-15,Mombasa,18
2016-08-16,Mombasa,32
2016-08-17,Mombasa,22
2016-08-18,Mombasa,34
2016-08-19,Mombasa,29
2016-08-20,Mombasa,16
2016-08-21,Mombasa,27
2016-08-22,Mombasa,32
2016-08-23,Mombasa,65
2016-08-24,Mombasa,19
2016-08-25,Mombasa,24
2016-08-26,Mombasa,26
2016-08-27,Mombasa,38
2016-08-28,Mombasa,28
2016-08-29,Mombasa,34
2016-08-30,Mombasa,31
2016-08-31,Mombasa,9
2016-09-01,Mombasa,47
2016-09-02,Mombasa,14
2016-09-03,Mombasa,51
2016-09-04,Mombasa,32
2016-09-05,Mombasa,37
2016-09-06,Mombasa,28
2016-09-07,Mombasa,33
2016-09-08,Mombasa,15
2016-09-09,Mombasa,23
2016-09-10,Mombasa,18
2016-09-11,Mombasa,31
2016-09-12,Mombasa,2
2016-09-13,Mombasa,35
2016-09-14,Mombasa,43
2016-09-15,Mombasa,10
2016-09-16,Mombasa,15
2016-09-17,Mombasa,5
2016-09-18,Mombasa,26
2016-09-19,Mombasa,25
2016-09-20,Mombasa,26
2016-09-21,Mombasa,22
2016-09-22,Mombasa,31
2016-09-23,Mombasa,27
2016-09-24,Mombasa,35
2016-09-25,Mombasa,31
2016-09-26,Mombasa,14
2016-09-27,Mombasa,23
2016-09-28,Mombasa,22
2016-09-29,Mombasa,52
2016-09-30,Mombasa,44
2016-10-01,Mombasa,34
2015-01-01,Kwale,35
2015-01-02,Kwale,24
2015-01-03,Kwale,37
2015-01-04,Kwale,15
2015-01-05,Kwale,12
2015-01-06,Kwale,22
2015-01-07,Kwale,50
2015-01-08,Kwale,18
2015-01-09,Kwale,44
2015-01-10,Kwale,28
2015-01-11,Kwale,39
2015-01-12,Kwale,28
2015-01-13,Kwale,16
2015-01-14,Kwale,19
2015-01-15,Kwale,39
2015-01-16,Kwale,22
2015-01-17,Kwale,51
2015-01-18,Kwale,37
2015-01-19,Kwale,26
2015-01-20,Kwale,12
2015-01-21,Kwale,5
2015-01-22,Kwale,33
2015-01-23,Kwale,43
2015-01-24,Kwale,22
2015-01-25,Kwale,40
2015-01-26,Kwale,11
2015-01-27,Kwale,32
2015-01-28,Kwale,39
2015-01-29,Kwale,19
2015-01-30,Kwale,43
2015-01-31,Kwale,42
2015-02-01,Kwale,41
2015-02-02,Kwale,45
2015-02-03,Kwale,36
2015-02-04,Kwale,34
2015-02-05,Kwale,37
2015-02-06,Kwale,24
2015-02-07,Kwale,42
2015-02-08,Kwale,48
2015-02-09,Kwale,41
2015-02-10,Kwale,29
2015-02-11,Kwale,34
2015-02-12,Kwale,46
2015-02-13,Kwale,22
2015-02-14,Kwale,20
2015-02-15,Kwale,27
2015-02-16,Kwale,27
2015-02-17,Kwale,35
2015-02-18,Kwale,25
2015-02-19,Kwale,39
2015-02-20,Kwale,24
2015-02-21,Kwale,43
2015-02-22,Kwale,30
2015-02-23,Kwale,21
2015-02-24,Kwale,19
2015-02-25,Kwale,30
2015-02-26,Kwale,22
2015-02-27,Kwale,42
2015-02-28,Kwale,25
2015-03-01,Kwale,28
2015-03-02,Kwale,28
2015-03-03,Kwale,45
2015-03-04,Kwale,27
2015-03-05,Kwale,35
2015-03-06,Kwale,41
2015-03-07,Kwale,51
2015-03-08,Kwale,36
2015-03-09,Kwale,25
2015-03-10,Kwale,22
2015-03-11,Kwale,36
2015-03-12,Kwale,20
2015-03-13,Kwale,39
2015-03-14,Kwale,36
2015-03-15,Kwale,47
2015-03-16,Kwale,39
2015-03-17,Kwale,56
2015-03-18,Kwale,20
2015-03-19,Kwale,46
2015-03-20,Kwale,40
2015-03-21,Kwale,33
2015-03-22,Kwale,26
2015-03-23,Kwale,23
2015-03-24,Kwale,41
2015-03-25,Kwale,40
2015-03-26,Kwale,48
2015-03-27,Kwale,32
2015-03-28,Kwale,45
2015-03-29,Kwale,31
2015-03-30,Kwale,49
2015-03-31,Kwale,14
2015-04-01,Kwale,14
2015-04-02,Kwale,39
2015-04-03,Kwale,43
2015-04-04,Kwale,41
2015-04-05,Kwale,14
2015-04-06,Kwale,30
2015-04-07,Kwale,9
2015-04-08,Kwale,32
2015-04-09,Kwale,28
2015-04-10,Kwale,29
2015-04-11,Kwale,7
2015-04-12,Kwale,41
2015-04-13,Kwale,35
2015-04-14,Kwale,31
2015-04-15,Kwale,20
2015-04-16,Kwale,32
2015-04-17,Kwale,55
2015-04-18,Kwale,36
2015-04-19,Kwale,43
2015-04-20,Kwale,28
2015-04-21,Kwale,40
2015-04-22,Kwale,48
2015-04-23,Kwale,55
2015-04-24,Kwale,24
2015-04-25,Kwale,38
2015-04-26,Kwale,22
2015-04-27,Kwale,39
2015-04-28,Kwale,34
2015-04-29,Kwale,45
2015-04-30,Kwale,25
2015-05-01,Kwale,46
2015-05-02,Kwale,43
2015-05-03,Kwale,35
2015-05-04,Kwale,36
2015-05-05,Kwale,49
2015-05-06,Kwale,49
2015-05-07,Kwale,25
2015-05-08,Kwale,42
2015-05-09,Kwale,28
2015-05-10,Kwale,46
2015-05-11,Kwale,21
2015-05-12,Kwale,30
2015-05-13,Kwale,39
2015-05-14,Kwale,16
2015-05-15,Kwale,35
2015-05-16,Kwale,42
2015-05-17,Kwale,38
2015-05-18,Kwale,40
2015-05-19,Kwale,22
2015-05-20,Kwale,49
2015-05-21,Kwale,33
2015-05-22,Kwale,30
2015-05-23,Kwale,19
2015-05-24,Kwale,39
2015-05-25,Kwale,35
2015-05-26,Kwale,39
2015-05-27,Kwale,26
2015-05-28,Kwale,22
2015-05-29,Kwale,23
2015-05-30,Kwale,34
2015-05-31,Kwale,38
2015-06-01,Kwale,20
2015-06-02,Kwale,32
2015-06-03,Kwale,24
2015-06-04,Kwale,40
2015-06-05,Kwale,10
2015-06-06,Kwale,46
2015-06-07,Kwale,34
2015-06-08,Kwale,27
2015-06-09,Kwale,44
2015-06-10,Kwale,23
2015-06-11,Kwale,35
2015-06-12,Kwale,27
2015-06-13,Kwale,42
2015-06-14,Kwale,27
2015-06-15,Kwale,27
2015-06-16,Kwale,33
2015-06-17,Kwale,34
2015-06-18,Kwale,37
2015-06-19,Kwale,30
2015-06-20,Kwale,28
2015-06-21,Kwale,28
2015-06-22,Kwale,15
2015-06-23,Kwale,25
2015-06-24,Kwale,23
2015-06-25,Kwale,25
2015-06-26,Kwale,23
2015-06-27,Kwale,36
2015-06-28,Kwale,29
2015-06-29,Kwale,30
2015-06-30,Kwale,48
2015-07-01,Kwale,26
2015-07-02,Kwale,16
2015-07-03,Kwale,38
2015-07-04,Kwale,30
2015-07-05,Kwale,35
2015-07-06,Kwale,31
2015-07-07,Kwale,37
2015-07-08,Kwale,44
2015-07-09,Kwale,43
2015-07-10,Kwale,4
2015-07-11,Kwale,36
2015-07-12,Kwale,40
2015-07-13,Kwale,10
2015-07-14,Kwale,17
2015-07-15,Kwale,23
2015-07-16,Kwale,30
2015-07-17,Kwale,44
2015-07-18,Kwale,24
2015-07-19,Kwale,10
2015-07-20,Kwale,42
2015-07-21,Kwale,33
2015-07-22,Kwale,20
2015-07-23,Kwale,24
2015-07-24,Kwale,24
2015-07-25,Kwale,24
2015-07-26,Kwale,45
2015-07-27,Kwale,26
2015-07-28,Kwale,24
2015-07-29,Kwale,21
2015-07-30,Kwale,44
2015-07-31,Kwale,18
2015-08-01,Kwale,41
2015-08-02,Kwale,39
2015-08-03,Kwale,25
2015-08-04,Kwale,38
2015-08-05,Kwale,19
2015-08-06,Kwale,9
2015-08-07,Kwale,18
2015-08-08,Kwale,43
2015-08-09,Kwale,34
2015-08-10,Kwale,38
2015-08-11,Kwale,29
2015-08-12,Kwale,26
2015-08-13,Kwale,19
2015-08-14,Kwale,41
2015-08-15,Kwale,43
2015-08-16,Kwale,11
2015-08-17,Kwale,37
2015-08-18,Kwale,37
2015-08-19,Kwale,21
2015-08-20,Kwale,28
2015-08-21,Kwale,25
2015-08-22,Kwale,14
2015-08-23,Kwale,38
2015-08-24,Kwale,17
2015-08-25,Kwale,26
2015-08-26,Kwale,28
2015-08-27,Kwale,21
2015-08-28,Kwale,28
2015-08-29,Kwale,25
2015-08-30,Kwale,16
2015-08-31,Kwale,15
2015-09-01,Kwale,39
2015-09-02,Kwale,34
2015-09-03,Kwale,31
2015-09-04,Kwale,31
2015-09-05,Kwale,28
2015-09-06,Kwale,47
2015-09-07,Kwale,21
2015-09-08,Kwale,34
2015-09-09,Kwale,19
2015-09-10,Kwale,27
2015-09-11,Kwale,14
2015-09-12,Kwale,42
2015-09-13,Kwale,11
2015-09-14,Kwale,31
2015-09-15,Kwale,24
2015-09-16,Kwale,24
2015-09-17,Kwale,45
2015-09-18,Kwale,27
2015-09-19,Kwale,38
2015-09-20,Kwale,36
2015-09-21,Kwale,20
2015-09-22,Kwale,23
2015-09-23,Kwale,36
2015-09-24,Kwale,24
2015-09-25,Kwale,9
2015-09-26,Kwale,15
2015-09-27,Kwale,13
2015-09-28,Kwale,30
2015-09-29,Kwale,9
2015-09-30,Kwale,30
2015-10-01,Kwale,34
2015-10-02,Kwale,32
2015-10-03,Kwale,0
2015-10-04,Kwale,21
2015-10-05,Kwale,33
2015-10-06,Kwale,33
2015-10-07,Kwale,23
2015-10-08,Kwale,31
2015-10-09,Kwale,29
2015-10-10,Kwale,35
2015-10-11,Kwale,28
2015-10-12,Kwale,18
2015-10-13,Kwale,36
2015-10-14,Kwale,28
2015-10-15,Kwale,49
2015-10-16,Kwale,42
2015-10-17,Kwale,35
2015-10-18,Kwale,34
2015-10-19,Kwale,32
2015-10-20,Kwale,32
2015-10-21,Kwale,25
2015-10-22,Kwale,34
2015-10-23,Kwale,36
2015-10-24,Kwale,38
2015-10-25,Kwale,45
2015-10-26,Kwale,27
2015-10-27,Kwale,20
2015-10-28,Kwale,27
2015-10-29,Kwale,32
2015-10-30,Kwale,31
2015-10-31,Kwale,23
2015-11-01,Kwale,33
2015-11-02,Kwale,35
2015-11-03,Kwale,28
2015-11-04,Kwale,15
2015-11-05,Kwale,30
2015-11-06,Kwale,43
2015-11-07,Kwale,50
2015-11-08,Kwale,38
2015-11-09,Kwale,23
2015-11-10,Kwale,36
2015-11-11,Kwale,45
2015-11-12,Kwale,28
2015-11-13,Kwale,38
2015-11-14,Kwale,27
2015-11-15,Kwale,33
2015-11-16,Kwale,31
2015-11-17,Kwale,32
2015-11-18,Kwale,21
2015-11-19,Kwale,25
2015-11-20,Kwale,23
2015-11-21,Kwale,41
2015-11-22,Kwale,27
2015-11-23,Kwale,47
2015-11-24,Kwale,19
2015-11-25,Kwale,35
2015-11-26,Kwale,32
2015-11-27,Kwale,55
2015-11-28,Kwale,28
2015-11-29,Kwale,34
2015-11-30,Kwale,17
2015-12-01,Kwale,44
2015-12-02,Kwale,16
2015-12-03,Kwale,38
2015-12-04,Kwale,41
2015-12-05,Kwale,15
2015-12-06,Kwale,44
2015-12-07,Kwale,24
2015-12-08,Kwale,25
2015-12-09,Kwale,25
2015-12-10,Kwale,27
2015-12-11,Kwale,31
2015-12-12,Kwale,27
2015-12-13,Kwale,39
2015-12-14,Kwale,24
2015-12-15,Kwale,24
2015-12-16,Kwale,31
2015-12-17,Kwale,43
2015-12-18,Kwale,0
2015-12-19,Kwale,18
2015-12-20,Kwale,23
2015-12-21,Kwale,17
2015-12-22,Kwale,32
2015-12-23,Kwale,34
2015-12-24,Kwale,28
2015-12-25,Kwale,36
2015-12-26,Kwale,53
2015-12-27,Kwale,31
2015-12-28,Kwale,19
2015-12-29,Kwale,42
2015-12-30,Kwale,19
2015-12-31,Kwale,37
2016-01-01,Kwale,37
2016-01-02,Kwale,31
2016-01-03,Kwale,21
2016-01-04,Kwale,33
2016-01-05,Kwale,34
2016-01-06,Kwale,30
2016-01-07,Kwale,16
2016-01-08,Kwale,27
2016-01-09,Kwale,42
2016-01-10,Kwale,16
2016-01-11,Kwale,16
2016-01-12,Kwale,30
2016-01-13,Kwale,24
2016-01-14,Kwale,28
2016-01-15,Kwale,21
2016-01-16,Kwale,24
2016-01-17,Kwale,27
2016-01-18,Kwale,27
2016-01-19,Kwale,20
2016-01-20,Kwale,20
2016-01-21,Kwale,41
2016-01-22,Kwale,22
2016-01-23,Kwale,27
2016-01-24,Kwale,34
2016-01-25,Kwale,45
2016-01-26,Kwale,29
2016-01-27,Kwale,40
2016-01-28,Kwale,41
2016-01-29,Kwale,32
2016-01-30,Kwale,14
2016-01-31,Kwale,34
2016-02-01,Kwale,35
2016-02-02,Kwale,30
2016-02-03,Kwale,28
2016-02-04,Kwale,7
2016-02-05,Kwale,0
2016-02-06,Kwale,28
2016-02-07,Kwale,30
2016-02-08,Kwale,26
2016-02-09,Kwale,37
2016-02-10,Kwale,38
2016-02-11,Kwale,36
2016-02-12,Kwale,31
2016-02-13,Kwale,30
2016-02-14,Kwale,44
2016-02-15,Kwale,34
2016-02-16,Kwale,27
2016-02-17,Kwale,24
2016-02-18,Kwale,48
2016-02-19,Kwale,16
2016-02-20,Kwale,49
2016-02-21,Kwale,39
2016-02-22,Kwale,24
2016-02-23,Kwale,27
2016-02-24,Kwale,25
2016-02-25,Kwale,33
2016-02-26,Kwale,23
2016-02-27,Kwale,15
2016-02-28,Kwale,40
2016-02-29,Kwale,34
2016-03-01,Kwale,29
2016-03-02,Kwale,30
2016-03-03,Kwale,45
2016-03-04,Kwale,22
2016-03-05,Kwale,26
2016-03-06,Kwale,51
2016-03-07,Kwale,32
2016-03-08,Kwale,46
2016-03-09,Kwale,22
2016-03-10,Kwale,27
2016-03-11,Kwale,26
2016-03-12,Kwale,39
2016-03-13,Kwale,13
2016-03-14,Kwale,36
2016-03-15,Kwale,34
2016-03-16,Kwale,37
2016-03-17,Kwale,34
2016-03-18,Kwale,52
2016-03-19,Kwale,26
2016-03-20,Kwale,30
2016-03-21,Kwale,29
2016-03-22,Kwale,37
2016-03-23,Kwale,36
2016-03-24,Kwale,21
2016-03-25,Kwale,21
2016-03-26,Kwale,53
2016-03-27,Kwale,35
2016-03-28,Kwale,31
2016-03-29,Kwale,38
2016-03-30,Kwale,36
2016-03-31,Kwale,52
2016-04-01,Kwale,32
2016-04-02,Kwale,40
2016-04-03,Kwale,30
2016-04-04,Kwale,26
2016-04-05,Kwale,35
2016-04-06,Kwale,50
2016-04-07,Kwale,29
2016-04-08,Kwale,46
2016-04-09,Kwale,20
2016-04-10,Kwale,40
2016-04-11,Kwale,26
2016-04-12,Kwale,38
2016-04-13,Kwale,22
2016-04-14,Kwale,34
2016-04-15,Kwale,37
2016-04-16,Kwale,30
2016-04-17,Kwale,23
2016-04-18,Kwale,55
2016-04-19,Kwale,34
2016-04-20,Kwale,39
2016-04-21,Kwale,30
2016-04-22,Kwale,30
2016-04-23,Kwale,54
2016-04-24,Kwale,33
2016-04-25,Kwale,37
2016-04-26,Kwale,35
2016-04-27,Kwale,25
2016-04-28,Kwale,33
2016-04-29,Kwale,36
2016-04-30,Kwale,36
2016-05-01,Kwale,21
2016-05-02,Kwale,34
2016-05-03,Kwale,29
2016-05-04,Kwale,41
2016-05-05,Kwale,42
2016-05-06,Kwale,43
2016-05-07,Kwale,40
2016-05-08,Kwale,34
2016-05-09,Kwale,36
2016-05-10,Kwale,49
2016-05-11,Kwale,19
2016-05-12,Kwale,25
2016-05-13,Kwale,21
2016-05-14,Kwale,34
2016-05-15,Kwale,37
2016-05-16,Kwale,33
2016-05-17,Kwale,14
2016-05-18,Kwale,37
2016-05-19,Kwale,39
2016-05-20,Kwale,49
2016-05-21,Kwale,46
2016-05-22,Kwale,34
2016-05-23,Kwale,20
2016-05-24,Kwale,47
2016-05-25,Kwale,34
2016-05-26,Kwale,36
2016-05-27,Kwale,53
2016-05-28,Kwale,43
2016-05-29,Kwale,26
2016-05-30,Kwale,41
2016-05-31,Kwale,45
2016-06-01,Kwale,20
2016-06-02,Kwale,39
2016-06-03,Kwale,13
2016-06-04,Kwale,33
2016-06-05,Kwale,6
2016-06-06,Kwale,30
2016-06-07,Kwale,39
2016-06-08,Kwale,15
2016-06-09,Kwale,37
2016-06-10,Kwale,28
2016-06-11,Kwale,13
2016-06-12,Kwale,39
2016-06-13,Kwale,55
2016-06-14,Kwale,35
2016-06-15,Kwale,47
2016-06-16,Kwale,19
2016-06-17,Kwale,39
2016-06-18,Kwale,34
2016-06-19,Kwale,24
2016-06-20,Kwale,17
2016-06-21,Kwale,35
2016-06-22,Kwale,35
2016-06-23,Kwale,30
2016-06-24,Kwale,30
2016-06-25,Kwale,31
2016-06-26,Kwale,48
2016-06-27,Kwale,22
2016-06-28,Kwale,31
2016-06-29,Kwale,28
2016-06-30,Kwale,24
2016-07-01,Kwale,41
2016-07-02,Kwale,28
2016-07-03,Kwale,9
2016-07-04,Kwale,26
2016-07-05,Kwale,42
2016-07-06,Kwale,33
2016-07-07,Kwale,33
2016-07-08,Kwale,25
2016-07-09,Kwale,14
2016-07-10,Kwale,43
2016-07-11,Kwale,27
2016-07-12,Kwale,20
2016-07-13,Kwale,28
2016-07-14,Kwale,36
2016-07-15,Kwale,35
2016-07-16,Kwale,34
2016-07-17,Kwale,52
2016-07-18,Kwale,31
2016-07-19,Kwale,35
2016-07-20,Kwale,28
2016-07-21,Kwale,38
2016-07-22,Kwale,34
2016-07-23,Kwale,42
2016-07-24,Kwale,11
2016-07-25,Kwale,21
2016-07-26,Kwale,23
2016-07-27,Kwale,25
2016-07-28,Kwale,22
2016-07-29,Kwale,21
2016-07-30,Kwale,31
2016-07-31,Kwale,36
2016-08-01,Kwale,27
2016-08-02,Kwale,34
2016-08-03,Kwale,18
2016-08-04,Kwale,31
2016-08-05,Kwale,23
2016-08-06,Kwale,15
2016-08-07,Kwale,26
2016-08-08,Kwale,13
2016-08-09,Kwale,21
2016-08-10,Kwale,39
2016-08-11,Kwale,43
2016-08-12,Kwale,25
2016-08-13,Kwale,31
2016-08-14,Kwale,40
2016-08-15,Kwale,28
2016-08-16,Kwale,24
2016-08-17,Kwale,40
2016-08-18,Kwale,19
2016-08-19,Kwale,19
2016-08-20,Kwale,35
2016-08-21,Kwale,36
2016-08-22,Kwale,34
2016-08-23,Kwale,19
2016-08-24,Kwale,25
2016-08-25,Kwale,18
2016-08-26,Kwale,30
2016-08-27,Kwale,51
2016-08-28,Kwale,29
2016-08-29,Kwale,38
2016-08-30,Kwale,30
2016-08-31,Kwale,47
2016-09-01,Kwale,25
2016-09-02,Kwale,28
2016-09-03,Kwale,11
2016-09-04,Kwale,29
2016-09-05,Kwale,27
2016-09-06,Kwale,41
2016-09-07,Kwale,17
2016-09-08,Kwale,21
2016-09-09,Kwale,12
2016-09-10,Kwale,29
2016-09-11,Kwale,27
2016-09-12,Kwale,39
2016-09-13,Kwale,40
2016-09-14,Kwale,16
2016-09-15,Kwale,19
2016-09-16,Kwale,38
2016-09-17,Kwale,34
2016-09-18,Kwale,29
2016-09-19,Kwale,22
2016-09-20,Kwale,24
2016-09-21,Kwale,36
2016-09-22,Kwale,16
2016-09-23,Kwale,51
2016-09-24,Kwale,37
2016-09-25,Kwale,33
2016-09-26,Kwale,26
2016-09-27,Kwale,47
2016-09-28,Kwale,37
2016-09-29,Kwale,35
2016-09-30,Kwale,13
2016-10-01,Kwale,19
2015-01-01,Kilifi,43
2015-01-02,Kilifi,23
2015-01-03,Kilifi,30
2015-01-04,Kilifi,48
2015-01-05,Kilifi,38
2015-01-06,Kilifi,35
2015-01-07,Kilifi,36
2015-01-08,Kilifi,15
2015-01-09,Kilifi,28
2015-01-10,Kilifi,30
2015-01-11,Kilifi,8
2015-01-12,Kilifi,43
2015-01-13,Kilifi,17
2015-01-14,Kilifi,20
2015-01-15,Kilifi,29
2015-01-16,Kilifi,20
2015-01-17,Kilifi,20
2015-01-18,Kilifi,25
2015-01-19,Kilifi,28
2015-01-20,Kilifi,30
2015-01-21,Kilifi,38
2015-01-22,Kilifi,10
2015-01-23,Kilifi,16
2015-01-24,Kilifi,6
2015-01-25,Kilifi,41
2015-01-26,Kilifi,31
2015-01-27,Kilifi,23
2015-01-28,Kilifi,46
2015-01-29,Kilifi,32
2015-01-30,Kilifi,27
2015-01-31,Kilifi,25
2015-02-01,Kilifi,20
2015-02-02,Kilifi,27
2015-02-03,Kilifi,24
2015-02-04,Kilifi,36
2015-02-05,Kilifi,20
2015-02-06,Kilifi,42
2015-02-07,Kilifi,5
2015-02-08,Kilifi,40
2015-02-09,Kilifi,27
2015-02-10,Kilifi,12
2015-02-11,Kilifi,38
2015-02-12,Kilifi,27
2015-02-13,Kilifi,8
2015-02-14,Kilifi,43
2015-02-15,Kilifi,20
2015-02-16,Kilifi,14
2015-02-17,Kilifi,30
2015-02-18,Kilifi,22
2015-02-19,Kilifi,28
2015-02-20,Kilifi,30
2015-02-21,Kilifi,32
2015-02-22,Kilifi,30
2015-02-23,Kilifi,38
2015-02-24,Kilifi,28
2015-02-25,Kilifi,16
2015-02-26,Kilifi,34
2015-02-27,Kilifi,34
2015-02-28,Kilifi,15
2015-03-01,Kilifi,36
2015-03-02,Kilifi,56
2015-03-03,Kilifi,37
2015-03-04,Kilifi,7
2015-03-05,Kilifi,27
2015-03-06,Kilifi,40
2015-03-07,Kilifi,31
2015-03-08,Kilifi,32
2015-03-09,Kilifi,21
2015-03-10,Kilifi,32
2015-03-11,Kilifi,49
2015-03-12,Kilifi,25
2015-03-13,Kilifi,56
2015-03-14,Kilifi,53
2015-03-15,Kilifi,35
2015-03-16,Kilifi,53
2015-03-17,Kilifi,33
2015-03-18,Kilifi,36
2015-03-19,Kilifi,29
2015-03-20,Kilifi,34
2015-03-21,Kilifi,31
2015-03-22,Kilifi,42
2015-03-23,Kilifi,27
2015-03-24,Kilifi,26
2015-03-25,Kilifi,40
2015-03-26,Kilifi,44
2015-03-27,Kilifi,24
2015-03-28,Kilifi,39
2015-03-29,Kilifi,52
2015-03-30,Kilifi,39
2015-03-31,Kilifi,21
2015-04-01,Kilifi,47
2015-04-02,Kilifi,48
2015-04-03,Kilifi,39
2015-04-04,Kilifi,52
2015-04-05,Kilifi,21
2015-04-06,Kilifi,25
2015-04-07,Kilifi,32
2015-04-08,Kilifi,51
2015-04-09,Kilifi,38
2015-04-10,Kilifi,32
2015-04-11,Kilifi,35
2015-04-12,Kilifi,56
2015-04-13,Kilifi,35
2015-04-14,Kilifi,45
2015-04-15,Kilifi,38
2015-04-16,Kilifi,21
2015-04-17,Kilifi,29
2015-04-18,Kilifi,13
2015-04-19,Kilifi,51
2015-04-20,Kilifi,35
2015-04-21,Kilifi,22
2015-04-22,Kilifi,34
2015-04-23,Kilifi,12
2015-04-24,Kilifi,59
2015-04-25,Kilifi,33
2015-04-26,Kilifi,42
2015-04-27,Kilifi,25
2015-04-28,Kilifi,47
2015-04-29,Kilifi,35
2015-04-30,Kilifi,50
2015-05-01,Kilifi,25
2015-05-02,Kilifi,38
2015-05-03,Kilifi,28
2015-05-04,Kilifi,40
2015-05-05,Kilifi,34
2015-05-06,Kilifi,28
2015-05-07,Kilifi,35
2015-05-08,Kilifi,52
2015-05-09,Kilifi,23
2015-05-10,Kilifi,34
2015-05-11,Kilifi,39
2015-05-12,Kilifi,37
2015-05-13,Kilifi,22
2015-05-14,Kilifi,57
2015-05-15,Kilifi,23
2015-05-16,Kilifi,24
2015-05-17,Kilifi,39
2015-05-18,Kilifi,22
2015-05-19,Kilifi,20
2015-05-20,Kilifi,39
2015-05-21,Kilifi,42
2015-05-22,Kilifi,42
2015-05-23,Kilifi,44
2015-05-24,Kilifi,44
2015-05-25,Kilifi,30
2015-05-26,Kilifi,35
2015-05-27,Kilifi,36
2015-05-28,Kilifi,41
2015-05-29,Kilifi,31
2015-05-30,Kilifi,25
2015-05-31,Kilifi,23
2015-06-01,Kilifi,43
2015-06-02,Kilifi,46
2015-06-03,Kilifi,26
2015-06-04,Kilifi,30
2015-06-05,Kilifi,46
2015-06-06,Kilifi,30
2015-06-07,Kilifi,13
2015-06-08,Kilifi,28
2015-06-09,Kilifi,21
2015-06-10,Kilifi,16
2015-06-11,Kilifi,27
2015-06-12,Kilifi,37
2015-06-13,Kilifi,4
2015-06-14,Kilifi,31
2015-06-15,Kilifi,7
2015-06-16,Kilifi,42
2015-06-17,Kilifi,40
2015-06-18,Kilifi,19
2015-06-19,Kilifi,41
2015-06-20,Kilifi,25
2015-06-21,Kilifi,25
2015-06-22,Kilifi,22
2015-06-23,Kilifi,35
2015-06-24,Kilifi,23
2015-06-25,Kilifi,33
2015-06-26,Kilifi,25
2015-06-27,Kilifi,25
2015-06-28,Kilifi,13
2015-06-29,Kilifi,25
2015-06-30,Kilifi,27
2015-07-01,Kilifi,32
2015-07-02,Kilifi,39
2015-07-03,Kilifi,5
2015-07-04,Kilifi,46
2015-07-05,Kilifi,17
2015-07-06,Kilifi,26
2015-07-07,Kilifi,24
2015-07-08,Kilifi,23
2015-07-09,Kilifi,40
2015-07-10,Kilifi,28
2015-07-11,Kilifi,28
2015-07-12,Kilifi,28
2015-07-13,Kilifi,39
2015-07-14,Kilifi,27
2015-07-15,Kilifi,25
2015-07-16,Kilifi,16
2015-07-17,Kilifi,24
2015-07-18,Kilifi,19
2015-07-19,Kilifi,21
2015-07-20,Kilifi,47
2015-07-21,Kilifi,32
2015-07-22,Kilifi,42
2015-07-23,Kilifi,20
2015-07-24,Kilifi,17
2015-07-25,Kilifi,21
2015-07-26,Kilifi,30
2015-07-27,Kilifi,43
2015-07-28,Kilifi,27
2015-07-29,Kilifi,23
2015-07-30,Kilifi,22
2015-07-31,Kilifi,16
2015-08-01,Kilifi,47
2015-08-02,Kilifi,37
2015-08-03,Kilifi,16
2015-08-04,Kilifi,30
2015-08-05,Kilifi,24
2015-08-06,Kilifi,24
2015-08-07,Kilifi,25
2015-08-08,Kilifi,23
2015-08-09,Kilifi,12
2015-08-10,Kilifi,48
2015-08-11,Kilifi,55
2015-08-12,Kilifi,23
2015-08-13,Kilifi,50
2015-08-14,Kilifi,20
2015-08-15,Kilifi,57
2015-08-16,Kilifi,23
2015-08-17,Kilifi,21
2015-08-18,Kilifi,29
2015-08-19,Kilifi,24
2015-08-20,Kilifi,31
2015-08-21,Kilifi,41
2015-08-22,Kilifi,45
2015-08-23,Kilifi,16
2015-08-24,Kilifi,20
2015-08-25,Kilifi,60
2015-08-26,Kilifi,18
2015-08-27,Kilifi,52
2015-08-28,Kilifi,12
2015-08-29,Kilifi,29
2015-08-30,Kilifi,24
2015-08-31,Kilifi,40
2015-09-01,Kilifi,33
2015-09-02,Kilifi,41
2015-09-03,Kilifi,43
2015-09-04,Kilifi,37
2015-09-05,Kilifi,46
2015-09-06,Kilifi,33
2015-09-07,Kilifi,19
2015-09-08,Kilifi,14
2015-09-09,Kilifi,33
2015-09-10,Kilifi,28
2015-09-11,Kilifi,30
2015-09-12,Kilifi,31
2015-09-13,Kilifi,35
2015-09-14,Kilifi,19
2015-09-15,Kilifi,33
2015-09-16,Kilifi,40
2015-09-17,Kilifi,35
2015-09-18,Kilifi,40
2015-09-19,Kilifi,42
2015-09-20,Kilifi,33
2015-09-21,Kilifi,30
2015-09-22,Kilifi,43
2015-09-23,Kilifi,21
2015-09-24,Kilifi,9
2015-09-25,Kilifi,43
2015-09-26,Kilifi,10
2015-09-27,Kilifi,26
2015-09-28,Kilifi,24
2015-09-29,Kilifi,36
2015-09-30,Kilifi,36
2015-10-01,Kilifi,41
2015-10-02,Kilifi,28
2015-10-03,Kilifi,22
2015-10-04,Kilifi,42
2015-10-05,Kilifi,11
2015-10-06,Kilifi,31
2015-10-07,Kilifi,22
2015-10-08,Kilifi,28
2015-10-09,Kilifi,25
2015-10-10,Kilifi,22
2015-10-11,Kilifi,20
2015-10-12,Kilifi,46
2015-10-13,Kilifi,28
2015-10-14,Kilifi,28
2015-10-15,Kilifi,19
2015-10-16,Kilifi,27
2015-10-17,Kilifi,33
2015-10-18,Kilifi,25
2015-10-19,Kilifi,30
2015-10-20,Kilifi,38
2015-10-21,Kilifi,44
2015-10-22,Kilifi,40
2015-10-23,Kilifi,26
2015-10-24,Kilifi,27
2015-10-25,Kilifi,41
2015-10-26,Kilifi,27
2015-10-27,Kilifi,18
2015-10-28,Kilifi,36
2015-10-29,Kilifi,42
2015-10-30,Kilifi,13
2015-10-31,Kilifi,27
2015-11-01,Kilifi,44
2015-11-02,Kilifi,30
2015-11-03,Kilifi,37
2015-11-04,Kilifi,28
2015-11-05,Kilifi,37
2015-11-06,Kilifi,33
2015-11-07,Kilifi,34
2015-11-08,Kilifi,23
2015-11-09,Kilifi,29
2015-11-10,Kilifi,46
2015-11-11,Kilifi,41
2015-11-12,Kilifi,29
2015-11-13,Kilifi,6
2015-11-14,Kilifi,24
2015-11-15,Kilifi,11
2015-11-16,Kilifi,34
2015-11-17,Kilifi,38
2015-11-18,Kilifi,36
2015-11-19,Kilifi,28
2015-11-20,Kilifi,35
2015-11-21,Kilifi,22
2015-11-22,Kilifi,26
2015-11-23,Kilifi,58
2015-11-24,Kilifi,32
2015-11-25,Kilifi,23
2015-11-26,Kilifi,31
2015-11-27,Kilifi,22
2015-11-28,Kilifi,34
2015-11-29,Kilifi,36
2015-11-30,Kilifi,15
2015-12-01,Kilifi,44
2015-12-02,Kilifi,29
2015-12-03,Kilifi,24
2015-12-04,Kilifi,35
2015-12-05,Kilifi,26
2015-12-06,Kilifi,8
2015-12-07,Kilifi,34
2015-12-08,Kilifi,22
2015-12-09,Kilifi,18
2015-12-10,Kilifi,22
2015-12-11,Kilifi,16
2015-12-12,Kilifi,31
2015-12-13,Kilifi,35
2015-12-14,Kilifi,48
2015-12-15,Kilifi,23
2015-12-16,Kilifi,46
2015-12-17,Kilifi,24
2015-12-18,Kilifi,30
2015-12-19,Kilifi,39
2015-12-20,Kilifi,42
2015-12-21,Kilifi,29
2015-12-22,Kilifi,38
2015-12-23,Kilifi,35
2015-12-24,Kilifi,24
2015-12-25,Kilifi,34
2015-12-26,Kilifi,9
2015-12-27,Kilifi,29
2015-12-28,Kilifi,21
2015-12-29,Kilifi,27
2015-12-30,Kilifi,12
2015-12-31,Kilifi,13
2016-01-01,Kilifi,46
2016-01-02,Kilifi,31
2016-01-03,Kilifi,43
2016-01-04,Kilifi,31
2016-01-05,Kilifi,31
2016-01-06,Kilifi,39
2016-01-07,Kilifi,27
2016-01-08,Kilifi,33
2016-01-09,Kilifi,37
2016-01-10,Kilifi,40
2016-01-11,Kilifi,33
2016-01-12,Kilifi,33
2016-01-13,Kilifi,48
2016-01-14,Kilifi,11
2016-01-15,Kilifi,51
2016-01-16,Kilifi,32
2016-01-17,Kilifi,50
2016-01-18,Kilifi,26
2016-01-19,Kilifi,25
2016-01-20,Kilifi,27
2016-01-21,Kilifi,30
2016-01-22,Kilifi,10
2016-01-23,Kilifi,14
2016-01-24,Kilifi,36
2016-01-25,Kilifi,39
2016-01-26,Kilifi,16
2016-01-27,Kilifi,24
2016-01-28,Kilifi,13
2016-01-29,Kilifi,18
2016-01-30,Kilifi,31
2016-01-31,Kilifi,22
2016-02-01,Kilifi,50
2016-02-02,Kilifi,37
2016-02-03,Kilifi,23
2016-02-04,Kilifi,16
2016-02-05,Kilifi,18
2016-02-06,Kilifi,34
2016-02-07,Kilifi,47
2016-02-08,Kilifi,28
2016-02-09,Kilifi,47
2016-02-10,Kilifi,29
2016-02-11,Kilifi,41
2016-02-12,Kilifi,19
2016-02-13,Kilifi,44
2016-02-14,Kilifi,39
2016-02-15,Kilifi,28
2016-02-16,Kilifi,29
2016-02-17,Kilifi,21
2016-02-18,Kilifi,16
2016-02-19,Kilifi,28
2016-02-20,Kilifi,36
2016-02-21,Kilifi,39
2016-02-22,Kilifi,18
2016-02-23,Kilifi,29
2016-02-24,Kilifi,13
2016-02-25,Kilifi,34
2016-02-26,Kilifi,28
2016-02-27,Kilifi,29
2016-02-28,Kilifi,22
2016-02-29,Kilifi,22
2016-03-01,Kilifi,39
2016-03-02,Kilifi,41
2016-03-03,Kilifi,15
2016-03-04,Kilifi,40
2016-03-05,Kilifi,39
2016-03-06,Kilifi,27
2016-03-07,Kilifi,29
2016-03-08,Kilifi,40
2016-03-09,Kilifi,40
2016-03-10,Kilifi,38
2016-03-11,Kilifi,54
2016-03-12,Kilifi,33
2016-03-13,Kilifi,17
2016-03-14,Kilifi,32
2016-03-15,Kilifi,28
2016-03-16,Kilifi,40
2016-03-17,Kilifi,26
2016-03-18,Kilifi,33
2016-03-19,Kilifi,34
2016-03-20,Kilifi,15
2016-03-21,Kilifi,40
2016-03-22,Kilifi,26
2016-03-23,Kilifi,36
2016-03-24,Kilifi,48
2016-03-25,Kilifi,44
2016-03-26,Kilifi,28
2016-03-27,Kilifi,21
2016-03-28,Kilifi,36
2016-03-29,Kilifi,38
2016-03-30,Kilifi,21
2016-03-31,Kilifi,41
2016-04-01,Kilifi,46
2016-04-02,Kilifi,40
2016-04-03,Kilifi,27
2016-04-04,Kilifi,24
2016-04-05,Kilifi,56
2016-04-06,Kilifi,33
2016-04-07,Kilifi,27
2016-04-08,Kilifi,29
2016-04-09,Kilifi,35
2016-04-10,Kilifi,28
2016-04-11,Kilifi,30
2016-04-12,Kilifi,32
2016-04-13,Kilifi,47
2016-04-14,Kilifi,33
2016-04-15,Kilifi,52
2016-04-16,Kilifi,34
2016-04-17,Kilifi,15
2016-04-18,Kilifi,48
2016-04-19,Kilifi,39
2016-04-20,Kilifi,27
2016-04-21,Kilifi,33
2016-04-22,Kilifi,34
2016-04-23,Kilifi,31
2016-04-24,Kilifi,23
2016-04-25,Kilifi,43
2016-04-26,Kilifi,47
2016-04-27,Kilifi,43
2016-04-28,Kilifi,38
2016-04-29,Kilifi,35
2016-04-30,Kilifi,39
2016-05-01,Kilifi,26
2016-05-02,Kilifi,15
2016-05-03,Kilifi,28
2016-05-04,Kilifi,59
2016-05-05,Kilifi,47
2016-05-06,Kilifi,25
2016-05-07,Kilifi,36
2016-05-08,Kilifi,35
2016-05-09,Kilifi,42
2016-05-10,Kilifi,40
2016-05-11,Kilifi,24
2016-05-12,Kilifi,29
2016-05-13,Kilifi,46
2016-05-14,Kilifi,36
2016-05-15,Kilifi,31
2016-05-16,Kilifi,21
2016-05-17,Kilifi,52
2016-05-18,Kilifi,45
2016-05-19,Kilifi,39
2016-05-20,Kilifi,50
2016-05-21,Kilifi,36
2016-05-22,Kilifi,38
2016-05-23,Kilifi,48
2016-05-24,Kilifi,55
2016-05-25,Kilifi,46
2016-05-26,Kilifi,34
2016-05-27,Kilifi,39
2016-05-28,Kilifi,48
2016-05-29,Kilifi,23
2016-05-30,Kilifi,22
2016-05-31,Kilifi,24
2016-06-01,Kilifi,22
2016-06-02,Kilifi,22
2016-06-03,Kilifi,19
2016-06-04,Kilifi,37
2016-06-05,Kilifi,1
2016-06-06,Kilifi,37
2016-06-07,Kilifi,13
2016-06-08,Kilifi,21
2016-06-09,Kilifi,20
2016-06-10,Kilifi,29
2016-06-11,Kilifi,40
2016-06-12,Kilifi,40
2016-06-13,Kilifi,41
2016-06-14,Kilifi,46
2016-06-15,Kilifi,37
2016-06-16,Kilifi,28
2016-06-17,Kilifi,35
2016-06-18,Kilifi,41
2016-06-19,Kilifi,47
2016-06-20,Kilifi,18
2016-06-21,Kilifi,46
2016-06-22,Kilifi,27
2016-06-23,Kilifi,42
2016-06-24,Kilifi,25
2016-06-25,Kilifi,26
2016-06-26,Kilifi,27
2016-06-27,Kilifi,34
2016-06-28,Kilifi,30
2016-06-29,Kilifi,36
2016-06-30,Kilifi,36
2016-07-01,Kilifi,25
2016-07-02,Kilifi,21
2016-07-03,Kilifi,39
2016-07-04,Kilifi,34
2016-07-05,Kilifi,15
2016-07-06,Kilifi,20
2016-07-07,Kilifi,38
2016-07-08,Kilifi,28
2016-07-09,Kilifi,40
2016-07-10,Kilifi,22
2016-07-11,Kilifi,31
2016-07-12,Kilifi,20
2016-07-13,Kilifi,25
2016-07-14,Kilifi,27
2016-07-15,Kilifi,32
2016-07-16,Kilifi,15
2016-07-17,Kilifi,37
2016-07-18,Kilifi,28
2016-07-19,Kilifi,47
2016-07-20,Kilifi,21
2016-07-21,Kilifi,30
2016-07-22,Kilifi,18
2016-07-23,Kilifi,36
2016-07-24,Kilifi,62
2016-07-25,Kilifi,35
2016-07-26,Kilifi,13
2016-07-27,Kilifi,36
2016-07-28,Kilifi,36
2016-07-29,Kilifi,24
2016-07-30,Kilifi,26
2016-07-31,Kilifi,20
2016-08-01,Kilifi,43
2016-08-02,Kilifi,27
2016-08-03,Kilifi,40
2016-08-04,Kilifi,33
2016-08-05,Kilifi,22
2016-08-06,Kilifi,29
2016-08-07,Kilifi,29
2016-08-08,Kilifi,40
2016-08-09,Kilifi,41
2016-08-10,Kilifi,36
2016-08-11,Kilifi,19
2016-08-12,Kilifi,37
2016-08-13,Kilifi,43
2016-08-14,Kilifi,36
2016-08-15,Kilifi,32
2016-08-16,Kilifi,35
2016-08-17,Kilifi,40
2016-08-18,Kilifi,32
2016-08-19,Kilifi,35
2016-08-20,Kilifi,43
2016-08-21,Kilifi,31
2016-08-22,Kilifi,44
2016-08-23,Kilifi,12
2016-08-24,Kilifi,23
2016-08-25,Kilifi,36
2016-08-26,Kilifi,18
2016-08-27,Kilifi,46
2016-08-28,Kilifi,18
2016-08-29,Kilifi,24
2016-08-30,Kilifi,36
2016-08-31,Kilifi,29
2016-09-01,Kilifi,14
2016-09-02,Kilifi,27
2016-09-03,Kilifi,30
2016-09-04,Kilifi,26
2016-09-05,Kilifi,33
2016-09-06,Kilifi,39
2016-09-07,Kilifi,38
2016-09-08,Kilifi,24
2016-09-09,Kilifi,27
2016-09-10,Kilifi,38
2016-09-11,Kilifi,41
2016-09-12,Kilifi,33
2016-09-13,Kilifi,15
2016-09-14,Kilifi,23
2016-09-15,Kilifi,16
2016-09-16,Kilifi,20
2016-09-17,Kilifi,34
2016-09-18,Kilifi,20
2016-09-19,Kilifi,38
2016-09-20,Kilifi,32
2016-09-21,Kilifi,40
2016-09-22,Kilifi,42
2016-09-23,Kilifi,20
2016-09-24,Kilifi,11
2016-09-25,Kilifi,21
2016-09-26,Kilifi,30
2016-09-27,Kilifi,35
2016-09-28,Kilifi,16
2016-09-29,Kilifi,29
2016-09-30,Kilifi,30
2016-10-01,Kilifi,50
2015-01-01,Tana River,31
2015-01-02,Tana River,29
2015-01-03,Tana River,32
2015-01-04,Tana River,35
2015-01-05,Tana River,30
2015-01-06,Tana River,33
2015-01-07,Tana River,2
2015-01-08,Tana River,41
2015-01-09,Tana River,15
2015-01-10,Tana River,36
2015-01-11,Tana River,32
2015-01-12,Tana River,49
2015-01-13,Tana River,46
2015-01-14,Tana River,20
2015-01-15,Tana River,5
2015-01-16,Tana River,19
2015-01-17,Tana River,29
2015-01-18,Tana River,31
2015-01-19,Tana River,29
2015-01-20,Tana River,29
2015-01-21,Tana River,20
2015-01-22,Tana River,31
2015-01-23,Tana River,24
2015-01-24,Tana River,22
2015-01-25,Tana River,38
2015-01-26,Tana River,40
2015-01-27,Tana River,18
2015-01-28,Tana River,37
2015-01-29,Tana River,26
2015-01-30,Tana River,26
2015-01-31,Tana River,21
2015-02-01,Tana River,37
2015-02-02,Tana River,32
2015-02-03,Tana River,26
2015-02-04,Tana River,16
2015-02-05,Tana River,41
2015-02-06,Tana River,27
2015-02-07,Tana River,40
2015-02-08,Tana River,36
2015-02-09,Tana River,31
2015-02-10,Tana River,24
2015-02-11,Tana River,19
2015-02-12,Tana River,41
2015-02-13,Tana River,34
2015-02-14,Tana River,22
2015-02-15,Tana River,19
2015-02-16,Tana River,28
2015-02-17,Tana River,34
2015-02-18,Tana River,40
2015-02-19,Tana River,30
2015-02-20,Tana River,27
2015-02-21,Tana River,15
2015-02-22,Tana River,29
2015-02-23,Tana River,22
2015-02-24,Tana River,23
2015-02-25,Tana River,17
2015-02-26,Tana River,13
2015-02-27,Tana River,20
2015-02-28,Tana River,40
2015-03-01,Tana River,30
2015-03-02,Tana River,21
2015-03-03,Tana River,40
2015-03-04,Tana River,71
2015-03-05,Tana River,28
2015-03-06,Tana River,36
2015-03-07,Tana River,13
2015-03-08,Tana River,41
2015-03-09,Tana River,30
2015-03-10,Tana River,60
2015-03-11,Tana River,44
2015-03-12,Tana River,38
2015-03-13,Tana River,38
2015-03-14,Tana River,55
2015-03-15,Tana River,35
2015-03-16,Tana River,16
2015-03-17,Tana River,50
2015-03-18,Tana River,43
2015-03-19,Tana River,21
2015-03-20,Tana River,31
2015-03-21,Tana River,22
2015-03-22,Tana River,65
2015-03-23,Tana River,43
2015-03-24,Tana River,27
2015-03-25,Tana River,20
2015-03-26,Tana River,31
2015-03-27,Tana River,53
2015-03-28,Tana River,27
2015-03-29,Tana River,23
2015-03-30,Tana River,44
2015-03-31,Tana River,48
2015-04-01,Tana River,30
2015-04-02,Tana River,46
2015-04-03,Tana River,45
2015-04-04,Tana River,43
2015-04-05,Tana River,26
2015-04-06,Tana River,19
2015-04-07,Tana River,37
2015-04-08,Tana River,22
2015-04-09,Tana River,24
2015-04-10,Tana River,20
2015-04-11,Tana River,41
2015-04-12,Tana River,32
2015-04-13,Tana River,28
2015-04-14,Tana River,17
2015-04-15,Tana River,13
2015-04-16,Tana River,38
2015-04-17,Tana River,41
2015-04-18,Tana River,24
2015-04-19,Tana River,29
2015-04-20,Tana River,30
2015-04-21,Tana River,32
2015-04-22,Tana River,22
2015-04-23,Tana River,32
2015-04-24,Tana River,25
2015-04-25,Tana River,30
2015-04-26,Tana River,37
2015-04-27,Tana River,24
2015-04-28,Tana River,35
2015-04-29,Tana River,47
2015-04-30,Tana River,42
2015-05-01,Tana River,30
2015-05-02,Tana River,15
2015-05-03,Tana River,29
2015-05-04,Tana River,1
2015-05-05,Tana River,30
2015-05-06,Tana River,39
2015-05-07,Tana River,29
2015-05-08,Tana River,33
2015-05-09,Tana River,32
2015-05-10,Tana River,23
2015-05-11,Tana River,45
2015-05-12,Tana River,47
2015-05-13,Tana River,17
2015-05-14,Tana River,21
2015-05-15,Tana River,22
2015-05-16,Tana River,36
2015-05-17,Tana River,50
2015-05-18,Tana River,39
2015-05-19,Tana River,20
2015-05-20,Tana River,15
2015-05-21,Tana River,42
2015-05-22,Tana River,53
2015-05-23,Tana River,36
2015-05-24,Tana River,18
2015-05-25,Tana River,38
2015-05-26,Tana River,38
2015-05-27,Tana River,29
2015-05-28,Tana River,36
2015-05-29,Tana River,28
2015-05-30,Tana River,30
2015-05-31,Tana River,32
2015-06-01,Tana River,3
2015-06-02,Tana River,19
2015-06-03,Tana River,34
2015-06-04,Tana River,18
2015-06-05,Tana River,35
2015-06-06,Tana River,29
2015-06-07,Tana River,43
2015-06-08,Tana River,34
2015-06-09,Tana River,31
2015-06-10,Tana River,16
2015-06-11,Tana River,20
2015-06-12,Tana River,35
2015-06-13,Tana River,26
2015-06-14,Tana River,30
2015-06-15,Tana River,32
2015-06-16,Tana River,23
2015-06-17,Tana River,17
2015-06-18,Tana River,29
2015-06-19,Tana River,26
2015-06-20,Tana River,37
2015-06-21,Tana River,27
2015-06-22,Tana River,42
2015-06-23,Tana River,15
2015-06-24,Tana River,47
2015-06-25,Tana River,28
2015-06-26,Tana River,29
2015-06-27,Tana River,36
2015-06-28,Tana River,27
2015-06-29,Tana River,25
2015-06-30,Tana River,24
2015-07-01,Tana River,10
2015-07-02,Tana River,36
2015-07-03,Tana River,14
2015-07-04,Tana River,34
2015-07-05,Tana River,16
2015-07-06,Tana River,25
2015-07-07,Tana River,41
2015-07-08,Tana River,52
2015-07-09,Tana River,18
2015-07-10,Tana River,41
2015-07-11,Tana River,31
2015-07-12,Tana River,31
2015-07-13,Tana River,3
2015-07-14,Tana River,27
2015-07-15,Tana River,24
2015-07-16,Tana River,33
2015-07-17,Tana River,25
2015-07-18,Tana River,36
2015-07-19,Tana River,24
2015-07-20,Tana River,26
2015-07-21,Tana River,34
2015-07-22,Tana River,37
2015-07-23,Tana River,19
2015-07-24,Tana River,37
2015-07-25,Tana River,36
2015-07-26,Tana River,10
2015-07-27,Tana River,23
2015-07-28,Tana River,30
2015-07-29,Tana River,33
2015-07-30,Tana River,17
2015-07-31,Tana River,34
2015-08-01,Tana River,19
2015-08-02,Tana River,16
2015-08-03,Tana River,26
2015-08-04,Tana River,21
2015-08-05,Tana River,23
2015-08-06,Tana River,9
2015-08-07,Tana River,46
2015-08-08,Tana River,25
2015-08-09,Tana River,20
2015-08-10,Tana River,27
2015-08-11,Tana River,34
2015-08-12,Tana River,46
2015-08-13,Tana River,29
2015-08-14,Tana River,13
2015-08-15,Tana River,20
2015-08-16,Tana River,35
2015-08-17,Tana River,25
2015-08-18,Tana River,26
2015-08-19,Tana River,28
2015-08-20,Tana River,23
2015-08-21,Tana River,31
2015-08-22,Tana River,12
2015-08-23,Tana River,32
2015-08-24,Tana River,11
2015-08-25,Tana River,34
2015-08-26,Tana River,18
2015-08-27,Tana River,28
2015-08-28,Tana River,18
2015-08-29,Tana River,17
2015-08-30,Tana River,28
2015-08-31,Tana River,34
2015-09-01,Tana River,17
2015-09-02,Tana River,19
2015-09-03,Tana River,36
2015-09-04,Tana River,33
2015-09-05,Tana River,32
2015-09-06,Tana River,35
2015-09-07,Tana River,32
2015-09-08,Tana River,43
2015-09-09,Tana River,15
2015-09-10,Tana River,34
2015-09-11,Tana River,31
2015-09-12,Tana River,22
2015-09-13,Tana River,24
2015-09-14,Tana River,42
2015-09-15,Tana River,26
2015-09-16,Tana River,30
2015-09-17,Tana River,26
2015-09-18,Tana River,26
2015-09-19,Tana River,20
2015-09-20,Tana River,27
2015-09-21,Tana River,35
2015-09-22,Tana River,14
2015-09-23,Tana River,33
2015-09-24,Tana River,17
2015-09-25,Tana River,24
2015-09-26,Tana River,23
2015-09-27,Tana River,31
2015-09-28,Tana River,27
2015-09-29,Tana River,24
2015-09-30,Tana River,21
2015-10-01,Tana River,14
2015-10-02,Tana River,18
2015-10-03,Tana River,19
2015-10-04,Tana River,8
2015-10-05,Tana River,18
2015-10-06,Tana River,31
2015-10-07,Tana River,40
2015-10-08,Tana River,29
2015-10-09,Tana River,15
2015-10-10,Tana River,38
2015-10-11,Tana River,37
2015-10-12,Tana River,40
2015-10-13,Tana River,29
2015-10-14,Tana River,33
2015-10-15,Tana River,28
2015-10-16,Tana River,19
2015-10-17,Tana River,26
2015-10-18,Tana River,21
2015-10-19,Tana River,39
2015-10-20,Tana River,23
2015-10-21,Tana River,26
2015-10-22,Tana River,27
2015-10-23,Tana River,6
2015-10-24,Tana River,38
2015-10-25,Tana River,12
2015-10-26,Tana River,32
2015-10-27,Tana River,43
2015-10-28,Tana River,30
2015-10-29,Tana River,17
2015-10-30,Tana River,41
2015-10-31,Tana River,41
2015-11-01,Tana River,16
2015-11-02,Tana River,32
2015-11-03,Tana River,29
2015-11-04,Tana River,31
2015-11-05,Tana River,12
2015-11-06,Tana River,14
2015-11-07,Tana River,24
2015-11-08,Tana River,41
2015-11-09,Tana River,1
2015-11-10,Tana River,40
2015-11-11,Tana River,37
2015-11-12,Tana River,16
2015-11-13,Tana River,24
2015-11-14,Tana River,35
2015-11-15,Tana River,32
2015-11-16,Tana River,25
2015-11-17,Tana River,11
2015-11-18,Tana River,35
2015-11-19,Tana River,35
2015-11-20,Tana River,25
2015-11-21,Tana River,27
2015-11-22,Tana River,23
2015-11-23,Tana River,40
2015-11-24,Tana River,27
2015-11-25,Tana River,16
2015-11-26,Tana River,36
2015-11-27,Tana River,33
2015-11-28,Tana River,29
2015-11-29,Tana River,30
2015-11-30,Tana River,43
2015-12-01,Tana River,30
2015-12-02,Tana River,40
2015-12-03,Tana River,11
2015-12-04,Tana River,32
2015-12-05,Tana River,30
2015-12-06,Tana River,28
2015-12-07,Tana River,45
2015-12-08,Tana River,12
2015-12-09,Tana River,20
2015-12-10,Tana River,29
2015-12-11,Tana River,33
2015-12-12,Tana River,17
2015-12-13,Tana River,50
2015-12-14,Tana River,39
2015-12-15,Tana River,14
2015-12-16,Tana River,31
2015-12-17,Tana River,15
2015-12-18,Tana River,35
2015-12-19,Tana River,15
2015-12-20,Tana River,20
2015-12-21,Tana River,0
2015-12-22,Tana River,26
2015-12-23,Tana River,32
2015-12-24,Tana River,18
2015-12-25,Tana River,43
2015-12-26,Tana River,35
2015-12-27,Tana River,12
2015-12-28,Tana River,33
2015-12-29,Tana River,22
2015-12-30,Tana River,11
2015-12-31,Tana River,8
2016-01-01,Tana River,20
2016-01-02,Tana River,13
2016-01-03,Tana River,11
2016-01-04,Tana River,11
2016-01-05,Tana River,24
2016-01-06,Tana River,36
2016-01-07,Tana River,14
2016-01-08,Tana River,34
2016-01-09,Tana River,27
2016-01-10,Tana River,29
2016-01-11,Tana River,29
2016-01-12,Tana River,40
2016-01-13,Tana River,26
2016-01-14,Tana River,35
2016-01-15,Tana River,26
2016-01-16,Tana River,24
2016-01-17,Tana River,34
2016-01-18,Tana River,25
2016-01-19,Tana River,55
2016-01-20,Tana River,13
2016-01-21,Tana River,17
2016-01-22,Tana River,39
2016-01-23,Tana River,23
2016-01-24,Tana River,43
2016-01-25,Tana River,40
2016-01-26,Tana River,23
2016-01-27,Tana River,12
2016-01-28,Tana River,27
2016-01-29,Tana River,23
2016-01-30,Tana River,39
2016-01-31,Tana River,11
2016-02-01,Tana River,18
2016-02-02,Tana River,30
2016-02-03,Tana River,44
2016-02-04,Tana River,50
2016-02-05,Tana River,32
2016-02-06,Tana River,13
2016-02-07,Tana River,26
2016-02-08,Tana River,41
2016-02-09,Tana River,29
2016-02-10,Tana River,24
2016-02-11,Tana River,31
2016-02-12,Tana River,41
2016-02-13,Tana River,25
2016-02-14,Tana River,28
2016-02-15,Tana River,29
2016-02-16,Tana River,25
2016-02-17,Tana River,29
2016-02-18,Tana River,21
2016-02-19,Tana River,26
2016-02-20,Tana River,39
2016-02-21,Tana River,30
2016-02-22,Tana River,29
2016-02-23,Tana River,22
2016-02-24,Tana River,0
2016-02-25,Tana River,33
2016-02-26,Tana River,19
2016-02-27,Tana River,38
2016-02-28,Tana River,15
2016-02-29,Tana River,30
2016-03-01,Tana River,42
2016-03-02,Tana River,29
2016-03-03,Tana River,40
2016-03-04,Tana River,40
2016-03-05,Tana River,36
2016-03-06,Tana River,24
2016-03-07,Tana River,31
2016-03-08,Tana River,17
2016-03-09,Tana River,41
2016-03-10,Tana River,33
2016-03-11,Tana River,38
2016-03-12,Tana River,35
2016-03-13,Tana River,25
2016-03-14,Tana River,18
2016-03-15,Tana River,29
2016-03-16,Tana River,37
2016-03-17,Tana River,38
2016-03-18,Tana River,36
2016-03-19,Tana River,57
2016-03-20,Tana River,37
2016-03-21,Tana River,36
2016-03-22,Tana River,30
2016-03-23,Tana River,47
2016-03-24,Tana River,44
2016-03-25,Tana River,33
2016-03-26,Tana River,34
2016-03-27,Tana River,38
2016-03-28,Tana River,33
2016-03-29,Tana River,13
2016-03-30,Tana River,20
2016-03-31,Tana River,22
2016-04-01,Tana River,25
2016-04-02,Tana River,40
2016-04-03,Tana River,39
2016-04-04,Tana River,28
2016-04-05,Tana River,34
2016-04-06,Tana River,15
2016-04-07,Tana River,24
2016-04-08,Tana River,38
2016-04-09,Tana River,53
2016-04-10,Tana River,27
2016-04-11,Tana River,29
2016-04-12,Tana River,36
2016-04-13,Tana River,19
2016-04-14,Tana River,42
2016-04-15,Tana River,28
2016-04-16,Tana River,36
2016-04-17,Tana River,15
2016-04-18,Tana River,26
2016-04-19,Tana River,29
2016-04-20,Tana River,43
2016-04-21,Tana River,46
2016-04-22,Tana River,44
2016-04-23,Tana River,44
2016-04-24,Tana River,31
2016-04-25,Tana River,34
2016-04-26,Tana River,32
2016-04-27,Tana River,33
2016-04-28,Tana River,28
2016-04-29,Tana River,37
2016-04-30,Tana River,34
2016-05-01,Tana River,25
2016-05-02,Tana River,26
2016-05-03,Tana River,41
2016-05-04,Tana River,39
2016-05-05,Tana River,40
2016-05-06,Tana River,37
2016-05-07,Tana River,17
2016-05-08,Tana River,29
2016-05-09,Tana River,28
2016-05-10,Tana River,7
2016-05-11,Tana River,16
2016-05-12,Tana River,42
2016-05-13,Tana River,38
2016-05-14,Tana River,33
2016-05-15,Tana River,39
2016-05-16,Tana River,41
2016-05-17,Tana River,17
2016-05-18,Tana River,54
2016-05-19,Tana River,42
2016-05-20,Tana River,16
2016-05-21,Tana River,40
2016-05-22,Tana River,32
2016-05-23,Tana River,39
2016-05-24,Tana River,32
2016-05-25,Tana River,27
2016-05-26,Tana River,2
2016-05-27,Tana River,21
2016-05-28,Tana River,30
2016-05-29,Tana River,46
2016-05-30,Tana River,20
2016-05-31,Tana River,18
2016-06-01,Tana River,8
2016-06-02,Tana River,16
2016-06-03,Tana River,19
2016-06-04,Tana River,13
2016-06-05,Tana River,23
2016-06-06,Tana River,36
2016-06-07,Tana River,18
2016-06-08,Tana River,32
2016-06-09,Tana River,20
2016-06-10,Tana River,28
2016-06-11,Tana River,9
2016-06-12,Tana River,18
2016-06-13,Tana River,28
2016-06-14,Tana River,21
2016-06-15,Tana River,27
2016-06-16,Tana River,31
2016-06-17,Tana River,26
2016-06-18,Tana River,29
2016-06-19,Tana River,29
2016-06-20,Tana River,15
2016-06-21,Tana River,9
2016-06-22,Tana River,32
2016-06-23,Tana River,40
2016-06-24,Tana River,27
2016-06-25,Tana River,2
2016-06-26,Tana River,53
2016-06-27,Tana River,20
2016-06-28,Tana River,39
2016-06-29,Tana River,53
2016-06-30,Tana River,17
2016-07-01,Tana River,28
2016-07-02,Tana River,26
2016-07-03,Tana River,32
2016-07-04,Tana River,27
2016-07-05,Tana River,40
2016-07-06,Tana River,38
2016-07-07,Tana River,16
2016-07-08,Tana River,32
2016-07-09,Tana River,34
2016-07-10,Tana River,36
2016-07-11,Tana River,22
2016-07-12,Tana River,16
2016-07-13,Tana River,37
2016-07-14,Tana River,21
2016-07-15,Tana River,25
2016-07-16,Tana River,13
2016-07-17,Tana River,35
2016-07-18,Tana River,25
2016-07-19,Tana River,10
2016-07-20,Tana River,26
2016-07-21,Tana River,15
2016-07-22,Tana River,35
2016-07-23,Tana River,35
2016-07-24,Tana River,9
2016-07-25,Tana River,41
2016-07-26,Tana River,17
2016-07-27,Tana River,28
2016-07-28,Tana River,25
2016-07-29,Tana River,24
2016-07-30,Tana River,22
2016-07-31,Tana River,25
2016-08-01,Tana River,28
2016-08-02,Tana River,27
2016-08-03,Tana River,17
2016-08-04,Tana River,22
2016-08-05,Tana River,23
2016-08-06,Tana River,7
2016-08-07,Tana River,31
2016-08-08,Tana River,27
2016-08-09,Tana River,26
2016-08-10,Tana River,35
2016-08-11,Tana River,19
2016-08-12,Tana River,39
2016-08-13,Tana River,40
2016-08-14,Tana River,27
2016-08-15,Tana River,17
2016-08-16,Tana River,36
2016-08-17,Tana River,10
2016-08-18,Tana River,20
2016-08-19,Tana River,27
2016-08-20,Tana River,26
2016-08-21,Tana River,47
2016-08-22,Tana River,35
2016-08-23,Tana River,27
2016-08-24,Tana River,28
2016-08-25,Tana River,46
2016-08-26,Tana River,40
2016-08-27,Tana River,39
2016-08-28,Tana River,33
2016-08-29,Tana River,30
2016-08-30,Tana River,25
2016-08-31,Tana River,46
2016-09-01,Tana River,30
2016-09-02,Tana River,24
2016-09-03,Tana River,26
2016-09-04,Tana River,30
2016-09-05,Tana River,33
2016-09-06,Tana River,32
2016-09-07,Tana River,15
2016-09-08,Tana River,25
2016-09-09,Tana River,47
2016-09-10,Tana River,10
2016-09-11,Tana River,38
2016-09-12,Tana River,20
2016-09-13,Tana River,46
2016-09-14,Tana River,32
2016-09-15,Tana River,13
2016-09-16,Tana River,22
2016-09-17,Tana River,22
2016-09-18,Tana River,37
2016-09-19,Tana River,26
2016-09-20,Tana River,34
2016-09-21,Tana River,26
2016-09-22,Tana River,22
2016-09-23,Tana River,22
2016-09-24,Tana River,35
2016-09-25,Tana River,9
2016-09-26,Tana River,26
2016-09-27,Tana River,5
2016-09-28,Tana River,26
2016-09-29,Tana River,41
2016-09-30,Tana River,27
2016-10-01,Tana River,13
2015-01-01,Lamu,42
2015-01-02,Lamu,23
2015-01-03,Lamu,21
2015-01-04,Lamu,31
2015-01-05,Lamu,45
2015-01-06,Lamu,33
2015-01-07,Lamu,33
2015-01-08,Lamu,43
2015-01-09,Lamu,33
2015-01-10,Lamu,33
2015-01-11,Lamu,34
2015-01-12,Lamu,27
2015-01-13,Lamu,34
2015-01-14,Lamu,30
2015-01-15,Lamu,40
2015-01-16,Lamu,20
2015-01-17,Lamu,26
2015-01-18,Lamu,25
2015-01-19,Lamu,33
2015-01-20,Lamu,34
2015-01-21,Lamu,27
2015-01-22,Lamu,35
2015-01-23,Lamu,43
2015-01-24,Lamu,14
2015-01-25,Lamu,22
2015-01-26,Lamu,29
2015-01-27,Lamu,38
2015-01-28,Lamu,47
2015-01-29,Lamu,35
2015-01-30,Lamu,15
2015-01-31,Lamu,20
2015-02-01,Lamu,49
2015-02-02,Lamu,26
2015-02-03,Lamu,28
2015-02-04,Lamu,45
2015-02-05,Lamu,31
2015-02-06,Lamu,38
2015-02-07,Lamu,37
2015-02-08,Lamu,30
2015-02-09,Lamu,25
2015-02-10,Lamu,37
2015-02-11,Lamu,22
2015-02-12,Lamu,39
2015-02-13,Lamu,28
2015-02-14,Lamu,26
2015-02-15,Lamu,28
2015-02-16,Lamu,64
2015-02-17,Lamu,9
2015-02-18,Lamu,34
2015-02-19,Lamu,27
2015-02-20,Lamu,32
2015-02-21,Lamu,33
2015-02-22,Lamu,20
2015-02-23,Lamu,25
2015-02-24,Lamu,21
2015-02-25,Lamu,7
2015-02-26,Lamu,37
2015-02-27,Lamu,41
2015-02-28,Lamu,35
2015-03-01,Lamu,37
2015-03-02,Lamu,17
2015-03-03,Lamu,23
2015-03-04,Lamu,21
2015-03-05,Lamu,52
2015-03-06,Lamu,34
2015-03-07,Lamu,44
2015-03-08,Lamu,45
2015-03-09,Lamu,25
2015-03-10,Lamu,10
2015-03-11,Lamu,39
2015-03-12,Lamu,35
2015-03-13,Lamu,30
2015-03-14,Lamu,33
2015-03-15,Lamu,37
2015-03-16,Lamu,25
2015-03-17,Lamu,61
2015-03-18,Lamu,44
2015-03-19,Lamu,28
2015-03-20,Lamu,14
2015-03-21,Lamu,21
2015-03-22,Lamu,34
2015-03-23,Lamu,35
2015-03-24,Lamu,36
2015-03-25,Lamu,38
2015-03-26,Lamu,16
2015-03-27,Lamu,38
2015-03-28,Lamu,39
2015-03-29,Lamu,52
2015-03-30,Lamu,25
2015-03-31,Lamu,30
2015-04-01,Lamu,26
2015-04-02,Lamu,35
2015-04-03,Lamu,23
2015-04-04,Lamu,36
2015-04-05,Lamu,32
2015-04-06,Lamu,47
2015-04-07,Lamu,29
2015-04-08,Lamu,54
2015-04-09,Lamu,49
2015-04-10,Lamu,33
2015-04-11,Lamu,37
2015-04-12,Lamu,16
2015-04-13,Lamu,25
2015-04-14,Lamu,39
2015-04-15,Lamu,30
2015-04-16,Lamu,45
2015-04-17,Lamu,33
2015-04-18,Lamu,38
2015-04-19,Lamu,33
2015-04-20,Lamu,46
2015-04-21,Lamu,44
2015-04-22,Lamu,44
2015-04-23,Lamu,30
2015-04-24,Lamu,43
2015-04-25,Lamu,21
2015-04-26,Lamu,32
2015-04-27,Lamu,18
2015-04-28,Lamu,26
2015-04-29,Lamu,25
2015-04-30,Lamu,39
2015-05-01,Lamu,36
2015-05-02,Lamu,42
2015-05-03,Lamu,47
2015-05-04,Lamu,27
2015-05-05,Lamu,48
2015-05-06,Lamu,48
2015-05-07,Lamu,33
2015-05-08,Lamu,19
2015-05-09,Lamu,49
2015-05-10,Lamu,42
2015-05-11,Lamu,39
2015-05-12,Lamu,45
2015-05-13,Lamu,39
2015-05-14,Lamu,41
2015-05-15,Lamu,20
2015-05-16,Lamu,43
2015-05-17,Lamu,34
2015-05-18,Lamu,38
2015-05-19,Lamu,48
2015-05-20,Lamu,30
2015-05-21,Lamu,52
2015-05-22,Lamu,23
2015-05-23,Lamu,46
2015-05-24,Lamu,50
2015-05-25,Lamu,46
2015-05-26,Lamu,18
2015-05-27,Lamu,42
2015-05-28,Lamu,31
2015-05-29,Lamu,40
2015-05-30,Lamu,16
2015-05-31,Lamu,37
2015-06-01,Lamu,25
2015-06-02,Lamu,22
2015-06-03,Lamu,42
2015-06-04,Lamu,34
2015-06-05,Lamu,51
2015-06-06,Lamu,23
2015-06-07,Lamu,40
2015-06-08,Lamu,32
2015-06-09,Lamu,14
2015-06-10,Lamu,41
2015-06-11,Lamu,35
2015-06-12,Lamu,31
2015-06-13,Lamu,46
2015-06-14,Lamu,36
2015-06-15,Lamu,38
2015-06-16,Lamu,45
2015-06-17,Lamu,14
2015-06-18,Lamu,24
2015-06-19,Lamu,29
2015-06-20,Lamu,39
2015-06-21,Lamu,47
2015-06-22,Lamu,36
2015-06-23,Lamu,30
2015-06-24,Lamu,31
2015-06-25,Lamu,23
2015-06-26,Lamu,22
2015-06-27,Lamu,61
2015-06-28,Lamu,20
2015-06-29,Lamu,16
2015-06-30,Lamu,39
2015-07-01,Lamu,22
2015-07-02,Lamu,34
2015-07-03,Lamu,48
2015-07-04,Lamu,17
2015-07-05,Lamu,38
2015-07-06,Lamu,30
2015-07-07,Lamu,20
2015-07-08,Lamu,32
2015-07-09,Lamu,27
2015-07-10,Lamu,0
2015-07-11,Lamu,37
2015-07-12,Lamu,31
2015-07-13,Lamu,30
2015-07-14,Lamu,29
2015-07-15,Lamu,26
2015-07-16,Lamu,20
2015-07-17,Lamu,23
2015-07-18,Lamu,30
2015-07-19,Lamu,23
2015-07-20,Lamu,27
2015-07-21,Lamu,9
2015-07-22,Lamu,39
2015-07-23,Lamu,35
2015-07-24,Lamu,12
2015-07-25,Lamu,34
2015-07-26,Lamu,39
2015-07-27,Lamu,33
2015-07-28,Lamu,28
2015-07-29,Lamu,8
2015-07-30,Lamu,19
2015-07-31,Lamu,40
2015-08-01,Lamu,40
2015-08-02,Lamu,24
2015-08-03,Lamu,25
2015-08-04,Lamu,23
2015-08-05,Lamu,20
2015-08-06,Lamu,49
2015-08-07,Lamu,31
2015-08-08,Lamu,39
2015-08-09,Lamu,16
2015-08-10,Lamu,33
2015-08-11,Lamu,30
2015-08-12,Lamu,24
2015-08-13,Lamu,32
2015-08-14,Lamu,34
2015-08-15,Lamu,22
2015-08-16,Lamu,36
2015-08-17,Lamu,45
2015-08-18,Lamu,37
2015-08-19,Lamu,7
2015-08-20,Lamu,35
2015-08-21,Lamu,27
2015-08-22,Lamu,31
2015-08-23,Lamu,37
2015-08-24,Lamu,25
2015-08-25,Lamu,33
2015-08-26,Lamu,36
2015-08-27,Lamu,41
2015-08-28,Lamu,37
2015-08-29,Lamu,36
2015-08-30,Lamu,41
2015-08-31,Lamu,39
2015-09-01,Lamu,44
2015-09-02,Lamu,33
2015-09-03,Lamu,41
2015-09-04,Lamu,38
2015-09-05,Lamu,32
2015-09-06,Lamu,26
2015-09-07,Lamu,22
2015-09-08,Lamu,29
2015-09-09,Lamu,29
2015-09-10,Lamu,24
2015-09-11,Lamu,25
2015-09-12,Lamu,31
2015-09-13,Lamu,17
2015-09-14,Lamu,35
2015-09-15,Lamu,25
2015-09-16,Lamu,42
2015-09-17,Lamu,32
2015-09-18,Lamu,28
2015-09-19,Lamu,32
2015-09-20,Lamu,18
2015-09-21,Lamu,21
2015-09-22,Lamu,26
2015-09-23,Lamu,20
2015-09-24,Lamu,32
2015-09-25,Lamu,29
2015-09-26,Lamu,18
2015-09-27,Lamu,33
2015-09-28,Lamu,29
2015-09-29,Lamu,26
2015-09-30,Lamu,40
2015-10-01,Lamu,45
2015-10-02,Lamu,20
2015-10-03,Lamu,42
2015-10-04,Lamu,19
2015-10-05,Lamu,16
2015-10-06,Lamu,14
2015-10-07,Lamu,47
2015-10-08,Lamu,29
2015-10-09,Lamu,46
2015-10-10,Lamu,26
2015-10-11,Lamu,37
2015-10-12,Lamu,36
2015-10-13,Lamu,14
2015-10-14,Lamu,46
2015-10-15,Lamu,47
2015-10-16,Lamu,33
2015-10-17,Lamu,50
2015-10-18,Lamu,25
2015-10-19,Lamu,30
2015-10-20,Lamu,38
2015-10-21,Lamu,46
2015-10-22,Lamu,35
2015-10-23,Lamu,23
2015-10-24,Lamu,31
2015-10-25,Lamu,45
2015-10-26,Lamu,25
2015-10-27,Lamu,30
2015-10-28,Lamu,43
2015-10-29,Lamu,25
2015-10-30,Lamu,30
2015-10-31,Lamu,49
2015-11-01,Lamu,14
2015-11-02,Lamu,31
2015-11-03,Lamu,26
2015-11-04,Lamu,35
2015-11-05,Lamu,22
2015-11-06,Lamu,34
2015-11-07,Lamu,44
2015-11-08,Lamu,43
2015-11-09,Lamu,21
2015-11-10,Lamu,25
2015-11-11,Lamu,29
2015-11-12,Lamu,42
2015-11-13,Lamu,37
2015-11-14,Lamu,38
2015-11-15,Lamu,31
2015-11-16,Lamu,35
2015-11-17,Lamu,28
2015-11-18,Lamu,30
2015-11-19,Lamu,40
2015-11-20,Lamu,35
2015-11-21,Lamu,40
2015-11-22,Lamu,24
2015-11-23,Lamu,30
2015-11-24,Lamu,49
2015-11-25,Lamu,15
2015-11-26,Lamu,31
2015-11-27,Lamu,40
2015-11-28,Lamu,34
2015-11-29,Lamu,35
2015-11-30,Lamu,54
2015-12-01,Lamu,40
2015-12-02,Lamu,20
2015-12-03,Lamu,39
2015-12-04,Lamu,42
2015-12-05,Lamu,30
2015-12-06,Lamu,46
2015-12-07,Lamu,41
2015-12-08,Lamu,34
2015-12-09,Lamu,28
2015-12-10,Lamu,28
2015-12-11,Lamu,34
2015-12-12,Lamu,40
2015-12-13,Lamu,21
2015-12-14,Lamu,30
2015-12-15,Lamu,45
2015-12-16,Lamu,49
2015-12-17,Lamu,40
2015-12-18,Lamu,12
2015-12-19,Lamu,35
2015-12-20,Lamu,46
2015-12-21,Lamu,44
2015-12-22,Lamu,33
2015-12-23,Lamu,23
2015-12-24,Lamu,23
2015-12-25,Lamu,5
2015-12-26,Lamu,41
2015-12-27,Lamu,15
2015-12-28,Lamu,38
2015-12-29,Lamu,29
2015-12-30,Lamu,32
2015-12-31,Lamu,10
2016-01-01,Lamu,39
2016-01-02,Lamu,32
2016-01-03,Lamu,20
2016-01-04,Lamu,20
2016-01-05,Lamu,40
2016-01-06,Lamu,29
2016-01-07,Lamu,34
2016-01-08,Lamu,54
2016-01-09,Lamu,21
2016-01-10,Lamu,19
2016-01-11,Lamu,37
2016-01-12,Lamu,54
2016-01-13,Lamu,36
2016-01-14,Lamu,19
2016-01-15,Lamu,38
2016-01-16,Lamu,14
2016-01-17,Lamu,21
2016-01-18,Lamu,34
2016-01-19,Lamu,20
2016-01-20,Lamu,21
2016-01-21,Lamu,30
2016-01-22,Lamu,29
2016-01-23,Lamu,40
2016-01-24,Lamu,22
2016-01-25,Lamu,33
2016-01-26,Lamu,15
2016-01-27,Lamu,39
2016-01-28,Lamu,32
2016-01-29,Lamu,38
2016-01-30,Lamu,30
2016-01-31,Lamu,12
2016-02-01,Lamu,17
2016-02-02,Lamu,16
2016-02-03,Lamu,41
2016-02-04,Lamu,38
2016-02-05,Lamu,29
2016-02-06,Lamu,35
2016-02-07,Lamu,35
2016-02-08,Lamu,20
2016-02-09,Lamu,21
2016-02-10,Lamu,18
2016-02-11,Lamu,18
2016-02-12,Lamu,32
2016-02-13,Lamu,33
2016-02-14,Lamu,35
2016-02-15,Lamu,14
2016-02-16,Lamu,31
2016-02-17,Lamu,43
2016-02-18,Lamu,32
2016-02-19,Lamu,21
2016-02-20,Lamu,23
2016-02-21,Lamu,36
2016-02-22,Lamu,17
2016-02-23,Lamu,48
2016-02-24,Lamu,8
2016-02-25,Lamu,13
2016-02-26,Lamu,30
2016-02-27,Lamu,18
2016-02-28,Lamu,21
2016-02-29,Lamu,33
2016-03-01,Lamu,36
2016-03-02,Lamu,35
2016-03-03,Lamu,26
2016-03-04,Lamu,41
2016-03-05,Lamu,40
2016-03-06,Lamu,34
2016-03-07,Lamu,41
2016-03-08,Lamu,22
2016-03-09,Lamu,39
2016-03-10,Lamu,23
2016-03-11,Lamu,52
2016-03-12,Lamu,30
2016-03-13,Lamu,29
2016-03-14,Lamu,32
2016-03-15,Lamu,43
2016-03-16,Lamu,29
2016-03-17,Lamu,17
2016-03-18,Lamu,45
2016-03-19,Lamu,42
2016-03-20,Lamu,33
2016-03-21,Lamu,53
2016-03-22,Lamu,53
2016-03-23,Lamu,33
2016-03-24,Lamu,38
2016-03-25,Lamu,36
2016-03-26,Lamu,34
2016-03-27,Lamu,47
2016-03-28,Lamu,42
2016-03-29,Lamu,26
2016-03-30,Lamu,36
2016-03-31,Lamu,45
2016-04-01,Lamu,28
2016-04-02,Lamu,41
2016-04-03,Lamu,63
2016-04-04,Lamu,34
2016-04-05,Lamu,29
2016-04-06,Lamu,38
2016-04-07,Lamu,22
2016-04-08,Lamu,42
2016-04-09,Lamu,61
2016-04-10,Lamu,34
2016-04-11,Lamu,37
2016-04-12,Lamu,25
2016-04-13,Lamu,44
2016-04-14,Lamu,19
2016-04-15,Lamu,57
2016-04-16,Lamu,47
2016-04-17,Lamu,24
2016-04-18,Lamu,41
2016-04-19,Lamu,35
2016-04-20,Lamu,36
2016-04-21,Lamu,19
2016-04-22,Lamu,35
2016-04-23,Lamu,24
2016-04-24,Lamu,17
2016-04-25,Lamu,30
2016-04-26,Lamu,63
2016-04-27,Lamu,33
2016-04-28,Lamu,31
2016-04-29,Lamu,23
2016-04-30,Lamu,37
2016-05-01,Lamu,25
2016-05-02,Lamu,56
2016-05-03,Lamu,27
2016-05-04,Lamu,38
2016-05-05,Lamu,35
2016-05-06,Lamu,31
2016-05-07,Lamu,48
2016-05-08,Lamu,22
2016-05-09,Lamu,19
2016-05-10,Lamu,53
2016-05-11,Lamu,16
2016-05-12,Lamu,36
2016-05-13,Lamu,67
2016-05-14,Lamu,34
2016-05-15,Lamu,27
2016-05-16,Lamu,42
2016-05-17,Lamu,31
2016-05-18,Lamu,38
2016-05-19,Lamu,24
2016-05-20,Lamu,37
2016-05-21,Lamu,28
2016-05-22,Lamu,32
2016-05-23,Lamu,29
2016-05-24,Lamu,39
2016-05-25,Lamu,32
2016-05-26,Lamu,18
2016-05-27,Lamu,28
2016-05-28,Lamu,15
2016-05-29,Lamu,40
2016-05-30,Lamu,40
2016-05-31,Lamu,37
2016-06-01,Lamu,41
2016-06-02,Lamu,9
2016-06-03,Lamu,25
2016-06-04,Lamu,23
2016-06-05,Lamu,29
2016-06-06,Lamu,36
2016-06-07,Lamu,25
2016-06-08,Lamu,28
2016-06-09,Lamu,17
2016-06-10,Lamu,15
2016-06-11,Lamu,39
2016-06-12,Lamu,38
2016-06-13,Lamu,43
2016-06-14,Lamu,42
2016-06-15,Lamu,23
2016-06-16,Lamu,30
2016-06-17,Lamu,29
2016-06-18,Lamu,20
2016-06-19,Lamu,32
2016-06-20,Lamu,29
2016-06-21,Lamu,23
2016-06-22,Lamu,30
2016-06-23,Lamu,36
2016-06-24,Lamu,29
2016-06-25,Lamu,40
2016-06-26,Lamu,39
2016-06-27,Lamu,54
2016-06-28,Lamu,22
2016-06-29,Lamu,30
2016-06-30,Lamu,16
2016-07-01,Lamu,20
2016-07-02,Lamu,31
2016-07-03,Lamu,39
2016-07-04,Lamu,30
2016-07-05,Lamu,38
2016-07-06,Lamu,34
2016-07-07,Lamu,34
2016-07-08,Lamu,40
2016-07-09,Lamu,49
2016-07-10,Lamu,43
2016-07-11,Lamu,24
2016-07-12,Lamu,9
2016-07-13,Lamu,29
2016-07-14,Lamu,25
2016-07-15,Lamu,27
2016-07-16,Lamu,44
2016-07-17,Lamu,21
2016-07-18,Lamu,18
2016-07-19,Lamu,13
2016-07-20,Lamu,32
2016-07-21,Lamu,45
2016-07-22,Lamu,4
2016-07-23,Lamu,28
2016-07-24,Lamu,48
2016-07-25,Lamu,48
2016-07-26,Lamu,30
2016-07-27,Lamu,18
2016-07-28,Lamu,11
2016-07-29,Lamu,16
2016-07-30,Lamu,27
2016-07-31,Lamu,26
2016-08-01,Lamu,30
2016-08-02,Lamu,45
2016-08-03,Lamu,11
2016-08-04,Lamu,28
2016-08-05,Lamu,30
2016-08-06,Lamu,18
2016-08-07,Lamu,25
2016-08-08,Lamu,26
2016-08-09,Lamu,26
2016-08-10,Lamu,40
2016-08-11,Lamu,31
2016-08-12,Lamu,33
2016-08-13,Lamu,3
2016-08-14,Lamu,31
2016-08-15,Lamu,24
2016-08-16,Lamu,23
2016-08-17,Lamu,46
2016-08-18,Lamu,35
2016-08-19,Lamu,24
2016-08-20,Lamu,18
2016-08-21,Lamu,31
2016-08-22,Lamu,18
2016-08-23,Lamu,16
2016-08-24,Lamu,15
2016-08-25,Lamu,31
2016-08-26,Lamu,25
2016-08-27,Lamu,22
2016-08-28,Lamu,48
2016-08-29,Lamu,27
2016-08-30,Lamu,26
2016-08-31,Lamu,21
2016-09-01,Lamu,24
2016-09-02,Lamu,37
2016-09-03,Lamu,44
2016-09-04,Lamu,24
2016-09-05,Lamu,46
2016-09-06,Lamu,45
2016-09-07,Lamu,43
2016-09-08,Lamu,40
2016-09-09,Lamu,18
2016-09-10,Lamu,41
2016-09-11,Lamu,35
2016-09-12,Lamu,36
2016-09-13,Lamu,43
2016-09-14,Lamu,42
2016-09-15,Lamu,15
2016-09-16,Lamu,35
2016-09-17,Lamu,25
2016-09-18,Lamu,21
2016-09-19,Lamu,39
2016-09-20,Lamu,28
2016-09-21,Lamu,29
2016-09-22,Lamu,23
2016-09-23,Lamu,28
2016-09-24,Lamu,32
2016-09-25,Lamu,24
2016-09-26,Lamu,28
2016-09-27,Lamu,43
2016-09-28,Lamu,39
2016-09-29,Lamu,25
2016-09-30,Lamu,30
2016-10-01,Lamu,18
2015-01-01,Taita Taveta,24
2015-01-02,Taita Taveta,37
2015-01-03,Taita Taveta,24
2015-01-04,Taita Taveta,43
2015-01-05,Taita Taveta,21
2015-01-06,Taita Taveta,6
2015-01-07,Taita Taveta,22
2015-01-08,Taita Taveta,14
2015-01-09,Taita Taveta,28
2015-01-10,Taita Taveta,16
2015-01-11,Taita Taveta,22
2015-01-12,Taita Taveta,27
2015-01-13,Taita Taveta,25
2015-01-14,Taita Taveta,25
2015-01-15,Taita Taveta,22
2015-01-16,Taita Taveta,14
2015-01-17,Taita Taveta,16
2015-01-18,Taita Taveta,6
2015-01-19,Taita Taveta,11
2015-01-20,Taita Taveta,18
2015-01-21,Taita Taveta,18
2015-01-22,Taita Taveta,32
2015-01-23,Taita Taveta,15
2015-01-24,Taita Taveta,22
2015-01-25,Taita Taveta,33
2015-01-26,Taita Taveta,12
2015-01-27,Taita Taveta,44
2015-01-28,Taita Taveta,37
2015-01-29,Taita Taveta,30
2015-01-30,Taita Taveta,24
2015-01-31,Taita Taveta,39
2015-02-01,Taita Taveta,27
2015-02-02,Taita Taveta,36
2015-02-03,Taita Taveta,49
2015-02-04,Taita Taveta,35
2015-02-05,Taita Taveta,28
2015-02-06,Taita Taveta,22
2015-02-07,Taita Taveta,29
2015-02-08,Taita Taveta,27
2015-02-09,Taita Taveta,23
2015-02-10,Taita Taveta,17
2015-02-11,Taita Taveta,43
2015-02-12,Taita Taveta,15
2015-02-13,Taita Taveta,18
2015-02-14,Taita Taveta,41
2015-02-15,Taita Taveta,28
2015-02-16,Taita Taveta,26
2015-02-17,Taita Taveta,21
2015-02-18,Taita Taveta,8
2015-02-19,Taita Taveta,41
2015-02-20,Taita Taveta,24
2015-02-21,Taita Taveta,31
2015-02-22,Taita Taveta,44
2015-02-23,Taita Taveta,42
2015-02-24,Taita Taveta,29
2015-02-25,Taita Taveta,41
2015-02-26,Taita Taveta,27
2015-02-27,Taita Taveta,22
2015-02-28,Taita Taveta,21
2015-03-01,Taita Taveta,27
2015-03-02,Taita Taveta,23
2015-03-03,Taita Taveta,25
2015-03-04,Taita Taveta,23
2015-03-05,Taita Taveta,41
2015-03-06,Taita Taveta,25
2015-03-07,Taita Taveta,32
2015-03-08,Taita Taveta,15
2015-03-09,Taita Taveta,42
2015-03-10,Taita Taveta,23
2015-03-11,Taita Taveta,20
2015-03-12,Taita Taveta,31
2015-03-13,Taita Taveta,34
2015-03-14,Taita Taveta,29
2015-03-15,Taita Taveta,28
2015-03-16,Taita Taveta,27
2015-03-17,Taita Taveta,32
2015-03-18,Taita Taveta,33
2015-03-19,Taita Taveta,34
2015-03-20,Taita Taveta,16
2015-03-21,Taita Taveta,7
2015-03-22,Taita Taveta,28
2015-03-23,Taita Taveta,25
2015-03-24,Taita Taveta,19
2015-03-25,Taita Taveta,48
2015-03-26,Taita Taveta,26
2015-03-27,Taita Taveta,25
2015-03-28,Taita Taveta,16
2015-03-29,Taita Taveta,29
2015-03-30,Taita Taveta,33
2015-03-31,Taita Taveta,45
2015-04-01,Taita Taveta,26
2015-04-02,Taita Taveta,23
2015-04-03,Taita Taveta,33
2015-04-04,Taita Taveta,34
2015-04-05,Taita Taveta,45
2015-04-06,Taita Taveta,27
2015-04-07,Taita Taveta,31
2015-04-08,Taita Taveta,24
2015-04-09,Taita Taveta,34
2015-04-10,Taita Taveta,31
2015-04-11,Taita Taveta,29
2015-04-12,Taita Taveta,46
2015-04-13,Taita Taveta,28
2015-04-14,Taita Taveta,54
2015-04-15,Taita Taveta,54
2015-04-16,Taita Taveta,28
2015-04-17,Taita Taveta,36
2015-04-18,Taita Taveta,33
2015-04-19,Taita Taveta,39
2015-04-20,Taita Taveta,34
2015-04-21,Taita Taveta,21
2015-04-22,Taita Taveta,11
2015-04-23,Taita Taveta,46
2015-04-24,Taita Taveta,7
2015-04-25,Taita Taveta,29
2015-04-26,Taita Taveta,45
2015-04-27,Taita Taveta,31
2015-04-28,Taita Taveta,28
2015-04-29,Taita Taveta,19
2015-04-30,Taita Taveta,23
2015-05-01,Taita Taveta,41
2015-05-02,Taita Taveta,36
2015-05-03,Taita Taveta,15
2015-05-04,Taita Taveta,17
2015-05-05,Taita Taveta,53
2015-05-06,Taita Taveta,23
2015-05-07,Taita Taveta,35
2015-05-08,Taita Taveta,37
2015-05-09,Taita Taveta,27
2015-05-10,Taita Taveta,20
2015-05-11,Taita Taveta,36
2015-05-12,Taita Taveta,23
2015-05-13,Taita Taveta,40
2015-05-14,Taita Taveta,20
2015-05-15,Taita Taveta,21
2015-05-16,Taita Taveta,31
2015-05-17,Taita Taveta,32
2015-05-18,Taita Taveta,47
2015-05-19,Taita Taveta,23
2015-05-20,Taita Taveta,40
2015-05-21,Taita Taveta,38
2015-05-22,Taita Taveta,29
2015-05-23,Taita Taveta,33
2015-05-24,Taita Taveta,29
2015-05-25,Taita Taveta,27
2015-05-26,Taita Taveta,43
2015-05-27,Taita Taveta,33
2015-05-28,Taita Taveta,28
2015-05-29,Taita Taveta,45
2015-05-30,Taita Taveta,13
2015-05-31,Taita Taveta,36
2015-06-01,Taita Taveta,33
2015-06-02,Taita Taveta,22
2015-06-03,Taita Taveta,22
2015-06-04,Taita Taveta,45
2015-06-05,Taita Taveta,30
2015-06-06,Taita Taveta,54
2015-06-07,Taita Taveta,19
2015-06-08,Taita Taveta,33
2015-06-09,Taita Taveta,15
2015-06-10,Taita Taveta,17
2015-06-11,Taita Taveta,53
2015-06-12,Taita Taveta,31
2015-06-13,Taita Taveta,21
2015-06-14,Taita Taveta,14
2015-06-15,Taita Taveta,27
2015-06-16,Taita Taveta,16
2015-06-17,Taita Taveta,57
2015-06-18,Taita Taveta,21
2015-06-19,Taita Taveta,7
2015-06-20,Taita Taveta,36
2015-06-21,Taita Taveta,11
2015-06-22,Taita Taveta,33
2015-06-23,Taita Taveta,9
2015-06-24,Taita Taveta,33
2015-06-25,Taita Taveta,7
2015-06-26,Taita Taveta,8
2015-06-27,Taita Taveta,19
2015-06-28,Taita Taveta,37
2015-06-29,Taita Taveta,30
2015-06-30,Taita Taveta,33
2015-07-01,Taita Taveta,44
2015-07-02,Taita Taveta,27
2015-07-03,Taita Taveta,19
2015-07-04,Taita Taveta,34
2015-07-05,Taita Taveta,54
2015-07-06,Taita Taveta,24
2015-07-07,Taita Taveta,30
2015-07-08,Taita Taveta,21
2015-07-09,Taita Taveta,15
2015-07-10,Taita Taveta,28
2015-07-11,Taita Taveta,29
2015-07-12,Taita Taveta,32
2015-07-13,Taita Taveta,21
2015-07-14,Taita Taveta,53
2015-07-15,Taita Taveta,21
2015-07-16,Taita Taveta,33
2015-07-17,Taita Taveta,38
2015-07-18,Taita Taveta,10
2015-07-19,Taita Taveta,28
2015-07-20,Taita Taveta,37
2015-07-21,Taita Taveta,17
2015-07-22,Taita Taveta,40
2015-07-23,Taita Taveta,28
2015-07-24,Taita Taveta,43
2015-07-25,Taita Taveta,19
2015-07-26,Taita Taveta,21
2015-07-27,Taita Taveta,30
2015-07-28,Taita Taveta,23
2015-07-29,Taita Taveta,20
2015-07-30,Taita Taveta,28
2015-07-31,Taita Taveta,24
2015-08-01,Taita Taveta,34
2015-08-02,Taita Taveta,28
2015-08-03,Taita Taveta,10
2015-08-04,Taita Taveta,25
2015-08-05,Taita Taveta,31
2015-08-06,Taita Taveta,30
2015-08-07,Taita Taveta,14
2015-08-08,Taita Taveta,34
2015-08-09,Taita Taveta,18
2015-08-10,Taita Taveta,12
2015-08-11,Taita Taveta,26
2015-08-12,Taita Taveta,26
2015-08-13,Taita Taveta,19
2015-08-14,Taita Taveta,32
2015-08-15,Taita Taveta,17
2015-08-16,Taita Taveta,18
2015-08-17,Taita Taveta,23
2015-08-18,Taita Taveta,17
2015-08-19,Taita Taveta,16
2015-08-20,Taita Taveta,15
2015-08-21,Taita Taveta,47
2015-08-22,Taita Taveta,20
2015-08-23,Taita Taveta,15
2015-08-24,Taita Taveta,10
2015-08-25,Taita Taveta,28
2015-08-26,Taita Taveta,22
2015-08-27,Taita Taveta,34
2015-08-28,Taita Taveta,14
2015-08-29,Taita Taveta,37
2015-08-30,Taita Taveta,28
2015-08-31,Taita Taveta,23
2015-09-01,Taita Taveta,25
2015-09-02,Taita Taveta,0
2015-09-03,Taita Taveta,33
2015-09-04,Taita Taveta,28
2015-09-05,Taita Taveta,32
2015-09-06,Taita Taveta,20
2015-09-07,Taita Taveta,12
2015-09-08,Taita Taveta,39
2015-09-09,Taita Taveta,24
2015-09-10,Taita Taveta,24
2015-09-11,Taita Taveta,30
2015-09-12,Taita Taveta,31
2015-09-13,Taita Taveta,47
2015-09-14,Taita Taveta,9
2015-09-15,Taita Taveta,30
2015-09-16,Taita Taveta,17
2015-09-17,Taita Taveta,24
2015-09-18,Taita Taveta,14
2015-09-19,Taita Taveta,27
2015-09-20,Taita Taveta,30
2015-09-21,Taita Taveta,24
2015-09-22,Taita Taveta,27
2015-09-23,Taita Taveta,9
2015-09-24,Taita Taveta,28
2015-09-25,Taita Taveta,45
2015-09-26,Taita Taveta,23
2015-09-27,Taita Taveta,21
2015-09-28,Taita Taveta,23
2015-09-29,Taita Taveta,42
2015-09-30,Taita Taveta,45
2015-10-01,Taita Taveta,31
2015-10-02,Taita Taveta,29
2015-10-03,Taita Taveta,39
2015-10-04,Taita Taveta,52
2015-10-05,Taita Taveta,28
2015-10-06,Taita Taveta,40
2015-10-07,Taita Taveta,30
2015-10-08,Taita Taveta,52
2015-10-09,Taita Taveta,31
2015-10-10,Taita Taveta,23
2015-10-11,Taita Taveta,23
2015-10-12,Taita Taveta,23
2015-10-13,Taita Taveta,25
2015-10-14,Taita Taveta,31
2015-10-15,Taita Taveta,35
2015-10-16,Taita Taveta,43
2015-10-17,Taita Taveta,43
2015-10-18,Taita Taveta,24
2015-10-19,Taita Taveta,20
2015-10-20,Taita Taveta,41
2015-10-21,Taita Taveta,50
2015-10-22,Taita Taveta,19
2015-10-23,Taita Taveta,37
2015-10-24,Taita Taveta,7
2015-10-25,Taita Taveta,22
2015-10-26,Taita Taveta,29
2015-10-27,Taita Taveta,27
2015-10-28,Taita Taveta,31
2015-10-29,Taita Taveta,25
2015-10-30,Taita Taveta,37
2015-10-31,Taita Taveta,30
2015-11-01,Taita Taveta,36
2015-11-02,Taita Taveta,21
2015-11-03,Taita Taveta,42
2015-11-04,Taita Taveta,32
2015-11-05,Taita Taveta,30
2015-11-06,Taita Taveta,35
2015-11-07,Taita Taveta,39
2015-11-08,Taita Taveta,20
2015-11-09,Taita Taveta,34
2015-11-10,Taita Taveta,22
2015-11-11,Taita Taveta,42
2015-11-12,Taita Taveta,28
2015-11-13,Taita Taveta,31
2015-11-14,Taita Taveta,9
2015-11-15,Taita Taveta,43
2015-11-16,Taita Taveta,25
2015-11-17,Taita Taveta,17
2015-11-18,Taita Taveta,21
2015-11-19,Taita Taveta,25
2015-11-20,Taita Taveta,18
2015-11-21,Taita Taveta,3
2015-11-22,Taita Taveta,39
2015-11-23,Taita Taveta,24
2015-11-24,Taita Taveta,20
2015-11-25,Taita Taveta,27
2015-11-26,Taita Taveta,26
2015-11-27,Taita Taveta,36
2015-11-28,Taita Taveta,19
2015-11-29,Taita Taveta,30
2015-11-30,Taita Taveta,13
2015-12-01,Taita Taveta,3
2015-12-02,Taita Taveta,27
2015-12-03,Taita Taveta,40
2015-12-04,Taita Taveta,21
2015-12-05,Taita Taveta,42
2015-12-06,Taita Taveta,23
2015-12-07,Taita Taveta,3
2015-12-08,Taita Taveta,24
2015-12-09,Taita Taveta,35
2015-12-10,Taita Taveta,9
2015-12-11,Taita Taveta,19
2015-12-12,Taita Taveta,31
2015-12-13,Taita Taveta,28
2015-12-14,Taita Taveta,32
2015-12-15,Taita Taveta,5
2015-12-16,Taita Taveta,26
2015-12-17,Taita Taveta,36
2015-12-18,Taita Taveta,12
2015-12-19,Taita Taveta,9
2015-12-20,Taita Taveta,28
2015-12-21,Taita Taveta,16
2015-12-22,Taita Taveta,40
2015-12-23,Taita Taveta,19
2015-12-24,Taita Taveta,39
2015-12-25,Taita Taveta,40
2015-12-26,Taita Taveta,35
2015-12-27,Taita Taveta,35
2015-12-28,Taita Taveta,26
2015-12-29,Taita Taveta,15
2015-12-30,Taita Taveta,0
2015-12-31,Taita Taveta,14
2016-01-01,Taita Taveta,14
2016-01-02,Taita Taveta,40
2016-01-03,Taita Taveta,32
2016-01-04,Taita Taveta,14
2016-01-05,Taita Taveta,14
2016-01-06,Taita Taveta,32
2016-01-07,Taita Taveta,13
2016-01-08,Taita Taveta,25
2016-01-09,Taita Taveta,22
2016-01-10,Taita Taveta,4
2016-01-11,Taita Taveta,11
2016-01-12,Taita Taveta,23
2016-01-13,Taita Taveta,38
2016-01-14,Taita Taveta,33
2016-01-15,Taita Taveta,5
2016-01-16,Taita Taveta,15
2016-01-17,Taita Taveta,15
2016-01-18,Taita Taveta,16
2016-01-19,Taita Taveta,33
2016-01-20,Taita Taveta,15
2016-01-21,Taita Taveta,7
2016-01-22,Taita Taveta,34
2016-01-23,Taita Taveta,35
2016-01-24,Taita Taveta,29
2016-01-25,Taita Taveta,33
2016-01-26,Taita Taveta,3
2016-01-27,Taita Taveta,32
2016-01-28,Taita Taveta,10
2016-01-29,Taita Taveta,38
2016-01-30,Taita Taveta,37
2016-01-31,Taita Taveta,3
2016-02-01,Taita Taveta,7
2016-02-02,Taita Taveta,33
2016-02-03,Taita Taveta,41
2016-02-04,Taita Taveta,16
2016-02-05,Taita Taveta,33
2016-02-06,Taita Taveta,32
2016-02-07,Taita Taveta,41
2016-02-08,Taita Taveta,20
2016-02-09,Taita Taveta,16
2016-02-10,Taita Taveta,3
2016-02-11,Taita Taveta,42
2016-02-12,Taita Taveta,45
2016-02-13,Taita Taveta,32
2016-02-14,Taita Taveta,29
2016-02-15,Taita Taveta,36
2016-02-16,Taita Taveta,16
2016-02-17,Taita Taveta,38
2016-02-18,Taita Taveta,43
2016-02-19,Taita Taveta,36
2016-02-20,Taita Taveta,32
2016-02-21,Taita Taveta,28
2016-02-22,Taita Taveta,36
2016-02-23,Taita Taveta,11
2016-02-24,Taita Taveta,15
2016-02-25,Taita Taveta,27
2016-02-26,Taita Taveta,31
2016-02-27,Taita Taveta,35
2016-02-28,Taita Taveta,37
2016-02-29,Taita Taveta,27
2016-03-01,Taita Taveta,41
2016-03-02,Taita Taveta,14
2016-03-03,Taita Taveta,28
2016-03-04,Taita Taveta,33
2016-03-05,Taita Taveta,41
2016-03-06,Taita Taveta,19
2016-03-07,Taita Taveta,30
2016-03-08,Taita Taveta,14
2016-03-09,Taita Taveta,34
2016-03-10,Taita Taveta,51
2016-03-11,Taita Taveta,35
2016-03-12,Taita Taveta,47
2016-03-13,Taita Taveta,38
2016-03-14,Taita Taveta,20
2016-03-15,Taita Taveta,31
2016-03-16,Taita Taveta,37
2016-03-17,Taita Taveta,26
2016-03-18,Taita Taveta,46
2016-03-19,Taita Taveta,32
2016-03-20,Taita Taveta,23
2016-03-21,Taita Taveta,24
2016-03-22,Taita Taveta,23
2016-03-23,Taita Taveta,36
2016-03-24,Taita Taveta,18
2016-03-25,Taita Taveta,15
2016-03-26,Taita Taveta,31
2016-03-27,Taita Taveta,38
2016-03-28,Taita Taveta,9
2016-03-29,Taita Taveta,43
2016-03-30,Taita Taveta,26
2016-03-31,Taita Taveta,34
2016-04-01,Taita Taveta,41
2016-04-02,Taita Taveta,55
2016-04-03,Taita Taveta,47
2016-04-04,Taita Taveta,39
2016-04-05,Taita Taveta,36
2016-04-06,Taita Taveta,41
2016-04-07,Taita Taveta,24
2016-04-08,Taita Taveta,31
2016-04-09,Taita Taveta,28
2016-04-10,Taita Taveta,14
2016-04-11,Taita Taveta,6
2016-04-12,Taita Taveta,46
2016-04-13,Taita Taveta,32
2016-04-14,Taita Taveta,29
2016-04-15,Taita Taveta,44
2016-04-16,Taita Taveta,19
2016-04-17,Taita Taveta,27
2016-04-18,Taita Taveta,31
2016-04-19,Taita Taveta,32
2016-04-20,Taita Taveta,25
2016-04-21,Taita Taveta,36
2016-04-22,Taita Taveta,25
2016-04-23,Taita Taveta,28
2016-04-24,Taita Taveta,17
2016-04-25,Taita Taveta,26
2016-04-26,Taita Taveta,48
2016-04-27,Taita Taveta,20
2016-04-28,Taita Taveta,25
2016-04-29,Taita Taveta,36
2016-04-30,Taita Taveta,15
2016-05-01,Taita Taveta,25
2016-05-02,Taita Taveta,32
2016-05-03,Taita Taveta,16
2016-05-04,Taita Taveta,45
2016-05-05,Taita Taveta,36
2016-05-06,Taita Taveta,34
2016-05-07,Taita Taveta,24
2016-05-08,Taita Taveta,45
2016-05-09,Taita Taveta,7
2016-05-10,Taita Taveta,15
2016-05-11,Taita Taveta,20
2016-05-12,Taita Taveta,52
2016-05-13,Taita Taveta,23
2016-05-14,Taita Taveta,13
2016-05-15,Taita Taveta,43
2016-05-16,Taita Taveta,31
2016-05-17,Taita Taveta,34
2016-05-18,Taita Taveta,27
2016-05-19,Taita Taveta,18
2016-05-20,Taita Taveta,30
2016-05-21,Taita Taveta,35
2016-05-22,Taita Taveta,20
2016-05-23,Taita Taveta,20
2016-05-24,Taita Taveta,26
2016-05-25,Taita Taveta,52
2016-05-26,Taita Taveta,31
2016-05-27,Taita Taveta,32
2016-05-28,Taita Taveta,19
2016-05-29,Taita Taveta,38
2016-05-30,Taita Taveta,38
2016-05-31,Taita Taveta,34
2016-06-01,Taita Taveta,34
2016-06-02,Taita Taveta,16
2016-06-03,Taita Taveta,24
2016-06-04,Taita Taveta,28
2016-06-05,Taita Taveta,9
2016-06-06,Taita Taveta,32
2016-06-07,Taita Taveta,32
2016-06-08,Taita Taveta,28
2016-06-09,Taita Taveta,34
2016-06-10,Taita Taveta,25
2016-06-11,Taita Taveta,16
2016-06-12,Taita Taveta,32
2016-06-13,Taita Taveta,14
2016-06-14,Taita Taveta,27
2016-06-15,Taita Taveta,44
2016-06-16,Taita Taveta,25
2016-06-17,Taita Taveta,27
2016-06-18,Taita Taveta,29
2016-06-19,Taita Taveta,36
2016-06-20,Taita Taveta,31
2016-06-21,Taita Taveta,38
2016-06-22,Taita Taveta,52
2016-06-23,Taita Taveta,28
2016-06-24,Taita Taveta,24
2016-06-25,Taita Taveta,24
2016-06-26,Taita Taveta,37
2016-06-27,Taita Taveta,26
2016-06-28,Taita Taveta,3
2016-06-29,Taita Taveta,33
2016-06-30,Taita Taveta,25
2016-07-01,Taita Taveta,28
2016-07-02,Taita Taveta,37
2016-07-03,Taita Taveta,24
2016-07-04,Taita Taveta,29
2016-07-05,Taita Taveta,17
2016-07-06,Taita Taveta,24
2016-07-07,Taita Taveta,15
2016-07-08,Taita Taveta,16
2016-07-09,Taita Taveta,37
2016-07-10,Taita Taveta,22
2016-07-11,Taita Taveta,28
2016-07-12,Taita Taveta,13
2016-07-13,Taita Taveta,30
2016-07-14,Taita Taveta,25
2016-07-15,Taita Taveta,11
2016-07-16,Taita Taveta,12
2016-07-17,Taita Taveta,20
2016-07-18,Taita Taveta,13
2016-07-19,Taita Taveta,34
2016-07-20,Taita Taveta,43
2016-07-21,Taita Taveta,30
2016-07-22,Taita Taveta,37
2016-07-23,Taita Taveta,37
2016-07-24,Taita Taveta,40
2016-07-25,Taita Taveta,10
2016-07-26,Taita Taveta,9
2016-07-27,Taita Taveta,18
2016-07-28,Taita Taveta,32
2016-07-29,Taita Taveta,10
2016-07-30,Taita Taveta,16
2016-07-31,Taita Taveta,43
2016-08-01,Taita Taveta,31
2016-08-02,Taita Taveta,21
2016-08-03,Taita Taveta,24
2016-08-04,Taita Taveta,6
2016-08-05,Taita Taveta,24
2016-08-06,Taita Taveta,28
2016-08-07,Taita Taveta,34
2016-08-08,Taita Taveta,28
2016-08-09,Taita Taveta,21
2016-08-10,Taita Taveta,23
2016-08-11,Taita Taveta,21
2016-08-12,Taita Taveta,16
2016-08-13,Taita Taveta,42
2016-08-14,Taita Taveta,43
2016-08-15,Taita Taveta,32
2016-08-16,Taita Taveta,24
2016-08-17,Taita Taveta,8
2016-08-18,Taita Taveta,35
2016-08-19,Taita Taveta,34
2016-08-20,Taita Taveta,39
2016-08-21,Taita Taveta,38
2016-08-22,Taita Taveta,10
2016-08-23,Taita Taveta,23
2016-08-24,Taita Taveta,19
2016-08-25,Taita Taveta,30
2016-08-26,Taita Taveta,7
2016-08-27,Taita Taveta,42
2016-08-28,Taita Taveta,25
2016-08-29,Taita Taveta,20
2016-08-30,Taita Taveta,34
2016-08-31,Taita Taveta,14
2016-09-01,Taita Taveta,39
2016-09-02,Taita Taveta,6
2016-09-03,Taita Taveta,26
2016-09-04,Taita Taveta,18
2016-09-05,Taita Taveta,30
2016-09-06,Taita Taveta,23
2016-09-07,Taita Taveta,23
2016-09-08,Taita Taveta,0
2016-09-09,Taita Taveta,39
2016-09-10,Taita Taveta,27
2016-09-11,Taita Taveta,8
2016-09-12,Taita Taveta,23
2016-09-13,Taita Taveta,46
2016-09-14,Taita Taveta,13
2016-09-15,Taita Taveta,43
2016-09-16,Taita Taveta,37
2016-09-17,Taita Taveta,40
2016-09-18,Taita Taveta,15
2016-09-19,Taita Taveta,23
2016-09-20,Taita Taveta,11
2016-09-21,Taita Taveta,21
2016-09-22,Taita Taveta,34
2016-09-23,Taita Taveta,15
2016-09-24,Taita Taveta,49
2016-09-25,Taita Taveta,35
2016-09-26,Taita Taveta,33
2016-09-27,Taita Taveta,31
2016-09-28,Taita Taveta,32
2016-09-29,Taita Taveta,11
2016-09-30,Taita Taveta,32
2016-10-01,Taita Taveta,41
2015-01-01,Garissa,19
2015-01-02,Garissa,7
2015-01-03,Garissa,26
2015-01-04,Garissa,26
2015-01-05,Garissa,23
2015-01-06,Garissa,45
2015-01-07,Garissa,24
2015-01-08,Garissa,5
2015-01-09,Garissa,32
2015-01-10,Garissa,19
2015-01-11,Garissa,34
2015-01-12,Garissa,21
2015-01-13,Garissa,39
2015-01-14,Garissa,26
2015-01-15,Garissa,41
2015-01-16,Garissa,20
2015-01-17,Garissa,29
2015-01-18,Garissa,18
2015-01-19,Garissa,25
2015-01-20,Garissa,36
2015-01-21,Garissa,14
2015-01-22,Garissa,42
2015-01-23,Garissa,29
2015-01-24,Garissa,40
2015-01-25,Garissa,21
2015-01-26,Garissa,13
2015-01-27,Garissa,38
2015-01-28,Garissa,15
2015-01-29,Garissa,23
2015-01-30,Garissa,31
2015-01-31,Garissa,11
2015-02-01,Garissa,19
2015-02-02,Garissa,45
2015-02-03,Garissa,28
2015-02-04,Garissa,17
2015-02-05,Garissa,35
2015-02-06,Garissa,34
2015-02-07,Garissa,32
2015-02-08,Garissa,28
2015-02-09,Garissa,42
2015-02-10,Garissa,21
2015-02-11,Garissa,46
2015-02-12,Garissa,25
2015-02-13,Garissa,13
2015-02-14,Garissa,31
2015-02-15,Garissa,32
2015-02-16,Garissa,8
2015-02-17,Garissa,38
2015-02-18,Garissa,36
2015-02-19,Garissa,32
2015-02-20,Garissa,7
2015-02-21,Garissa,33
2015-02-22,Garissa,14
2015-02-23,Garissa,0
2015-02-24,Garissa,28
2015-02-25,Garissa,36
2015-02-26,Garissa,22
2015-02-27,Garissa,8
2015-02-28,Garissa,28
2015-03-01,Garissa,22
2015-03-02,Garissa,40
2015-03-03,Garissa,35
2015-03-04,Garissa,27
2015-03-05,Garissa,61
2015-03-06,Garissa,41
2015-03-07,Garissa,26
2015-03-08,Garissa,31
2015-03-09,Garissa,30
2015-03-10,Garissa,23
2015-03-11,Garissa,25
2015-03-12,Garissa,33
2015-03-13,Garissa,29
2015-03-14,Garissa,41
2015-03-15,Garissa,32
2015-03-16,Garissa,19
2015-03-17,Garissa,35
2015-03-18,Garissa,44
2015-03-19,Garissa,11
2015-03-20,Garissa,25
2015-03-21,Garissa,24
2015-03-22,Garissa,29
2015-03-23,Garissa,23
2015-03-24,Garissa,35
2015-03-25,Garissa,31
2015-03-26,Garissa,28
2015-03-27,Garissa,58
2015-03-28,Garissa,59
2015-03-29,Garissa,40
2015-03-30,Garissa,32
2015-03-31,Garissa,42
2015-04-01,Garissa,18
2015-04-02,Garissa,48
2015-04-03,Garissa,25
2015-04-04,Garissa,45
2015-04-05,Garissa,39
2015-04-06,Garissa,40
2015-04-07,Garissa,38
2015-04-08,Garissa,36
2015-04-09,Garissa,37
2015-04-10,Garissa,20
2015-04-11,Garissa,15
2015-04-12,Garissa,43
2015-04-13,Garissa,20
2015-04-14,Garissa,36
2015-04-15,Garissa,12
2015-04-16,Garissa,49
2015-04-17,Garissa,45
2015-04-18,Garissa,27
2015-04-19,Garissa,28
2015-04-20,Garissa,34
2015-04-21,Garissa,26
2015-04-22,Garissa,11
2015-04-23,Garissa,51
2015-04-24,Garissa,44
2015-04-25,Garissa,26
2015-04-26,Garissa,35
2015-04-27,Garissa,25
2015-04-28,Garissa,26
2015-04-29,Garissa,32
2015-04-30,Garissa,37
2015-05-01,Garissa,35
2015-05-02,Garissa,40
2015-05-03,Garissa,18
2015-05-04,Garissa,30
2015-05-05,Garissa,24
2015-05-06,Garissa,33
2015-05-07,Garissa,26
2015-05-08,Garissa,22
2015-05-09,Garissa,28
2015-05-10,Garissa,38
2015-05-11,Garissa,39
2015-05-12,Garissa,27
2015-05-13,Garissa,28
2015-05-14,Garissa,21
2015-05-15,Garissa,48
2015-05-16,Garissa,26
2015-05-17,Garissa,42
2015-05-18,Garissa,7
2015-05-19,Garissa,33
2015-05-20,Garissa,48
2015-05-21,Garissa,28
2015-05-22,Garissa,41
2015-05-23,Garissa,29
2015-05-24,Garissa,38
2015-05-25,Garissa,47
2015-05-26,Garissa,23
2015-05-27,Garissa,21
2015-05-28,Garissa,37
2015-05-29,Garissa,35
2015-05-30,Garissa,16
2015-05-31,Garissa,38
2015-06-01,Garissa,18
2015-06-02,Garissa,22
2015-06-03,Garissa,39
2015-06-04,Garissa,22
2015-06-05,Garissa,38
2015-06-06,Garissa,37
2015-06-07,Garissa,34
2015-06-08,Garissa,17
2015-06-09,Garissa,27
2015-06-10,Garissa,20
2015-06-11,Garissa,40
2015-06-12,Garissa,11
2015-06-13,Garissa,25
2015-06-14,Garissa,28
2015-06-15,Garissa,44
2015-06-16,Garissa,10
2015-06-17,Garissa,14
2015-06-18,Garissa,15
2015-06-19,Garissa,30
2015-06-20,Garissa,29
2015-06-21,Garissa,11
2015-06-22,Garissa,26
2015-06-23,Garissa,43
2015-06-24,Garissa,26
2015-06-25,Garissa,27
2015-06-26,Garissa,50
2015-06-27,Garissa,39
2015-06-28,Garissa,12
2015-06-29,Garissa,38
2015-06-30,Garissa,3
2015-07-01,Garissa,29
2015-07-02,Garissa,26
2015-07-03,Garissa,58
2015-07-04,Garissa,49
2015-07-05,Garissa,30
2015-07-06,Garissa,26
2015-07-07,Garissa,28
2015-07-08,Garissa,47
2015-07-09,Garissa,37
2015-07-10,Garissa,19
2015-07-11,Garissa,24
2015-07-12,Garissa,26
2015-07-13,Garissa,14
2015-07-14,Garissa,35
2015-07-15,Garissa,26
2015-07-16,Garissa,4
2015-07-17,Garissa,44
2015-07-18,Garissa,18
2015-07-19,Garissa,29
2015-07-20,Garissa,34
2015-07-21,Garissa,23
2015-07-22,Garissa,26
2015-07-23,Garissa,37
2015-07-24,Garissa,36
2015-07-25,Garissa,19
2015-07-26,Garissa,26
2015-07-27,Garissa,17
2015-07-28,Garissa,28
2015-07-29,Garissa,42
2015-07-30,Garissa,24
2015-07-31,Garissa,26
2015-08-01,Garissa,40
2015-08-02,Garissa,28
2015-08-03,Garissa,17
2015-08-04,Garissa,31
2015-08-05,Garissa,18
2015-08-06,Garissa,14
2015-08-07,Garissa,4
2015-08-08,Garissa,32
2015-08-09,Garissa,20
2015-08-10,Garissa,13
2015-08-11,Garissa,41
2015-08-12,Garissa,49
2015-08-13,Garissa,35
2015-08-14,Garissa,12
2015-08-15,Garissa,35
2015-08-16,Garissa,29
2015-08-17,Garissa,9
2015-08-18,Garissa,32
2015-08-19,Garissa,21
2015-08-20,Garissa,23
2015-08-21,Garissa,23
2015-08-22,Garissa,28
2015-08-23,Garissa,15
2015-08-24,Garissa,20
2015-08-25,Garissa,32
2015-08-26,Garissa,29
2015-08-27,Garissa,41
2015-08-28,Garissa,37
2015-08-29,Garissa,21
2015-08-30,Garissa,0
2015-08-31,Garissa,26
2015-09-01,Garissa,43
2015-09-02,Garissa,27
2015-09-03,Garissa,28
2015-09-04,Garissa,22
2015-09-05,Garissa,13
2015-09-06,Garissa,22
2015-09-07,Garissa,14
2015-09-08,Garissa,26
2015-09-09,Garissa,19
2015-09-10,Garissa,13
2015-09-11,Garissa,39
2015-09-12,Garissa,11
2015-09-13,Garissa,19
2015-09-14,Garissa,23
2015-09-15,Garissa,6
2015-09-16,Garissa,42
2015-09-17,Garissa,21
2015-09-18,Garissa,27
2015-09-19,Garissa,33
2015-09-20,Garissa,31
2015-09-21,Garissa,31
2015-09-22,Garissa,25
2015-09-23,Garissa,7
2015-09-24,Garissa,32
2015-09-25,Garissa,17
2015-09-26,Garissa,29
2015-09-27,Garissa,25
2015-09-28,Garissa,10
2015-09-29,Garissa,19
2015-09-30,Garissa,30
2015-10-01,Garissa,19
2015-10-02,Garissa,31
2015-10-03,Garissa,29
2015-10-04,Garissa,29
2015-10-05,Garissa,32
2015-10-06,Garissa,40
2015-10-07,Garissa,15
2015-10-08,Garissa,35
2015-10-09,Garissa,22
2015-10-10,Garissa,46
2015-10-11,Garissa,36
2015-10-12,Garissa,35
2015-10-13,Garissa,24
2015-10-14,Garissa,23
2015-10-15,Garissa,34
2015-10-16,Garissa,23
2015-10-17,Garissa,26
2015-10-18,Garissa,47
2015-10-19,Garissa,23
2015-10-20,Garissa,27
2015-10-21,Garissa,39
2015-10-22,Garissa,31
2015-10-23,Garissa,18
2015-10-24,Garissa,26
2015-10-25,Garissa,36
2015-10-26,Garissa,28
2015-10-27,Garissa,43
2015-10-28,Garissa,24
2015-10-29,Garissa,12
2015-10-30,Garissa,51
2015-10-31,Garissa,22
2015-11-01,Garissa,20
2015-11-02,Garissa,31
2015-11-03,Garissa,31
2015-11-04,Garissa,24
2015-11-05,Garissa,23
2015-11-06,Garissa,40
2015-11-07,Garissa,41
2015-11-08,Garissa,32
2015-11-09,Garissa,38
2015-11-10,Garissa,34
2015-11-11,Garissa,36
2015-11-12,Garissa,33
2015-11-13,Garissa,28
2015-11-14,Garissa,32
2015-11-15,Garissa,22
2015-11-16,Garissa,28
2015-11-17,Garissa,46
2015-11-18,Garissa,17
2015-11-19,Garissa,21
2015-11-20,Garissa,20
2015-11-21,Garissa,46
2015-11-22,Garissa,28
2015-11-23,Garissa,22
2015-11-24,Garissa,25
2015-11-25,Garissa,13
2015-11-26,Garissa,25
2015-11-27,Garissa,38
2015-11-28,Garissa,29
2015-11-29,Garissa,55
2015-11-30,Garissa,31
2015-12-01,Garissa,16
2015-12-02,Garissa,25
2015-12-03,Garissa,38
2015-12-04,Garissa,36
2015-12-05,Garissa,40
2015-12-06,Garissa,15
2015-12-07,Garissa,25
2015-12-08,Garissa,22
2015-12-09,Garissa,15
2015-12-10,Garissa,33
2015-12-11,Garissa,29
2015-12-12,Garissa,31
2015-12-13,Garissa,33
2015-12-14,Garissa,26
2015-12-15,Garissa,10
2015-12-16,Garissa,28
2015-12-17,Garissa,24
2015-12-18,Garissa,18
2015-12-19,Garissa,24
2015-12-20,Garissa,16
2015-12-21,Garissa,29
2015-12-22,Garissa,36
2015-12-23,Garissa,20
2015-12-24,Garissa,34
2015-12-25,Garissa,48
2015-12-26,Garissa,32
2015-12-27,Garissa,38
2015-12-28,Garissa,5
2015-12-29,Garissa,41
2015-12-30,Garissa,30
2015-12-31,Garissa,36
2016-01-01,Garissa,16
2016-01-02,Garissa,26
2016-01-03,Garissa,34
2016-01-04,Garissa,28
2016-01-05,Garissa,31
2016-01-06,Garissa,28
2016-01-07,Garissa,18
2016-01-08,Garissa,18
2016-01-09,Garissa,19
2016-01-10,Garissa,44
2016-01-11,Garissa,26
2016-01-12,Garissa,36
2016-01-13,Garissa,19
2016-01-14,Garissa,35
2016-01-15,Garissa,30
2016-01-16,Garissa,40
2016-01-17,Garissa,18
2016-01-18,Garissa,10
2016-01-19,Garissa,29
2016-01-20,Garissa,21
2016-01-21,Garissa,11
2016-01-22,Garissa,23
2016-01-23,Garissa,30
2016-01-24,Garissa,29
2016-01-25,Garissa,25
2016-01-26,Garissa,22
2016-01-27,Garissa,33
2016-01-28,Garissa,19
2016-01-29,Garissa,20
2016-01-30,Garissa,29
2016-01-31,Garissa,11
2016-02-01,Garissa,23
2016-02-02,Garissa,29
2016-02-03,Garissa,51
2016-02-04,Garissa,25
2016-02-05,Garissa,33
2016-02-06,Garissa,28
2016-02-07,Garissa,33
2016-02-08,Garissa,23
2016-02-09,Garissa,29
2016-02-10,Garissa,23
2016-02-11,Garissa,46
2016-02-12,Garissa,5
2016-02-13,Garissa,20
2016-02-14,Garissa,13
2016-02-15,Garissa,27
2016-02-16,Garissa,30
2016-02-17,Garissa,46
2016-02-18,Garissa,38
2016-02-19,Garissa,27
2016-02-20,Garissa,28
2016-02-21,Garissa,28
2016-02-22,Garissa,16
2016-02-23,Garissa,34
2016-02-24,Garissa,25
2016-02-25,Garissa,9
2016-02-26,Garissa,13
2016-02-27,Garissa,25
2016-02-28,Garissa,27
2016-02-29,Garissa,20
2016-03-01,Garissa,34
2016-03-02,Garissa,27
2016-03-03,Garissa,2
2016-03-04,Garissa,35
2016-03-05,Garissa,34
2016-03-06,Garissa,44
2016-03-07,Garissa,36
2016-03-08,Garissa,32
2016-03-09,Garissa,18
2016-03-10,Garissa,44
2016-03-11,Garissa,47
2016-03-12,Garissa,44
2016-03-13,Garissa,30
2016-03-14,Garissa,20
2016-03-15,Garissa,17
2016-03-16,Garissa,10
2016-03-17,Garissa,16
2016-03-18,Garissa,28
2016-03-19,Garissa,15
2016-03-20,Garissa,20
2016-03-21,Garissa,41
2016-03-22,Garissa,22
2016-03-23,Garissa,19
2016-03-24,Garissa,23
2016-03-25,Garissa,40
2016-03-26,Garissa,26
2016-03-27,Garissa,38
2016-03-28,Garissa,38
2016-03-29,Garissa,21
2016-03-30,Garissa,37
2016-03-31,Garissa,35
2016-04-01,Garissa,43
2016-04-02,Garissa,30
2016-04-03,Garissa,27
2016-04-04,Garissa,32
2016-04-05,Garissa,31
2016-04-06,Garissa,40
2016-04-07,Garissa,36
2016-04-08,Garissa,42
2016-04-09,Garissa,4
2016-04-10,Garissa,34
2016-04-11,Garissa,40
2016-04-12,Garissa,25
2016-04-13,Garissa,52
2016-04-14,Garissa,52
2016-04-15,Garissa,41
2016-04-16,Garissa,25
2016-04-17,Garissa,52
2016-04-18,Garissa,46
2016-04-19,Garissa,34
2016-04-20,Garissa,33
2016-04-21,Garissa,38
2016-04-22,Garissa,47
2016-04-23,Garissa,33
2016-04-24,Garissa,35
2016-04-25,Garissa,22
2016-04-26,Garissa,40
2016-04-27,Garissa,25
2016-04-28,Garissa,27
2016-04-29,Garissa,18
2016-04-30,Garissa,17
2016-05-01,Garissa,41
2016-05-02,Garissa,26
2016-05-03,Garissa,28
2016-05-04,Garissa,19
2016-05-05,Garissa,42
2016-05-06,Garissa,49
2016-05-07,Garissa,34
2016-05-08,Garissa,28
2016-05-09,Garissa,38
2016-05-10,Garissa,42
2016-05-11,Garissa,38
2016-05-12,Garissa,17
2016-05-13,Garissa,36
2016-05-14,Garissa,52
2016-05-15,Garissa,25
2016-05-16,Garissa,47
2016-05-17,Garissa,37
2016-05-18,Garissa,30
2016-05-19,Garissa,36
2016-05-20,Garissa,39
2016-05-21,Garissa,28
2016-05-22,Garissa,16
2016-05-23,Garissa,32
2016-05-24,Garissa,53
2016-05-25,Garissa,15
2016-05-26,Garissa,30
2016-05-27,Garissa,34
2016-05-28,Garissa,41
2016-05-29,Garissa,32
2016-05-30,Garissa,26
2016-05-31,Garissa,18
2016-06-01,Garissa,20
2016-06-02,Garissa,27
2016-06-03,Garissa,16
2016-06-04,Garissa,40
2016-06-05,Garissa,12
2016-06-06,Garissa,31
2016-06-07,Garissa,8
2016-06-08,Garissa,41
2016-06-09,Garissa,31
2016-06-10,Garissa,39
2016-06-11,Garissa,33
2016-06-12,Garissa,36
2016-06-13,Garissa,23
2016-06-14,Garissa,38
2016-06-15,Garissa,16
2016-06-16,Garissa,17
2016-06-17,Garissa,19
2016-06-18,Garissa,30
2016-06-19,Garissa,31
2016-06-20,Garissa,15
2016-06-21,Garissa,20
2016-06-22,Garissa,22
2016-06-23,Garissa,27
2016-06-24,Garissa,18
2016-06-25,Garissa,33
2016-06-26,Garissa,39
2016-06-27,Garissa,22
2016-06-28,Garissa,21
2016-06-29,Garissa,12
2016-06-30,Garissa,36
2016-07-01,Garissa,30
2016-07-02,Garissa,19
2016-07-03,Garissa,35
2016-07-04,Garissa,32
2016-07-05,Garissa,30
2016-07-06,Garissa,26
2016-07-07,Garissa,44
2016-07-08,Garissa,16
2016-07-09,Garissa,11
2016-07-10,Garissa,41
2016-07-11,Garissa,39
2016-07-12,Garissa,23
2016-07-13,Garissa,34
2016-07-14,Garissa,29
2016-07-15,Garissa,26
2016-07-16,Garissa,22
2016-07-17,Garissa,28
2016-07-18,Garissa,38
2016-07-19,Garissa,24
2016-07-20,Garissa,34
2016-07-21,Garissa,25
2016-07-22,Garissa,27
2016-07-23,Garissa,43
2016-07-24,Garissa,15
2016-07-25,Garissa,32
2016-07-26,Garissa,31
2016-07-27,Garissa,9
2016-07-28,Garissa,32
2016-07-29,Garissa,15
2016-07-30,Garissa,24
2016-07-31,Garissa,30
2016-08-01,Garissa,23
2016-08-02,Garissa,26
2016-08-03,Garissa,30
2016-08-04,Garissa,25
2016-08-05,Garissa,24
2016-08-06,Garissa,26
2016-08-07,Garissa,42
2016-08-08,Garissa,35
2016-08-09,Garissa,36
2016-08-10,Garissa,17
2016-08-11,Garissa,30
2016-08-12,Garissa,35
2016-08-13,Garissa,30
2016-08-14,Garissa,21
2016-08-15,Garissa,26
2016-08-16,Garissa,18
2016-08-17,Garissa,41
2016-08-18,Garissa,30
2016-08-19,Garissa,15
2016-08-20,Garissa,16
2016-08-21,Garissa,20
2016-08-22,Garissa,40
2016-08-23,Garissa,24
2016-08-24,Garissa,27
2016-08-25,Garissa,39
2016-08-26,Garissa,30
2016-08-27,Garissa,15
2016-08-28,Garissa,23
2016-08-29,Garissa,12
2016-08-30,Garissa,29
2016-08-31,Garissa,26
2016-09-01,Garissa,34
2016-09-02,Garissa,32
2016-09-03,Garissa,33
2016-09-04,Garissa,22
2016-09-05,Garissa,33
2016-09-06,Garissa,36
2016-09-07,Garissa,35
2016-09-08,Garissa,14
2016-09-09,Garissa,21
2016-09-10,Garissa,43
2016-09-11,Garissa,30
2016-09-12,Garissa,41
2016-09-13,Garissa,50
2016-09-14,Garissa,27
2016-09-15,Garissa,24
2016-09-16,Garissa,20
2016-09-17,Garissa,28
2016-09-18,Garissa,23
2016-09-19,Garissa,23
2016-09-20,Garissa,32
2016-09-21,Garissa,36
2016-09-22,Garissa,16
2016-09-23,Garissa,24
2016-09-24,Garissa,32
2016-09-25,Garissa,35
2016-09-26,Garissa,32
2016-09-27,Garissa,24
2016-09-28,Garissa,17
2016-09-29,Garissa,46
2016-09-30,Garissa,34
2016-10-01,Garissa,39
2015-01-01,Wajir,36
2015-01-02,Wajir,40
2015-01-03,Wajir,26
2015-01-04,Wajir,21
2015-01-05,Wajir,1
2015-01-06,Wajir,24
2015-01-07,Wajir,23
2015-01-08,Wajir,29
2015-01-09,Wajir,27
2015-01-10,Wajir,27
2015-01-11,Wajir,26
2015-01-12,Wajir,28
2015-01-13,Wajir,27
2015-01-14,Wajir,15
2015-01-15,Wajir,30
2015-01-16,Wajir,7
2015-01-17,Wajir,19
2015-01-18,Wajir,35
2015-01-19,Wajir,21
2015-01-20,Wajir,9
2015-01-21,Wajir,22
2015-01-22,Wajir,37
2015-01-23,Wajir,15
2015-01-24,Wajir,20
2015-01-25,Wajir,27
2015-01-26,Wajir,37
2015-01-27,Wajir,23
2015-01-28,Wajir,17
2015-01-29,Wajir,24
2015-01-30,Wajir,32
2015-01-31,Wajir,23
2015-02-01,Wajir,37
2015-02-02,Wajir,43
2015-02-03,Wajir,23
2015-02-04,Wajir,41
2015-02-05,Wajir,7
2015-02-06,Wajir,29
2015-02-07,Wajir,50
2015-02-08,Wajir,28
2015-02-09,Wajir,15
2015-02-10,Wajir,40
2015-02-11,Wajir,24
2015-02-12,Wajir,44
2015-02-13,Wajir,17
2015-02-14,Wajir,37
2015-02-15,Wajir,21
2015-02-16,Wajir,35
2015-02-17,Wajir,23
2015-02-18,Wajir,15
2015-02-19,Wajir,35
2015-02-20,Wajir,31
2015-02-21,Wajir,12
2015-02-22,Wajir,33
2015-02-23,Wajir,22
2015-02-24,Wajir,32
2015-02-25,Wajir,17
2015-02-26,Wajir,29
2015-02-27,Wajir,41
2015-02-28,Wajir,19
2015-03-01,Wajir,37
2015-03-02,Wajir,48
2015-03-03,Wajir,27
2015-03-04,Wajir,36
2015-03-05,Wajir,31
2015-03-06,Wajir,44
2015-03-07,Wajir,28
2015-03-08,Wajir,30
2015-03-09,Wajir,29
2015-03-10,Wajir,53
2015-03-11,Wajir,29
2015-03-12,Wajir,48
2015-03-13,Wajir,42
2015-03-14,Wajir,25
2015-03-15,Wajir,39
2015-03-16,Wajir,36
2015-03-17,Wajir,17
2015-03-18,Wajir,23
2015-03-19,Wajir,36
2015-03-20,Wajir,31
2015-03-21,Wajir,28
2015-03-22,Wajir,26
2015-03-23,Wajir,55
2015-03-24,Wajir,45
2015-03-25,Wajir,19
2015-03-26,Wajir,45
2015-03-27,Wajir,30
2015-03-28,Wajir,26
2015-03-29,Wajir,34
2015-03-30,Wajir,39
2015-03-31,Wajir,31
2015-04-01,Wajir,32
2015-04-02,Wajir,34
2015-04-03,Wajir,48
2015-04-04,Wajir,23
2015-04-05,Wajir,42
2015-04-06,Wajir,34
2015-04-07,Wajir,40
2015-04-08,Wajir,34
2015-04-09,Wajir,34
2015-04-10,Wajir,30
2015-04-11,Wajir,54
2015-04-12,Wajir,32
2015-04-13,Wajir,30
2015-04-14,Wajir,39
2015-04-15,Wajir,33
2015-04-16,Wajir,33
2015-04-17,Wajir,37
2015-04-18,Wajir,29
2015-04-19,Wajir,34
2015-04-20,Wajir,16
2015-04-21,Wajir,41
2015-04-22,Wajir,37
2015-04-23,Wajir,34
2015-04-24,Wajir,43
2015-04-25,Wajir,41
2015-04-26,Wajir,35
2015-04-27,Wajir,31
2015-04-28,Wajir,40
2015-04-29,Wajir,19
2015-04-30,Wajir,34
2015-05-01,Wajir,37
2015-05-02,Wajir,35
2015-05-03,Wajir,47
2015-05-04,Wajir,57
2015-05-05,Wajir,33
2015-05-06,Wajir,43
2015-05-07,Wajir,32
2015-05-08,Wajir,13
2015-05-09,Wajir,36
2015-05-10,Wajir,33
2015-05-11,Wajir,37
2015-05-12,Wajir,27
2015-05-13,Wajir,24
2015-05-14,Wajir,34
2015-05-15,Wajir,10
2015-05-16,Wajir,38
2015-05-17,Wajir,31
2015-05-18,Wajir,9
2015-05-19,Wajir,40
2015-05-20,Wajir,33
2015-05-21,Wajir,33
2015-05-22,Wajir,42
2015-05-23,Wajir,23
2015-05-24,Wajir,46
2015-05-25,Wajir,29
2015-05-26,Wajir,48
2015-05-27,Wajir,41
2015-05-28,Wajir,37
2015-05-29,Wajir,19
2015-05-30,Wajir,28
2015-05-31,Wajir,31
2015-06-01,Wajir,23
2015-06-02,Wajir,32
2015-06-03,Wajir,13
2015-06-04,Wajir,36
2015-06-05,Wajir,36
2015-06-06,Wajir,32
2015-06-07,Wajir,24
2015-06-08,Wajir,31
2015-06-09,Wajir,10
2015-06-10,Wajir,29
2015-06-11,Wajir,13
2015-06-12,Wajir,21
2015-06-13,Wajir,11
2015-06-14,Wajir,27
2015-06-15,Wajir,21
2015-06-16,Wajir,26
2015-06-17,Wajir,8
2015-06-18,Wajir,39
2015-06-19,Wajir,36
2015-06-20,Wajir,15
2015-06-21,Wajir,36
2015-06-22,Wajir,36
2015-06-23,Wajir,31
2015-06-24,Wajir,32
2015-06-25,Wajir,40
2015-06-26,Wajir,25
2015-06-27,Wajir,29
2015-06-28,Wajir,12
2015-06-29,Wajir,28
2015-06-30,Wajir,21
2015-07-01,Wajir,21
2015-07-02,Wajir,10
2015-07-03,Wajir,17
2015-07-04,Wajir,23
2015-07-05,Wajir,20
2015-07-06,Wajir,29
2015-07-07,Wajir,0
2015-07-08,Wajir,13
2015-07-09,Wajir,31
2015-07-10,Wajir,13
2015-07-11,Wajir,17
2015-07-12,Wajir,25
2015-07-13,Wajir,33
2015-07-14,Wajir,43
2015-07-15,Wajir,29
2015-07-16,Wajir,39
2015-07-17,Wajir,23
2015-07-18,Wajir,38
2015-07-19,Wajir,19
2015-07-20,Wajir,40
2015-07-21,Wajir,27
2015-07-22,Wajir,30
2015-07-23,Wajir,37
2015-07-24,Wajir,30
2015-07-25,Wajir,28
2015-07-26,Wajir,44
2015-07-27,Wajir,14
2015-07-28,Wajir,35
2015-07-29,Wajir,14
2015-07-30,Wajir,30
2015-07-31,Wajir,17
2015-08-01,Wajir,36
2015-08-02,Wajir,35
2015-08-03,Wajir,29
2015-08-04,Wajir,28
2015-08-05,Wajir,27
2015-08-06,Wajir,39
2015-08-07,Wajir,42
2015-08-08,Wajir,24
2015-08-09,Wajir,36
2015-08-10,Wajir,26
2015-08-11,Wajir,20
2015-08-12,Wajir,10
2015-08-13,Wajir,22
2015-08-14,Wajir,23
2015-08-15,Wajir,39
2015-08-16,Wajir,17
2015-08-17,Wajir,26
2015-08-18,Wajir,40
2015-08-19,Wajir,22
2015-08-20,Wajir,26
2015-08-21,Wajir,10
2015-08-22,Wajir,32
2015-08-23,Wajir,28
2015-08-24,Wajir,21
2015-08-25,Wajir,36
2015-08-26,Wajir,31
2015-08-27,Wajir,20
2015-08-28,Wajir,34
2015-08-29,Wajir,12
2015-08-30,Wajir,28
2015-08-31,Wajir,36
2015-09-01,Wajir,33
2015-09-02,Wajir,18
2015-09-03,Wajir,22
2015-09-04,Wajir,23
2015-09-05,Wajir,18
2015-09-06,Wajir,19
2015-09-07,Wajir,33
2015-09-08,Wajir,28
2015-09-09,Wajir,14
2015-09-10,Wajir,27
2015-09-11,Wajir,33
2015-09-12,Wajir,33
2015-09-13,Wajir,15
2015-09-14,Wajir,25
2015-09-15,Wajir,31
2015-09-16,Wajir,22
2015-09-17,Wajir,31
2015-09-18,Wajir,30
2015-09-19,Wajir,24
2015-09-20,Wajir,21
2015-09-21,Wajir,30
2015-09-22,Wajir,22
2015-09-23,Wajir,39
2015-09-24,Wajir,23
2015-09-25,Wajir,38
2015-09-26,Wajir,30
2015-09-27,Wajir,13
2015-09-28,Wajir,33
2015-09-29,Wajir,22
2015-09-30,Wajir,30
2015-10-01,Wajir,19
2015-10-02,Wajir,41
2015-10-03,Wajir,39
2015-10-04,Wajir,31
2015-10-05,Wajir,35
2015-10-06,Wajir,21
2015-10-07,Wajir,10
2015-10-08,Wajir,15
2015-10-09,Wajir,27
2015-10-10,Wajir,27
2015-10-11,Wajir,32
2015-10-12,Wajir,32
2015-10-13,Wajir,31
2015-10-14,Wajir,18
2015-10-15,Wajir,46
2015-10-16,Wajir,48
2015-10-17,Wajir,18
2015-10-18,Wajir,58
2015-10-19,Wajir,18
2015-10-20,Wajir,35
2015-10-21,Wajir,30
2015-10-22,Wajir,33
2015-10-23,Wajir,30
2015-10-24,Wajir,45
2015-10-25,Wajir,20
2015-10-26,Wajir,47
2015-10-27,Wajir,30
2015-10-28,Wajir,60
2015-10-29,Wajir,11
2015-10-30,Wajir,16
2015-10-31,Wajir,40
2015-11-01,Wajir,38
2015-11-02,Wajir,31
2015-11-03,Wajir,47
2015-11-04,Wajir,47
2015-11-05,Wajir,23
2015-11-06,Wajir,38
2015-11-07,Wajir,27
2015-11-08,Wajir,25
2015-11-09,Wajir,45
2015-11-10,Wajir,43
2015-11-11,Wajir,19
2015-11-12,Wajir,26
2015-11-13,Wajir,11
2015-11-14,Wajir,20
2015-11-15,Wajir,14
2015-11-16,Wajir,15
2015-11-17,Wajir,48
2015-11-18,Wajir,36
2015-11-19,Wajir,33
2015-11-20,Wajir,23
2015-11-21,Wajir,33
2015-11-22,Wajir,41
2015-11-23,Wajir,26
2015-11-24,Wajir,39
2015-11-25,Wajir,42
2015-11-26,Wajir,33
2015-11-27,Wajir,40
2015-11-28,Wajir,39
2015-11-29,Wajir,46
2015-11-30,Wajir,27
2015-12-01,Wajir,36
2015-12-02,Wajir,26
2015-12-03,Wajir,25
2015-12-04,Wajir,29
2015-12-05,Wajir,13
2015-12-06,Wajir,31
2015-12-07,Wajir,8
2015-12-08,Wajir,18
2015-12-09,Wajir,18
2015-12-10,Wajir,24
2015-12-11,Wajir,42
2015-12-12,Wajir,17
2015-12-13,Wajir,33
2015-12-14,Wajir,0
2015-12-15,Wajir,46
2015-12-16,Wajir,21
2015-12-17,Wajir,40
2015-12-18,Wajir,29
2015-12-19,Wajir,30
2015-12-20,Wajir,23
2015-12-21,Wajir,34
2015-12-22,Wajir,4
2015-12-23,Wajir,21
2015-12-24,Wajir,30
2015-12-25,Wajir,15
2015-12-26,Wajir,35
2015-12-27,Wajir,24
2015-12-28,Wajir,39
2015-12-29,Wajir,31
2015-12-30,Wajir,10
2015-12-31,Wajir,18
2016-01-01,Wajir,34
2016-01-02,Wajir,11
2016-01-03,Wajir,17
2016-01-04,Wajir,29
2016-01-05,Wajir,41
2016-01-06,Wajir,52
2016-01-07,Wajir,25
2016-01-08,Wajir,19
2016-01-09,Wajir,44
2016-01-10,Wajir,15
2016-01-11,Wajir,12
2016-01-12,Wajir,25
2016-01-13,Wajir,39
2016-01-14,Wajir,31
2016-01-15,Wajir,6
2016-01-16,Wajir,39
2016-01-17,Wajir,26
2016-01-18,Wajir,30
2016-01-19,Wajir,36
2016-01-20,Wajir,32
2016-01-21,Wajir,34
2016-01-22,Wajir,24
2016-01-23,Wajir,36
2016-01-24,Wajir,22
2016-01-25,Wajir,14
2016-01-26,Wajir,22
2016-01-27,Wajir,39
2016-01-28,Wajir,33
2016-01-29,Wajir,39
2016-01-30,Wajir,34
2016-01-31,Wajir,30
2016-02-01,Wajir,51
2016-02-02,Wajir,39
2016-02-03,Wajir,19
2016-02-04,Wajir,25
2016-02-05,Wajir,18
2016-02-06,Wajir,25
2016-02-07,Wajir,26
2016-02-08,Wajir,41
2016-02-09,Wajir,31
2016-02-10,Wajir,26
2016-02-11,Wajir,29
2016-02-12,Wajir,13
2016-02-13,Wajir,33
2016-02-14,Wajir,37
2016-02-15,Wajir,21
2016-02-16,Wajir,25
2016-02-17,Wajir,8
2016-02-18,Wajir,32
2016-02-19,Wajir,23
2016-02-20,Wajir,30
2016-02-21,Wajir,19
2016-02-22,Wajir,25
2016-02-23,Wajir,18
2016-02-24,Wajir,21
2016-02-25,Wajir,17
2016-02-26,Wajir,38
2016-02-27,Wajir,30
2016-02-28,Wajir,37
2016-02-29,Wajir,37
2016-03-01,Wajir,34
2016-03-02,Wajir,50
2016-03-03,Wajir,35
2016-03-04,Wajir,27
2016-03-05,Wajir,35
2016-03-06,Wajir,33
2016-03-07,Wajir,32
2016-03-08,Wajir,27
2016-03-09,Wajir,23
2016-03-10,Wajir,37
2016-03-11,Wajir,25
2016-03-12,Wajir,21
2016-03-13,Wajir,33
2016-03-14,Wajir,29
2016-03-15,Wajir,30
2016-03-16,Wajir,25
2016-03-17,Wajir,31
2016-03-18,Wajir,15
2016-03-19,Wajir,32
2016-03-20,Wajir,54
2016-03-21,Wajir,27
2016-03-22,Wajir,31
2016-03-23,Wajir,42
2016-03-24,Wajir,42
2016-03-25,Wajir,26
2016-03-26,Wajir,25
2016-03-27,Wajir,10
2016-03-28,Wajir,42
2016-03-29,Wajir,36
2016-03-30,Wajir,37
2016-03-31,Wajir,16
2016-04-01,Wajir,33
2016-04-02,Wajir,43
2016-04-03,Wajir,38
2016-04-04,Wajir,29
2016-04-05,Wajir,31
2016-04-06,Wajir,40
2016-04-07,Wajir,24
2016-04-08,Wajir,15
2016-04-09,Wajir,37
2016-04-10,Wajir,11
2016-04-11,Wajir,11
2016-04-12,Wajir,41
2016-04-13,Wajir,44
2016-04-14,Wajir,30
2016-04-15,Wajir,55
2016-04-16,Wajir,33
2016-04-17,Wajir,8
2016-04-18,Wajir,31
2016-04-19,Wajir,24
2016-04-20,Wajir,40
2016-04-21,Wajir,43
2016-04-22,Wajir,29
2016-04-23,Wajir,26
2016-04-24,Wajir,20
2016-04-25,Wajir,10
2016-04-26,Wajir,21
2016-04-27,Wajir,28
2016-04-28,Wajir,45
2016-04-29,Wajir,24
2016-04-30,Wajir,43
2016-05-01,Wajir,44
2016-05-02,Wajir,33
2016-05-03,Wajir,32
2016-05-04,Wajir,14
2016-05-05,Wajir,31
2016-05-06,Wajir,43
2016-05-07,Wajir,31
2016-05-08,Wajir,27
2016-05-09,Wajir,41
2016-05-10,Wajir,32
2016-05-11,Wajir,40
2016-05-12,Wajir,51
2016-05-13,Wajir,21
2016-05-14,Wajir,29
2016-05-15,Wajir,45
2016-05-16,Wajir,13
2016-05-17,Wajir,16
2016-05-18,Wajir,15
2016-05-19,Wajir,33
2016-05-20,Wajir,18
2016-05-21,Wajir,27
2016-05-22,Wajir,21
2016-05-23,Wajir,43
2016-05-24,Wajir,22
2016-05-25,Wajir,31
2016-05-26,Wajir,51
2016-05-27,Wajir,36
2016-05-28,Wajir,47
2016-05-29,Wajir,25
2016-05-30,Wajir,25
2016-05-31,Wajir,23
2016-06-01,Wajir,51
2016-06-02,Wajir,37
2016-06-03,Wajir,58
2016-06-04,Wajir,29
2016-06-05,Wajir,39
2016-06-06,Wajir,25
2016-06-07,Wajir,29
2016-06-08,Wajir,30
2016-06-09,Wajir,31
2016-06-10,Wajir,45
2016-06-11,Wajir,46
2016-06-12,Wajir,24
2016-06-13,Wajir,26
2016-06-14,Wajir,32
2016-06-15,Wajir,26
2016-06-16,Wajir,34
2016-06-17,Wajir,17
2016-06-18,Wajir,23
2016-06-19,Wajir,37
2016-06-20,Wajir,1
2016-06-21,Wajir,32
2016-06-22,Wajir,38
2016-06-23,Wajir,19
2016-06-24,Wajir,40
2016-06-25,Wajir,21
2016-06-26,Wajir,10
2016-06-27,Wajir,19
2016-06-28,Wajir,33
2016-06-29,Wajir,27
2016-06-30,Wajir,29
2016-07-01,Wajir,28
2016-07-02,Wajir,20
2016-07-03,Wajir,42
2016-07-04,Wajir,28
2016-07-05,Wajir,26
2016-07-06,Wajir,47
2016-07-07,Wajir,20
2016-07-08,Wajir,14
2016-07-09,Wajir,35
2016-07-10,Wajir,25
2016-07-11,Wajir,23
2016-07-12,Wajir,28
2016-07-13,Wajir,37
2016-07-14,Wajir,32
2016-07-15,Wajir,32
2016-07-16,Wajir,36
2016-07-17,Wajir,32
2016-07-18,Wajir,29
2016-07-19,Wajir,24
2016-07-20,Wajir,14
2016-07-21,Wajir,31
2016-07-22,Wajir,34
2016-07-23,Wajir,40
2016-07-24,Wajir,40
2016-07-25,Wajir,29
2016-07-26,Wajir,19
2016-07-27,Wajir,24
2016-07-28,Wajir,27
2016-07-29,Wajir,43
2016-07-30,Wajir,25
2016-07-31,Wajir,11
2016-08-01,Wajir,28
2016-08-02,Wajir,35
2016-08-03,Wajir,17
2016-08-04,Wajir,31
2016-08-05,Wajir,13
2016-08-06,Wajir,39
2016-08-07,Wajir,11
2016-08-08,Wajir,26
2016-08-09,Wajir,15
2016-08-10,Wajir,45
2016-08-11,Wajir,29
2016-08-12,Wajir,36
2016-08-13,Wajir,23
2016-08-14,Wajir,23
2016-08-15,Wajir,16
2016-08-16,Wajir,20
2016-08-17,Wajir,25
2016-08-18,Wajir,16
2016-08-19,Wajir,29
2016-08-20,Wajir,33
2016-08-21,Wajir,30
2016-08-22,Wajir,29
2016-08-23,Wajir,33
2016-08-24,Wajir,14
2016-08-25,Wajir,12
2016-08-26,Wajir,19
2016-08-27,Wajir,38
2016-08-28,Wajir,23
2016-08-29,Wajir,31
2016-08-30,Wajir,23
2016-08-31,Wajir,42
2016-09-01,Wajir,17
2016-09-02,Wajir,32
2016-09-03,Wajir,31
2016-09-04,Wajir,26
2016-09-05,Wajir,28
2016-09-06,Wajir,10
2016-09-07,Wajir,26
2016-09-08,Wajir,23
2016-09-09,Wajir,33
2016-09-10,Wajir,17
2016-09-11,Wajir,19
2016-09-12,Wajir,40
2016-09-13,Wajir,29
2016-09-14,Wajir,24
2016-09-15,Wajir,38
2016-09-16,Wajir,37
2016-09-17,Wajir,50
2016-09-18,Wajir,20
2016-09-19,Wajir,11
2016-09-20,Wajir,40
2016-09-21,Wajir,25
2016-09-22,Wajir,11
2016-09-23,Wajir,32
2016-09-24,Wajir,13
2016-09-25,Wajir,37
2016-09-26,Wajir,19
2016-09-27,Wajir,40
2016-09-28,Wajir,32
2016-09-29,Wajir,18
2016-09-30,Wajir,45
2016-10-01,Wajir,23
2015-01-01,Mandera,33
2015-01-02,Mandera,15
2015-01-03,Mandera,36
2015-01-04,Mandera,23
2015-01-05,Mandera,39
2015-01-06,Mandera,15
2015-01-07,Mandera,30
2015-01-08,Mandera,19
2015-01-09,Mandera,23
2015-01-10,Mandera,17
2015-01-11,Mandera,21
2015-01-12,Mandera,36
2015-01-13,Mandera,32
2015-01-14,Mandera,19
2015-01-15,Mandera,30
2015-01-16,Mandera,32
2015-01-17,Mandera,20
2015-01-18,Mandera,35
2015-01-19,Mandera,39
2015-01-20,Mandera,28
2015-01-21,Mandera,27
2015-01-22,Mandera,27
2015-01-23,Mandera,18
2015-01-24,Mandera,29
2015-01-25,Mandera,30
2015-01-26,Mandera,32
2015-01-27,Mandera,5
2015-01-28,Mandera,18
2015-01-29,Mandera,38
2015-01-30,Mandera,37
2015-01-31,Mandera,15
2015-02-01,Mandera,15
2015-02-02,Mandera,10
2015-02-03,Mandera,34
2015-02-04,Mandera,9
2015-02-05,Mandera,13
2015-02-06,Mandera,7
2015-02-07,Mandera,37
2015-02-08,Mandera,25
2015-02-09,Mandera,18
2015-02-10,Mandera,38
2015-02-11,Mandera,16
2015-02-12,Mandera,24
2015-02-13,Mandera,14
2015-02-14,Mandera,15
2015-02-15,Mandera,43
2015-02-16,Mandera,19
2015-02-17,Mandera,10
2015-02-18,Mandera,30
2015-02-19,Mandera,14
2015-02-20,Mandera,30
2015-02-21,Mandera,24
2015-02-22,Mandera,40
2015-02-23,Mandera,35
2015-02-24,Mandera,30
2015-02-25,Mandera,40
2015-02-26,Mandera,46
2015-02-27,Mandera,39
2015-02-28,Mandera,46
2015-03-01,Mandera,29
2015-03-02,Mandera,39
2015-03-03,Mandera,41
2015-03-04,Mandera,27
2015-03-05,Mandera,38
2015-03-06,Mandera,35
2015-03-07,Mandera,13
2015-03-08,Mandera,31
2015-03-09,Mandera,31
2015-03-10,Mandera,51
2015-03-11,Mandera,26
2015-03-12,Mandera,14
2015-03-13,Mandera,37
2015-03-14,Mandera,23
2015-03-15,Mandera,17
2015-03-16,Mandera,34
2015-03-17,Mandera,21
2015-03-18,Mandera,26
2015-03-19,Mandera,29
2015-03-20,Mandera,31
2015-03-21,Mandera,27
2015-03-22,Mandera,37
2015-03-23,Mandera,38
2015-03-24,Mandera,33
2015-03-25,Mandera,18
2015-03-26,Mandera,23
2015-03-27,Mandera,39
2015-03-28,Mandera,38
2015-03-29,Mandera,38
2015-03-30,Mandera,14
2015-03-31,Mandera,27
2015-04-01,Mandera,42
2015-04-02,Mandera,19
2015-04-03,Mandera,21
2015-04-04,Mandera,33
2015-04-05,Mandera,28
2015-04-06,Mandera,38
2015-04-07,Mandera,35
2015-04-08,Mandera,42
2015-04-09,Mandera,31
2015-04-10,Mandera,30
2015-04-11,Mandera,29
2015-04-12,Mandera,27
2015-04-13,Mandera,25
2015-04-14,Mandera,28
2015-04-15,Mandera,25
2015-04-16,Mandera,28
2015-04-17,Mandera,29
2015-04-18,Mandera,22
2015-04-19,Mandera,19
2015-04-20,Mandera,16
2015-04-21,Mandera,25
2015-04-22,Mandera,27
2015-04-23,Mandera,31
2015-04-24,Mandera,15
2015-04-25,Mandera,24
2015-04-26,Mandera,38
2015-04-27,Mandera,46
2015-04-28,Mandera,20
2015-04-29,Mandera,15
2015-04-30,Mandera,36
2015-05-01,Mandera,29
2015-05-02,Mandera,42
2015-05-03,Mandera,52
2015-05-04,Mandera,34
2015-05-05,Mandera,68
2015-05-06,Mandera,41
2015-05-07,Mandera,38
2015-05-08,Mandera,29
2015-05-09,Mandera,26
2015-05-10,Mandera,33
2015-05-11,Mandera,31
2015-05-12,Mandera,37
2015-05-13,Mandera,41
2015-05-14,Mandera,21
2015-05-15,Mandera,27
2015-05-16,Mandera,37
2015-05-17,Mandera,17
2015-05-18,Mandera,10
2015-05-19,Mandera,35
2015-05-20,Mandera,31
2015-05-21,Mandera,25
2015-05-22,Mandera,32
2015-05-23,Mandera,31
2015-05-24,Mandera,35
2015-05-25,Mandera,22
2015-05-26,Mandera,17
2015-05-27,Mandera,33
2015-05-28,Mandera,33
2015-05-29,Mandera,38
2015-05-30,Mandera,25
2015-05-31,Mandera,35
2015-06-01,Mandera,17
2015-06-02,Mandera,30
2015-06-03,Mandera,25
2015-06-04,Mandera,44
2015-06-05,Mandera,41
2015-06-06,Mandera,29
2015-06-07,Mandera,13
2015-06-08,Mandera,27
2015-06-09,Mandera,30
2015-06-10,Mandera,22
2015-06-11,Mandera,8
2015-06-12,Mandera,24
2015-06-13,Mandera,29
2015-06-14,Mandera,29
2015-06-15,Mandera,21
2015-06-16,Mandera,25
2015-06-17,Mandera,27
2015-06-18,Mandera,30
2015-06-19,Mandera,33
2015-06-20,Mandera,24
2015-06-21,Mandera,23
2015-06-22,Mandera,28
2015-06-23,Mandera,30
2015-06-24,Mandera,39
2015-06-25,Mandera,31
2015-06-26,Mandera,5
2015-06-27,Mandera,16
2015-06-28,Mandera,17
2015-06-29,Mandera,59
2015-06-30,Mandera,30
2015-07-01,Mandera,8
2015-07-02,Mandera,15
2015-07-03,Mandera,29
2015-07-04,Mandera,23
2015-07-05,Mandera,23
2015-07-06,Mandera,22
2015-07-07,Mandera,30
2015-07-08,Mandera,42
2015-07-09,Mandera,37
2015-07-10,Mandera,42
2015-07-11,Mandera,34
2015-07-12,Mandera,19
2015-07-13,Mandera,24
2015-07-14,Mandera,30
2015-07-15,Mandera,30
2015-07-16,Mandera,35
2015-07-17,Mandera,31
2015-07-18,Mandera,24
2015-07-19,Mandera,42
2015-07-20,Mandera,23
2015-07-21,Mandera,25
2015-07-22,Mandera,35
2015-07-23,Mandera,33
2015-07-24,Mandera,20
2015-07-25,Mandera,29
2015-07-26,Mandera,47
2015-07-27,Mandera,35
2015-07-28,Mandera,28
2015-07-29,Mandera,32
2015-07-30,Mandera,31
2015-07-31,Mandera,35
2015-08-01,Mandera,33
2015-08-02,Mandera,4
2015-08-03,Mandera,30
2015-08-04,Mandera,28
2015-08-05,Mandera,27
2015-08-06,Mandera,22
2015-08-07,Mandera,17
2015-08-08,Mandera,26
2015-08-09,Mandera,33
2015-08-10,Mandera,20
2015-08-11,Mandera,27
2015-08-12,Mandera,26
2015-08-13,Mandera,19
2015-08-14,Mandera,23
2015-08-15,Mandera,22
2015-08-16,Mandera,23
2015-08-17,Mandera,29
2015-08-18,Mandera,0
2015-08-19,Mandera,31
2015-08-20,Mandera,10
2015-08-21,Mandera,18
2015-08-22,Mandera,38
2015-08-23,Mandera,32
2015-08-24,Mandera,35
2015-08-25,Mandera,27
2015-08-26,Mandera,25
2015-08-27,Mandera,12
2015-08-28,Mandera,34
2015-08-29,Mandera,25
2015-08-30,Mandera,51
2015-08-31,Mandera,41
2015-09-01,Mandera,35
2015-09-02,Mandera,29
2015-09-03,Mandera,20
2015-09-04,Mandera,22
2015-09-05,Mandera,43
2015-09-06,Mandera,29
2015-09-07,Mandera,43
2015-09-08,Mandera,31
2015-09-09,Mandera,20
2015-09-10,Mandera,36
2015-09-11,Mandera,35
2015-09-12,Mandera,33
2015-09-13,Mandera,27
2015-09-14,Mandera,16
2015-09-15,Mandera,27
2015-09-16,Mandera,25
2015-09-17,Mandera,30
2015-09-18,Mandera,30
2015-09-19,Mandera,29
2015-09-20,Mandera,22
2015-09-21,Mandera,14
2015-09-22,Mandera,23
2015-09-23,Mandera,27
2015-09-24,Mandera,29
2015-09-25,Mandera,17
2015-09-26,Mandera,25
2015-09-27,Mandera,28
2015-09-28,Mandera,48
2015-09-29,Mandera,17
2015-09-30,Mandera,32
2015-10-01,Mandera,15
2015-10-02,Mandera,31
2015-10-03,Mandera,21
2015-10-04,Mandera,11
2015-10-05,Mandera,36
2015-10-06,Mandera,34
2015-10-07,Mandera,32
2015-10-08,Mandera,41
2015-10-09,Mandera,23
2015-10-10,Mandera,17
2015-10-11,Mandera,38
2015-10-12,Mandera,32
2015-10-13,Mandera,18
2015-10-14,Mandera,29
2015-10-15,Mandera,34
2015-10-16,Mandera,47
2015-10-17,Mandera,25
2015-10-18,Mandera,23
2015-10-19,Mandera,18
2015-10-20,Mandera,31
2015-10-21,Mandera,12
2015-10-22,Mandera,18
2015-10-23,Mandera,30
2015-10-24,Mandera,25
2015-10-25,Mandera,39
2015-10-26,Mandera,19
2015-10-27,Mandera,20
2015-10-28,Mandera,18
2015-10-29,Mandera,10
2015-10-30,Mandera,27
2015-10-31,Mandera,12
2015-11-01,Mandera,50
2015-11-02,Mandera,14
2015-11-03,Mandera,47
2015-11-04,Mandera,41
2015-11-05,Mandera,14
2015-11-06,Mandera,25
2015-11-07,Mandera,29
2015-11-08,Mandera,35
2015-11-09,Mandera,31
2015-11-10,Mandera,34
2015-11-11,Mandera,26
2015-11-12,Mandera,40
2015-11-13,Mandera,40
2015-11-14,Mandera,41
2015-11-15,Mandera,44
2015-11-16,Mandera,24
2015-11-17,Mandera,27
2015-11-18,Mandera,40
2015-11-19,Mandera,49
2015-11-20,Mandera,17
2015-11-21,Mandera,38
2015-11-22,Mandera,8
2015-11-23,Mandera,28
2015-11-24,Mandera,35
2015-11-25,Mandera,27
2015-11-26,Mandera,34
2015-11-27,Mandera,31
2015-11-28,Mandera,20
2015-11-29,Mandera,28
2015-11-30,Mandera,43
2015-12-01,Mandera,11
2015-12-02,Mandera,28
2015-12-03,Mandera,36
2015-12-04,Mandera,22
2015-12-05,Mandera,21
2015-12-06,Mandera,15
2015-12-07,Mandera,29
2015-12-08,Mandera,28
2015-12-09,Mandera,27
2015-12-10,Mandera,34
2015-12-11,Mandera,40
2015-12-12,Mandera,34
2015-12-13,Mandera,33
2015-12-14,Mandera,26
2015-12-15,Mandera,29
2015-12-16,Mandera,24
2015-12-17,Mandera,13
2015-12-18,Mandera,31
2015-12-19,Mandera,31
2015-12-20,Mandera,22
2015-12-21,Mandera,27
2015-12-22,Mandera,25
2015-12-23,Mandera,18
2015-12-24,Mandera,38
2015-12-25,Mandera,8
2015-12-26,Mandera,3
2015-12-27,Mandera,9
2015-12-28,Mandera,16
2015-12-29,Mandera,38
2015-12-30,Mandera,24
2015-12-31,Mandera,32
2016-01-01,Mandera,32
2016-01-02,Mandera,29
2016-01-03,Mandera,13
2016-01-04,Mandera,20
2016-01-05,Mandera,33
2016-01-06,Mandera,20
2016-01-07,Mandera,18
2016-01-08,Mandera,23
2016-01-09,Mandera,44
2016-01-10,Mandera,12
2016-01-11,Mandera,18
2016-01-12,Mandera,26
2016-01-13,Mandera,31
2016-01-14,Mandera,38
2016-01-15,Mandera,35
2016-01-16,Mandera,15
2016-01-17,Mandera,14
2016-01-18,Mandera,24
2016-01-19,Mandera,36
2016-01-20,Mandera,24
2016-01-21,Mandera,26
2016-01-22,Mandera,34
2016-01-23,Mandera,14
2016-01-24,Mandera,32
2016-01-25,Mandera,28
2016-01-26,Mandera,20
2016-01-27,Mandera,20
2016-01-28,Mandera,25
2016-01-29,Mandera,30
2016-01-30,Mandera,44
2016-01-31,Mandera,23
2016-02-01,Mandera,24
2016-02-02,Mandera,25
2016-02-03,Mandera,17
2016-02-04,Mandera,20
2016-02-05,Mandera,19
2016-02-06,Mandera,22
2016-02-07,Mandera,29
2016-02-08,Mandera,43
2016-02-09,Mandera,34
2016-02-10,Mandera,28
2016-02-11,Mandera,46
2016-02-12,Mandera,12
2016-02-13,Mandera,21
2016-02-14,Mandera,30
2016-02-15,Mandera,34
2016-02-16,Mandera,23
2016-02-17,Mandera,22
2016-02-18,Mandera,33
2016-02-19,Mandera,9
2016-02-20,Mandera,49
2016-02-21,Mandera,24
2016-02-22,Mandera,11
2016-02-23,Mandera,22
2016-02-24,Mandera,14
2016-02-25,Mandera,33
2016-02-26,Mandera,32
2016-02-27,Mandera,18
2016-02-28,Mandera,21
2016-02-29,Mandera,28
2016-03-01,Mandera,9
2016-03-02,Mandera,45
2016-03-03,Mandera,37
2016-03-04,Mandera,14
2016-03-05,Mandera,30
2016-03-06,Mandera,42
2016-03-07,Mandera,31
2016-03-08,Mandera,29
2016-03-09,Mandera,20
2016-03-10,Mandera,44
2016-03-11,Mandera,30
2016-03-12,Mandera,43
2016-03-13,Mandera,37
2016-03-14,Mandera,26
2016-03-15,Mandera,37
2016-03-16,Mandera,17
2016-03-17,Mandera,33
2016-03-18,Mandera,39
2016-03-19,Mandera,28
2016-03-20,Mandera,29
2016-03-21,Mandera,30
2016-03-22,Mandera,20
2016-03-23,Mandera,15
2016-03-24,Mandera,35
2016-03-25,Mandera,41
2016-03-26,Mandera,8
2016-03-27,Mandera,18
2016-03-28,Mandera,51
2016-03-29,Mandera,41
2016-03-30,Mandera,32
2016-03-31,Mandera,24
2016-04-01,Mandera,25
2016-04-02,Mandera,30
2016-04-03,Mandera,18
2016-04-04,Mandera,36
2016-04-05,Mandera,41
2016-04-06,Mandera,50
2016-04-07,Mandera,22
2016-04-08,Mandera,26
2016-04-09,Mandera,24
2016-04-10,Mandera,24
2016-04-11,Mandera,29
2016-04-12,Mandera,33
2016-04-13,Mandera,31
2016-04-14,Mandera,21
2016-04-15,Mandera,31
2016-04-16,Mandera,33
2016-04-17,Mandera,20
2016-04-18,Mandera,37
2016-04-19,Mandera,42
2016-04-20,Mandera,41
2016-04-21,Mandera,21
2016-04-22,Mandera,19
2016-04-23,Mandera,39
2016-04-24,Mandera,18
2016-04-25,Mandera,28
2016-04-26,Mandera,45
2016-04-27,Mandera,38
2016-04-28,Mandera,18
2016-04-29,Mandera,25
2016-04-30,Mandera,43
2016-05-01,Mandera,41
2016-05-02,Mandera,43
2016-05-03,Mandera,32
2016-05-04,Mandera,35
2016-05-05,Mandera,31
2016-05-06,Mandera,29
2016-05-07,Mandera,41
2016-05-08,Mandera,42
2016-05-09,Mandera,31
2016-05-10,Mandera,39
2016-05-11,Mandera,47
2016-05-12,Mandera,47
2016-05-13,Mandera,18
2016-05-14,Mandera,23
2016-05-15,Mandera,30
2016-05-16,Mandera,33
2016-05-17,Mandera,40
2016-05-18,Mandera,17
2016-05-19,Mandera,28
2016-05-20,Mandera,38
2016-05-21,Mandera,31
2016-05-22,Mandera,36
2016-05-23,Mandera,36
2016-05-24,Mandera,25
2016-05-25,Mandera,30
2016-05-26,Mandera,31
2016-05-27,Mandera,23
2016-05-28,Mandera,14
2016-05-29,Mandera,38
2016-05-30,Mandera,0
2016-05-31,Mandera,24
2016-06-01,Mandera,23
2016-06-02,Mandera,13
2016-06-03,Mandera,27
2016-06-04,Mandera,30
2016-06-05,Mandera,16
2016-06-06,Mandera,25
2016-06-07,Mandera,17
2016-06-08,Mandera,27
2016-06-09,Mandera,16
2016-06-10,Mandera,13
2016-06-11,Mandera,40
2016-06-12,Mandera,16
2016-06-13,Mandera,14
2016-06-14,Mandera,26
2016-06-15,Mandera,26
2016-06-16,Mandera,14
2016-06-17,Mandera,27
2016-06-18,Mandera,33
2016-06-19,Mandera,29
2016-06-20,Mandera,38
2016-06-21,Mandera,15
2016-06-22,Mandera,37
2016-06-23,Mandera,45
2016-06-24,Mandera,24
2016-06-25,Mandera,30
2016-06-26,Mandera,20
2016-06-27,Mandera,35
2016-06-28,Mandera,27
2016-06-29,Mandera,29
2016-06-30,Mandera,34
2016-07-01,Mandera,15
2016-07-02,Mandera,15
2016-07-03,Mandera,29
2016-07-04,Mandera,28
2016-07-05,Mandera,27
2016-07-06,Mandera,22
2016-07-07,Mandera,37
2016-07-08,Mandera,18
2016-07-09,Mandera,9
2016-07-10,Mandera,8
2016-07-11,Mandera,13
2016-07-12,Mandera,21
2016-07-13,Mandera,13
2016-07-14,Mandera,27
2016-07-15,Mandera,13
2016-07-16,Mandera,25
2016-07-17,Mandera,31
2016-07-18,Mandera,18
2016-07-19,Mandera,10
2016-07-20,Mandera,32
2016-07-21,Mandera,53
2016-07-22,Mandera,8
2016-07-23,Mandera,29
2016-07-24,Mandera,53
2016-07-25,Mandera,14
2016-07-26,Mandera,12
2016-07-27,Mandera,28
2016-07-28,Mandera,22
2016-07-29,Mandera,43
2016-07-30,Mandera,36
2016-07-31,Mandera,41
2016-08-01,Mandera,6
2016-08-02,Mandera,39
2016-08-03,Mandera,30
2016-08-04,Mandera,31
2016-08-05,Mandera,11
2016-08-06,Mandera,36
2016-08-07,Mandera,29
2016-08-08,Mandera,24
2016-08-09,Mandera,25
2016-08-10,Mandera,19
2016-08-11,Mandera,37
2016-08-12,Mandera,40
2016-08-13,Mandera,43
2016-08-14,Mandera,36
2016-08-15,Mandera,20
2016-08-16,Mandera,33
2016-08-17,Mandera,11
2016-08-18,Mandera,19
2016-08-19,Mandera,33
2016-08-20,Mandera,19
2016-08-21,Mandera,11
2016-08-22,Mandera,40
2016-08-23,Mandera,35
2016-08-24,Mandera,23
2016-08-25,Mandera,20
2016-08-26,Mandera,16
2016-08-27,Mandera,16
2016-08-28,Mandera,31
2016-08-29,Mandera,27
2016-08-30,Mandera,34
2016-08-31,Mandera,32
2016-09-01,Mandera,41
2016-09-02,Mandera,12
2016-09-03,Mandera,34
2016-09-04,Mandera,13
2016-09-05,Mandera,17
2016-09-06,Mandera,31
2016-09-07,Mandera,20
2016-09-08,Mandera,33
2016-09-09,Mandera,36
2016-09-10,Mandera,28
2016-09-11,Mandera,32
2016-09-12,Mandera,10
2016-09-13,Mandera,11
2016-09-14,Mandera,34
2016-09-15,Mandera,23
2016-09-16,Mandera,35
2016-09-17,Mandera,22
2016-09-18,Mandera,34
2016-09-19,Mandera,23
2016-09-20,Mandera,24
2016-09-21,Mandera,28
2016-09-22,Mandera,27
2016-09-23,Mandera,27
2016-09-24,Mandera,31
2016-09-25,Mandera,23
2016-09-26,Mandera,34
2016-09-27,Mandera,38
2016-09-28,Mandera,32
2016-09-29,Mandera,37
2016-09-30,Mandera,39
2016-10-01,Mandera,26
2015-01-01,Marsabit,19
2015-01-02,Marsabit,35
2015-01-03,Marsabit,21
2015-01-04,Marsabit,22
2015-01-05,Marsabit,34
2015-01-06,Marsabit,32
2015-01-07,Marsabit,25
2015-01-08,Marsabit,47
2015-01-09,Marsabit,15
2015-01-10,Marsabit,1
2015-01-11,Marsabit,36
2015-01-12,Marsabit,22
2015-01-13,Marsabit,18
2015-01-14,Marsabit,17
2015-01-15,Marsabit,24
2015-01-16,Marsabit,43
2015-01-17,Marsabit,32
2015-01-18,Marsabit,34
2015-01-19,Marsabit,23
2015-01-20,Marsabit,29
2015-01-21,Marsabit,4
2015-01-22,Marsabit,42
2015-01-23,Marsabit,16
2015-01-24,Marsabit,30
2015-01-25,Marsabit,24
2015-01-26,Marsabit,28
2015-01-27,Marsabit,13
2015-01-28,Marsabit,32
2015-01-29,Marsabit,12
2015-01-30,Marsabit,30
2015-01-31,Marsabit,42
2015-02-01,Marsabit,27
2015-02-02,Marsabit,36
2015-02-03,Marsabit,26
2015-02-04,Marsabit,38
2015-02-05,Marsabit,29
2015-02-06,Marsabit,9
2015-02-07,Marsabit,28
2015-02-08,Marsabit,0
2015-02-09,Marsabit,35
2015-02-10,Marsabit,17
2015-02-11,Marsabit,28
2015-02-12,Marsabit,35
2015-02-13,Marsabit,42
2015-02-14,Marsabit,24
2015-02-15,Marsabit,20
2015-02-16,Marsabit,36
2015-02-17,Marsabit,29
2015-02-18,Marsabit,29
2015-02-19,Marsabit,27
2015-02-20,Marsabit,13
2015-02-21,Marsabit,40
2015-02-22,Marsabit,35
2015-02-23,Marsabit,26
2015-02-24,Marsabit,31
2015-02-25,Marsabit,34
2015-02-26,Marsabit,40
2015-02-27,Marsabit,16
2015-02-28,Marsabit,27
2015-03-01,Marsabit,49
2015-03-02,Marsabit,22
2015-03-03,Marsabit,22
2015-03-04,Marsabit,12
2015-03-05,Marsabit,48
2015-03-06,Marsabit,32
2015-03-07,Marsabit,34
2015-03-08,Marsabit,32
2015-03-09,Marsabit,32
2015-03-10,Marsabit,39
2015-03-11,Marsabit,27
2015-03-12,Marsabit,18
2015-03-13,Marsabit,40
2015-03-14,Marsabit,9
2015-03-15,Marsabit,28
2015-03-16,Marsabit,38
2015-03-17,Marsabit,30
2015-03-18,Marsabit,43
2015-03-19,Marsabit,17
2015-03-20,Marsabit,38
2015-03-21,Marsabit,24
2015-03-22,Marsabit,38
2015-03-23,Marsabit,38
2015-03-24,Marsabit,45
2015-03-25,Marsabit,42
2015-03-26,Marsabit,38
2015-03-27,Marsabit,34
2015-03-28,Marsabit,21
2015-03-29,Marsabit,20
2015-03-30,Marsabit,24
2015-03-31,Marsabit,41
2015-04-01,Marsabit,27
2015-04-02,Marsabit,35
2015-04-03,Marsabit,17
2015-04-04,Marsabit,42
2015-04-05,Marsabit,30
2015-04-06,Marsabit,26
2015-04-07,Marsabit,8
2015-04-08,Marsabit,25
2015-04-09,Marsabit,37
2015-04-10,Marsabit,20
2015-04-11,Marsabit,22
2015-04-12,Marsabit,9
2015-04-13,Marsabit,11
2015-04-14,Marsabit,30
2015-04-15,Marsabit,46
2015-04-16,Marsabit,31
2015-04-17,Marsabit,22
2015-04-18,Marsabit,45
2015-04-19,Marsabit,37
2015-04-20,Marsabit,8
2015-04-21,Marsabit,43
2015-04-22,Marsabit,34
2015-04-23,Marsabit,28
2015-04-24,Marsabit,39
2015-04-25,Marsabit,43
2015-04-26,Marsabit,23
2015-04-27,Marsabit,23
2015-04-28,Marsabit,17
2015-04-29,Marsabit,19
2015-04-30,Marsabit,23
2015-05-01,Marsabit,28
2015-05-02,Marsabit,24
2015-05-03,Marsabit,30
2015-05-04,Marsabit,27
2015-05-05,Marsabit,8
2015-05-06,Marsabit,34
2015-05-07,Marsabit,33
2015-05-08,Marsabit,21
2015-05-09,Marsabit,23
2015-05-10,Marsabit,30
2015-05-11,Marsabit,51
2015-05-12,Marsabit,40
2015-05-13,Marsabit,26
2015-05-14,Marsabit,15
2015-05-15,Marsabit,41
2015-05-16,Marsabit,37
2015-05-17,Marsabit,31
2015-05-18,Marsabit,52
2015-05-19,Marsabit,36
2015-05-20,Marsabit,40
2015-05-21,Marsabit,23
2015-05-22,Marsabit,43
2015-05-23,Marsabit,48
2015-05-24,Marsabit,23
2015-05-25,Marsabit,47
2015-05-26,Marsabit,22
2015-05-27,Marsabit,38
2015-05-28,Marsabit,35
2015-05-29,Marsabit,48
2015-05-30,Marsabit,45
2015-05-31,Marsabit,25
2015-06-01,Marsabit,12
2015-06-02,Marsabit,11
2015-06-03,Marsabit,29
2015-06-04,Marsabit,6
2015-06-05,Marsabit,47
2015-06-06,Marsabit,25
2015-06-07,Marsabit,32
2015-06-08,Marsabit,54
2015-06-09,Marsabit,32
2015-06-10,Marsabit,23
2015-06-11,Marsabit,25
2015-06-12,Marsabit,27
2015-06-13,Marsabit,40
2015-06-14,Marsabit,45
2015-06-15,Marsabit,38
2015-06-16,Marsabit,26
2015-06-17,Marsabit,14
2015-06-18,Marsabit,24
2015-06-19,Marsabit,31
2015-06-20,Marsabit,48
2015-06-21,Marsabit,49
2015-06-22,Marsabit,30
2015-06-23,Marsabit,36
2015-06-24,Marsabit,27
2015-06-25,Marsabit,33
2015-06-26,Marsabit,33
2015-06-27,Marsabit,20
2015-06-28,Marsabit,29
2015-06-29,Marsabit,23
2015-06-30,Marsabit,18
2015-07-01,Marsabit,18
2015-07-02,Marsabit,11
2015-07-03,Marsabit,36
2015-07-04,Marsabit,33
2015-07-05,Marsabit,35
2015-07-06,Marsabit,31
2015-07-07,Marsabit,31
2015-07-08,Marsabit,22
2015-07-09,Marsabit,22
2015-07-10,Marsabit,37
2015-07-11,Marsabit,23
2015-07-12,Marsabit,30
2015-07-13,Marsabit,51
2015-07-14,Marsabit,39
2015-07-15,Marsabit,25
2015-07-16,Marsabit,27
2015-07-17,Marsabit,5
2015-07-18,Marsabit,5
2015-07-19,Marsabit,27
2015-07-20,Marsabit,27
2015-07-21,Marsabit,40
2015-07-22,Marsabit,35
2015-07-23,Marsabit,46
2015-07-24,Marsabit,11
2015-07-25,Marsabit,17
2015-07-26,Marsabit,35
2015-07-27,Marsabit,25
2015-07-28,Marsabit,24
2015-07-29,Marsabit,7
2015-07-30,Marsabit,12
2015-07-31,Marsabit,14
2015-08-01,Marsabit,22
2015-08-02,Marsabit,38
2015-08-03,Marsabit,34
2015-08-04,Marsabit,14
2015-08-05,Marsabit,35
2015-08-06,Marsabit,28
2015-08-07,Marsabit,26
2015-08-08,Marsabit,18
2015-08-09,Marsabit,27
2015-08-10,Marsabit,27
2015-08-11,Marsabit,31
2015-08-12,Marsabit,35
2015-08-13,Marsabit,9
2015-08-14,Marsabit,26
2015-08-15,Marsabit,40
2015-08-16,Marsabit,17
2015-08-17,Marsabit,48
2015-08-18,Marsabit,22
2015-08-19,Marsabit,20
2015-08-20,Marsabit,15
2015-08-21,Marsabit,23
2015-08-22,Marsabit,32
2015-08-23,Marsabit,15
2015-08-24,Marsabit,10
2015-08-25,Marsabit,41
2015-08-26,Marsabit,27
2015-08-27,Marsabit,39
2015-08-28,Marsabit,35
2015-08-29,Marsabit,44
2015-08-30,Marsabit,29
2015-08-31,Marsabit,33
2015-09-01,Marsabit,14
2015-09-02,Marsabit,32
2015-09-03,Marsabit,38
2015-09-04,Marsabit,27
2015-09-05,Marsabit,31
2015-09-06,Marsabit,27
2015-09-07,Marsabit,26
2015-09-08,Marsabit,28
2015-09-09,Marsabit,29
2015-09-10,Marsabit,23
2015-09-11,Marsabit,31
2015-09-12,Marsabit,20
2015-09-13,Marsabit,18
2015-09-14,Marsabit,10
2015-09-15,Marsabit,26
2015-09-16,Marsabit,6
2015-09-17,Marsabit,36
2015-09-18,Marsabit,34
2015-09-19,Marsabit,24
2015-09-20,Marsabit,23
2015-09-21,Marsabit,23
2015-09-22,Marsabit,9
2015-09-23,Marsabit,11
2015-09-24,Marsabit,22
2015-09-25,Marsabit,32
2015-09-26,Marsabit,28
2015-09-27,Marsabit,27
2015-09-28,Marsabit,12
2015-09-29,Marsabit,20
2015-09-30,Marsabit,22
2015-10-01,Marsabit,8
2015-10-02,Marsabit,45
2015-10-03,Marsabit,20
2015-10-04,Marsabit,37
2015-10-05,Marsabit,22
2015-10-06,Marsabit,10
2015-10-07,Marsabit,16
2015-10-08,Marsabit,45
2015-10-09,Marsabit,35
2015-10-10,Marsabit,38
2015-10-11,Marsabit,40
2015-10-12,Marsabit,30
2015-10-13,Marsabit,25
2015-10-14,Marsabit,23
2015-10-15,Marsabit,31
2015-10-16,Marsabit,13
2015-10-17,Marsabit,48
2015-10-18,Marsabit,25
2015-10-19,Marsabit,38
2015-10-20,Marsabit,24
2015-10-21,Marsabit,20
2015-10-22,Marsabit,40
2015-10-23,Marsabit,41
2015-10-24,Marsabit,30
2015-10-25,Marsabit,32
2015-10-26,Marsabit,29
2015-10-27,Marsabit,23
2015-10-28,Marsabit,26
2015-10-29,Marsabit,41
2015-10-30,Marsabit,9
2015-10-31,Marsabit,32
2015-11-01,Marsabit,46
2015-11-02,Marsabit,7
2015-11-03,Marsabit,12
2015-11-04,Marsabit,21
2015-11-05,Marsabit,54
2015-11-06,Marsabit,36
2015-11-07,Marsabit,34
2015-11-08,Marsabit,36
2015-11-09,Marsabit,21
2015-11-10,Marsabit,26
2015-11-11,Marsabit,20
2015-11-12,Marsabit,27
2015-11-13,Marsabit,35
2015-11-14,Marsabit,31
2015-11-15,Marsabit,28
2015-11-16,Marsabit,7
2015-11-17,Marsabit,18
2015-11-18,Marsabit,40
2015-11-19,Marsabit,30
2015-11-20,Marsabit,24
2015-11-21,Marsabit,26
2015-11-22,Marsabit,50
2015-11-23,Marsabit,25
2015-11-24,Marsabit,30
2015-11-25,Marsabit,17
2015-11-26,Marsabit,18
2015-11-27,Marsabit,20
2015-11-28,Marsabit,39
2015-11-29,Marsabit,26
2015-11-30,Marsabit,27
2015-12-01,Marsabit,23
2015-12-02,Marsabit,15
2015-12-03,Marsabit,13
2015-12-04,Marsabit,40
2015-12-05,Marsabit,40
2015-12-06,Marsabit,20
2015-12-07,Marsabit,29
2015-12-08,Marsabit,24
2015-12-09,Marsabit,33
2015-12-10,Marsabit,33
2015-12-11,Marsabit,18
2015-12-12,Marsabit,40
2015-12-13,Marsabit,21
2015-12-14,Marsabit,26
2015-12-15,Marsabit,32
2015-12-16,Marsabit,29
2015-12-17,Marsabit,31
2015-12-18,Marsabit,18
2015-12-19,Marsabit,16
2015-12-20,Marsabit,17
2015-12-21,Marsabit,32
2015-12-22,Marsabit,24
2015-12-23,Marsabit,20
2015-12-24,Marsabit,19
2015-12-25,Marsabit,34
2015-12-26,Marsabit,24
2015-12-27,Marsabit,40
2015-12-28,Marsabit,19
2015-12-29,Marsabit,26
2015-12-30,Marsabit,39
2015-12-31,Marsabit,28
2016-01-01,Marsabit,25
2016-01-02,Marsabit,20
2016-01-03,Marsabit,20
2016-01-04,Marsabit,35
2016-01-05,Marsabit,23
2016-01-06,Marsabit,22
2016-01-07,Marsabit,33
2016-01-08,Marsabit,39
2016-01-09,Marsabit,25
2016-01-10,Marsabit,33
2016-01-11,Marsabit,29
2016-01-12,Marsabit,14
2016-01-13,Marsabit,21
2016-01-14,Marsabit,17
2016-01-15,Marsabit,19
2016-01-16,Marsabit,28
2016-01-17,Marsabit,47
2016-01-18,Marsabit,26
2016-01-19,Marsabit,34
2016-01-20,Marsabit,17
2016-01-21,Marsabit,35
2016-01-22,Marsabit,14
2016-01-23,Marsabit,24
2016-01-24,Marsabit,18
2016-01-25,Marsabit,28
2016-01-26,Marsabit,10
2016-01-27,Marsabit,29
2016-01-28,Marsabit,24
2016-01-29,Marsabit,14
2016-01-30,Marsabit,41
2016-01-31,Marsabit,14
2016-02-01,Marsabit,21
2016-02-02,Marsabit,39
2016-02-03,Marsabit,24
2016-02-04,Marsabit,34
2016-02-05,Marsabit,20
2016-02-06,Marsabit,29
2016-02-07,Marsabit,36
2016-02-08,Marsabit,38
2016-02-09,Marsabit,37
2016-02-10,Marsabit,42
2016-02-11,Marsabit,29
2016-02-12,Marsabit,41
2016-02-13,Marsabit,38
2016-02-14,Marsabit,20
2016-02-15,Marsabit,30
2016-02-16,Marsabit,18
2016-02-17,Marsabit,9
2016-02-18,Marsabit,24
2016-02-19,Marsabit,25
2016-02-20,Marsabit,22
2016-02-21,Marsabit,31
2016-02-22,Marsabit,4
2016-02-23,Marsabit,15
2016-02-24,Marsabit,30
2016-02-25,Marsabit,31
2016-02-26,Marsabit,33
2016-02-27,Marsabit,14
2016-02-28,Marsabit,28
2016-02-29,Marsabit,10
2016-03-01,Marsabit,55
2016-03-02,Marsabit,35
2016-03-03,Marsabit,35
2016-03-04,Marsabit,40
2016-03-05,Marsabit,29
2016-03-06,Marsabit,27
2016-03-07,Marsabit,23
2016-03-08,Marsabit,42
2016-03-09,Marsabit,33
2016-03-10,Marsabit,37
2016-03-11,Marsabit,33
2016-03-12,Marsabit,40
2016-03-13,Marsabit,13
2016-03-14,Marsabit,37
2016-03-15,Marsabit,31
2016-03-16,Marsabit,13
2016-03-17,Marsabit,20
2016-03-18,Marsabit,37
2016-03-19,Marsabit,28
2016-03-20,Marsabit,33
2016-03-21,Marsabit,38
2016-03-22,Marsabit,36
2016-03-23,Marsabit,29
2016-03-24,Marsabit,33
2016-03-25,Marsabit,42
2016-03-26,Marsabit,8
2016-03-27,Marsabit,40
2016-03-28,Marsabit,49
2016-03-29,Marsabit,21
2016-03-30,Marsabit,27
2016-03-31,Marsabit,30
2016-04-01,Marsabit,43
2016-04-02,Marsabit,23
2016-04-03,Marsabit,39
2016-04-04,Marsabit,34
2016-04-05,Marsabit,26
2016-04-06,Marsabit,34
2016-04-07,Marsabit,37
2016-04-08,Marsabit,20
2016-04-09,Marsabit,30
2016-04-10,Marsabit,19
2016-04-11,Marsabit,44
2016-04-12,Marsabit,29
2016-04-13,Marsabit,25
2016-04-14,Marsabit,21
2016-04-15,Marsabit,31
2016-04-16,Marsabit,48
2016-04-17,Marsabit,22
2016-04-18,Marsabit,25
2016-04-19,Marsabit,30
2016-04-20,Marsabit,35
2016-04-21,Marsabit,32
2016-04-22,Marsabit,35
2016-04-23,Marsabit,41
2016-04-24,Marsabit,32
2016-04-25,Marsabit,41
2016-04-26,Marsabit,21
2016-04-27,Marsabit,33
2016-04-28,Marsabit,8
2016-04-29,Marsabit,26
2016-04-30,Marsabit,22
2016-05-01,Marsabit,16
2016-05-02,Marsabit,16
2016-05-03,Marsabit,30
2016-05-04,Marsabit,21
2016-05-05,Marsabit,42
2016-05-06,Marsabit,29
2016-05-07,Marsabit,44
2016-05-08,Marsabit,24
2016-05-09,Marsabit,38
2016-05-10,Marsabit,10
2016-05-11,Marsabit,20
2016-05-12,Marsabit,34
2016-05-13,Marsabit,34
2016-05-14,Marsabit,48
2016-05-15,Marsabit,46
2016-05-16,Marsabit,41
2016-05-17,Marsabit,47
2016-05-18,Marsabit,19
2016-05-19,Marsabit,3
2016-05-20,Marsabit,14
2016-05-21,Marsabit,30
2016-05-22,Marsabit,25
2016-05-23,Marsabit,20
2016-05-24,Marsabit,22
2016-05-25,Marsabit,28
2016-05-26,Marsabit,42
2016-05-27,Marsabit,44
2016-05-28,Marsabit,43
2016-05-29,Marsabit,13
2016-05-30,Marsabit,33
2016-05-31,Marsabit,19
2016-06-01,Marsabit,18
2016-06-02,Marsabit,22
2016-06-03,Marsabit,38
2016-06-04,Marsabit,14
2016-06-05,Marsabit,22
2016-06-06,Marsabit,32
2016-06-07,Marsabit,17
2016-06-08,Marsabit,24
2016-06-09,Marsabit,26
2016-06-10,Marsabit,19
2016-06-11,Marsabit,35
2016-06-12,Marsabit,41
2016-06-13,Marsabit,32
2016-06-14,Marsabit,36
2016-06-15,Marsabit,37
2016-06-16,Marsabit,15
2016-06-17,Marsabit,41
2016-06-18,Marsabit,14
2016-06-19,Marsabit,12
2016-06-20,Marsabit,20
2016-06-21,Marsabit,21
2016-06-22,Marsabit,34
2016-06-23,Marsabit,29
2016-06-24,Marsabit,27
2016-06-25,Marsabit,30
2016-06-26,Marsabit,45
2016-06-27,Marsabit,31
2016-06-28,Marsabit,0
2016-06-29,Marsabit,29
2016-06-30,Marsabit,23
2016-07-01,Marsabit,0
2016-07-02,Marsabit,45
2016-07-03,Marsabit,23
2016-07-04,Marsabit,34
2016-07-05,Marsabit,25
2016-07-06,Marsabit,14
2016-07-07,Marsabit,22
2016-07-08,Marsabit,35
2016-07-09,Marsabit,1
2016-07-10,Marsabit,22
2016-07-11,Marsabit,18
2016-07-12,Marsabit,25
2016-07-13,Marsabit,27
2016-07-14,Marsabit,16
2016-07-15,Marsabit,26
2016-07-16,Marsabit,21
2016-07-17,Marsabit,25
2016-07-18,Marsabit,34
2016-07-19,Marsabit,33
2016-07-20,Marsabit,27
2016-07-21,Marsabit,24
2016-07-22,Marsabit,24
2016-07-23,Marsabit,34
2016-07-24,Marsabit,18
2016-07-25,Marsabit,32
2016-07-26,Marsabit,11
2016-07-27,Marsabit,32
2016-07-28,Marsabit,30
2016-07-29,Marsabit,24
2016-07-30,Marsabit,32
2016-07-31,Marsabit,33
2016-08-01,Marsabit,24
2016-08-02,Marsabit,36
2016-08-03,Marsabit,36
2016-08-04,Marsabit,43
2016-08-05,Marsabit,19
2016-08-06,Marsabit,13
2016-08-07,Marsabit,25
2016-08-08,Marsabit,17
2016-08-09,Marsabit,20
2016-08-10,Marsabit,20
2016-08-11,Marsabit,21
2016-08-12,Marsabit,29
2016-08-13,Marsabit,21
2016-08-14,Marsabit,23
2016-08-15,Marsabit,15
2016-08-16,Marsabit,27
2016-08-17,Marsabit,36
2016-08-18,Marsabit,16
2016-08-19,Marsabit,42
2016-08-20,Marsabit,39
2016-08-21,Marsabit,44
2016-08-22,Marsabit,25
2016-08-23,Marsabit,42
2016-08-24,Marsabit,45
2016-08-25,Marsabit,24
2016-08-26,Marsabit,23
2016-08-27,Marsabit,27
2016-08-28,Marsabit,10
2016-08-29,Marsabit,32
2016-08-30,Marsabit,30
2016-08-31,Marsabit,31
2016-09-01,Marsabit,29
2016-09-02,Marsabit,49
2016-09-03,Marsabit,33
2016-09-04,Marsabit,52
2016-09-05,Marsabit,21
2016-09-06,Marsabit,24
2016-09-07,Marsabit,39
2016-09-08,Marsabit,43
2016-09-09,Marsabit,25
2016-09-10,Marsabit,34
2016-09-11,Marsabit,19
2016-09-12,Marsabit,24
2016-09-13,Marsabit,29
2016-09-14,Marsabit,42
2016-09-15,Marsabit,27
2016-09-16,Marsabit,34
2016-09-17,Marsabit,15
2016-09-18,Marsabit,25
2016-09-19,Marsabit,29
2016-09-20,Marsabit,41
2016-09-21,Marsabit,35
2016-09-22,Marsabit,33
2016-09-23,Marsabit,16
2016-09-24,Marsabit,29
2016-09-25,Marsabit,20
2016-09-26,Marsabit,22
2016-09-27,Marsabit,35
2016-09-28,Marsabit,27
2016-09-29,Marsabit,21
2016-09-30,Marsabit,40
2016-10-01,Marsabit,40
2015-01-01,Isiolo,41
2015-01-02,Isiolo,45
2015-01-03,Isiolo,0
2015-01-04,Isiolo,16
2015-01-05,Isiolo,5
2015-01-06,Isiolo,17
2015-01-07,Isiolo,34
2015-01-08,Isiolo,38
2015-01-09,Isiolo,13
2015-01-10,Isiolo,32
2015-01-11,Isiolo,15
2015-01-12,Isiolo,18
2015-01-13,Isiolo,17
2015-01-14,Isiolo,20
2015-01-15,Isiolo,0
2015-01-16,Isiolo,2
2015-01-17,Isiolo,38
2015-01-18,Isiolo,12
2015-01-19,Isiolo,24
2015-01-20,Isiolo,38
2015-01-21,Isiolo,33
2015-01-22,Isiolo,21
2015-01-23,Isiolo,25
2015-01-24,Isiolo,7
2015-01-25,Isiolo,21
2015-01-26,Isiolo,41
2015-01-27,Isiolo,11
2015-01-28,Isiolo,32
2015-01-29,Isiolo,27
2015-01-30,Isiolo,42
2015-01-31,Isiolo,21
2015-02-01,Isiolo,16
2015-02-02,Isiolo,39
2015-02-03,Isiolo,24
2015-02-04,Isiolo,28
2015-02-05,Isiolo,14
2015-02-06,Isiolo,17
2015-02-07,Isiolo,17
2015-02-08,Isiolo,17
2015-02-09,Isiolo,51
2015-02-10,Isiolo,22
2015-02-11,Isiolo,16
2015-02-12,Isiolo,27
2015-02-13,Isiolo,6
2015-02-14,Isiolo,41
2015-02-15,Isiolo,16
2015-02-16,Isiolo,19
2015-02-17,Isiolo,33
2015-02-18,Isiolo,34
2015-02-19,Isiolo,31
2015-02-20,Isiolo,36
2015-02-21,Isiolo,39
2015-02-22,Isiolo,29
2015-02-23,Isiolo,39
2015-02-24,Isiolo,34
2015-02-25,Isiolo,23
2015-02-26,Isiolo,60
2015-02-27,Isiolo,20
2015-02-28,Isiolo,23
2015-03-01,Isiolo,13
2015-03-02,Isiolo,12
2015-03-03,Isiolo,31
2015-03-04,Isiolo,36
2015-03-05,Isiolo,14
2015-03-06,Isiolo,25
2015-03-07,Isiolo,37
2015-03-08,Isiolo,39
2015-03-09,Isiolo,46
2015-03-10,Isiolo,35
2015-03-11,Isiolo,25
2015-03-12,Isiolo,44
2015-03-13,Isiolo,20
2015-03-14,Isiolo,47
2015-03-15,Isiolo,34
2015-03-16,Isiolo,31
2015-03-17,Isiolo,39
2015-03-18,Isiolo,35
2015-03-19,Isiolo,16
2015-03-20,Isiolo,51
2015-03-21,Isiolo,40
2015-03-22,Isiolo,37
2015-03-23,Isiolo,29
2015-03-24,Isiolo,32
2015-03-25,Isiolo,33
2015-03-26,Isiolo,49
2015-03-27,Isiolo,8
2015-03-28,Isiolo,31
2015-03-29,Isiolo,39
2015-03-30,Isiolo,16
2015-03-31,Isiolo,27
2015-04-01,Isiolo,6
2015-04-02,Isiolo,39
2015-04-03,Isiolo,51
2015-04-04,Isiolo,46
2015-04-05,Isiolo,15
2015-04-06,Isiolo,41
2015-04-07,Isiolo,43
2015-04-08,Isiolo,38
2015-04-09,Isiolo,43
2015-04-10,Isiolo,27
2015-04-11,Isiolo,45
2015-04-12,Isiolo,20
2015-04-13,Isiolo,26
2015-04-14,Isiolo,37
2015-04-15,Isiolo,29
2015-04-16,Isiolo,27
2015-04-17,Isiolo,29
2015-04-18,Isiolo,37
2015-04-19,Isiolo,23
2015-04-20,Isiolo,3
2015-04-21,Isiolo,37
2015-04-22,Isiolo,35
2015-04-23,Isiolo,40
2015-04-24,Isiolo,31
2015-04-25,Isiolo,40
2015-04-26,Isiolo,45
2015-04-27,Isiolo,49
2015-04-28,Isiolo,21
2015-04-29,Isiolo,30
2015-04-30,Isiolo,25
2015-05-01,Isiolo,42
2015-05-02,Isiolo,50
2015-05-03,Isiolo,51
2015-05-04,Isiolo,28
2015-05-05,Isiolo,31
2015-05-06,Isiolo,41
2015-05-07,Isiolo,43
2015-05-08,Isiolo,37
2015-05-09,Isiolo,37
2015-05-10,Isiolo,31
2015-05-11,Isiolo,43
2015-05-12,Isiolo,19
2015-05-13,Isiolo,43
2015-05-14,Isiolo,26
2015-05-15,Isiolo,33
2015-05-16,Isiolo,14
2015-05-17,Isiolo,40
2015-05-18,Isiolo,41
2015-05-19,Isiolo,27
2015-05-20,Isiolo,29
2015-05-21,Isiolo,20
2015-05-22,Isiolo,28
2015-05-23,Isiolo,26
2015-05-24,Isiolo,27
2015-05-25,Isiolo,52
2015-05-26,Isiolo,31
2015-05-27,Isiolo,28
2015-05-28,Isiolo,42
2015-05-29,Isiolo,33
2015-05-30,Isiolo,38
2015-05-31,Isiolo,44
2015-06-01,Isiolo,38
2015-06-02,Isiolo,23
2015-06-03,Isiolo,24
2015-06-04,Isiolo,32
2015-06-05,Isiolo,33
2015-06-06,Isiolo,12
2015-06-07,Isiolo,18
2015-06-08,Isiolo,34
2015-06-09,Isiolo,25
2015-06-10,Isiolo,27
2015-06-11,Isiolo,8
2015-06-12,Isiolo,33
2015-06-13,Isiolo,36
2015-06-14,Isiolo,11
2015-06-15,Isiolo,33
2015-06-16,Isiolo,0
2015-06-17,Isiolo,16
2015-06-18,Isiolo,14
2015-06-19,Isiolo,39
2015-06-20,Isiolo,24
2015-06-21,Isiolo,33
2015-06-22,Isiolo,13
2015-06-23,Isiolo,10
2015-06-24,Isiolo,45
2015-06-25,Isiolo,37
2015-06-26,Isiolo,32
2015-06-27,Isiolo,14
2015-06-28,Isiolo,28
2015-06-29,Isiolo,33
2015-06-30,Isiolo,34
2015-07-01,Isiolo,29
2015-07-02,Isiolo,52
2015-07-03,Isiolo,25
2015-07-04,Isiolo,21
2015-07-05,Isiolo,19
2015-07-06,Isiolo,15
2015-07-07,Isiolo,10
2015-07-08,Isiolo,32
2015-07-09,Isiolo,24
2015-07-10,Isiolo,30
2015-07-11,Isiolo,27
2015-07-12,Isiolo,43
2015-07-13,Isiolo,15
2015-07-14,Isiolo,36
2015-07-15,Isiolo,43
2015-07-16,Isiolo,18
2015-07-17,Isiolo,27
2015-07-18,Isiolo,43
2015-07-19,Isiolo,24
2015-07-20,Isiolo,37
2015-07-21,Isiolo,27
2015-07-22,Isiolo,18
2015-07-23,Isiolo,36
2015-07-24,Isiolo,36
2015-07-25,Isiolo,7
2015-07-26,Isiolo,32
2015-07-27,Isiolo,3
2015-07-28,Isiolo,38
2015-07-29,Isiolo,28
2015-07-30,Isiolo,40
2015-07-31,Isiolo,12
2015-08-01,Isiolo,26
2015-08-02,Isiolo,30
2015-08-03,Isiolo,20
2015-08-04,Isiolo,28
2015-08-05,Isiolo,25
2015-08-06,Isiolo,41
2015-08-07,Isiolo,5
2015-08-08,Isiolo,22
2015-08-09,Isiolo,14
2015-08-10,Isiolo,43
2015-08-11,Isiolo,39
2015-08-12,Isiolo,25
2015-08-13,Isiolo,25
2015-08-14,Isiolo,16
2015-08-15,Isiolo,40
2015-08-16,Isiolo,25
2015-08-17,Isiolo,28
2015-08-18,Isiolo,30
2015-08-19,Isiolo,21
2015-08-20,Isiolo,17
2015-08-21,Isiolo,42
2015-08-22,Isiolo,31
2015-08-23,Isiolo,38
2015-08-24,Isiolo,32
2015-08-25,Isiolo,44
2015-08-26,Isiolo,31
2015-08-27,Isiolo,24
2015-08-28,Isiolo,25
2015-08-29,Isiolo,24
2015-08-30,Isiolo,35
2015-08-31,Isiolo,15
2015-09-01,Isiolo,13
2015-09-02,Isiolo,47
2015-09-03,Isiolo,24
2015-09-04,Isiolo,12
2015-09-05,Isiolo,23
2015-09-06,Isiolo,33
2015-09-07,Isiolo,37
2015-09-08,Isiolo,25
2015-09-09,Isiolo,11
2015-09-10,Isiolo,34
2015-09-11,Isiolo,17
2015-09-12,Isiolo,42
2015-09-13,Isiolo,33
2015-09-14,Isiolo,15
2015-09-15,Isiolo,8
2015-09-16,Isiolo,29
2015-09-17,Isiolo,24
2015-09-18,Isiolo,19
2015-09-19,Isiolo,11
2015-09-20,Isiolo,3
2015-09-21,Isiolo,28
2015-09-22,Isiolo,26
2015-09-23,Isiolo,38
2015-09-24,Isiolo,12
2015-09-25,Isiolo,16
2015-09-26,Isiolo,36
2015-09-27,Isiolo,18
2015-09-28,Isiolo,24
2015-09-29,Isiolo,21
2015-09-30,Isiolo,14
2015-10-01,Isiolo,22
2015-10-02,Isiolo,29
2015-10-03,Isiolo,24
2015-10-04,Isiolo,15
2015-10-05,Isiolo,24
2015-10-06,Isiolo,28
2015-10-07,Isiolo,21
2015-10-08,Isiolo,28
2015-10-09,Isiolo,24
2015-10-10,Isiolo,17
2015-10-11,Isiolo,28
2015-10-12,Isiolo,36
2015-10-13,Isiolo,41
2015-10-14,Isiolo,29
2015-10-15,Isiolo,26
2015-10-16,Isiolo,26
2015-10-17,Isiolo,18
2015-10-18,Isiolo,33
2015-10-19,Isiolo,18
2015-10-20,Isiolo,29
2015-10-21,Isiolo,23
2015-10-22,Isiolo,36
2015-10-23,Isiolo,29
2015-10-24,Isiolo,27
2015-10-25,Isiolo,29
2015-10-26,Isiolo,39
2015-10-27,Isiolo,17
2015-10-28,Isiolo,28
2015-10-29,Isiolo,18
2015-10-30,Isiolo,16
2015-10-31,Isiolo,36
2015-11-01,Isiolo,27
2015-11-02,Isiolo,14
2015-11-03,Isiolo,21
2015-11-04,Isiolo,28
2015-11-05,Isiolo,13
2015-11-06,Isiolo,26
2015-11-07,Isiolo,43
2015-11-08,Isiolo,25
2015-11-09,Isiolo,31
2015-11-10,Isiolo,9
2015-11-11,Isiolo,41
2015-11-12,Isiolo,32
2015-11-13,Isiolo,36
2015-11-14,Isiolo,24
2015-11-15,Isiolo,38
2015-11-16,Isiolo,33
2015-11-17,Isiolo,22
2015-11-18,Isiolo,35
2015-11-19,Isiolo,21
2015-11-20,Isiolo,30
2015-11-21,Isiolo,8
2015-11-22,Isiolo,20
2015-11-23,Isiolo,24
2015-11-24,Isiolo,12
2015-11-25,Isiolo,38
2015-11-26,Isiolo,24
2015-11-27,Isiolo,50
2015-11-28,Isiolo,29
2015-11-29,Isiolo,12
2015-11-30,Isiolo,29
2015-12-01,Isiolo,34
2015-12-02,Isiolo,18
2015-12-03,Isiolo,30
2015-12-04,Isiolo,10
2015-12-05,Isiolo,23
2015-12-06,Isiolo,48
2015-12-07,Isiolo,18
2015-12-08,Isiolo,5
2015-12-09,Isiolo,13
2015-12-10,Isiolo,26
2015-12-11,Isiolo,5
2015-12-12,Isiolo,36
2015-12-13,Isiolo,22
2015-12-14,Isiolo,39
2015-12-15,Isiolo,35
2015-12-16,Isiolo,20
2015-12-17,Isiolo,25
2015-12-18,Isiolo,24
2015-12-19,Isiolo,36
2015-12-20,Isiolo,13
2015-12-21,Isiolo,31
2015-12-22,Isiolo,16
2015-12-23,Isiolo,24
2015-12-24,Isiolo,27
2015-12-25,Isiolo,10
2015-12-26,Isiolo,27
2015-12-27,Isiolo,42
2015-12-28,Isiolo,6
2015-12-29,Isiolo,17
2015-12-30,Isiolo,18
2015-12-31,Isiolo,24
2016-01-01,Isiolo,17
2016-01-02,Isiolo,8
2016-01-03,Isiolo,19
2016-01-04,Isiolo,8
2016-01-05,Isiolo,48
2016-01-06,Isiolo,37
2016-01-07,Isiolo,19
2016-01-08,Isiolo,20
2016-01-09,Isiolo,35
2016-01-10,Isiolo,13
2016-01-11,Isiolo,30
2016-01-12,Isiolo,14
2016-01-13,Isiolo,18
2016-01-14,Isiolo,16
2016-01-15,Isiolo,36
2016-01-16,Isiolo,24
2016-01-17,Isiolo,33
2016-01-18,Isiolo,34
2016-01-19,Isiolo,22
2016-01-20,Isiolo,34
2016-01-21,Isiolo,35
2016-01-22,Isiolo,35
2016-01-23,Isiolo,33
2016-01-24,Isiolo,32
2016-01-25,Isiolo,30
2016-01-26,Isiolo,41
2016-01-27,Isiolo,46
2016-01-28,Isiolo,28
2016-01-29,Isiolo,25
2016-01-30,Isiolo,16
2016-01-31,Isiolo,40
2016-02-01,Isiolo,40
2016-02-02,Isiolo,45
2016-02-03,Isiolo,21
2016-02-04,Isiolo,39
2016-02-05,Isiolo,30
2016-02-06,Isiolo,25
2016-02-07,Isiolo,26
2016-02-08,Isiolo,24
2016-02-09,Isiolo,10
2016-02-10,Isiolo,15
2016-02-11,Isiolo,7
2016-02-12,Isiolo,10
2016-02-13,Isiolo,58
2016-02-14,Isiolo,51
2016-02-15,Isiolo,15
2016-02-16,Isiolo,26
2016-02-17,Isiolo,26
2016-02-18,Isiolo,30
2016-02-19,Isiolo,37
2016-02-20,Isiolo,27
2016-02-21,Isiolo,36
2016-02-22,Isiolo,19
2016-02-23,Isiolo,17
2016-02-24,Isiolo,29
2016-02-25,Isiolo,23
2016-02-26,Isiolo,48
2016-02-27,Isiolo,40
2016-02-28,Isiolo,14
2016-02-29,Isiolo,24
2016-03-01,Isiolo,53
2016-03-02,Isiolo,29
2016-03-03,Isiolo,60
2016-03-04,Isiolo,36
2016-03-05,Isiolo,17
2016-03-06,Isiolo,18
2016-03-07,Isiolo,30
2016-03-08,Isiolo,40
2016-03-09,Isiolo,27
2016-03-10,Isiolo,21
2016-03-11,Isiolo,42
2016-03-12,Isiolo,23
2016-03-13,Isiolo,54
2016-03-14,Isiolo,19
2016-03-15,Isiolo,30
2016-03-16,Isiolo,20
2016-03-17,Isiolo,29
2016-03-18,Isiolo,38
2016-03-19,Isiolo,48
2016-03-20,Isiolo,25
2016-03-21,Isiolo,41
2016-03-22,Isiolo,0
2016-03-23,Isiolo,29
2016-03-24,Isiolo,24
2016-03-25,Isiolo,50
2016-03-26,Isiolo,9
2016-03-27,Isiolo,20
2016-03-28,Isiolo,29
2016-03-29,Isiolo,45
2016-03-30,Isiolo,47
2016-03-31,Isiolo,62
2016-04-01,Isiolo,21
2016-04-02,Isiolo,31
2016-04-03,Isiolo,23
2016-04-04,Isiolo,26
2016-04-05,Isiolo,43
2016-04-06,Isiolo,32
2016-04-07,Isiolo,28
2016-04-08,Isiolo,28
2016-04-09,Isiolo,39
2016-04-10,Isiolo,15
2016-04-11,Isiolo,24
2016-04-12,Isiolo,45
2016-04-13,Isiolo,29
2016-04-14,Isiolo,15
2016-04-15,Isiolo,26
2016-04-16,Isiolo,19
2016-04-17,Isiolo,30
2016-04-18,Isiolo,36
2016-04-19,Isiolo,32
2016-04-20,Isiolo,49
2016-04-21,Isiolo,33
2016-04-22,Isiolo,45
2016-04-23,Isiolo,34
2016-04-24,Isiolo,30
2016-04-25,Isiolo,37
2016-04-26,Isiolo,19
2016-04-27,Isiolo,39
2016-04-28,Isiolo,17
2016-04-29,Isiolo,59
2016-04-30,Isiolo,26
2016-05-01,Isiolo,25
2016-05-02,Isiolo,7
2016-05-03,Isiolo,44
2016-05-04,Isiolo,41
2016-05-05,Isiolo,29
2016-05-06,Isiolo,36
2016-05-07,Isiolo,31
2016-05-08,Isiolo,17
2016-05-09,Isiolo,28
2016-05-10,Isiolo,45
2016-05-11,Isiolo,36
2016-05-12,Isiolo,33
2016-05-13,Isiolo,29
2016-05-14,Isiolo,37
2016-05-15,Isiolo,21
2016-05-16,Isiolo,33
2016-05-17,Isiolo,16
2016-05-18,Isiolo,21
2016-05-19,Isiolo,40
2016-05-20,Isiolo,36
2016-05-21,Isiolo,31
2016-05-22,Isiolo,48
2016-05-23,Isiolo,38
2016-05-24,Isiolo,29
2016-05-25,Isiolo,20
2016-05-26,Isiolo,14
2016-05-27,Isiolo,31
2016-05-28,Isiolo,50
2016-05-29,Isiolo,50
2016-05-30,Isiolo,13
2016-05-31,Isiolo,35
2016-06-01,Isiolo,11
2016-06-02,Isiolo,23
2016-06-03,Isiolo,28
2016-06-04,Isiolo,11
2016-06-05,Isiolo,45
2016-06-06,Isiolo,28
2016-06-07,Isiolo,29
2016-06-08,Isiolo,26
2016-06-09,Isiolo,13
2016-06-10,Isiolo,18
2016-06-11,Isiolo,24
2016-06-12,Isiolo,23
2016-06-13,Isiolo,25
2016-06-14,Isiolo,31
2016-06-15,Isiolo,28
2016-06-16,Isiolo,29
2016-06-17,Isiolo,37
2016-06-18,Isiolo,38
2016-06-19,Isiolo,26
2016-06-20,Isiolo,23
2016-06-21,Isiolo,32
2016-06-22,Isiolo,33
2016-06-23,Isiolo,24
2016-06-24,Isiolo,24
2016-06-25,Isiolo,19
2016-06-26,Isiolo,34
2016-06-27,Isiolo,14
2016-06-28,Isiolo,22
2016-06-29,Isiolo,25
2016-06-30,Isiolo,9
2016-07-01,Isiolo,7
2016-07-02,Isiolo,30
2016-07-03,Isiolo,29
2016-07-04,Isiolo,3
2016-07-05,Isiolo,33
2016-07-06,Isiolo,30
2016-07-07,Isiolo,22
2016-07-08,Isiolo,19
2016-07-09,Isiolo,28
2016-07-10,Isiolo,25
2016-07-11,Isiolo,26
2016-07-12,Isiolo,29
2016-07-13,Isiolo,34
2016-07-14,Isiolo,32
2016-07-15,Isiolo,16
2016-07-16,Isiolo,20
2016-07-17,Isiolo,40
2016-07-18,Isiolo,39
2016-07-19,Isiolo,19
2016-07-20,Isiolo,6
2016-07-21,Isiolo,39
2016-07-22,Isiolo,41
2016-07-23,Isiolo,28
2016-07-24,Isiolo,35
2016-07-25,Isiolo,7
2016-07-26,Isiolo,31
2016-07-27,Isiolo,21
2016-07-28,Isiolo,22
2016-07-29,Isiolo,18
2016-07-30,Isiolo,10
2016-07-31,Isiolo,20
2016-08-01,Isiolo,6
2016-08-02,Isiolo,13
2016-08-03,Isiolo,26
2016-08-04,Isiolo,38
2016-08-05,Isiolo,17
2016-08-06,Isiolo,31
2016-08-07,Isiolo,18
2016-08-08,Isiolo,6
2016-08-09,Isiolo,29
2016-08-10,Isiolo,43
2016-08-11,Isiolo,19
2016-08-12,Isiolo,34
2016-08-13,Isiolo,29
2016-08-14,Isiolo,36
2016-08-15,Isiolo,27
2016-08-16,Isiolo,30
2016-08-17,Isiolo,32
2016-08-18,Isiolo,32
2016-08-19,Isiolo,23
2016-08-20,Isiolo,30
2016-08-21,Isiolo,4
2016-08-22,Isiolo,26
2016-08-23,Isiolo,32
2016-08-24,Isiolo,33
2016-08-25,Isiolo,40
2016-08-26,Isiolo,46
2016-08-27,Isiolo,20
2016-08-28,Isiolo,23
2016-08-29,Isiolo,31
2016-08-30,Isiolo,28
2016-08-31,Isiolo,36
2016-09-01,Isiolo,11
2016-09-02,Isiolo,33
2016-09-03,Isiolo,14
2016-09-04,Isiolo,40
2016-09-05,Isiolo,20
2016-09-06,Isiolo,24
2016-09-07,Isiolo,22
2016-09-08,Isiolo,1
2016-09-09,Isiolo,18
2016-09-10,Isiolo,18
2016-09-11,Isiolo,25
2016-09-12,Isiolo,42
2016-09-13,Isiolo,26
2016-09-14,Isiolo,26
2016-09-15,Isiolo,21
2016-09-16,Isiolo,22
2016-09-17,Isiolo,36
2016-09-18,Isiolo,42
2016-09-19,Isiolo,36
2016-09-20,Isiolo,14
2016-09-21,Isiolo,42
2016-09-22,Isiolo,23
2016-09-23,Isiolo,24
2016-09-24,Isiolo,30
2016-09-25,Isiolo,9
2016-09-26,Isiolo,50
2016-09-27,Isiolo,23
2016-09-28,Isiolo,35
2016-09-29,Isiolo,5
2016-09-30,Isiolo,16
2016-10-01,Isiolo,25
2015-01-01,Meru,30
2015-01-02,Meru,33
2015-01-03,Meru,29
2015-01-04,Meru,35
2015-01-05,Meru,8
2015-01-06,Meru,38
2015-01-07,Meru,20
2015-01-08,Meru,21
2015-01-09,Meru,25
2015-01-10,Meru,28
2015-01-11,Meru,16
2015-01-12,Meru,21
2015-01-13,Meru,23
2015-01-14,Meru,16
2015-01-15,Meru,12
2015-01-16,Meru,42
2015-01-17,Meru,16
2015-01-18,Meru,12
2015-01-19,Meru,14
2015-01-20,Meru,28
2015-01-21,Meru,21
2015-01-22,Meru,30
2015-01-23,Meru,30
2015-01-24,Meru,48
2015-01-25,Meru,30
2015-01-26,Meru,15
2015-01-27,Meru,25
2015-01-28,Meru,40
2015-01-29,Meru,36
2015-01-30,Meru,39
2015-01-31,Meru,42
2015-02-01,Meru,32
2015-02-02,Meru,31
2015-02-03,Meru,32
2015-02-04,Meru,16
2015-02-05,Meru,7
2015-02-06,Meru,23
2015-02-07,Meru,23
2015-02-08,Meru,23
2015-02-09,Meru,17
2015-02-10,Meru,29
2015-02-11,Meru,41
2015-02-12,Meru,38
2015-02-13,Meru,33
2015-02-14,Meru,6
2015-02-15,Meru,25
2015-02-16,Meru,23
2015-02-17,Meru,17
2015-02-18,Meru,24
2015-02-19,Meru,26
2015-02-20,Meru,18
2015-02-21,Meru,4
2015-02-22,Meru,11
2015-02-23,Meru,29
2015-02-24,Meru,39
2015-02-25,Meru,23
2015-02-26,Meru,29
2015-02-27,Meru,15
2015-02-28,Meru,19
2015-03-01,Meru,31
2015-03-02,Meru,35
2015-03-03,Meru,25
2015-03-04,Meru,34
2015-03-05,Meru,32
2015-03-06,Meru,29
2015-03-07,Meru,56
2015-03-08,Meru,32
2015-03-09,Meru,33
2015-03-10,Meru,27
2015-03-11,Meru,29
2015-03-12,Meru,27
2015-03-13,Meru,31
2015-03-14,Meru,15
2015-03-15,Meru,30
2015-03-16,Meru,30
2015-03-17,Meru,28
2015-03-18,Meru,40
2015-03-19,Meru,29
2015-03-20,Meru,20
2015-03-21,Meru,36
2015-03-22,Meru,40
2015-03-23,Meru,34
2015-03-24,Meru,28
2015-03-25,Meru,43
2015-03-26,Meru,50
2015-03-27,Meru,26
2015-03-28,Meru,17
2015-03-29,Meru,30
2015-03-30,Meru,45
2015-03-31,Meru,39
2015-04-01,Meru,46
2015-04-02,Meru,33
2015-04-03,Meru,34
2015-04-04,Meru,40
2015-04-05,Meru,29
2015-04-06,Meru,16
2015-04-07,Meru,45
2015-04-08,Meru,31
2015-04-09,Meru,24
2015-04-10,Meru,35
2015-04-11,Meru,37
2015-04-12,Meru,53
2015-04-13,Meru,35
2015-04-14,Meru,42
2015-04-15,Meru,26
2015-04-16,Meru,43
2015-04-17,Meru,35
2015-04-18,Meru,42
2015-04-19,Meru,14
2015-04-20,Meru,56
2015-04-21,Meru,25
2015-04-22,Meru,19
2015-04-23,Meru,31
2015-04-24,Meru,24
2015-04-25,Meru,38
2015-04-26,Meru,44
2015-04-27,Meru,44
2015-04-28,Meru,22
2015-04-29,Meru,40
2015-04-30,Meru,49
2015-05-01,Meru,23
2015-05-02,Meru,3
2015-05-03,Meru,40
2015-05-04,Meru,26
2015-05-05,Meru,28
2015-05-06,Meru,28
2015-05-07,Meru,22
2015-05-08,Meru,31
2015-05-09,Meru,37
2015-05-10,Meru,39
2015-05-11,Meru,31
2015-05-12,Meru,22
2015-05-13,Meru,47
2015-05-14,Meru,52
2015-05-15,Meru,19
2015-05-16,Meru,33
2015-05-17,Meru,44
2015-05-18,Meru,43
2015-05-19,Meru,49
2015-05-20,Meru,25
2015-05-21,Meru,46
2015-05-22,Meru,25
2015-05-23,Meru,18
2015-05-24,Meru,28
2015-05-25,Meru,19
2015-05-26,Meru,11
2015-05-27,Meru,8
2015-05-28,Meru,35
2015-05-29,Meru,26
2015-05-30,Meru,30
2015-05-31,Meru,56
2015-06-01,Meru,29
2015-06-02,Meru,40
2015-06-03,Meru,26
2015-06-04,Meru,32
2015-06-05,Meru,8
2015-06-06,Meru,15
2015-06-07,Meru,20
2015-06-08,Meru,13
2015-06-09,Meru,30
2015-06-10,Meru,20
2015-06-11,Meru,30
2015-06-12,Meru,28
2015-06-13,Meru,25
2015-06-14,Meru,39
2015-06-15,Meru,23
2015-06-16,Meru,7
2015-06-17,Meru,23
2015-06-18,Meru,28
2015-06-19,Meru,12
2015-06-20,Meru,22
2015-06-21,Meru,21
2015-06-22,Meru,38
2015-06-23,Meru,17
2015-06-24,Meru,27
2015-06-25,Meru,15
2015-06-26,Meru,37
2015-06-27,Meru,28
2015-06-28,Meru,26
2015-06-29,Meru,35
2015-06-30,Meru,11
2015-07-01,Meru,46
2015-07-02,Meru,32
2015-07-03,Meru,25
2015-07-04,Meru,30
2015-07-05,Meru,44
2015-07-06,Meru,16
2015-07-07,Meru,35
2015-07-08,Meru,25
2015-07-09,Meru,31
2015-07-10,Meru,27
2015-07-11,Meru,29
2015-07-12,Meru,33
2015-07-13,Meru,33
2015-07-14,Meru,20
2015-07-15,Meru,30
2015-07-16,Meru,24
2015-07-17,Meru,45
2015-07-18,Meru,27
2015-07-19,Meru,13
2015-07-20,Meru,32
2015-07-21,Meru,28
2015-07-22,Meru,19
2015-07-23,Meru,17
2015-07-24,Meru,23
2015-07-25,Meru,24
2015-07-26,Meru,19
2015-07-27,Meru,35
2015-07-28,Meru,11
2015-07-29,Meru,20
2015-07-30,Meru,28
2015-07-31,Meru,40
2015-08-01,Meru,43
2015-08-02,Meru,19
2015-08-03,Meru,26
2015-08-04,Meru,28
2015-08-05,Meru,23
2015-08-06,Meru,22
2015-08-07,Meru,13
2015-08-08,Meru,24
2015-08-09,Meru,32
2015-08-10,Meru,25
2015-08-11,Meru,18
2015-08-12,Meru,17
2015-08-13,Meru,13
2015-08-14,Meru,13
2015-08-15,Meru,34
2015-08-16,Meru,19
2015-08-17,Meru,21
2015-08-18,Meru,19
2015-08-19,Meru,11
2015-08-20,Meru,22
2015-08-21,Meru,6
2015-08-22,Meru,24
2015-08-23,Meru,16
2015-08-24,Meru,38
2015-08-25,Meru,26
2015-08-26,Meru,23
2015-08-27,Meru,23
2015-08-28,Meru,25
2015-08-29,Meru,32
2015-08-30,Meru,41
2015-08-31,Meru,32
2015-09-01,Meru,24
2015-09-02,Meru,17
2015-09-03,Meru,10
2015-09-04,Meru,35
2015-09-05,Meru,32
2015-09-06,Meru,24
2015-09-07,Meru,20
2015-09-08,Meru,29
2015-09-09,Meru,23
2015-09-10,Meru,11
2015-09-11,Meru,22
2015-09-12,Meru,25
2015-09-13,Meru,25
2015-09-14,Meru,35
2015-09-15,Meru,42
2015-09-16,Meru,14
2015-09-17,Meru,48
2015-09-18,Meru,20
2015-09-19,Meru,9
2015-09-20,Meru,39
2015-09-21,Meru,20
2015-09-22,Meru,34
2015-09-23,Meru,30
2015-09-24,Meru,25
2015-09-25,Meru,38
2015-09-26,Meru,28
2015-09-27,Meru,4
2015-09-28,Meru,29
2015-09-29,Meru,15
2015-09-30,Meru,31
2015-10-01,Meru,48
2015-10-02,Meru,34
2015-10-03,Meru,6
2015-10-04,Meru,36
2015-10-05,Meru,35
2015-10-06,Meru,36
2015-10-07,Meru,15
2015-10-08,Meru,13
2015-10-09,Meru,42
2015-10-10,Meru,30
2015-10-11,Meru,50
2015-10-12,Meru,25
2015-10-13,Meru,17
2015-10-14,Meru,26
2015-10-15,Meru,15
2015-10-16,Meru,36
2015-10-17,Meru,39
2015-10-18,Meru,0
2015-10-19,Meru,35
2015-10-20,Meru,10
2015-10-21,Meru,31
2015-10-22,Meru,2
2015-10-23,Meru,42
2015-10-24,Meru,27
2015-10-25,Meru,33
2015-10-26,Meru,49
2015-10-27,Meru,17
2015-10-28,Meru,35
2015-10-29,Meru,32
2015-10-30,Meru,45
2015-10-31,Meru,20
2015-11-01,Meru,19
2015-11-02,Meru,36
2015-11-03,Meru,31
2015-11-04,Meru,34
2015-11-05,Meru,26
2015-11-06,Meru,37
2015-11-07,Meru,24
2015-11-08,Meru,22
2015-11-09,Meru,39
2015-11-10,Meru,24
2015-11-11,Meru,34
2015-11-12,Meru,25
2015-11-13,Meru,30
2015-11-14,Meru,36
2015-11-15,Meru,23
2015-11-16,Meru,32
2015-11-17,Meru,43
2015-11-18,Meru,28
2015-11-19,Meru,17
2015-11-20,Meru,36
2015-11-21,Meru,19
2015-11-22,Meru,47
2015-11-23,Meru,38
2015-11-24,Meru,35
2015-11-25,Meru,39
2015-11-26,Meru,31
2015-11-27,Meru,18
2015-11-28,Meru,15
2015-11-29,Meru,34
2015-11-30,Meru,24
2015-12-01,Meru,5
2015-12-02,Meru,31
2015-12-03,Meru,16
2015-12-04,Meru,23
2015-12-05,Meru,34
2015-12-06,Meru,16
2015-12-07,Meru,32
2015-12-08,Meru,32
2015-12-09,Meru,38
2015-12-10,Meru,37
2015-12-11,Meru,32
2015-12-12,Meru,15
2015-12-13,Meru,34
2015-12-14,Meru,39
2015-12-15,Meru,18
2015-12-16,Meru,36
2015-12-17,Meru,20
2015-12-18,Meru,13
2015-12-19,Meru,32
2015-12-20,Meru,42
2015-12-21,Meru,15
2015-12-22,Meru,37
2015-12-23,Meru,45
2015-12-24,Meru,33
2015-12-25,Meru,23
2015-12-26,Meru,28
2015-12-27,Meru,30
2015-12-28,Meru,0
2015-12-29,Meru,21
2015-12-30,Meru,34
2015-12-31,Meru,37
2016-01-01,Meru,47
2016-01-02,Meru,13
2016-01-03,Meru,25
2016-01-04,Meru,43
2016-01-05,Meru,31
2016-01-06,Meru,16
2016-01-07,Meru,27
2016-01-08,Meru,40
2016-01-09,Meru,29
2016-01-10,Meru,52
2016-01-11,Meru,15
2016-01-12,Meru,42
2016-01-13,Meru,23
2016-01-14,Meru,42
2016-01-15,Meru,28
2016-01-16,Meru,38
2016-01-17,Meru,20
2016-01-18,Meru,26
2016-01-19,Meru,16
2016-01-20,Meru,34
2016-01-21,Meru,27
2016-01-22,Meru,26
2016-01-23,Meru,28
2016-01-24,Meru,22
2016-01-25,Meru,21
2016-01-26,Meru,14
2016-01-27,Meru,12
2016-01-28,Meru,15
2016-01-29,Meru,15
2016-01-30,Meru,20
2016-01-31,Meru,30
2016-02-01,Meru,41
2016-02-02,Meru,16
2016-02-03,Meru,42
2016-02-04,Meru,7
2016-02-05,Meru,34
2016-02-06,Meru,27
2016-02-07,Meru,33
2016-02-08,Meru,35
2016-02-09,Meru,33
2016-02-10,Meru,35
2016-02-11,Meru,43
2016-02-12,Meru,12
2016-02-13,Meru,16
2016-02-14,Meru,36
2016-02-15,Meru,23
2016-02-16,Meru,29
2016-02-17,Meru,18
2016-02-18,Meru,32
2016-02-19,Meru,36
2016-02-20,Meru,19
2016-02-21,Meru,38
2016-02-22,Meru,22
2016-02-23,Meru,18
2016-02-24,Meru,4
2016-02-25,Meru,25
2016-02-26,Meru,33
2016-02-27,Meru,39
2016-02-28,Meru,29
2016-02-29,Meru,11
2016-03-01,Meru,41
2016-03-02,Meru,45
2016-03-03,Meru,41
2016-03-04,Meru,35
2016-03-05,Meru,33
2016-03-06,Meru,18
2016-03-07,Meru,43
2016-03-08,Meru,28
2016-03-09,Meru,34
2016-03-10,Meru,32
2016-03-11,Meru,34
2016-03-12,Meru,34
2016-03-13,Meru,40
2016-03-14,Meru,29
2016-03-15,Meru,29
2016-03-16,Meru,34
2016-03-17,Meru,17
2016-03-18,Meru,25
2016-03-19,Meru,36
2016-03-20,Meru,26
2016-03-21,Meru,33
2016-03-22,Meru,21
2016-03-23,Meru,25
2016-03-24,Meru,15
2016-03-25,Meru,34
2016-03-26,Meru,50
2016-03-27,Meru,42
2016-03-28,Meru,53
2016-03-29,Meru,36
2016-03-30,Meru,33
2016-03-31,Meru,37
2016-04-01,Meru,31
2016-04-02,Meru,31
2016-04-03,Meru,33
2016-04-04,Meru,41
2016-04-05,Meru,38
2016-04-06,Meru,41
2016-04-07,Meru,26
2016-04-08,Meru,29
2016-04-09,Meru,39
2016-04-10,Meru,35
2016-04-11,Meru,28
2016-04-12,Meru,44
2016-04-13,Meru,45
2016-04-14,Meru,37
2016-04-15,Meru,29
2016-04-16,Meru,11
2016-04-17,Meru,49
2016-04-18,Meru,33
2016-04-19,Meru,22
2016-04-20,Meru,21
2016-04-21,Meru,0
2016-04-22,Meru,19
2016-04-23,Meru,35
2016-04-24,Meru,27
2016-04-25,Meru,43
2016-04-26,Meru,34
2016-04-27,Meru,33
2016-04-28,Meru,26
2016-04-29,Meru,18
2016-04-30,Meru,52
2016-05-01,Meru,13
2016-05-02,Meru,14
2016-05-03,Meru,31
2016-05-04,Meru,46
2016-05-05,Meru,41
2016-05-06,Meru,28
2016-05-07,Meru,35
2016-05-08,Meru,45
2016-05-09,Meru,21
2016-05-10,Meru,28
2016-05-11,Meru,28
2016-05-12,Meru,33
2016-05-13,Meru,24
2016-05-14,Meru,17
2016-05-15,Meru,31
2016-05-16,Meru,32
2016-05-17,Meru,34
2016-05-18,Meru,36
2016-05-19,Meru,22
2016-05-20,Meru,19
2016-05-21,Meru,29
2016-05-22,Meru,27
2016-05-23,Meru,27
2016-05-24,Meru,29
2016-05-25,Meru,33
2016-05-26,Meru,52
2016-05-27,Meru,49
2016-05-28,Meru,50
2016-05-29,Meru,55
2016-05-30,Meru,25
2016-05-31,Meru,48
2016-06-01,Meru,27
2016-06-02,Meru,13
2016-06-03,Meru,9
2016-06-04,Meru,16
2016-06-05,Meru,15
2016-06-06,Meru,45
2016-06-07,Meru,36
2016-06-08,Meru,43
2016-06-09,Meru,27
2016-06-10,Meru,40
2016-06-11,Meru,26
2016-06-12,Meru,34
2016-06-13,Meru,28
2016-06-14,Meru,29
2016-06-15,Meru,25
2016-06-16,Meru,26
2016-06-17,Meru,15
2016-06-18,Meru,28
2016-06-19,Meru,41
2016-06-20,Meru,22
2016-06-21,Meru,24
2016-06-22,Meru,25
2016-06-23,Meru,12
2016-06-24,Meru,21
2016-06-25,Meru,34
2016-06-26,Meru,22
2016-06-27,Meru,41
2016-06-28,Meru,34
2016-06-29,Meru,45
2016-06-30,Meru,27
2016-07-01,Meru,10
2016-07-02,Meru,26
2016-07-03,Meru,13
2016-07-04,Meru,32
2016-07-05,Meru,30
2016-07-06,Meru,49
2016-07-07,Meru,38
2016-07-08,Meru,46
2016-07-09,Meru,32
2016-07-10,Meru,28
2016-07-11,Meru,41
2016-07-12,Meru,28
2016-07-13,Meru,33
2016-07-14,Meru,24
2016-07-15,Meru,22
2016-07-16,Meru,31
2016-07-17,Meru,19
2016-07-18,Meru,22
2016-07-19,Meru,26
2016-07-20,Meru,18
2016-07-21,Meru,12
2016-07-22,Meru,43
2016-07-23,Meru,30
2016-07-24,Meru,25
2016-07-25,Meru,17
2016-07-26,Meru,14
2016-07-27,Meru,27
2016-07-28,Meru,33
2016-07-29,Meru,31
2016-07-30,Meru,31
2016-07-31,Meru,28
2016-08-01,Meru,35
2016-08-02,Meru,13
2016-08-03,Meru,29
2016-08-04,Meru,30
2016-08-05,Meru,22
2016-08-06,Meru,30
2016-08-07,Meru,20
2016-08-08,Meru,30
2016-08-09,Meru,28
2016-08-10,Meru,15
2016-08-11,Meru,21
2016-08-12,Meru,29
2016-08-13,Meru,23
2016-08-14,Meru,19
2016-08-15,Meru,33
2016-08-16,Meru,26
2016-08-17,Meru,26
2016-08-18,Meru,3
2016-08-19,Meru,11
2016-08-20,Meru,20
2016-08-21,Meru,18
2016-08-22,Meru,25
2016-08-23,Meru,25
2016-08-24,Meru,28
2016-08-25,Meru,25
2016-08-26,Meru,28
2016-08-27,Meru,29
2016-08-28,Meru,37
2016-08-29,Meru,22
2016-08-30,Meru,43
2016-08-31,Meru,9
2016-09-01,Meru,29
2016-09-02,Meru,39
2016-09-03,Meru,36
2016-09-04,Meru,21
2016-09-05,Meru,27
2016-09-06,Meru,27
2016-09-07,Meru,12
2016-09-08,Meru,14
2016-09-09,Meru,37
2016-09-10,Meru,25
2016-09-11,Meru,24
2016-09-12,Meru,26
2016-09-13,Meru,9
2016-09-14,Meru,35
2016-09-15,Meru,36
2016-09-16,Meru,21
2016-09-17,Meru,23
2016-09-18,Meru,19
2016-09-19,Meru,34
2016-09-20,Meru,13
2016-09-21,Meru,32
2016-09-22,Meru,17
2016-09-23,Meru,29
2016-09-24,Meru,30
2016-09-25,Meru,37
2016-09-26,Meru,44
2016-09-27,Meru,26
2016-09-28,Meru,18
2016-09-29,Meru,27
2016-09-30,Meru,52
2016-10-01,Meru,29
2015-01-01,Tharaka Nithi,13
2015-01-02,Tharaka Nithi,34
2015-01-03,Tharaka Nithi,38
2015-01-04,Tharaka Nithi,17
2015-01-05,Tharaka Nithi,22
2015-01-06,Tharaka Nithi,32
2015-01-07,Tharaka Nithi,19
2015-01-08,Tharaka Nithi,22
2015-01-09,Tharaka Nithi,17
2015-01-10,Tharaka Nithi,46
2015-01-11,Tharaka Nithi,32
2015-01-12,Tharaka Nithi,2
2015-01-13,Tharaka Nithi,24
2015-01-14,Tharaka Nithi,13
2015-01-15,Tharaka Nithi,36
2015-01-16,Tharaka Nithi,37
2015-01-17,Tharaka Nithi,37
2015-01-18,Tharaka Nithi,35
2015-01-19,Tharaka Nithi,0
2015-01-20,Tharaka Nithi,29
2015-01-21,Tharaka Nithi,28
2015-01-22,Tharaka Nithi,36
2015-01-23,Tharaka Nithi,33
2015-01-24,Tharaka Nithi,33
2015-01-25,Tharaka Nithi,31
2015-01-26,Tharaka Nithi,18
2015-01-27,Tharaka Nithi,21
2015-01-28,Tharaka Nithi,19
2015-01-29,Tharaka Nithi,24
2015-01-30,Tharaka Nithi,33
2015-01-31,Tharaka Nithi,11
2015-02-01,Tharaka Nithi,35
2015-02-02,Tharaka Nithi,34
2015-02-03,Tharaka Nithi,33
2015-02-04,Tharaka Nithi,35
2015-02-05,Tharaka Nithi,28
2015-02-06,Tharaka Nithi,37
2015-02-07,Tharaka Nithi,12
2015-02-08,Tharaka Nithi,24
2015-02-09,Tharaka Nithi,44
2015-02-10,Tharaka Nithi,34
2015-02-11,Tharaka Nithi,18
2015-02-12,Tharaka Nithi,18
2015-02-13,Tharaka Nithi,15
2015-02-14,Tharaka Nithi,25
2015-02-15,Tharaka Nithi,29
2015-02-16,Tharaka Nithi,44
2015-02-17,Tharaka Nithi,31
2015-02-18,Tharaka Nithi,31
2015-02-19,Tharaka Nithi,42
2015-02-20,Tharaka Nithi,12
2015-02-21,Tharaka Nithi,29
2015-02-22,Tharaka Nithi,12
2015-02-23,Tharaka Nithi,17
2015-02-24,Tharaka Nithi,21
2015-02-25,Tharaka Nithi,25
2015-02-26,Tharaka Nithi,33
2015-02-27,Tharaka Nithi,0
2015-02-28,Tharaka Nithi,23
2015-03-01,Tharaka Nithi,19
2015-03-02,Tharaka Nithi,27
2015-03-03,Tharaka Nithi,29
2015-03-04,Tharaka Nithi,23
2015-03-05,Tharaka Nithi,38
2015-03-06,Tharaka Nithi,36
2015-03-07,Tharaka Nithi,38
2015-03-08,Tharaka Nithi,44
2015-03-09,Tharaka Nithi,25
2015-03-10,Tharaka Nithi,36
2015-03-11,Tharaka Nithi,25
2015-03-12,Tharaka Nithi,33
2015-03-13,Tharaka Nithi,33
2015-03-14,Tharaka Nithi,31
2015-03-15,Tharaka Nithi,30
2015-03-16,Tharaka Nithi,17
2015-03-17,Tharaka Nithi,23
2015-03-18,Tharaka Nithi,53
2015-03-19,Tharaka Nithi,36
2015-03-20,Tharaka Nithi,55
2015-03-21,Tharaka Nithi,38
2015-03-22,Tharaka Nithi,35
2015-03-23,Tharaka Nithi,30
2015-03-24,Tharaka Nithi,34
2015-03-25,Tharaka Nithi,37
2015-03-26,Tharaka Nithi,14
2015-03-27,Tharaka Nithi,33
2015-03-28,Tharaka Nithi,40
2015-03-29,Tharaka Nithi,40
2015-03-30,Tharaka Nithi,28
2015-03-31,Tharaka Nithi,24
2015-04-01,Tharaka Nithi,38
2015-04-02,Tharaka Nithi,41
2015-04-03,Tharaka Nithi,35
2015-04-04,Tharaka Nithi,33
2015-04-05,Tharaka Nithi,46
2015-04-06,Tharaka Nithi,20
2015-04-07,Tharaka Nithi,26
2015-04-08,Tharaka Nithi,34
2015-04-09,Tharaka Nithi,62
2015-04-10,Tharaka Nithi,21
2015-04-11,Tharaka Nithi,22
2015-04-12,Tharaka Nithi,11
2015-04-13,Tharaka Nithi,32
2015-04-14,Tharaka Nithi,31
2015-04-15,Tharaka Nithi,52
2015-04-16,Tharaka Nithi,21
2015-04-17,Tharaka Nithi,39
2015-04-18,Tharaka Nithi,34
2015-04-19,Tharaka Nithi,37
2015-04-20,Tharaka Nithi,42
2015-04-21,Tharaka Nithi,24
2015-04-22,Tharaka Nithi,31
2015-04-23,Tharaka Nithi,38
2015-04-24,Tharaka Nithi,24
2015-04-25,Tharaka Nithi,24
2015-04-26,Tharaka Nithi,17
2015-04-27,Tharaka Nithi,29
2015-04-28,Tharaka Nithi,33
2015-04-29,Tharaka Nithi,31
2015-04-30,Tharaka Nithi,51
2015-05-01,Tharaka Nithi,26
2015-05-02,Tharaka Nithi,42
2015-05-03,Tharaka Nithi,39
2015-05-04,Tharaka Nithi,32
2015-05-05,Tharaka Nithi,46
2015-05-06,Tharaka Nithi,45
2015-05-07,Tharaka Nithi,27
2015-05-08,Tharaka Nithi,21
2015-05-09,Tharaka Nithi,14
2015-05-10,Tharaka Nithi,22
2015-05-11,Tharaka Nithi,11
2015-05-12,Tharaka Nithi,24
2015-05-13,Tharaka Nithi,38
2015-05-14,Tharaka Nithi,29
2015-05-15,Tharaka Nithi,24
2015-05-16,Tharaka Nithi,49
2015-05-17,Tharaka Nithi,25
2015-05-18,Tharaka Nithi,35
2015-05-19,Tharaka Nithi,42
2015-05-20,Tharaka Nithi,21
2015-05-21,Tharaka Nithi,37
2015-05-22,Tharaka Nithi,42
2015-05-23,Tharaka Nithi,37
2015-05-24,Tharaka Nithi,28
2015-05-25,Tharaka Nithi,25
2015-05-26,Tharaka Nithi,30
2015-05-27,Tharaka Nithi,22
2015-05-28,Tharaka Nithi,10
2015-05-29,Tharaka Nithi,37
2015-05-30,Tharaka Nithi,34
2015-05-31,Tharaka Nithi,28
2015-06-01,Tharaka Nithi,33
2015-06-02,Tharaka Nithi,32
2015-06-03,Tharaka Nithi,12
2015-06-04,Tharaka Nithi,25
2015-06-05,Tharaka Nithi,21
2015-06-06,Tharaka Nithi,34
2015-06-07,Tharaka Nithi,37
2015-06-08,Tharaka Nithi,24
2015-06-09,Tharaka Nithi,25
2015-06-10,Tharaka Nithi,23
2015-06-11,Tharaka Nithi,30
2015-06-12,Tharaka Nithi,18
2015-06-13,Tharaka Nithi,30
2015-06-14,Tharaka Nithi,37
2015-06-15,Tharaka Nithi,26
2015-06-16,Tharaka Nithi,19
2015-06-17,Tharaka Nithi,53
2015-06-18,Tharaka Nithi,24
2015-06-19,Tharaka Nithi,36
2015-06-20,Tharaka Nithi,30
2015-06-21,Tharaka Nithi,25
2015-06-22,Tharaka Nithi,24
2015-06-23,Tharaka Nithi,32
2015-06-24,Tharaka Nithi,22
2015-06-25,Tharaka Nithi,21
2015-06-26,Tharaka Nithi,24
2015-06-27,Tharaka Nithi,22
2015-06-28,Tharaka Nithi,16
2015-06-29,Tharaka Nithi,21
2015-06-30,Tharaka Nithi,36
2015-07-01,Tharaka Nithi,31
2015-07-02,Tharaka Nithi,34
2015-07-03,Tharaka Nithi,7
2015-07-04,Tharaka Nithi,30
2015-07-05,Tharaka Nithi,17
2015-07-06,Tharaka Nithi,25
2015-07-07,Tharaka Nithi,11
2015-07-08,Tharaka Nithi,21
2015-07-09,Tharaka Nithi,24
2015-07-10,Tharaka Nithi,26
2015-07-11,Tharaka Nithi,20
2015-07-12,Tharaka Nithi,33
2015-07-13,Tharaka Nithi,50
2015-07-14,Tharaka Nithi,28
2015-07-15,Tharaka Nithi,26
2015-07-16,Tharaka Nithi,0
2015-07-17,Tharaka Nithi,20
2015-07-18,Tharaka Nithi,9
2015-07-19,Tharaka Nithi,39
2015-07-20,Tharaka Nithi,22
2015-07-21,Tharaka Nithi,28
2015-07-22,Tharaka Nithi,23
2015-07-23,Tharaka Nithi,21
2015-07-24,Tharaka Nithi,30
2015-07-25,Tharaka Nithi,13
2015-07-26,Tharaka Nithi,34
2015-07-27,Tharaka Nithi,42
2015-07-28,Tharaka Nithi,40
2015-07-29,Tharaka Nithi,19
2015-07-30,Tharaka Nithi,12
2015-07-31,Tharaka Nithi,13
2015-08-01,Tharaka Nithi,27
2015-08-02,Tharaka Nithi,32
2015-08-03,Tharaka Nithi,31
2015-08-04,Tharaka Nithi,6
2015-08-05,Tharaka Nithi,18
2015-08-06,Tharaka Nithi,31
2015-08-07,Tharaka Nithi,17
2015-08-08,Tharaka Nithi,24
2015-08-09,Tharaka Nithi,18
2015-08-10,Tharaka Nithi,36
2015-08-11,Tharaka Nithi,26
2015-08-12,Tharaka Nithi,23
2015-08-13,Tharaka Nithi,28
2015-08-14,Tharaka Nithi,40
2015-08-15,Tharaka Nithi,18
2015-08-16,Tharaka Nithi,32
2015-08-17,Tharaka Nithi,37
2015-08-18,Tharaka Nithi,34
2015-08-19,Tharaka Nithi,16
2015-08-20,Tharaka Nithi,17
2015-08-21,Tharaka Nithi,25
2015-08-22,Tharaka Nithi,22
2015-08-23,Tharaka Nithi,25
2015-08-24,Tharaka Nithi,28
2015-08-25,Tharaka Nithi,31
2015-08-26,Tharaka Nithi,28
2015-08-27,Tharaka Nithi,18
2015-08-28,Tharaka Nithi,36
2015-08-29,Tharaka Nithi,28
2015-08-30,Tharaka Nithi,24
2015-08-31,Tharaka Nithi,30
2015-09-01,Tharaka Nithi,35
2015-09-02,Tharaka Nithi,26
2015-09-03,Tharaka Nithi,35
2015-09-04,Tharaka Nithi,30
2015-09-05,Tharaka Nithi,12
2015-09-06,Tharaka Nithi,17
2015-09-07,Tharaka Nithi,27
2015-09-08,Tharaka Nithi,33
2015-09-09,Tharaka Nithi,6
2015-09-10,Tharaka Nithi,27
2015-09-11,Tharaka Nithi,22
2015-09-12,Tharaka Nithi,38
2015-09-13,Tharaka Nithi,36
2015-09-14,Tharaka Nithi,33
2015-09-15,Tharaka Nithi,19
2015-09-16,Tharaka Nithi,27
2015-09-17,Tharaka Nithi,30
2015-09-18,Tharaka Nithi,33
2015-09-19,Tharaka Nithi,20
2015-09-20,Tharaka Nithi,35
2015-09-21,Tharaka Nithi,31
2015-09-22,Tharaka Nithi,18
2015-09-23,Tharaka Nithi,8
2015-09-24,Tharaka Nithi,33
2015-09-25,Tharaka Nithi,44
2015-09-26,Tharaka Nithi,17
2015-09-27,Tharaka Nithi,20
2015-09-28,Tharaka Nithi,31
2015-09-29,Tharaka Nithi,39
2015-09-30,Tharaka Nithi,35
2015-10-01,Tharaka Nithi,27
2015-10-02,Tharaka Nithi,36
2015-10-03,Tharaka Nithi,53
2015-10-04,Tharaka Nithi,22
2015-10-05,Tharaka Nithi,56
2015-10-06,Tharaka Nithi,30
2015-10-07,Tharaka Nithi,52
2015-10-08,Tharaka Nithi,33
2015-10-09,Tharaka Nithi,14
2015-10-10,Tharaka Nithi,32
2015-10-11,Tharaka Nithi,31
2015-10-12,Tharaka Nithi,26
2015-10-13,Tharaka Nithi,37
2015-10-14,Tharaka Nithi,16
2015-10-15,Tharaka Nithi,29
2015-10-16,Tharaka Nithi,21
2015-10-17,Tharaka Nithi,42
2015-10-18,Tharaka Nithi,10
2015-10-19,Tharaka Nithi,19
2015-10-20,Tharaka Nithi,38
2015-10-21,Tharaka Nithi,38
2015-10-22,Tharaka Nithi,58
2015-10-23,Tharaka Nithi,31
2015-10-24,Tharaka Nithi,35
2015-10-25,Tharaka Nithi,20
2015-10-26,Tharaka Nithi,23
2015-10-27,Tharaka Nithi,36
2015-10-28,Tharaka Nithi,25
2015-10-29,Tharaka Nithi,31
2015-10-30,Tharaka Nithi,36
2015-10-31,Tharaka Nithi,27
2015-11-01,Tharaka Nithi,47
2015-11-02,Tharaka Nithi,30
2015-11-03,Tharaka Nithi,16
2015-11-04,Tharaka Nithi,16
2015-11-05,Tharaka Nithi,25
2015-11-06,Tharaka Nithi,31
2015-11-07,Tharaka Nithi,27
2015-11-08,Tharaka Nithi,29
2015-11-09,Tharaka Nithi,25
2015-11-10,Tharaka Nithi,21
2015-11-11,Tharaka Nithi,22
2015-11-12,Tharaka Nithi,33
2015-11-13,Tharaka Nithi,39
2015-11-14,Tharaka Nithi,50
2015-11-15,Tharaka Nithi,42
2015-11-16,Tharaka Nithi,12
2015-11-17,Tharaka Nithi,30
2015-11-18,Tharaka Nithi,21
2015-11-19,Tharaka Nithi,20
2015-11-20,Tharaka Nithi,28
2015-11-21,Tharaka Nithi,35
2015-11-22,Tharaka Nithi,42
2015-11-23,Tharaka Nithi,35
2015-11-24,Tharaka Nithi,37
2015-11-25,Tharaka Nithi,25
2015-11-26,Tharaka Nithi,25
2015-11-27,Tharaka Nithi,37
2015-11-28,Tharaka Nithi,27
2015-11-29,Tharaka Nithi,23
2015-11-30,Tharaka Nithi,26
2015-12-01,Tharaka Nithi,14
2015-12-02,Tharaka Nithi,22
2015-12-03,Tharaka Nithi,24
2015-12-04,Tharaka Nithi,14
2015-12-05,Tharaka Nithi,26
2015-12-06,Tharaka Nithi,44
2015-12-07,Tharaka Nithi,25
2015-12-08,Tharaka Nithi,38
2015-12-09,Tharaka Nithi,43
2015-12-10,Tharaka Nithi,11
2015-12-11,Tharaka Nithi,29
2015-12-12,Tharaka Nithi,24
2015-12-13,Tharaka Nithi,37
2015-12-14,Tharaka Nithi,45
2015-12-15,Tharaka Nithi,28
2015-12-16,Tharaka Nithi,20
2015-12-17,Tharaka Nithi,17
2015-12-18,Tharaka Nithi,30
2015-12-19,Tharaka Nithi,36
2015-12-20,Tharaka Nithi,25
2015-12-21,Tharaka Nithi,29
2015-12-22,Tharaka Nithi,26
2015-12-23,Tharaka Nithi,34
2015-12-24,Tharaka Nithi,43
2015-12-25,Tharaka Nithi,25
2015-12-26,Tharaka Nithi,37
2015-12-27,Tharaka Nithi,39
2015-12-28,Tharaka Nithi,36
2015-12-29,Tharaka Nithi,33
2015-12-30,Tharaka Nithi,49
2015-12-31,Tharaka Nithi,31
2016-01-01,Tharaka Nithi,15
2016-01-02,Tharaka Nithi,30
2016-01-03,Tharaka Nithi,37
2016-01-04,Tharaka Nithi,20
2016-01-05,Tharaka Nithi,26
2016-01-06,Tharaka Nithi,22
2016-01-07,Tharaka Nithi,10
2016-01-08,Tharaka Nithi,31
2016-01-09,Tharaka Nithi,17
2016-01-10,Tharaka Nithi,4
2016-01-11,Tharaka Nithi,38
2016-01-12,Tharaka Nithi,28
2016-01-13,Tharaka Nithi,15
2016-01-14,Tharaka Nithi,30
2016-01-15,Tharaka Nithi,42
2016-01-16,Tharaka Nithi,40
2016-01-17,Tharaka Nithi,31
2016-01-18,Tharaka Nithi,27
2016-01-19,Tharaka Nithi,18
2016-01-20,Tharaka Nithi,38
2016-01-21,Tharaka Nithi,23
2016-01-22,Tharaka Nithi,21
2016-01-23,Tharaka Nithi,25
2016-01-24,Tharaka Nithi,36
2016-01-25,Tharaka Nithi,9
2016-01-26,Tharaka Nithi,19
2016-01-27,Tharaka Nithi,28
2016-01-28,Tharaka Nithi,30
2016-01-29,Tharaka Nithi,20
2016-01-30,Tharaka Nithi,31
2016-01-31,Tharaka Nithi,21
2016-02-01,Tharaka Nithi,33
2016-02-02,Tharaka Nithi,36
2016-02-03,Tharaka Nithi,46
2016-02-04,Tharaka Nithi,17
2016-02-05,Tharaka Nithi,14
2016-02-06,Tharaka Nithi,17
2016-02-07,Tharaka Nithi,32
2016-02-08,Tharaka Nithi,5
2016-02-09,Tharaka Nithi,28
2016-02-10,Tharaka Nithi,21
2016-02-11,Tharaka Nithi,20
2016-02-12,Tharaka Nithi,24
2016-02-13,Tharaka Nithi,41
2016-02-14,Tharaka Nithi,30
2016-02-15,Tharaka Nithi,19
2016-02-16,Tharaka Nithi,31
2016-02-17,Tharaka Nithi,26
2016-02-18,Tharaka Nithi,32
2016-02-19,Tharaka Nithi,33
2016-02-20,Tharaka Nithi,38
2016-02-21,Tharaka Nithi,38
2016-02-22,Tharaka Nithi,14
2016-02-23,Tharaka Nithi,33
2016-02-24,Tharaka Nithi,31
2016-02-25,Tharaka Nithi,15
2016-02-26,Tharaka Nithi,17
2016-02-27,Tharaka Nithi,44
2016-02-28,Tharaka Nithi,36
2016-02-29,Tharaka Nithi,20
2016-03-01,Tharaka Nithi,26
2016-03-02,Tharaka Nithi,26
2016-03-03,Tharaka Nithi,33
2016-03-04,Tharaka Nithi,33
2016-03-05,Tharaka Nithi,34
2016-03-06,Tharaka Nithi,21
2016-03-07,Tharaka Nithi,34
2016-03-08,Tharaka Nithi,24
2016-03-09,Tharaka Nithi,25
2016-03-10,Tharaka Nithi,30
2016-03-11,Tharaka Nithi,38
2016-03-12,Tharaka Nithi,19
2016-03-13,Tharaka Nithi,41
2016-03-14,Tharaka Nithi,25
2016-03-15,Tharaka Nithi,39
2016-03-16,Tharaka Nithi,18
2016-03-17,Tharaka Nithi,34
2016-03-18,Tharaka Nithi,30
2016-03-19,Tharaka Nithi,17
2016-03-20,Tharaka Nithi,27
2016-03-21,Tharaka Nithi,31
2016-03-22,Tharaka Nithi,22
2016-03-23,Tharaka Nithi,54
2016-03-24,Tharaka Nithi,18
2016-03-25,Tharaka Nithi,62
2016-03-26,Tharaka Nithi,41
2016-03-27,Tharaka Nithi,32
2016-03-28,Tharaka Nithi,23
2016-03-29,Tharaka Nithi,31
2016-03-30,Tharaka Nithi,35
2016-03-31,Tharaka Nithi,33
2016-04-01,Tharaka Nithi,18
2016-04-02,Tharaka Nithi,32
2016-04-03,Tharaka Nithi,37
2016-04-04,Tharaka Nithi,38
2016-04-05,Tharaka Nithi,35
2016-04-06,Tharaka Nithi,11
2016-04-07,Tharaka Nithi,30
2016-04-08,Tharaka Nithi,12
2016-04-09,Tharaka Nithi,34
2016-04-10,Tharaka Nithi,22
2016-04-11,Tharaka Nithi,36
2016-04-12,Tharaka Nithi,24
2016-04-13,Tharaka Nithi,36
2016-04-14,Tharaka Nithi,32
2016-04-15,Tharaka Nithi,37
2016-04-16,Tharaka Nithi,28
2016-04-17,Tharaka Nithi,27
2016-04-18,Tharaka Nithi,32
2016-04-19,Tharaka Nithi,17
2016-04-20,Tharaka Nithi,32
2016-04-21,Tharaka Nithi,26
2016-04-22,Tharaka Nithi,42
2016-04-23,Tharaka Nithi,38
2016-04-24,Tharaka Nithi,12
2016-04-25,Tharaka Nithi,26
2016-04-26,Tharaka Nithi,49
2016-04-27,Tharaka Nithi,32
2016-04-28,Tharaka Nithi,35
2016-04-29,Tharaka Nithi,21
2016-04-30,Tharaka Nithi,20
2016-05-01,Tharaka Nithi,20
2016-05-02,Tharaka Nithi,54
2016-05-03,Tharaka Nithi,45
2016-05-04,Tharaka Nithi,41
2016-05-05,Tharaka Nithi,47
2016-05-06,Tharaka Nithi,52
2016-05-07,Tharaka Nithi,39
2016-05-08,Tharaka Nithi,35
2016-05-09,Tharaka Nithi,52
2016-05-10,Tharaka Nithi,44
2016-05-11,Tharaka Nithi,13
2016-05-12,Tharaka Nithi,15
2016-05-13,Tharaka Nithi,15
2016-05-14,Tharaka Nithi,31
2016-05-15,Tharaka Nithi,46
2016-05-16,Tharaka Nithi,43
2016-05-17,Tharaka Nithi,28
2016-05-18,Tharaka Nithi,36
2016-05-19,Tharaka Nithi,32
2016-05-20,Tharaka Nithi,46
2016-05-21,Tharaka Nithi,22
2016-05-22,Tharaka Nithi,40
2016-05-23,Tharaka Nithi,59
2016-05-24,Tharaka Nithi,34
2016-05-25,Tharaka Nithi,37
2016-05-26,Tharaka Nithi,31
2016-05-27,Tharaka Nithi,23
2016-05-28,Tharaka Nithi,17
2016-05-29,Tharaka Nithi,12
2016-05-30,Tharaka Nithi,26
2016-05-31,Tharaka Nithi,37
2016-06-01,Tharaka Nithi,34
2016-06-02,Tharaka Nithi,24
2016-06-03,Tharaka Nithi,36
2016-06-04,Tharaka Nithi,37
2016-06-05,Tharaka Nithi,28
2016-06-06,Tharaka Nithi,6
2016-06-07,Tharaka Nithi,41
2016-06-08,Tharaka Nithi,3
2016-06-09,Tharaka Nithi,7
2016-06-10,Tharaka Nithi,19
2016-06-11,Tharaka Nithi,43
2016-06-12,Tharaka Nithi,33
2016-06-13,Tharaka Nithi,31
2016-06-14,Tharaka Nithi,44
2016-06-15,Tharaka Nithi,19
2016-06-16,Tharaka Nithi,24
2016-06-17,Tharaka Nithi,45
2016-06-18,Tharaka Nithi,34
2016-06-19,Tharaka Nithi,28
2016-06-20,Tharaka Nithi,25
2016-06-21,Tharaka Nithi,26
2016-06-22,Tharaka Nithi,10
2016-06-23,Tharaka Nithi,26
2016-06-24,Tharaka Nithi,44
2016-06-25,Tharaka Nithi,27
2016-06-26,Tharaka Nithi,41
2016-06-27,Tharaka Nithi,19
2016-06-28,Tharaka Nithi,19
2016-06-29,Tharaka Nithi,28
2016-06-30,Tharaka Nithi,44
2016-07-01,Tharaka Nithi,27
2016-07-02,Tharaka Nithi,18
2016-07-03,Tharaka Nithi,32
2016-07-04,Tharaka Nithi,30
2016-07-05,Tharaka Nithi,31
2016-07-06,Tharaka Nithi,27
2016-07-07,Tharaka Nithi,42
2016-07-08,Tharaka Nithi,49
2016-07-09,Tharaka Nithi,26
2016-07-10,Tharaka Nithi,15
2016-07-11,Tharaka Nithi,26
2016-07-12,Tharaka Nithi,26
2016-07-13,Tharaka Nithi,21
2016-07-14,Tharaka Nithi,0
2016-07-15,Tharaka Nithi,13
2016-07-16,Tharaka Nithi,27
2016-07-17,Tharaka Nithi,14
2016-07-18,Tharaka Nithi,24
2016-07-19,Tharaka Nithi,27
2016-07-20,Tharaka Nithi,34
2016-07-21,Tharaka Nithi,18
2016-07-22,Tharaka Nithi,37
2016-07-23,Tharaka Nithi,27
2016-07-24,Tharaka Nithi,34
2016-07-25,Tharaka Nithi,9
2016-07-26,Tharaka Nithi,34
2016-07-27,Tharaka Nithi,20
2016-07-28,Tharaka Nithi,8
2016-07-29,Tharaka Nithi,22
2016-07-30,Tharaka Nithi,23
2016-07-31,Tharaka Nithi,35
2016-08-01,Tharaka Nithi,36
2016-08-02,Tharaka Nithi,47
2016-08-03,Tharaka Nithi,35
2016-08-04,Tharaka Nithi,39
2016-08-05,Tharaka Nithi,38
2016-08-06,Tharaka Nithi,35
2016-08-07,Tharaka Nithi,23
2016-08-08,Tharaka Nithi,26
2016-08-09,Tharaka Nithi,22
2016-08-10,Tharaka Nithi,28
2016-08-11,Tharaka Nithi,31
2016-08-12,Tharaka Nithi,28
2016-08-13,Tharaka Nithi,39
2016-08-14,Tharaka Nithi,20
2016-08-15,Tharaka Nithi,40
2016-08-16,Tharaka Nithi,23
2016-08-17,Tharaka Nithi,23
2016-08-18,Tharaka Nithi,25
2016-08-19,Tharaka Nithi,19
2016-08-20,Tharaka Nithi,26
2016-08-21,Tharaka Nithi,18
2016-08-22,Tharaka Nithi,31
2016-08-23,Tharaka Nithi,35
2016-08-24,Tharaka Nithi,30
2016-08-25,Tharaka Nithi,8
2016-08-26,Tharaka Nithi,24
2016-08-27,Tharaka Nithi,25
2016-08-28,Tharaka Nithi,38
2016-08-29,Tharaka Nithi,11
2016-08-30,Tharaka Nithi,25
2016-08-31,Tharaka Nithi,22
2016-09-01,Tharaka Nithi,20
2016-09-02,Tharaka Nithi,29
2016-09-03,Tharaka Nithi,20
2016-09-04,Tharaka Nithi,15
2016-09-05,Tharaka Nithi,29
2016-09-06,Tharaka Nithi,26
2016-09-07,Tharaka Nithi,15
2016-09-08,Tharaka Nithi,19
2016-09-09,Tharaka Nithi,29
2016-09-10,Tharaka Nithi,19
2016-09-11,Tharaka Nithi,39
2016-09-12,Tharaka Nithi,17
2016-09-13,Tharaka Nithi,7
2016-09-14,Tharaka Nithi,17
2016-09-15,Tharaka Nithi,44
2016-09-16,Tharaka Nithi,35
2016-09-17,Tharaka Nithi,49
2016-09-18,Tharaka Nithi,23
2016-09-19,Tharaka Nithi,36
2016-09-20,Tharaka Nithi,28
2016-09-21,Tharaka Nithi,31
2016-09-22,Tharaka Nithi,16
2016-09-23,Tharaka Nithi,29
2016-09-24,Tharaka Nithi,6
2016-09-25,Tharaka Nithi,33
2016-09-26,Tharaka Nithi,38
2016-09-27,Tharaka Nithi,21
2016-09-28,Tharaka Nithi,23
2016-09-29,Tharaka Nithi,7
2016-09-30,Tharaka Nithi,23
2016-10-01,Tharaka Nithi,46
2015-01-01,Embu,33
2015-01-02,Embu,15
2015-01-03,Embu,39
2015-01-04,Embu,14
2015-01-05,Embu,20
2015-01-06,Embu,32
2015-01-07,Embu,24
2015-01-08,Embu,40
2015-01-09,Embu,34
2015-01-10,Embu,28
2015-01-11,Embu,19
2015-01-12,Embu,33
2015-01-13,Embu,28
2015-01-14,Embu,38
2015-01-15,Embu,9
2015-01-16,Embu,34
2015-01-17,Embu,23
2015-01-18,Embu,21
2015-01-19,Embu,39
2015-01-20,Embu,33
2015-01-21,Embu,34
2015-01-22,Embu,38
2015-01-23,Embu,30
2015-01-24,Embu,42
2015-01-25,Embu,50
2015-01-26,Embu,0
2015-01-27,Embu,44
2015-01-28,Embu,20
2015-01-29,Embu,18
2015-01-30,Embu,25
2015-01-31,Embu,29
2015-02-01,Embu,33
2015-02-02,Embu,18
2015-02-03,Embu,36
2015-02-04,Embu,24
2015-02-05,Embu,23
2015-02-06,Embu,28
2015-02-07,Embu,39
2015-02-08,Embu,33
2015-02-09,Embu,9
2015-02-10,Embu,12
2015-02-11,Embu,27
2015-02-12,Embu,42
2015-02-13,Embu,21
2015-02-14,Embu,16
2015-02-15,Embu,20
2015-02-16,Embu,17
2015-02-17,Embu,24
2015-02-18,Embu,6
2015-02-19,Embu,26
2015-02-20,Embu,20
2015-02-21,Embu,6
2015-02-22,Embu,19
2015-02-23,Embu,11
2015-02-24,Embu,34
2015-02-25,Embu,7
2015-02-26,Embu,32
2015-02-27,Embu,30
2015-02-28,Embu,13
2015-03-01,Embu,46
2015-03-02,Embu,14
2015-03-03,Embu,23
2015-03-04,Embu,18
2015-03-05,Embu,26
2015-03-06,Embu,32
2015-03-07,Embu,25
2015-03-08,Embu,35
2015-03-09,Embu,40
2015-03-10,Embu,25
2015-03-11,Embu,50
2015-03-12,Embu,53
2015-03-13,Embu,32
2015-03-14,Embu,21
2015-03-15,Embu,19
2015-03-16,Embu,41
2015-03-17,Embu,20
2015-03-18,Embu,34
2015-03-19,Embu,51
2015-03-20,Embu,26
2015-03-21,Embu,6
2015-03-22,Embu,34
2015-03-23,Embu,26
2015-03-24,Embu,29
2015-03-25,Embu,26
2015-03-26,Embu,33
2015-03-27,Embu,24
2015-03-28,Embu,37
2015-03-29,Embu,30
2015-03-30,Embu,16
2015-03-31,Embu,11
2015-04-01,Embu,38
2015-04-02,Embu,18
2015-04-03,Embu,33
2015-04-04,Embu,31
2015-04-05,Embu,43
2015-04-06,Embu,31
2015-04-07,Embu,44
2015-04-08,Embu,35
2015-04-09,Embu,35
2015-04-10,Embu,32
2015-04-11,Embu,16
2015-04-12,Embu,48
2015-04-13,Embu,64
2015-04-14,Embu,38
2015-04-15,Embu,45
2015-04-16,Embu,28
2015-04-17,Embu,39
2015-04-18,Embu,35
2015-04-19,Embu,40
2015-04-20,Embu,49
2015-04-21,Embu,35
2015-04-22,Embu,40
2015-04-23,Embu,30
2015-04-24,Embu,35
2015-04-25,Embu,13
2015-04-26,Embu,12
2015-04-27,Embu,42
2015-04-28,Embu,21
2015-04-29,Embu,22
2015-04-30,Embu,29
2015-05-01,Embu,12
2015-05-02,Embu,43
2015-05-03,Embu,29
2015-05-04,Embu,12
2015-05-05,Embu,27
2015-05-06,Embu,39
2015-05-07,Embu,31
2015-05-08,Embu,22
2015-05-09,Embu,19
2015-05-10,Embu,21
2015-05-11,Embu,24
2015-05-12,Embu,34
2015-05-13,Embu,23
2015-05-14,Embu,45
2015-05-15,Embu,12
2015-05-16,Embu,40
2015-05-17,Embu,28
2015-05-18,Embu,31
2015-05-19,Embu,21
2015-05-20,Embu,16
2015-05-21,Embu,36
2015-05-22,Embu,14
2015-05-23,Embu,40
2015-05-24,Embu,31
2015-05-25,Embu,32
2015-05-26,Embu,15
2015-05-27,Embu,32
2015-05-28,Embu,21
2015-05-29,Embu,41
2015-05-30,Embu,16
2015-05-31,Embu,46
2015-06-01,Embu,38
2015-06-02,Embu,24
2015-06-03,Embu,42
2015-06-04,Embu,35
2015-06-05,Embu,32
2015-06-06,Embu,25
2015-06-07,Embu,23
2015-06-08,Embu,40
2015-06-09,Embu,16
2015-06-10,Embu,34
2015-06-11,Embu,29
2015-06-12,Embu,29
2015-06-13,Embu,33
2015-06-14,Embu,19
2015-06-15,Embu,10
2015-06-16,Embu,31
2015-06-17,Embu,28
2015-06-18,Embu,31
2015-06-19,Embu,21
2015-06-20,Embu,18
2015-06-21,Embu,22
2015-06-22,Embu,34
2015-06-23,Embu,39
2015-06-24,Embu,32
2015-06-25,Embu,21
2015-06-26,Embu,35
2015-06-27,Embu,20
2015-06-28,Embu,35
2015-06-29,Embu,24
2015-06-30,Embu,33
2015-07-01,Embu,26
2015-07-02,Embu,41
2015-07-03,Embu,19
2015-07-04,Embu,26
2015-07-05,Embu,43
2015-07-06,Embu,36
2015-07-07,Embu,29
2015-07-08,Embu,29
2015-07-09,Embu,27
2015-07-10,Embu,27
2015-07-11,Embu,61
2015-07-12,Embu,21
2015-07-13,Embu,29
2015-07-14,Embu,30
2015-07-15,Embu,12
2015-07-16,Embu,19
2015-07-17,Embu,18
2015-07-18,Embu,10
2015-07-19,Embu,29
2015-07-20,Embu,28
2015-07-21,Embu,10
2015-07-22,Embu,21
2015-07-23,Embu,21
2015-07-24,Embu,22
2015-07-25,Embu,31
2015-07-26,Embu,13
2015-07-27,Embu,29
2015-07-28,Embu,22
2015-07-29,Embu,19
2015-07-30,Embu,26
2015-07-31,Embu,8
2015-08-01,Embu,24
2015-08-02,Embu,16
2015-08-03,Embu,32
2015-08-04,Embu,18
2015-08-05,Embu,0
2015-08-06,Embu,36
2015-08-07,Embu,29
2015-08-08,Embu,37
2015-08-09,Embu,20
2015-08-10,Embu,28
2015-08-11,Embu,20
2015-08-12,Embu,29
2015-08-13,Embu,21
2015-08-14,Embu,49
2015-08-15,Embu,26
2015-08-16,Embu,8
2015-08-17,Embu,32
2015-08-18,Embu,23
2015-08-19,Embu,36
2015-08-20,Embu,22
2015-08-21,Embu,37
2015-08-22,Embu,19
2015-08-23,Embu,18
2015-08-24,Embu,26
2015-08-25,Embu,27
2015-08-26,Embu,17
2015-08-27,Embu,15
2015-08-28,Embu,36
2015-08-29,Embu,14
2015-08-30,Embu,23
2015-08-31,Embu,19
2015-09-01,Embu,26
2015-09-02,Embu,36
2015-09-03,Embu,28
2015-09-04,Embu,35
2015-09-05,Embu,22
2015-09-06,Embu,30
2015-09-07,Embu,39
2015-09-08,Embu,40
2015-09-09,Embu,5
2015-09-10,Embu,9
2015-09-11,Embu,22
2015-09-12,Embu,33
2015-09-13,Embu,51
2015-09-14,Embu,18
2015-09-15,Embu,20
2015-09-16,Embu,27
2015-09-17,Embu,32
2015-09-18,Embu,37
2015-09-19,Embu,7
2015-09-20,Embu,23
2015-09-21,Embu,15
2015-09-22,Embu,37
2015-09-23,Embu,32
2015-09-24,Embu,38
2015-09-25,Embu,33
2015-09-26,Embu,32
2015-09-27,Embu,22
2015-09-28,Embu,22
2015-09-29,Embu,33
2015-09-30,Embu,22
2015-10-01,Embu,13
2015-10-02,Embu,16
2015-10-03,Embu,25
2015-10-04,Embu,31
2015-10-05,Embu,25
2015-10-06,Embu,36
2015-10-07,Embu,16
2015-10-08,Embu,35
2015-10-09,Embu,39
2015-10-10,Embu,40
2015-10-11,Embu,0
2015-10-12,Embu,41
2015-10-13,Embu,23
2015-10-14,Embu,35
2015-10-15,Embu,16
2015-10-16,Embu,26
2015-10-17,Embu,29
2015-10-18,Embu,8
2015-10-19,Embu,41
2015-10-20,Embu,22
2015-10-21,Embu,29
2015-10-22,Embu,40
2015-10-23,Embu,46
2015-10-24,Embu,31
2015-10-25,Embu,10
2015-10-26,Embu,26
2015-10-27,Embu,34
2015-10-28,Embu,3
2015-10-29,Embu,26
2015-10-30,Embu,20
2015-10-31,Embu,33
2015-11-01,Embu,45
2015-11-02,Embu,36
2015-11-03,Embu,42
2015-11-04,Embu,23
2015-11-05,Embu,31
2015-11-06,Embu,18
2015-11-07,Embu,16
2015-11-08,Embu,36
2015-11-09,Embu,16
2015-11-10,Embu,21
2015-11-11,Embu,16
2015-11-12,Embu,37
2015-11-13,Embu,45
2015-11-14,Embu,11
2015-11-15,Embu,23
2015-11-16,Embu,47
2015-11-17,Embu,28
2015-11-18,Embu,23
2015-11-19,Embu,24
2015-11-20,Embu,39
2015-11-21,Embu,34
2015-11-22,Embu,23
2015-11-23,Embu,30
2015-11-24,Embu,21
2015-11-25,Embu,50
2015-11-26,Embu,33
2015-11-27,Embu,21
2015-11-28,Embu,34
2015-11-29,Embu,45
2015-11-30,Embu,4
2015-12-01,Embu,19
2015-12-02,Embu,19
2015-12-03,Embu,42
2015-12-04,Embu,27
2015-12-05,Embu,32
2015-12-06,Embu,34
2015-12-07,Embu,30
2015-12-08,Embu,38
2015-12-09,Embu,29
2015-12-10,Embu,38
2015-12-11,Embu,17
2015-12-12,Embu,20
2015-12-13,Embu,28
2015-12-14,Embu,22
2015-12-15,Embu,27
2015-12-16,Embu,22
2015-12-17,Embu,21
2015-12-18,Embu,25
2015-12-19,Embu,35
2015-12-20,Embu,32
2015-12-21,Embu,25
2015-12-22,Embu,14
2015-12-23,Embu,48
2015-12-24,Embu,23
2015-12-25,Embu,24
2015-12-26,Embu,13
2015-12-27,Embu,9
2015-12-28,Embu,27
2015-12-29,Embu,23
2015-12-30,Embu,32
2015-12-31,Embu,29
2016-01-01,Embu,38
2016-01-02,Embu,18
2016-01-03,Embu,22
2016-01-04,Embu,40
2016-01-05,Embu,38
2016-01-06,Embu,36
2016-01-07,Embu,35
2016-01-08,Embu,42
2016-01-09,Embu,31
2016-01-10,Embu,36
2016-01-11,Embu,24
2016-01-12,Embu,20
2016-01-13,Embu,39
2016-01-14,Embu,31
2016-01-15,Embu,34
2016-01-16,Embu,31
2016-01-17,Embu,4
2016-01-18,Embu,34
2016-01-19,Embu,24
2016-01-20,Embu,30
2016-01-21,Embu,25
2016-01-22,Embu,30
2016-01-23,Embu,23
2016-01-24,Embu,26
2016-01-25,Embu,7
2016-01-26,Embu,31
2016-01-27,Embu,27
2016-01-28,Embu,13
2016-01-29,Embu,33
2016-01-30,Embu,20
2016-01-31,Embu,35
2016-02-01,Embu,14
2016-02-02,Embu,15
2016-02-03,Embu,21
2016-02-04,Embu,28
2016-02-05,Embu,21
2016-02-06,Embu,47
2016-02-07,Embu,30
2016-02-08,Embu,34
2016-02-09,Embu,23
2016-02-10,Embu,31
2016-02-11,Embu,26
2016-02-12,Embu,21
2016-02-13,Embu,0
2016-02-14,Embu,24
2016-02-15,Embu,41
2016-02-16,Embu,22
2016-02-17,Embu,21
2016-02-18,Embu,3
2016-02-19,Embu,14
2016-02-20,Embu,31
2016-02-21,Embu,36
2016-02-22,Embu,31
2016-02-23,Embu,37
2016-02-24,Embu,31
2016-02-25,Embu,36
2016-02-26,Embu,38
2016-02-27,Embu,19
2016-02-28,Embu,28
2016-02-29,Embu,15
2016-03-01,Embu,28
2016-03-02,Embu,47
2016-03-03,Embu,22
2016-03-04,Embu,33
2016-03-05,Embu,27
2016-03-06,Embu,26
2016-03-07,Embu,39
2016-03-08,Embu,33
2016-03-09,Embu,17
2016-03-10,Embu,42
2016-03-11,Embu,26
2016-03-12,Embu,34
2016-03-13,Embu,44
2016-03-14,Embu,29
2016-03-15,Embu,31
2016-03-16,Embu,21
2016-03-17,Embu,33
2016-03-18,Embu,28
2016-03-19,Embu,36
2016-03-20,Embu,23
2016-03-21,Embu,38
2016-03-22,Embu,20
2016-03-23,Embu,33
2016-03-24,Embu,29
2016-03-25,Embu,37
2016-03-26,Embu,38
2016-03-27,Embu,33
2016-03-28,Embu,27
2016-03-29,Embu,32
2016-03-30,Embu,29
2016-03-31,Embu,44
2016-04-01,Embu,24
2016-04-02,Embu,5
2016-04-03,Embu,34
2016-04-04,Embu,17
2016-04-05,Embu,23
2016-04-06,Embu,30
2016-04-07,Embu,22
2016-04-08,Embu,15
2016-04-09,Embu,15
2016-04-10,Embu,27
2016-04-11,Embu,26
2016-04-12,Embu,24
2016-04-13,Embu,14
2016-04-14,Embu,22
2016-04-15,Embu,37
2016-04-16,Embu,36
2016-04-17,Embu,32
2016-04-18,Embu,16
2016-04-19,Embu,25
2016-04-20,Embu,35
2016-04-21,Embu,23
2016-04-22,Embu,43
2016-04-23,Embu,29
2016-04-24,Embu,32
2016-04-25,Embu,37
2016-04-26,Embu,34
2016-04-27,Embu,34
2016-04-28,Embu,22
2016-04-29,Embu,24
2016-04-30,Embu,40
2016-05-01,Embu,20
2016-05-02,Embu,19
2016-05-03,Embu,25
2016-05-04,Embu,40
2016-05-05,Embu,33
2016-05-06,Embu,23
2016-05-07,Embu,13
2016-05-08,Embu,25
2016-05-09,Embu,18
2016-05-10,Embu,37
2016-05-11,Embu,32
2016-05-12,Embu,30
2016-05-13,Embu,44
2016-05-14,Embu,40
2016-05-15,Embu,48
2016-05-16,Embu,6
2016-05-17,Embu,24
2016-05-18,Embu,42
2016-05-19,Embu,27
2016-05-20,Embu,45
2016-05-21,Embu,46
2016-05-22,Embu,31
2016-05-23,Embu,15
2016-05-24,Embu,23
2016-05-25,Embu,29
2016-05-26,Embu,24
2016-05-27,Embu,27
2016-05-28,Embu,32
2016-05-29,Embu,12
2016-05-30,Embu,45
2016-05-31,Embu,45
2016-06-01,Embu,8
2016-06-02,Embu,8
2016-06-03,Embu,38
2016-06-04,Embu,28
2016-06-05,Embu,32
2016-06-06,Embu,10
2016-06-07,Embu,37
2016-06-08,Embu,39
2016-06-09,Embu,37
2016-06-10,Embu,53
2016-06-11,Embu,29
2016-06-12,Embu,40
2016-06-13,Embu,51
2016-06-14,Embu,25
2016-06-15,Embu,22
2016-06-16,Embu,19
2016-06-17,Embu,25
2016-06-18,Embu,50
2016-06-19,Embu,30
2016-06-20,Embu,12
2016-06-21,Embu,22
2016-06-22,Embu,26
2016-06-23,Embu,24
2016-06-24,Embu,14
2016-06-25,Embu,37
2016-06-26,Embu,50
2016-06-27,Embu,41
2016-06-28,Embu,46
2016-06-29,Embu,14
2016-06-30,Embu,21
2016-07-01,Embu,30
2016-07-02,Embu,29
2016-07-03,Embu,22
2016-07-04,Embu,6
2016-07-05,Embu,20
2016-07-06,Embu,23
2016-07-07,Embu,18
2016-07-08,Embu,13
2016-07-09,Embu,19
2016-07-10,Embu,18
2016-07-11,Embu,0
2016-07-12,Embu,18
2016-07-13,Embu,26
2016-07-14,Embu,19
2016-07-15,Embu,16
2016-07-16,Embu,20
2016-07-17,Embu,36
2016-07-18,Embu,12
2016-07-19,Embu,24
2016-07-20,Embu,34
2016-07-21,Embu,30
2016-07-22,Embu,33
2016-07-23,Embu,27
2016-07-24,Embu,22
2016-07-25,Embu,22
2016-07-26,Embu,20
2016-07-27,Embu,46
2016-07-28,Embu,17
2016-07-29,Embu,17
2016-07-30,Embu,24
2016-07-31,Embu,33
2016-08-01,Embu,46
2016-08-02,Embu,21
2016-08-03,Embu,28
2016-08-04,Embu,18
2016-08-05,Embu,21
2016-08-06,Embu,12
2016-08-07,Embu,44
2016-08-08,Embu,26
2016-08-09,Embu,25
2016-08-10,Embu,32
2016-08-11,Embu,12
2016-08-12,Embu,35
2016-08-13,Embu,40
2016-08-14,Embu,34
2016-08-15,Embu,38
2016-08-16,Embu,26
2016-08-17,Embu,38
2016-08-18,Embu,19
2016-08-19,Embu,28
2016-08-20,Embu,32
2016-08-21,Embu,24
2016-08-22,Embu,14
2016-08-23,Embu,25
2016-08-24,Embu,26
2016-08-25,Embu,26
2016-08-26,Embu,34
2016-08-27,Embu,18
2016-08-28,Embu,57
2016-08-29,Embu,30
2016-08-30,Embu,21
2016-08-31,Embu,24
2016-09-01,Embu,26
2016-09-02,Embu,16
2016-09-03,Embu,26
2016-09-04,Embu,20
2016-09-05,Embu,13
2016-09-06,Embu,38
2016-09-07,Embu,27
2016-09-08,Embu,29
2016-09-09,Embu,23
2016-09-10,Embu,35
2016-09-11,Embu,39
2016-09-12,Embu,27
2016-09-13,Embu,20
2016-09-14,Embu,31
2016-09-15,Embu,19
2016-09-16,Embu,25
2016-09-17,Embu,23
2016-09-18,Embu,0
2016-09-19,Embu,28
2016-09-20,Embu,26
2016-09-21,Embu,13
2016-09-22,Embu,32
2016-09-23,Embu,17
2016-09-24,Embu,30
2016-09-25,Embu,35
2016-09-26,Embu,42
2016-09-27,Embu,46
2016-09-28,Embu,19
2016-09-29,Embu,30
2016-09-30,Embu,38
2016-10-01,Embu,11
2015-01-01,Kitui,22
2015-01-02,Kitui,26
2015-01-03,Kitui,26
2015-01-04,Kitui,27
2015-01-05,Kitui,16
2015-01-06,Kitui,37
2015-01-07,Kitui,16
2015-01-08,Kitui,36
2015-01-09,Kitui,45
2015-01-10,Kitui,27
2015-01-11,Kitui,49
2015-01-12,Kitui,24
2015-01-13,Kitui,21
2015-01-14,Kitui,50
2015-01-15,Kitui,29
2015-01-16,Kitui,29
2015-01-17,Kitui,18
2015-01-18,Kitui,30
2015-01-19,Kitui,34
2015-01-20,Kitui,13
2015-01-21,Kitui,23
2015-01-22,Kitui,23
2015-01-23,Kitui,41
2015-01-24,Kitui,34
2015-01-25,Kitui,18
2015-01-26,Kitui,48
2015-01-27,Kitui,16
2015-01-28,Kitui,19
2015-01-29,Kitui,32
2015-01-30,Kitui,19
2015-01-31,Kitui,25
2015-02-01,Kitui,14
2015-02-02,Kitui,15
2015-02-03,Kitui,12
2015-02-04,Kitui,34
2015-02-05,Kitui,26
2015-02-06,Kitui,32
2015-02-07,Kitui,10
2015-02-08,Kitui,31
2015-02-09,Kitui,20
2015-02-10,Kitui,17
2015-02-11,Kitui,17
2015-02-12,Kitui,18
2015-02-13,Kitui,45
2015-02-14,Kitui,11
2015-02-15,Kitui,28
2015-02-16,Kitui,23
2015-02-17,Kitui,30
2015-02-18,Kitui,24
2015-02-19,Kitui,51
2015-02-20,Kitui,15
2015-02-21,Kitui,38
2015-02-22,Kitui,39
2015-02-23,Kitui,15
2015-02-24,Kitui,15
2015-02-25,Kitui,7
2015-02-26,Kitui,17
2015-02-27,Kitui,32
2015-02-28,Kitui,29
2015-03-01,Kitui,33
2015-03-02,Kitui,26
2015-03-03,Kitui,34
2015-03-04,Kitui,33
2015-03-05,Kitui,22
2015-03-06,Kitui,31
2015-03-07,Kitui,21
2015-03-08,Kitui,26
2015-03-09,Kitui,23
2015-03-10,Kitui,12
2015-03-11,Kitui,43
2015-03-12,Kitui,51
2015-03-13,Kitui,35
2015-03-14,Kitui,36
2015-03-15,Kitui,22
2015-03-16,Kitui,29
2015-03-17,Kitui,44
2015-03-18,Kitui,25
2015-03-19,Kitui,43
2015-03-20,Kitui,38
2015-03-21,Kitui,36
2015-03-22,Kitui,24
2015-03-23,Kitui,25
2015-03-24,Kitui,44
2015-03-25,Kitui,31
2015-03-26,Kitui,28
2015-03-27,Kitui,31
2015-03-28,Kitui,24
2015-03-29,Kitui,35
2015-03-30,Kitui,38
2015-03-31,Kitui,29
2015-04-01,Kitui,41
2015-04-02,Kitui,22
2015-04-03,Kitui,23
2015-04-04,Kitui,47
2015-04-05,Kitui,56
2015-04-06,Kitui,26
2015-04-07,Kitui,38
2015-04-08,Kitui,38
2015-04-09,Kitui,41
2015-04-10,Kitui,25
2015-04-11,Kitui,22
2015-04-12,Kitui,45
2015-04-13,Kitui,45
2015-04-14,Kitui,38
2015-04-15,Kitui,28
2015-04-16,Kitui,38
2015-04-17,Kitui,36
2015-04-18,Kitui,38
2015-04-19,Kitui,39
2015-04-20,Kitui,35
2015-04-21,Kitui,31
2015-04-22,Kitui,37
2015-04-23,Kitui,34
2015-04-24,Kitui,26
2015-04-25,Kitui,13
2015-04-26,Kitui,31
2015-04-27,Kitui,39
2015-04-28,Kitui,30
2015-04-29,Kitui,38
2015-04-30,Kitui,17
2015-05-01,Kitui,48
2015-05-02,Kitui,37
2015-05-03,Kitui,18
2015-05-04,Kitui,30
2015-05-05,Kitui,25
2015-05-06,Kitui,47
2015-05-07,Kitui,25
2015-05-08,Kitui,37
2015-05-09,Kitui,24
2015-05-10,Kitui,30
2015-05-11,Kitui,39
2015-05-12,Kitui,44
2015-05-13,Kitui,20
2015-05-14,Kitui,28
2015-05-15,Kitui,23
2015-05-16,Kitui,18
2015-05-17,Kitui,44
2015-05-18,Kitui,24
2015-05-19,Kitui,41
2015-05-20,Kitui,46
2015-05-21,Kitui,23
2015-05-22,Kitui,13
2015-05-23,Kitui,32
2015-05-24,Kitui,24
2015-05-25,Kitui,33
2015-05-26,Kitui,46
2015-05-27,Kitui,29
2015-05-28,Kitui,27
2015-05-29,Kitui,22
2015-05-30,Kitui,30
2015-05-31,Kitui,42
2015-06-01,Kitui,11
2015-06-02,Kitui,27
2015-06-03,Kitui,17
2015-06-04,Kitui,17
2015-06-05,Kitui,16
2015-06-06,Kitui,34
2015-06-07,Kitui,29
2015-06-08,Kitui,30
2015-06-09,Kitui,27
2015-06-10,Kitui,22
2015-06-11,Kitui,19
2015-06-12,Kitui,10
2015-06-13,Kitui,22
2015-06-14,Kitui,21
2015-06-15,Kitui,18
2015-06-16,Kitui,33
2015-06-17,Kitui,25
2015-06-18,Kitui,8
2015-06-19,Kitui,42
2015-06-20,Kitui,31
2015-06-21,Kitui,27
2015-06-22,Kitui,38
2015-06-23,Kitui,29
2015-06-24,Kitui,27
2015-06-25,Kitui,30
2015-06-26,Kitui,36
2015-06-27,Kitui,46
2015-06-28,Kitui,15
2015-06-29,Kitui,47
2015-06-30,Kitui,20
2015-07-01,Kitui,33
2015-07-02,Kitui,14
2015-07-03,Kitui,7
2015-07-04,Kitui,42
2015-07-05,Kitui,15
2015-07-06,Kitui,20
2015-07-07,Kitui,7
2015-07-08,Kitui,11
2015-07-09,Kitui,25
2015-07-10,Kitui,29
2015-07-11,Kitui,14
2015-07-12,Kitui,23
2015-07-13,Kitui,31
2015-07-14,Kitui,32
2015-07-15,Kitui,22
2015-07-16,Kitui,20
2015-07-17,Kitui,8
2015-07-18,Kitui,14
2015-07-19,Kitui,22
2015-07-20,Kitui,43
2015-07-21,Kitui,43
2015-07-22,Kitui,31
2015-07-23,Kitui,37
2015-07-24,Kitui,29
2015-07-25,Kitui,24
2015-07-26,Kitui,24
2015-07-27,Kitui,29
2015-07-28,Kitui,18
2015-07-29,Kitui,15
2015-07-30,Kitui,25
2015-07-31,Kitui,20
2015-08-01,Kitui,16
2015-08-02,Kitui,24
2015-08-03,Kitui,34
2015-08-04,Kitui,13
2015-08-05,Kitui,33
2015-08-06,Kitui,38
2015-08-07,Kitui,23
2015-08-08,Kitui,26
2015-08-09,Kitui,6
2015-08-10,Kitui,25
2015-08-11,Kitui,25
2015-08-12,Kitui,34
2015-08-13,Kitui,39
2015-08-14,Kitui,12
2015-08-15,Kitui,32
2015-08-16,Kitui,0
2015-08-17,Kitui,17
2015-08-18,Kitui,16
2015-08-19,Kitui,28
2015-08-20,Kitui,31
2015-08-21,Kitui,14
2015-08-22,Kitui,30
2015-08-23,Kitui,17
2015-08-24,Kitui,38
2015-08-25,Kitui,29
2015-08-26,Kitui,34
2015-08-27,Kitui,34
2015-08-28,Kitui,36
2015-08-29,Kitui,30
2015-08-30,Kitui,43
2015-08-31,Kitui,22
2015-09-01,Kitui,25
2015-09-02,Kitui,31
2015-09-03,Kitui,28
2015-09-04,Kitui,33
2015-09-05,Kitui,33
2015-09-06,Kitui,32
2015-09-07,Kitui,29
2015-09-08,Kitui,16
2015-09-09,Kitui,61
2015-09-10,Kitui,24
2015-09-11,Kitui,33
2015-09-12,Kitui,11
2015-09-13,Kitui,10
2015-09-14,Kitui,25
2015-09-15,Kitui,20
2015-09-16,Kitui,27
2015-09-17,Kitui,23
2015-09-18,Kitui,20
2015-09-19,Kitui,28
2015-09-20,Kitui,45
2015-09-21,Kitui,26
2015-09-22,Kitui,34
2015-09-23,Kitui,32
2015-09-24,Kitui,27
2015-09-25,Kitui,51
2015-09-26,Kitui,32
2015-09-27,Kitui,16
2015-09-28,Kitui,26
2015-09-29,Kitui,24
2015-09-30,Kitui,25
2015-10-01,Kitui,32
2015-10-02,Kitui,24
2015-10-03,Kitui,26
2015-10-04,Kitui,32
2015-10-05,Kitui,34
2015-10-06,Kitui,31
2015-10-07,Kitui,18
2015-10-08,Kitui,37
2015-10-09,Kitui,28
2015-10-10,Kitui,22
2015-10-11,Kitui,15
2015-10-12,Kitui,30
2015-10-13,Kitui,44
2015-10-14,Kitui,28
2015-10-15,Kitui,37
2015-10-16,Kitui,36
2015-10-17,Kitui,24
2015-10-18,Kitui,35
2015-10-19,Kitui,26
2015-10-20,Kitui,34
2015-10-21,Kitui,25
2015-10-22,Kitui,31
2015-10-23,Kitui,39
2015-10-24,Kitui,32
2015-10-25,Kitui,26
2015-10-26,Kitui,44
2015-10-27,Kitui,34
2015-10-28,Kitui,43
2015-10-29,Kitui,32
2015-10-30,Kitui,12
2015-10-31,Kitui,46
2015-11-01,Kitui,42
2015-11-02,Kitui,17
2015-11-03,Kitui,8
2015-11-04,Kitui,29
2015-11-05,Kitui,35
2015-11-06,Kitui,23
2015-11-07,Kitui,21
2015-11-08,Kitui,28
2015-11-09,Kitui,27
2015-11-10,Kitui,45
2015-11-11,Kitui,39
2015-11-12,Kitui,25
2015-11-13,Kitui,13
2015-11-14,Kitui,37
2015-11-15,Kitui,6
2015-11-16,Kitui,50
2015-11-17,Kitui,24
2015-11-18,Kitui,13
2015-11-19,Kitui,39
2015-11-20,Kitui,31
2015-11-21,Kitui,41
2015-11-22,Kitui,32
2015-11-23,Kitui,23
2015-11-24,Kitui,29
2015-11-25,Kitui,31
2015-11-26,Kitui,25
2015-11-27,Kitui,20
2015-11-28,Kitui,47
2015-11-29,Kitui,27
2015-11-30,Kitui,34
2015-12-01,Kitui,24
2015-12-02,Kitui,41
2015-12-03,Kitui,28
2015-12-04,Kitui,43
2015-12-05,Kitui,19
2015-12-06,Kitui,16
2015-12-07,Kitui,26
2015-12-08,Kitui,24
2015-12-09,Kitui,21
2015-12-10,Kitui,32
2015-12-11,Kitui,20
2015-12-12,Kitui,28
2015-12-13,Kitui,33
2015-12-14,Kitui,33
2015-12-15,Kitui,14
2015-12-16,Kitui,19
2015-12-17,Kitui,30
2015-12-18,Kitui,30
2015-12-19,Kitui,24
2015-12-20,Kitui,36
2015-12-21,Kitui,26
2015-12-22,Kitui,1
2015-12-23,Kitui,14
2015-12-24,Kitui,18
2015-12-25,Kitui,13
2015-12-26,Kitui,20
2015-12-27,Kitui,6
2015-12-28,Kitui,28
2015-12-29,Kitui,14
2015-12-30,Kitui,25
2015-12-31,Kitui,42
2016-01-01,Kitui,15
2016-01-02,Kitui,11
2016-01-03,Kitui,23
2016-01-04,Kitui,15
2016-01-05,Kitui,33
2016-01-06,Kitui,20
2016-01-07,Kitui,26
2016-01-08,Kitui,20
2016-01-09,Kitui,22
2016-01-10,Kitui,12
2016-01-11,Kitui,20
2016-01-12,Kitui,17
2016-01-13,Kitui,18
2016-01-14,Kitui,16
2016-01-15,Kitui,28
2016-01-16,Kitui,29
2016-01-17,Kitui,33
2016-01-18,Kitui,22
2016-01-19,Kitui,24
2016-01-20,Kitui,32
2016-01-21,Kitui,32
2016-01-22,Kitui,17
2016-01-23,Kitui,29
2016-01-24,Kitui,36
2016-01-25,Kitui,39
2016-01-26,Kitui,22
2016-01-27,Kitui,40
2016-01-28,Kitui,22
2016-01-29,Kitui,21
2016-01-30,Kitui,37
2016-01-31,Kitui,25
2016-02-01,Kitui,18
2016-02-02,Kitui,5
2016-02-03,Kitui,23
2016-02-04,Kitui,28
2016-02-05,Kitui,44
2016-02-06,Kitui,30
2016-02-07,Kitui,35
2016-02-08,Kitui,22
2016-02-09,Kitui,26
2016-02-10,Kitui,21
2016-02-11,Kitui,24
2016-02-12,Kitui,42
2016-02-13,Kitui,28
2016-02-14,Kitui,21
2016-02-15,Kitui,11
2016-02-16,Kitui,25
2016-02-17,Kitui,0
2016-02-18,Kitui,23
2016-02-19,Kitui,18
2016-02-20,Kitui,26
2016-02-21,Kitui,30
2016-02-22,Kitui,29
2016-02-23,Kitui,39
2016-02-24,Kitui,27
2016-02-25,Kitui,24
2016-02-26,Kitui,27
2016-02-27,Kitui,21
2016-02-28,Kitui,28
2016-02-29,Kitui,10
2016-03-01,Kitui,32
2016-03-02,Kitui,27
2016-03-03,Kitui,29
2016-03-04,Kitui,28
2016-03-05,Kitui,36
2016-03-06,Kitui,17
2016-03-07,Kitui,47
2016-03-08,Kitui,17
2016-03-09,Kitui,25
2016-03-10,Kitui,28
2016-03-11,Kitui,21
2016-03-12,Kitui,45
2016-03-13,Kitui,22
2016-03-14,Kitui,20
2016-03-15,Kitui,33
2016-03-16,Kitui,18
2016-03-17,Kitui,18
2016-03-18,Kitui,17
2016-03-19,Kitui,11
2016-03-20,Kitui,28
2016-03-21,Kitui,23
2016-03-22,Kitui,24
2016-03-23,Kitui,29
2016-03-24,Kitui,27
2016-03-25,Kitui,39
2016-03-26,Kitui,31
2016-03-27,Kitui,36
2016-03-28,Kitui,43
2016-03-29,Kitui,34
2016-03-30,Kitui,33
2016-03-31,Kitui,32
2016-04-01,Kitui,26
2016-04-02,Kitui,33
2016-04-03,Kitui,30
2016-04-04,Kitui,22
2016-04-05,Kitui,34
2016-04-06,Kitui,30
2016-04-07,Kitui,38
2016-04-08,Kitui,50
2016-04-09,Kitui,33
2016-04-10,Kitui,27
2016-04-11,Kitui,24
2016-04-12,Kitui,47
2016-04-13,Kitui,28
2016-04-14,Kitui,24
2016-04-15,Kitui,45
2016-04-16,Kitui,47
2016-04-17,Kitui,67
2016-04-18,Kitui,34
2016-04-19,Kitui,30
2016-04-20,Kitui,16
2016-04-21,Kitui,16
2016-04-22,Kitui,15
2016-04-23,Kitui,36
2016-04-24,Kitui,15
2016-04-25,Kitui,25
2016-04-26,Kitui,42
2016-04-27,Kitui,31
2016-04-28,Kitui,45
2016-04-29,Kitui,39
2016-04-30,Kitui,39
2016-05-01,Kitui,23
2016-05-02,Kitui,42
2016-05-03,Kitui,25
2016-05-04,Kitui,66
2016-05-05,Kitui,43
2016-05-06,Kitui,27
2016-05-07,Kitui,28
2016-05-08,Kitui,39
2016-05-09,Kitui,34
2016-05-10,Kitui,36
2016-05-11,Kitui,29
2016-05-12,Kitui,41
2016-05-13,Kitui,22
2016-05-14,Kitui,19
2016-05-15,Kitui,29
2016-05-16,Kitui,40
2016-05-17,Kitui,38
2016-05-18,Kitui,31
2016-05-19,Kitui,41
2016-05-20,Kitui,28
2016-05-21,Kitui,44
2016-05-22,Kitui,14
2016-05-23,Kitui,27
2016-05-24,Kitui,40
2016-05-25,Kitui,30
2016-05-26,Kitui,26
2016-05-27,Kitui,22
2016-05-28,Kitui,12
2016-05-29,Kitui,30
2016-05-30,Kitui,51
2016-05-31,Kitui,32
2016-06-01,Kitui,18
2016-06-02,Kitui,16
2016-06-03,Kitui,30
2016-06-04,Kitui,28
2016-06-05,Kitui,39
2016-06-06,Kitui,28
2016-06-07,Kitui,31
2016-06-08,Kitui,13
2016-06-09,Kitui,27
2016-06-10,Kitui,21
2016-06-11,Kitui,11
2016-06-12,Kitui,29
2016-06-13,Kitui,9
2016-06-14,Kitui,28
2016-06-15,Kitui,39
2016-06-16,Kitui,33
2016-06-17,Kitui,33
2016-06-18,Kitui,41
2016-06-19,Kitui,17
2016-06-20,Kitui,42
2016-06-21,Kitui,16
2016-06-22,Kitui,24
2016-06-23,Kitui,39
2016-06-24,Kitui,4
2016-06-25,Kitui,21
2016-06-26,Kitui,31
2016-06-27,Kitui,21
2016-06-28,Kitui,9
2016-06-29,Kitui,14
2016-06-30,Kitui,18
2016-07-01,Kitui,27
2016-07-02,Kitui,20
2016-07-03,Kitui,17
2016-07-04,Kitui,34
2016-07-05,Kitui,31
2016-07-06,Kitui,34
2016-07-07,Kitui,20
2016-07-08,Kitui,28
2016-07-09,Kitui,24
2016-07-10,Kitui,10
2016-07-11,Kitui,13
2016-07-12,Kitui,41
2016-07-13,Kitui,25
2016-07-14,Kitui,22
2016-07-15,Kitui,9
2016-07-16,Kitui,26
2016-07-17,Kitui,29
2016-07-18,Kitui,31
2016-07-19,Kitui,39
2016-07-20,Kitui,38
2016-07-21,Kitui,25
2016-07-22,Kitui,18
2016-07-23,Kitui,21
2016-07-24,Kitui,28
2016-07-25,Kitui,30
2016-07-26,Kitui,35
2016-07-27,Kitui,33
2016-07-28,Kitui,21
2016-07-29,Kitui,22
2016-07-30,Kitui,13
2016-07-31,Kitui,36
2016-08-01,Kitui,42
2016-08-02,Kitui,47
2016-08-03,Kitui,25
2016-08-04,Kitui,23
2016-08-05,Kitui,34
2016-08-06,Kitui,32
2016-08-07,Kitui,36
2016-08-08,Kitui,16
2016-08-09,Kitui,19
2016-08-10,Kitui,37
2016-08-11,Kitui,32
2016-08-12,Kitui,26
2016-08-13,Kitui,27
2016-08-14,Kitui,17
2016-08-15,Kitui,32
2016-08-16,Kitui,25
2016-08-17,Kitui,22
2016-08-18,Kitui,33
2016-08-19,Kitui,36
2016-08-20,Kitui,15
2016-08-21,Kitui,32
2016-08-22,Kitui,34
2016-08-23,Kitui,32
2016-08-24,Kitui,30
2016-08-25,Kitui,35
2016-08-26,Kitui,13
2016-08-27,Kitui,10
2016-08-28,Kitui,27
2016-08-29,Kitui,33
2016-08-30,Kitui,26
2016-08-31,Kitui,24
2016-09-01,Kitui,38
2016-09-02,Kitui,18
2016-09-03,Kitui,23
2016-09-04,Kitui,29
2016-09-05,Kitui,29
2016-09-06,Kitui,40
2016-09-07,Kitui,30
2016-09-08,Kitui,38
2016-09-09,Kitui,29
2016-09-10,Kitui,26
2016-09-11,Kitui,34
2016-09-12,Kitui,31
2016-09-13,Kitui,28
2016-09-14,Kitui,12
2016-09-15,Kitui,25
2016-09-16,Kitui,23
2016-09-17,Kitui,27
2016-09-18,Kitui,16
2016-09-19,Kitui,21
2016-09-20,Kitui,23
2016-09-21,Kitui,29
2016-09-22,Kitui,12
2016-09-23,Kitui,22
2016-09-24,Kitui,25
2016-09-25,Kitui,22
2016-09-26,Kitui,20
2016-09-27,Kitui,13
2016-09-28,Kitui,21
2016-09-29,Kitui,25
2016-09-30,Kitui,16
2016-10-01,Kitui,28
2015-01-01,Machakos,9
2015-01-02,Machakos,5
2015-01-03,Machakos,30
2015-01-04,Machakos,28
2015-01-05,Machakos,21
2015-01-06,Machakos,14
2015-01-07,Machakos,15
2015-01-08,Machakos,31
2015-01-09,Machakos,11
2015-01-10,Machakos,24
2015-01-11,Machakos,28
2015-01-12,Machakos,29
2015-01-13,Machakos,38
2015-01-14,Machakos,28
2015-01-15,Machakos,27
2015-01-16,Machakos,36
2015-01-17,Machakos,17
2015-01-18,Machakos,24
2015-01-19,Machakos,21
2015-01-20,Machakos,16
2015-01-21,Machakos,23
2015-01-22,Machakos,29
2015-01-23,Machakos,28
2015-01-24,Machakos,28
2015-01-25,Machakos,31
2015-01-26,Machakos,24
2015-01-27,Machakos,33
2015-01-28,Machakos,22
2015-01-29,Machakos,24
2015-01-30,Machakos,24
2015-01-31,Machakos,40
2015-02-01,Machakos,12
2015-02-02,Machakos,22
2015-02-03,Machakos,32
2015-02-04,Machakos,30
2015-02-05,Machakos,38
2015-02-06,Machakos,38
2015-02-07,Machakos,15
2015-02-08,Machakos,27
2015-02-09,Machakos,21
2015-02-10,Machakos,21
2015-02-11,Machakos,29
2015-02-12,Machakos,23
2015-02-13,Machakos,17
2015-02-14,Machakos,23
2015-02-15,Machakos,0
2015-02-16,Machakos,20
2015-02-17,Machakos,45
2015-02-18,Machakos,27
2015-02-19,Machakos,17
2015-02-20,Machakos,8
2015-02-21,Machakos,51
2015-02-22,Machakos,31
2015-02-23,Machakos,35
2015-02-24,Machakos,32
2015-02-25,Machakos,41
2015-02-26,Machakos,18
2015-02-27,Machakos,26
2015-02-28,Machakos,38
2015-03-01,Machakos,51
2015-03-02,Machakos,29
2015-03-03,Machakos,37
2015-03-04,Machakos,30
2015-03-05,Machakos,18
2015-03-06,Machakos,25
2015-03-07,Machakos,32
2015-03-08,Machakos,38
2015-03-09,Machakos,20
2015-03-10,Machakos,35
2015-03-11,Machakos,19
2015-03-12,Machakos,20
2015-03-13,Machakos,26
2015-03-14,Machakos,26
2015-03-15,Machakos,37
2015-03-16,Machakos,48
2015-03-17,Machakos,27
2015-03-18,Machakos,19
2015-03-19,Machakos,26
2015-03-20,Machakos,30
2015-03-21,Machakos,46
2015-03-22,Machakos,42
2015-03-23,Machakos,27
2015-03-24,Machakos,53
2015-03-25,Machakos,35
2015-03-26,Machakos,42
2015-03-27,Machakos,5
2015-03-28,Machakos,23
2015-03-29,Machakos,28
2015-03-30,Machakos,25
2015-03-31,Machakos,40
2015-04-01,Machakos,26
2015-04-02,Machakos,27
2015-04-03,Machakos,13
2015-04-04,Machakos,36
2015-04-05,Machakos,31
2015-04-06,Machakos,22
2015-04-07,Machakos,41
2015-04-08,Machakos,29
2015-04-09,Machakos,39
2015-04-10,Machakos,42
2015-04-11,Machakos,43
2015-04-12,Machakos,53
2015-04-13,Machakos,35
2015-04-14,Machakos,27
2015-04-15,Machakos,53
2015-04-16,Machakos,33
2015-04-17,Machakos,39
2015-04-18,Machakos,45
2015-04-19,Machakos,37
2015-04-20,Machakos,29
2015-04-21,Machakos,23
2015-04-22,Machakos,29
2015-04-23,Machakos,33
2015-04-24,Machakos,49
2015-04-25,Machakos,27
2015-04-26,Machakos,22
2015-04-27,Machakos,38
2015-04-28,Machakos,48
2015-04-29,Machakos,18
2015-04-30,Machakos,26
2015-05-01,Machakos,26
2015-05-02,Machakos,34
2015-05-03,Machakos,28
2015-05-04,Machakos,29
2015-05-05,Machakos,26
2015-05-06,Machakos,33
2015-05-07,Machakos,36
2015-05-08,Machakos,20
2015-05-09,Machakos,48
2015-05-10,Machakos,42
2015-05-11,Machakos,44
2015-05-12,Machakos,21
2015-05-13,Machakos,33
2015-05-14,Machakos,27
2015-05-15,Machakos,28
2015-05-16,Machakos,39
2015-05-17,Machakos,21
2015-05-18,Machakos,33
2015-05-19,Machakos,30
2015-05-20,Machakos,17
2015-05-21,Machakos,25
2015-05-22,Machakos,21
2015-05-23,Machakos,26
2015-05-24,Machakos,29
2015-05-25,Machakos,15
2015-05-26,Machakos,28
2015-05-27,Machakos,35
2015-05-28,Machakos,6
2015-05-29,Machakos,15
2015-05-30,Machakos,65
2015-05-31,Machakos,40
2015-06-01,Machakos,21
2015-06-02,Machakos,27
2015-06-03,Machakos,20
2015-06-04,Machakos,30
2015-06-05,Machakos,10
2015-06-06,Machakos,36
2015-06-07,Machakos,27
2015-06-08,Machakos,31
2015-06-09,Machakos,39
2015-06-10,Machakos,31
2015-06-11,Machakos,19
2015-06-12,Machakos,22
2015-06-13,Machakos,44
2015-06-14,Machakos,14
2015-06-15,Machakos,43
2015-06-16,Machakos,39
2015-06-17,Machakos,9
2015-06-18,Machakos,38
2015-06-19,Machakos,26
2015-06-20,Machakos,30
2015-06-21,Machakos,40
2015-06-22,Machakos,29
2015-06-23,Machakos,27
2015-06-24,Machakos,29
2015-06-25,Machakos,11
2015-06-26,Machakos,32
2015-06-27,Machakos,31
2015-06-28,Machakos,16
2015-06-29,Machakos,40
2015-06-30,Machakos,24
2015-07-01,Machakos,29
2015-07-02,Machakos,37
2015-07-03,Machakos,20
2015-07-04,Machakos,9
2015-07-05,Machakos,27
2015-07-06,Machakos,14
2015-07-07,Machakos,24
2015-07-08,Machakos,23
2015-07-09,Machakos,16
2015-07-10,Machakos,15
2015-07-11,Machakos,18
2015-07-12,Machakos,27
2015-07-13,Machakos,21
2015-07-14,Machakos,24
2015-07-15,Machakos,4
2015-07-16,Machakos,40
2015-07-17,Machakos,13
2015-07-18,Machakos,19
2015-07-19,Machakos,15
2015-07-20,Machakos,4
2015-07-21,Machakos,12
2015-07-22,Machakos,38
2015-07-23,Machakos,18
2015-07-24,Machakos,0
2015-07-25,Machakos,30
2015-07-26,Machakos,34
2015-07-27,Machakos,35
2015-07-28,Machakos,15
2015-07-29,Machakos,23
2015-07-30,Machakos,20
2015-07-31,Machakos,26
2015-08-01,Machakos,19
2015-08-02,Machakos,28
2015-08-03,Machakos,31
2015-08-04,Machakos,34
2015-08-05,Machakos,16
2015-08-06,Machakos,30
2015-08-07,Machakos,22
2015-08-08,Machakos,31
2015-08-09,Machakos,19
2015-08-10,Machakos,35
2015-08-11,Machakos,23
2015-08-12,Machakos,18
2015-08-13,Machakos,22
2015-08-14,Machakos,26
2015-08-15,Machakos,17
2015-08-16,Machakos,34
2015-08-17,Machakos,22
2015-08-18,Machakos,6
2015-08-19,Machakos,20
2015-08-20,Machakos,14
2015-08-21,Machakos,13
2015-08-22,Machakos,41
2015-08-23,Machakos,26
2015-08-24,Machakos,42
2015-08-25,Machakos,24
2015-08-26,Machakos,21
2015-08-27,Machakos,39
2015-08-28,Machakos,36
2015-08-29,Machakos,26
2015-08-30,Machakos,12
2015-08-31,Machakos,21
2015-09-01,Machakos,39
2015-09-02,Machakos,20
2015-09-03,Machakos,41
2015-09-04,Machakos,30
2015-09-05,Machakos,17
2015-09-06,Machakos,13
2015-09-07,Machakos,35
2015-09-08,Machakos,31
2015-09-09,Machakos,34
2015-09-10,Machakos,23
2015-09-11,Machakos,22
2015-09-12,Machakos,28
2015-09-13,Machakos,26
2015-09-14,Machakos,12
2015-09-15,Machakos,13
2015-09-16,Machakos,6
2015-09-17,Machakos,21
2015-09-18,Machakos,29
2015-09-19,Machakos,22
2015-09-20,Machakos,25
2015-09-21,Machakos,33
2015-09-22,Machakos,48
2015-09-23,Machakos,27
2015-09-24,Machakos,45
2015-09-25,Machakos,35
2015-09-26,Machakos,26
2015-09-27,Machakos,30
2015-09-28,Machakos,21
2015-09-29,Machakos,9
2015-09-30,Machakos,13
2015-10-01,Machakos,21
2015-10-02,Machakos,28
2015-10-03,Machakos,33
2015-10-04,Machakos,32
2015-10-05,Machakos,36
2015-10-06,Machakos,34
2015-10-07,Machakos,40
2015-10-08,Machakos,20
2015-10-09,Machakos,25
2015-10-10,Machakos,12
2015-10-11,Machakos,34
2015-10-12,Machakos,32
2015-10-13,Machakos,31
2015-10-14,Machakos,35
2015-10-15,Machakos,42
2015-10-16,Machakos,42
2015-10-17,Machakos,37
2015-10-18,Machakos,25
2015-10-19,Machakos,30
2015-10-20,Machakos,25
2015-10-21,Machakos,38
2015-10-22,Machakos,31
2015-10-23,Machakos,20
2015-10-24,Machakos,31
2015-10-25,Machakos,14
2015-10-26,Machakos,28
2015-10-27,Machakos,33
2015-10-28,Machakos,31
2015-10-29,Machakos,37
2015-10-30,Machakos,22
2015-10-31,Machakos,21
2015-11-01,Machakos,28
2015-11-02,Machakos,16
2015-11-03,Machakos,34
2015-11-04,Machakos,18
2015-11-05,Machakos,39
2015-11-06,Machakos,27
2015-11-07,Machakos,11
2015-11-08,Machakos,13
2015-11-09,Machakos,16
2015-11-10,Machakos,30
2015-11-11,Machakos,14
2015-11-12,Machakos,3
2015-11-13,Machakos,47
2015-11-14,Machakos,17
2015-11-15,Machakos,36
2015-11-16,Machakos,43
2015-11-17,Machakos,24
2015-11-18,Machakos,28
2015-11-19,Machakos,35
2015-11-20,Machakos,42
2015-11-21,Machakos,46
2015-11-22,Machakos,29
2015-11-23,Machakos,31
2015-11-24,Machakos,53
2015-11-25,Machakos,19
2015-11-26,Machakos,41
2015-11-27,Machakos,27
2015-11-28,Machakos,22
2015-11-29,Machakos,28
2015-11-30,Machakos,18
2015-12-01,Machakos,22
2015-12-02,Machakos,43
2015-12-03,Machakos,21
2015-12-04,Machakos,28
2015-12-05,Machakos,32
2015-12-06,Machakos,40
2015-12-07,Machakos,29
2015-12-08,Machakos,12
2015-12-09,Machakos,5
2015-12-10,Machakos,28
2015-12-11,Machakos,28
2015-12-12,Machakos,37
2015-12-13,Machakos,15
2015-12-14,Machakos,38
2015-12-15,Machakos,23
2015-12-16,Machakos,25
2015-12-17,Machakos,28
2015-12-18,Machakos,11
2015-12-19,Machakos,25
2015-12-20,Machakos,37
2015-12-21,Machakos,11
2015-12-22,Machakos,3
2015-12-23,Machakos,28
2015-12-24,Machakos,25
2015-12-25,Machakos,29
2015-12-26,Machakos,19
2015-12-27,Machakos,17
2015-12-28,Machakos,15
2015-12-29,Machakos,20
2015-12-30,Machakos,40
2015-12-31,Machakos,24
2016-01-01,Machakos,39
2016-01-02,Machakos,37
2016-01-03,Machakos,21
2016-01-04,Machakos,12
2016-01-05,Machakos,19
2016-01-06,Machakos,23
2016-01-07,Machakos,32
2016-01-08,Machakos,30
2016-01-09,Machakos,22
2016-01-10,Machakos,22
2016-01-11,Machakos,21
2016-01-12,Machakos,15
2016-01-13,Machakos,12
2016-01-14,Machakos,21
2016-01-15,Machakos,19
2016-01-16,Machakos,28
2016-01-17,Machakos,10
2016-01-18,Machakos,31
2016-01-19,Machakos,21
2016-01-20,Machakos,41
2016-01-21,Machakos,31
2016-01-22,Machakos,5
2016-01-23,Machakos,28
2016-01-24,Machakos,2
2016-01-25,Machakos,17
2016-01-26,Machakos,14
2016-01-27,Machakos,19
2016-01-28,Machakos,13
2016-01-29,Machakos,6
2016-01-30,Machakos,40
2016-01-31,Machakos,38
2016-02-01,Machakos,22
2016-02-02,Machakos,16
2016-02-03,Machakos,24
2016-02-04,Machakos,44
2016-02-05,Machakos,12
2016-02-06,Machakos,22
2016-02-07,Machakos,20
2016-02-08,Machakos,20
2016-02-09,Machakos,0
2016-02-10,Machakos,5
2016-02-11,Machakos,19
2016-02-12,Machakos,27
2016-02-13,Machakos,17
2016-02-14,Machakos,36
2016-02-15,Machakos,14
2016-02-16,Machakos,12
2016-02-17,Machakos,29
2016-02-18,Machakos,35
2016-02-19,Machakos,21
2016-02-20,Machakos,19
2016-02-21,Machakos,24
2016-02-22,Machakos,20
2016-02-23,Machakos,31
2016-02-24,Machakos,16
2016-02-25,Machakos,20
2016-02-26,Machakos,36
2016-02-27,Machakos,26
2016-02-28,Machakos,31
2016-02-29,Machakos,48
2016-03-01,Machakos,27
2016-03-02,Machakos,29
2016-03-03,Machakos,49
2016-03-04,Machakos,29
2016-03-05,Machakos,17
2016-03-06,Machakos,38
2016-03-07,Machakos,41
2016-03-08,Machakos,30
2016-03-09,Machakos,35
2016-03-10,Machakos,22
2016-03-11,Machakos,37
2016-03-12,Machakos,28
2016-03-13,Machakos,38
2016-03-14,Machakos,41
2016-03-15,Machakos,32
2016-03-16,Machakos,31
2016-03-17,Machakos,52
2016-03-18,Machakos,11
2016-03-19,Machakos,28
2016-03-20,Machakos,27
2016-03-21,Machakos,34
2016-03-22,Machakos,29
2016-03-23,Machakos,50
2016-03-24,Machakos,41
2016-03-25,Machakos,18
2016-03-26,Machakos,27
2016-03-27,Machakos,36
2016-03-28,Machakos,31
2016-03-29,Machakos,20
2016-03-30,Machakos,41
2016-03-31,Machakos,41
2016-04-01,Machakos,28
2016-04-02,Machakos,35
2016-04-03,Machakos,41
2016-04-04,Machakos,24
2016-04-05,Machakos,33
2016-04-06,Machakos,36
2016-04-07,Machakos,30
2016-04-08,Machakos,1
2016-04-09,Machakos,30
2016-04-10,Machakos,17
2016-04-11,Machakos,7
2016-04-12,Machakos,26
2016-04-13,Machakos,26
2016-04-14,Machakos,38
2016-04-15,Machakos,40
2016-04-16,Machakos,25
2016-04-17,Machakos,23
2016-04-18,Machakos,28
2016-04-19,Machakos,43
2016-04-20,Machakos,31
2016-04-21,Machakos,17
2016-04-22,Machakos,33
2016-04-23,Machakos,21
2016-04-24,Machakos,27
2016-04-25,Machakos,37
2016-04-26,Machakos,30
2016-04-27,Machakos,47
2016-04-28,Machakos,38
2016-04-29,Machakos,30
2016-04-30,Machakos,29
2016-05-01,Machakos,34
2016-05-02,Machakos,28
2016-05-03,Machakos,38
2016-05-04,Machakos,39
2016-05-05,Machakos,27
2016-05-06,Machakos,25
2016-05-07,Machakos,31
2016-05-08,Machakos,38
2016-05-09,Machakos,20
2016-05-10,Machakos,36
2016-05-11,Machakos,19
2016-05-12,Machakos,39
2016-05-13,Machakos,16
2016-05-14,Machakos,27
2016-05-15,Machakos,29
2016-05-16,Machakos,40
2016-05-17,Machakos,34
2016-05-18,Machakos,33
2016-05-19,Machakos,35
2016-05-20,Machakos,31
2016-05-21,Machakos,32
2016-05-22,Machakos,55
2016-05-23,Machakos,37
2016-05-24,Machakos,26
2016-05-25,Machakos,34
2016-05-26,Machakos,35
2016-05-27,Machakos,29
2016-05-28,Machakos,34
2016-05-29,Machakos,45
2016-05-30,Machakos,20
2016-05-31,Machakos,41
2016-06-01,Machakos,30
2016-06-02,Machakos,31
2016-06-03,Machakos,8
2016-06-04,Machakos,37
2016-06-05,Machakos,33
2016-06-06,Machakos,33
2016-06-07,Machakos,37
2016-06-08,Machakos,20
2016-06-09,Machakos,38
2016-06-10,Machakos,29
2016-06-11,Machakos,19
2016-06-12,Machakos,23
2016-06-13,Machakos,17
2016-06-14,Machakos,20
2016-06-15,Machakos,33
2016-06-16,Machakos,24
2016-06-17,Machakos,37
2016-06-18,Machakos,21
2016-06-19,Machakos,18
2016-06-20,Machakos,33
2016-06-21,Machakos,28
2016-06-22,Machakos,21
2016-06-23,Machakos,26
2016-06-24,Machakos,35
2016-06-25,Machakos,33
2016-06-26,Machakos,24
2016-06-27,Machakos,35
2016-06-28,Machakos,41
2016-06-29,Machakos,23
2016-06-30,Machakos,30
2016-07-01,Machakos,35
2016-07-02,Machakos,18
2016-07-03,Machakos,35
2016-07-04,Machakos,29
2016-07-05,Machakos,16
2016-07-06,Machakos,47
2016-07-07,Machakos,37
2016-07-08,Machakos,20
2016-07-09,Machakos,40
2016-07-10,Machakos,23
2016-07-11,Machakos,23
2016-07-12,Machakos,24
2016-07-13,Machakos,20
2016-07-14,Machakos,34
2016-07-15,Machakos,37
2016-07-16,Machakos,30
2016-07-17,Machakos,21
2016-07-18,Machakos,18
2016-07-19,Machakos,22
2016-07-20,Machakos,21
2016-07-21,Machakos,28
2016-07-22,Machakos,8
2016-07-23,Machakos,16
2016-07-24,Machakos,2
2016-07-25,Machakos,40
2016-07-26,Machakos,21
2016-07-27,Machakos,44
2016-07-28,Machakos,11
2016-07-29,Machakos,21
2016-07-30,Machakos,29
2016-07-31,Machakos,44
2016-08-01,Machakos,24
2016-08-02,Machakos,25
2016-08-03,Machakos,17
2016-08-04,Machakos,37
2016-08-05,Machakos,16
2016-08-06,Machakos,40
2016-08-07,Machakos,32
2016-08-08,Machakos,27
2016-08-09,Machakos,36
2016-08-10,Machakos,17
2016-08-11,Machakos,27
2016-08-12,Machakos,26
2016-08-13,Machakos,25
2016-08-14,Machakos,40
2016-08-15,Machakos,9
2016-08-16,Machakos,12
2016-08-17,Machakos,9
2016-08-18,Machakos,18
2016-08-19,Machakos,37
2016-08-20,Machakos,16
2016-08-21,Machakos,34
2016-08-22,Machakos,33
2016-08-23,Machakos,38
2016-08-24,Machakos,32
2016-08-25,Machakos,21
2016-08-26,Machakos,22
2016-08-27,Machakos,28
2016-08-28,Machakos,37
2016-08-29,Machakos,35
2016-08-30,Machakos,34
2016-08-31,Machakos,35
2016-09-01,Machakos,5
2016-09-02,Machakos,37
2016-09-03,Machakos,31
2016-09-04,Machakos,18
2016-09-05,Machakos,32
2016-09-06,Machakos,11
2016-09-07,Machakos,27
2016-09-08,Machakos,25
2016-09-09,Machakos,28
2016-09-10,Machakos,41
2016-09-11,Machakos,18
2016-09-12,Machakos,26
2016-09-13,Machakos,35
2016-09-14,Machakos,20
2016-09-15,Machakos,35
2016-09-16,Machakos,7
2016-09-17,Machakos,27
2016-09-18,Machakos,18
2016-09-19,Machakos,37
2016-09-20,Machakos,15
2016-09-21,Machakos,23
2016-09-22,Machakos,10
2016-09-23,Machakos,21
2016-09-24,Machakos,33
2016-09-25,Machakos,26
2016-09-26,Machakos,25
2016-09-27,Machakos,25
2016-09-28,Machakos,36
2016-09-29,Machakos,49
2016-09-30,Machakos,31
2016-10-01,Machakos,30
2015-01-01,Makueni,34
2015-01-02,Makueni,25
2015-01-03,Makueni,38
2015-01-04,Makueni,37
2015-01-05,Makueni,17
2015-01-06,Makueni,20
2015-01-07,Makueni,17
2015-01-08,Makueni,27
2015-01-09,Makueni,25
2015-01-10,Makueni,26
2015-01-11,Makueni,33
2015-01-12,Makueni,41
2015-01-13,Makueni,23
2015-01-14,Makueni,34
2015-01-15,Makueni,36
2015-01-16,Makueni,19
2015-01-17,Makueni,19
2015-01-18,Makueni,21
2015-01-19,Makueni,29
2015-01-20,Makueni,34
2015-01-21,Makueni,30
2015-01-22,Makueni,40
2015-01-23,Makueni,29
2015-01-24,Makueni,30
2015-01-25,Makueni,22
2015-01-26,Makueni,16
2015-01-27,Makueni,50
2015-01-28,Makueni,30
2015-01-29,Makueni,17
2015-01-30,Makueni,42
2015-01-31,Makueni,34
2015-02-01,Makueni,26
2015-02-02,Makueni,24
2015-02-03,Makueni,40
2015-02-04,Makueni,8
2015-02-05,Makueni,22
2015-02-06,Makueni,30
2015-02-07,Makueni,8
2015-02-08,Makueni,32
2015-02-09,Makueni,25
2015-02-10,Makueni,26
2015-02-11,Makueni,1
2015-02-12,Makueni,42
2015-02-13,Makueni,31
2015-02-14,Makueni,41
2015-02-15,Makueni,15
2015-02-16,Makueni,34
2015-02-17,Makueni,33
2015-02-18,Makueni,4
2015-02-19,Makueni,25
2015-02-20,Makueni,30
2015-02-21,Makueni,30
2015-02-22,Makueni,37
2015-02-23,Makueni,27
2015-02-24,Makueni,34
2015-02-25,Makueni,12
2015-02-26,Makueni,22
2015-02-27,Makueni,30
2015-02-28,Makueni,27
2015-03-01,Makueni,43
2015-03-02,Makueni,40
2015-03-03,Makueni,18
2015-03-04,Makueni,41
2015-03-05,Makueni,32
2015-03-06,Makueni,40
2015-03-07,Makueni,43
2015-03-08,Makueni,38
2015-03-09,Makueni,18
2015-03-10,Makueni,43
2015-03-11,Makueni,31
2015-03-12,Makueni,32
2015-03-13,Makueni,36
2015-03-14,Makueni,35
2015-03-15,Makueni,44
2015-03-16,Makueni,32
2015-03-17,Makueni,30
2015-03-18,Makueni,37
2015-03-19,Makueni,23
2015-03-20,Makueni,31
2015-03-21,Makueni,32
2015-03-22,Makueni,36
2015-03-23,Makueni,7
2015-03-24,Makueni,58
2015-03-25,Makueni,24
2015-03-26,Makueni,27
2015-03-27,Makueni,27
2015-03-28,Makueni,38
2015-03-29,Makueni,43
2015-03-30,Makueni,24
2015-03-31,Makueni,15
2015-04-01,Makueni,30
2015-04-02,Makueni,26
2015-04-03,Makueni,20
2015-04-04,Makueni,24
2015-04-05,Makueni,23
2015-04-06,Makueni,37
2015-04-07,Makueni,38
2015-04-08,Makueni,24
2015-04-09,Makueni,53
2015-04-10,Makueni,40
2015-04-11,Makueni,13
2015-04-12,Makueni,21
2015-04-13,Makueni,11
2015-04-14,Makueni,39
2015-04-15,Makueni,37
2015-04-16,Makueni,45
2015-04-17,Makueni,40
2015-04-18,Makueni,34
2015-04-19,Makueni,33
2015-04-20,Makueni,39
2015-04-21,Makueni,33
2015-04-22,Makueni,29
2015-04-23,Makueni,35
2015-04-24,Makueni,43
2015-04-25,Makueni,31
2015-04-26,Makueni,38
2015-04-27,Makueni,29
2015-04-28,Makueni,12
2015-04-29,Makueni,27
2015-04-30,Makueni,27
2015-05-01,Makueni,36
2015-05-02,Makueni,38
2015-05-03,Makueni,44
2015-05-04,Makueni,13
2015-05-05,Makueni,30
2015-05-06,Makueni,40
2015-05-07,Makueni,33
2015-05-08,Makueni,41
2015-05-09,Makueni,43
2015-05-10,Makueni,26
2015-05-11,Makueni,33
2015-05-12,Makueni,36
2015-05-13,Makueni,28
2015-05-14,Makueni,56
2015-05-15,Makueni,14
2015-05-16,Makueni,27
2015-05-17,Makueni,41
2015-05-18,Makueni,26
2015-05-19,Makueni,8
2015-05-20,Makueni,10
2015-05-21,Makueni,45
2015-05-22,Makueni,38
2015-05-23,Makueni,34
2015-05-24,Makueni,35
2015-05-25,Makueni,36
2015-05-26,Makueni,30
2015-05-27,Makueni,31
2015-05-28,Makueni,25
2015-05-29,Makueni,32
2015-05-30,Makueni,16
2015-05-31,Makueni,46
2015-06-01,Makueni,41
2015-06-02,Makueni,25
2015-06-03,Makueni,25
2015-06-04,Makueni,43
2015-06-05,Makueni,34
2015-06-06,Makueni,36
2015-06-07,Makueni,29
2015-06-08,Makueni,15
2015-06-09,Makueni,24
2015-06-10,Makueni,15
2015-06-11,Makueni,47
2015-06-12,Makueni,28
2015-06-13,Makueni,35
2015-06-14,Makueni,22
2015-06-15,Makueni,36
2015-06-16,Makueni,30
2015-06-17,Makueni,39
2015-06-18,Makueni,33
2015-06-19,Makueni,34
2015-06-20,Makueni,16
2015-06-21,Makueni,31
2015-06-22,Makueni,25
2015-06-23,Makueni,22
2015-06-24,Makueni,16
2015-06-25,Makueni,28
2015-06-26,Makueni,27
2015-06-27,Makueni,21
2015-06-28,Makueni,8
2015-06-29,Makueni,32
2015-06-30,Makueni,29
2015-07-01,Makueni,24
2015-07-02,Makueni,26
2015-07-03,Makueni,22
2015-07-04,Makueni,40
2015-07-05,Makueni,20
2015-07-06,Makueni,43
2015-07-07,Makueni,24
2015-07-08,Makueni,34
2015-07-09,Makueni,33
2015-07-10,Makueni,13
2015-07-11,Makueni,24
2015-07-12,Makueni,31
2015-07-13,Makueni,40
2015-07-14,Makueni,33
2015-07-15,Makueni,27
2015-07-16,Makueni,27
2015-07-17,Makueni,12
2015-07-18,Makueni,9
2015-07-19,Makueni,26
2015-07-20,Makueni,11
2015-07-21,Makueni,31
2015-07-22,Makueni,33
2015-07-23,Makueni,38
2015-07-24,Makueni,30
2015-07-25,Makueni,39
2015-07-26,Makueni,36
2015-07-27,Makueni,32
2015-07-28,Makueni,38
2015-07-29,Makueni,18
2015-07-30,Makueni,30
2015-07-31,Makueni,27
2015-08-01,Makueni,24
2015-08-02,Makueni,36
2015-08-03,Makueni,16
2015-08-04,Makueni,31
2015-08-05,Makueni,18
2015-08-06,Makueni,24
2015-08-07,Makueni,46
2015-08-08,Makueni,35
2015-08-09,Makueni,22
2015-08-10,Makueni,24
2015-08-11,Makueni,18
2015-08-12,Makueni,40
2015-08-13,Makueni,10
2015-08-14,Makueni,24
2015-08-15,Makueni,21
2015-08-16,Makueni,40
2015-08-17,Makueni,24
2015-08-18,Makueni,28
2015-08-19,Makueni,23
2015-08-20,Makueni,34
2015-08-21,Makueni,42
2015-08-22,Makueni,29
2015-08-23,Makueni,31
2015-08-24,Makueni,51
2015-08-25,Makueni,38
2015-08-26,Makueni,28
2015-08-27,Makueni,17
2015-08-28,Makueni,23
2015-08-29,Makueni,11
2015-08-30,Makueni,40
2015-08-31,Makueni,24
2015-09-01,Makueni,14
2015-09-02,Makueni,41
2015-09-03,Makueni,28
2015-09-04,Makueni,21
2015-09-05,Makueni,35
2015-09-06,Makueni,24
2015-09-07,Makueni,35
2015-09-08,Makueni,41
2015-09-09,Makueni,23
2015-09-10,Makueni,1
2015-09-11,Makueni,23
2015-09-12,Makueni,12
2015-09-13,Makueni,8
2015-09-14,Makueni,36
2015-09-15,Makueni,22
2015-09-16,Makueni,19
2015-09-17,Makueni,12
2015-09-18,Makueni,29
2015-09-19,Makueni,37
2015-09-20,Makueni,27
2015-09-21,Makueni,42
2015-09-22,Makueni,17
2015-09-23,Makueni,19
2015-09-24,Makueni,37
2015-09-25,Makueni,31
2015-09-26,Makueni,35
2015-09-27,Makueni,32
2015-09-28,Makueni,28
2015-09-29,Makueni,25
2015-09-30,Makueni,22
2015-10-01,Makueni,33
2015-10-02,Makueni,17
2015-10-03,Makueni,45
2015-10-04,Makueni,27
2015-10-05,Makueni,35
2015-10-06,Makueni,24
2015-10-07,Makueni,52
2015-10-08,Makueni,50
2015-10-09,Makueni,31
2015-10-10,Makueni,20
2015-10-11,Makueni,30
2015-10-12,Makueni,48
2015-10-13,Makueni,44
2015-10-14,Makueni,29
2015-10-15,Makueni,46
2015-10-16,Makueni,26
2015-10-17,Makueni,26
2015-10-18,Makueni,16
2015-10-19,Makueni,27
2015-10-20,Makueni,22
2015-10-21,Makueni,30
2015-10-22,Makueni,34
2015-10-23,Makueni,23
2015-10-24,Makueni,35
2015-10-25,Makueni,41
2015-10-26,Makueni,39
2015-10-27,Makueni,41
2015-10-28,Makueni,28
2015-10-29,Makueni,9
2015-10-30,Makueni,14
2015-10-31,Makueni,16
2015-11-01,Makueni,17
2015-11-02,Makueni,16
2015-11-03,Makueni,45
2015-11-04,Makueni,44
2015-11-05,Makueni,26
2015-11-06,Makueni,34
2015-11-07,Makueni,32
2015-11-08,Makueni,13
2015-11-09,Makueni,24
2015-11-10,Makueni,39
2015-11-11,Makueni,16
2015-11-12,Makueni,29
2015-11-13,Makueni,9
2015-11-14,Makueni,42
2015-11-15,Makueni,24
2015-11-16,Makueni,37
2015-11-17,Makueni,49
2015-11-18,Makueni,16
2015-11-19,Makueni,45
2015-11-20,Makueni,34
2015-11-21,Makueni,27
2015-11-22,Makueni,23
2015-11-23,Makueni,26
2015-11-24,Makueni,31
2015-11-25,Makueni,9
2015-11-26,Makueni,15
2015-11-27,Makueni,36
2015-11-28,Makueni,50
2015-11-29,Makueni,28
2015-11-30,Makueni,32
2015-12-01,Makueni,25
2015-12-02,Makueni,36
2015-12-03,Makueni,41
2015-12-04,Makueni,17
2015-12-05,Makueni,38
2015-12-06,Makueni,36
2015-12-07,Makueni,40
2015-12-08,Makueni,25
2015-12-09,Makueni,24
2015-12-10,Makueni,34
2015-12-11,Makueni,23
2015-12-12,Makueni,30
2015-12-13,Makueni,27
2015-12-14,Makueni,33
2015-12-15,Makueni,14
2015-12-16,Makueni,29
2015-12-17,Makueni,28
2015-12-18,Makueni,33
2015-12-19,Makueni,2
2015-12-20,Makueni,13
2015-12-21,Makueni,9
2015-12-22,Makueni,37
2015-12-23,Makueni,8
2015-12-24,Makueni,17
2015-12-25,Makueni,23
2015-12-26,Makueni,29
2015-12-27,Makueni,21
2015-12-28,Makueni,5
2015-12-29,Makueni,18
2015-12-30,Makueni,13
2015-12-31,Makueni,26
2016-01-01,Makueni,41
2016-01-02,Makueni,24
2016-01-03,Makueni,39
2016-01-04,Makueni,18
2016-01-05,Makueni,35
2016-01-06,Makueni,10
2016-01-07,Makueni,20
2016-01-08,Makueni,38
2016-01-09,Makueni,25
2016-01-10,Makueni,13
2016-01-11,Makueni,23
2016-01-12,Makueni,29
2016-01-13,Makueni,14
2016-01-14,Makueni,39
2016-01-15,Makueni,23
2016-01-16,Makueni,34
2016-01-17,Makueni,6
2016-01-18,Makueni,38
2016-01-19,Makueni,30
2016-01-20,Makueni,39
2016-01-21,Makueni,29
2016-01-22,Makueni,18
2016-01-23,Makueni,33
2016-01-24,Makueni,15
2016-01-25,Makueni,12
2016-01-26,Makueni,33
2016-01-27,Makueni,34
2016-01-28,Makueni,12
2016-01-29,Makueni,3
2016-01-30,Makueni,29
2016-01-31,Makueni,17
2016-02-01,Makueni,23
2016-02-02,Makueni,40
2016-02-03,Makueni,21
2016-02-04,Makueni,5
2016-02-05,Makueni,42
2016-02-06,Makueni,42
2016-02-07,Makueni,28
2016-02-08,Makueni,28
2016-02-09,Makueni,13
2016-02-10,Makueni,25
2016-02-11,Makueni,34
2016-02-12,Makueni,10
2016-02-13,Makueni,36
2016-02-14,Makueni,24
2016-02-15,Makueni,25
2016-02-16,Makueni,29
2016-02-17,Makueni,12
2016-02-18,Makueni,20
2016-02-19,Makueni,4
2016-02-20,Makueni,18
2016-02-21,Makueni,37
2016-02-22,Makueni,28
2016-02-23,Makueni,12
2016-02-24,Makueni,27
2016-02-25,Makueni,17
2016-02-26,Makueni,32
2016-02-27,Makueni,23
2016-02-28,Makueni,21
2016-02-29,Makueni,35
2016-03-01,Makueni,34
2016-03-02,Makueni,40
2016-03-03,Makueni,37
2016-03-04,Makueni,50
2016-03-05,Makueni,29
2016-03-06,Makueni,30
2016-03-07,Makueni,42
2016-03-08,Makueni,21
2016-03-09,Makueni,7
2016-03-10,Makueni,45
2016-03-11,Makueni,19
2016-03-12,Makueni,30
2016-03-13,Makueni,32
2016-03-14,Makueni,6
2016-03-15,Makueni,29
2016-03-16,Makueni,37
2016-03-17,Makueni,38
2016-03-18,Makueni,42
2016-03-19,Makueni,31
2016-03-20,Makueni,31
2016-03-21,Makueni,37
2016-03-22,Makueni,23
2016-03-23,Makueni,28
2016-03-24,Makueni,25
2016-03-25,Makueni,24
2016-03-26,Makueni,42
2016-03-27,Makueni,27
2016-03-28,Makueni,31
2016-03-29,Makueni,50
2016-03-30,Makueni,33
2016-03-31,Makueni,22
2016-04-01,Makueni,49
2016-04-02,Makueni,28
2016-04-03,Makueni,33
2016-04-04,Makueni,33
2016-04-05,Makueni,22
2016-04-06,Makueni,25
2016-04-07,Makueni,26
2016-04-08,Makueni,29
2016-04-09,Makueni,16
2016-04-10,Makueni,19
2016-04-11,Makueni,32
2016-04-12,Makueni,19
2016-04-13,Makueni,30
2016-04-14,Makueni,20
2016-04-15,Makueni,44
2016-04-16,Makueni,23
2016-04-17,Makueni,35
2016-04-18,Makueni,31
2016-04-19,Makueni,45
2016-04-20,Makueni,36
2016-04-21,Makueni,41
2016-04-22,Makueni,26
2016-04-23,Makueni,21
2016-04-24,Makueni,27
2016-04-25,Makueni,44
2016-04-26,Makueni,48
2016-04-27,Makueni,21
2016-04-28,Makueni,23
2016-04-29,Makueni,50
2016-04-30,Makueni,29
2016-05-01,Makueni,27
2016-05-02,Makueni,35
2016-05-03,Makueni,40
2016-05-04,Makueni,38
2016-05-05,Makueni,22
2016-05-06,Makueni,21
2016-05-07,Makueni,25
2016-05-08,Makueni,59
2016-05-09,Makueni,28
2016-05-10,Makueni,23
2016-05-11,Makueni,14
2016-05-12,Makueni,20
2016-05-13,Makueni,34
2016-05-14,Makueni,21
2016-05-15,Makueni,37
2016-05-16,Makueni,29
2016-05-17,Makueni,30
2016-05-18,Makueni,10
2016-05-19,Makueni,21
2016-05-20,Makueni,21
2016-05-21,Makueni,33
2016-05-22,Makueni,56
2016-05-23,Makueni,36
2016-05-24,Makueni,36
2016-05-25,Makueni,42
2016-05-26,Makueni,37
2016-05-27,Makueni,28
2016-05-28,Makueni,46
2016-05-29,Makueni,27
2016-05-30,Makueni,30
2016-05-31,Makueni,67
2016-06-01,Makueni,34
2016-06-02,Makueni,26
2016-06-03,Makueni,36
2016-06-04,Makueni,37
2016-06-05,Makueni,19
2016-06-06,Makueni,30
2016-06-07,Makueni,56
2016-06-08,Makueni,18
2016-06-09,Makueni,29
2016-06-10,Makueni,36
2016-06-11,Makueni,23
2016-06-12,Makueni,46
2016-06-13,Makueni,28
2016-06-14,Makueni,29
2016-06-15,Makueni,24
2016-06-16,Makueni,9
2016-06-17,Makueni,11
2016-06-18,Makueni,30
2016-06-19,Makueni,26
2016-06-20,Makueni,11
2016-06-21,Makueni,40
2016-06-22,Makueni,58
2016-06-23,Makueni,27
2016-06-24,Makueni,30
2016-06-25,Makueni,17
2016-06-26,Makueni,20
2016-06-27,Makueni,44
2016-06-28,Makueni,17
2016-06-29,Makueni,37
2016-06-30,Makueni,21
2016-07-01,Makueni,28
2016-07-02,Makueni,40
2016-07-03,Makueni,30
2016-07-04,Makueni,11
2016-07-05,Makueni,11
2016-07-06,Makueni,17
2016-07-07,Makueni,25
2016-07-08,Makueni,21
2016-07-09,Makueni,23
2016-07-10,Makueni,15
2016-07-11,Makueni,17
2016-07-12,Makueni,24
2016-07-13,Makueni,26
2016-07-14,Makueni,13
2016-07-15,Makueni,25
2016-07-16,Makueni,12
2016-07-17,Makueni,33
2016-07-18,Makueni,18
2016-07-19,Makueni,28
2016-07-20,Makueni,31
2016-07-21,Makueni,9
2016-07-22,Makueni,18
2016-07-23,Makueni,41
2016-07-24,Makueni,35
2016-07-25,Makueni,35
2016-07-26,Makueni,47
2016-07-27,Makueni,35
2016-07-28,Makueni,19
2016-07-29,Makueni,18
2016-07-30,Makueni,29
2016-07-31,Makueni,9
2016-08-01,Makueni,23
2016-08-02,Makueni,45
2016-08-03,Makueni,35
2016-08-04,Makueni,14
2016-08-05,Makueni,33
2016-08-06,Makueni,19
2016-08-07,Makueni,21
2016-08-08,Makueni,28
2016-08-09,Makueni,22
2016-08-10,Makueni,43
2016-08-11,Makueni,31
2016-08-12,Makueni,38
2016-08-13,Makueni,34
2016-08-14,Makueni,35
2016-08-15,Makueni,26
2016-08-16,Makueni,26
2016-08-17,Makueni,47
2016-08-18,Makueni,0
2016-08-19,Makueni,30
2016-08-20,Makueni,14
2016-08-21,Makueni,36
2016-08-22,Makueni,49
2016-08-23,Makueni,19
2016-08-24,Makueni,25
2016-08-25,Makueni,29
2016-08-26,Makueni,22
2016-08-27,Makueni,35
2016-08-28,Makueni,16
2016-08-29,Makueni,27
2016-08-30,Makueni,21
2016-08-31,Makueni,37
2016-09-01,Makueni,18
2016-09-02,Makueni,41
2016-09-03,Makueni,43
2016-09-04,Makueni,24
2016-09-05,Makueni,27
2016-09-06,Makueni,25
2016-09-07,Makueni,14
2016-09-08,Makueni,36
2016-09-09,Makueni,23
2016-09-10,Makueni,27
2016-09-11,Makueni,27
2016-09-12,Makueni,40
2016-09-13,Makueni,26
2016-09-14,Makueni,36
2016-09-15,Makueni,18
2016-09-16,Makueni,28
2016-09-17,Makueni,36
2016-09-18,Makueni,19
2016-09-19,Makueni,29
2016-09-20,Makueni,50
2016-09-21,Makueni,26
2016-09-22,Makueni,8
2016-09-23,Makueni,32
2016-09-24,Makueni,25
2016-09-25,Makueni,49
2016-09-26,Makueni,26
2016-09-27,Makueni,5
2016-09-28,Makueni,27
2016-09-29,Makueni,18
2016-09-30,Makueni,17
2016-10-01,Makueni,32
2015-01-01,Nyandarua,30
2015-01-02,Nyandarua,16
2015-01-03,Nyandarua,17
2015-01-04,Nyandarua,25
2015-01-05,Nyandarua,34
2015-01-06,Nyandarua,31
2015-01-07,Nyandarua,31
2015-01-08,Nyandarua,20
2015-01-09,Nyandarua,34
2015-01-10,Nyandarua,41
2015-01-11,Nyandarua,35
2015-01-12,Nyandarua,32
2015-01-13,Nyandarua,41
2015-01-14,Nyandarua,20
2015-01-15,Nyandarua,27
2015-01-16,Nyandarua,14
2015-01-17,Nyandarua,10
2015-01-18,Nyandarua,21
2015-01-19,Nyandarua,37
2015-01-20,Nyandarua,18
2015-01-21,Nyandarua,14
2015-01-22,Nyandarua,43
2015-01-23,Nyandarua,26
2015-01-24,Nyandarua,14
2015-01-25,Nyandarua,18
2015-01-26,Nyandarua,31
2015-01-27,Nyandarua,17
2015-01-28,Nyandarua,14
2015-01-29,Nyandarua,25
2015-01-30,Nyandarua,32
2015-01-31,Nyandarua,38
2015-02-01,Nyandarua,11
2015-02-02,Nyandarua,17
2015-02-03,Nyandarua,17
2015-02-04,Nyandarua,25
2015-02-05,Nyandarua,18
2015-02-06,Nyandarua,29
2015-02-07,Nyandarua,31
2015-02-08,Nyandarua,19
2015-02-09,Nyandarua,32
2015-02-10,Nyandarua,33
2015-02-11,Nyandarua,37
2015-02-12,Nyandarua,30
2015-02-13,Nyandarua,31
2015-02-14,Nyandarua,37
2015-02-15,Nyandarua,35
2015-02-16,Nyandarua,16
2015-02-17,Nyandarua,18
2015-02-18,Nyandarua,19
2015-02-19,Nyandarua,25
2015-02-20,Nyandarua,18
2015-02-21,Nyandarua,33
2015-02-22,Nyandarua,41
2015-02-23,Nyandarua,49
2015-02-24,Nyandarua,36
2015-02-25,Nyandarua,12
2015-02-26,Nyandarua,17
2015-02-27,Nyandarua,27
2015-02-28,Nyandarua,31
2015-03-01,Nyandarua,42
2015-03-02,Nyandarua,28
2015-03-03,Nyandarua,26
2015-03-04,Nyandarua,22
2015-03-05,Nyandarua,14
2015-03-06,Nyandarua,31
2015-03-07,Nyandarua,30
2015-03-08,Nyandarua,21
2015-03-09,Nyandarua,45
2015-03-10,Nyandarua,23
2015-03-11,Nyandarua,33
2015-03-12,Nyandarua,25
2015-03-13,Nyandarua,10
2015-03-14,Nyandarua,31
2015-03-15,Nyandarua,29
2015-03-16,Nyandarua,59
2015-03-17,Nyandarua,31
2015-03-18,Nyandarua,52
2015-03-19,Nyandarua,16
2015-03-20,Nyandarua,51
2015-03-21,Nyandarua,24
2015-03-22,Nyandarua,43
2015-03-23,Nyandarua,14
2015-03-24,Nyandarua,8
2015-03-25,Nyandarua,34
2015-03-26,Nyandarua,35
2015-03-27,Nyandarua,28
2015-03-28,Nyandarua,43
2015-03-29,Nyandarua,13
2015-03-30,Nyandarua,38
2015-03-31,Nyandarua,33
2015-04-01,Nyandarua,33
2015-04-02,Nyandarua,37
2015-04-03,Nyandarua,17
2015-04-04,Nyandarua,36
2015-04-05,Nyandarua,3
2015-04-06,Nyandarua,15
2015-04-07,Nyandarua,24
2015-04-08,Nyandarua,27
2015-04-09,Nyandarua,37
2015-04-10,Nyandarua,29
2015-04-11,Nyandarua,38
2015-04-12,Nyandarua,31
2015-04-13,Nyandarua,37
2015-04-14,Nyandarua,25
2015-04-15,Nyandarua,48
2015-04-16,Nyandarua,52
2015-04-17,Nyandarua,14
2015-04-18,Nyandarua,21
2015-04-19,Nyandarua,37
2015-04-20,Nyandarua,18
2015-04-21,Nyandarua,46
2015-04-22,Nyandarua,28
2015-04-23,Nyandarua,20
2015-04-24,Nyandarua,31
2015-04-25,Nyandarua,32
2015-04-26,Nyandarua,17
2015-04-27,Nyandarua,54
2015-04-28,Nyandarua,28
2015-04-29,Nyandarua,19
2015-04-30,Nyandarua,35
2015-05-01,Nyandarua,27
2015-05-02,Nyandarua,37
2015-05-03,Nyandarua,45
2015-05-04,Nyandarua,34
2015-05-05,Nyandarua,22
2015-05-06,Nyandarua,43
2015-05-07,Nyandarua,22
2015-05-08,Nyandarua,30
2015-05-09,Nyandarua,39
2015-05-10,Nyandarua,12
2015-05-11,Nyandarua,17
2015-05-12,Nyandarua,34
2015-05-13,Nyandarua,8
2015-05-14,Nyandarua,33
2015-05-15,Nyandarua,28
2015-05-16,Nyandarua,40
2015-05-17,Nyandarua,12
2015-05-18,Nyandarua,40
2015-05-19,Nyandarua,40
2015-05-20,Nyandarua,27
2015-05-21,Nyandarua,40
2015-05-22,Nyandarua,27
2015-05-23,Nyandarua,29
2015-05-24,Nyandarua,43
2015-05-25,Nyandarua,19
2015-05-26,Nyandarua,27
2015-05-27,Nyandarua,34
2015-05-28,Nyandarua,39
2015-05-29,Nyandarua,29
2015-05-30,Nyandarua,28
2015-05-31,Nyandarua,31
2015-06-01,Nyandarua,21
2015-06-02,Nyandarua,32
2015-06-03,Nyandarua,21
2015-06-04,Nyandarua,27
2015-06-05,Nyandarua,36
2015-06-06,Nyandarua,25
2015-06-07,Nyandarua,27
2015-06-08,Nyandarua,40
2015-06-09,Nyandarua,17
2015-06-10,Nyandarua,14
2015-06-11,Nyandarua,4
2015-06-12,Nyandarua,30
2015-06-13,Nyandarua,30
2015-06-14,Nyandarua,32
2015-06-15,Nyandarua,25
2015-06-16,Nyandarua,30
2015-06-17,Nyandarua,24
2015-06-18,Nyandarua,14
2015-06-19,Nyandarua,33
2015-06-20,Nyandarua,17
2015-06-21,Nyandarua,22
2015-06-22,Nyandarua,22
2015-06-23,Nyandarua,36
2015-06-24,Nyandarua,25
2015-06-25,Nyandarua,52
2015-06-26,Nyandarua,30
2015-06-27,Nyandarua,20
2015-06-28,Nyandarua,16
2015-06-29,Nyandarua,44
2015-06-30,Nyandarua,25
2015-07-01,Nyandarua,4
2015-07-02,Nyandarua,13
2015-07-03,Nyandarua,39
2015-07-04,Nyandarua,17
2015-07-05,Nyandarua,43
2015-07-06,Nyandarua,51
2015-07-07,Nyandarua,33
2015-07-08,Nyandarua,27
2015-07-09,Nyandarua,24
2015-07-10,Nyandarua,10
2015-07-11,Nyandarua,34
2015-07-12,Nyandarua,29
2015-07-13,Nyandarua,16
2015-07-14,Nyandarua,31
2015-07-15,Nyandarua,35
2015-07-16,Nyandarua,31
2015-07-17,Nyandarua,25
2015-07-18,Nyandarua,26
2015-07-19,Nyandarua,19
2015-07-20,Nyandarua,17
2015-07-21,Nyandarua,29
2015-07-22,Nyandarua,0
2015-07-23,Nyandarua,26
2015-07-24,Nyandarua,14
2015-07-25,Nyandarua,30
2015-07-26,Nyandarua,17
2015-07-27,Nyandarua,30
2015-07-28,Nyandarua,37
2015-07-29,Nyandarua,12
2015-07-30,Nyandarua,28
2015-07-31,Nyandarua,22
2015-08-01,Nyandarua,44
2015-08-02,Nyandarua,29
2015-08-03,Nyandarua,14
2015-08-04,Nyandarua,25
2015-08-05,Nyandarua,37
2015-08-06,Nyandarua,13
2015-08-07,Nyandarua,24
2015-08-08,Nyandarua,11
2015-08-09,Nyandarua,29
2015-08-10,Nyandarua,42
2015-08-11,Nyandarua,22
2015-08-12,Nyandarua,26
2015-08-13,Nyandarua,22
2015-08-14,Nyandarua,34
2015-08-15,Nyandarua,46
2015-08-16,Nyandarua,18
2015-08-17,Nyandarua,21
2015-08-18,Nyandarua,17
2015-08-19,Nyandarua,13
2015-08-20,Nyandarua,41
2015-08-21,Nyandarua,24
2015-08-22,Nyandarua,29
2015-08-23,Nyandarua,8
2015-08-24,Nyandarua,20
2015-08-25,Nyandarua,33
2015-08-26,Nyandarua,16
2015-08-27,Nyandarua,43
2015-08-28,Nyandarua,4
2015-08-29,Nyandarua,23
2015-08-30,Nyandarua,15
2015-08-31,Nyandarua,39
2015-09-01,Nyandarua,15
2015-09-02,Nyandarua,10
2015-09-03,Nyandarua,33
2015-09-04,Nyandarua,9
2015-09-05,Nyandarua,33
2015-09-06,Nyandarua,25
2015-09-07,Nyandarua,11
2015-09-08,Nyandarua,28
2015-09-09,Nyandarua,24
2015-09-10,Nyandarua,27
2015-09-11,Nyandarua,31
2015-09-12,Nyandarua,28
2015-09-13,Nyandarua,17
2015-09-14,Nyandarua,26
2015-09-15,Nyandarua,29
2015-09-16,Nyandarua,24
2015-09-17,Nyandarua,20
2015-09-18,Nyandarua,28
2015-09-19,Nyandarua,15
2015-09-20,Nyandarua,41
2015-09-21,Nyandarua,11
2015-09-22,Nyandarua,15
2015-09-23,Nyandarua,18
2015-09-24,Nyandarua,17
2015-09-25,Nyandarua,25
2015-09-26,Nyandarua,37
2015-09-27,Nyandarua,22
2015-09-28,Nyandarua,37
2015-09-29,Nyandarua,21
2015-09-30,Nyandarua,27
2015-10-01,Nyandarua,32
2015-10-02,Nyandarua,49
2015-10-03,Nyandarua,24
2015-10-04,Nyandarua,35
2015-10-05,Nyandarua,1
2015-10-06,Nyandarua,17
2015-10-07,Nyandarua,20
2015-10-08,Nyandarua,38
2015-10-09,Nyandarua,25
2015-10-10,Nyandarua,19
2015-10-11,Nyandarua,27
2015-10-12,Nyandarua,31
2015-10-13,Nyandarua,33
2015-10-14,Nyandarua,39
2015-10-15,Nyandarua,26
2015-10-16,Nyandarua,25
2015-10-17,Nyandarua,32
2015-10-18,Nyandarua,12
2015-10-19,Nyandarua,31
2015-10-20,Nyandarua,51
2015-10-21,Nyandarua,19
2015-10-22,Nyandarua,26
2015-10-23,Nyandarua,36
2015-10-24,Nyandarua,35
2015-10-25,Nyandarua,26
2015-10-26,Nyandarua,34
2015-10-27,Nyandarua,30
2015-10-28,Nyandarua,19
2015-10-29,Nyandarua,26
2015-10-30,Nyandarua,47
2015-10-31,Nyandarua,22
2015-11-01,Nyandarua,28
2015-11-02,Nyandarua,25
2015-11-03,Nyandarua,18
2015-11-04,Nyandarua,35
2015-11-05,Nyandarua,23
2015-11-06,Nyandarua,53
2015-11-07,Nyandarua,32
2015-11-08,Nyandarua,24
2015-11-09,Nyandarua,5
2015-11-10,Nyandarua,17
2015-11-11,Nyandarua,17
2015-11-12,Nyandarua,24
2015-11-13,Nyandarua,26
2015-11-14,Nyandarua,41
2015-11-15,Nyandarua,56
2015-11-16,Nyandarua,24
2015-11-17,Nyandarua,37
2015-11-18,Nyandarua,28
2015-11-19,Nyandarua,24
2015-11-20,Nyandarua,22
2015-11-21,Nyandarua,27
2015-11-22,Nyandarua,33
2015-11-23,Nyandarua,16
2015-11-24,Nyandarua,40
2015-11-25,Nyandarua,28
2015-11-26,Nyandarua,24
2015-11-27,Nyandarua,29
2015-11-28,Nyandarua,12
2015-11-29,Nyandarua,30
2015-11-30,Nyandarua,20
2015-12-01,Nyandarua,29
2015-12-02,Nyandarua,13
2015-12-03,Nyandarua,33
2015-12-04,Nyandarua,31
2015-12-05,Nyandarua,45
2015-12-06,Nyandarua,27
2015-12-07,Nyandarua,17
2015-12-08,Nyandarua,35
2015-12-09,Nyandarua,60
2015-12-10,Nyandarua,33
2015-12-11,Nyandarua,26
2015-12-12,Nyandarua,13
2015-12-13,Nyandarua,21
2015-12-14,Nyandarua,24
2015-12-15,Nyandarua,37
2015-12-16,Nyandarua,8
2015-12-17,Nyandarua,19
2015-12-18,Nyandarua,17
2015-12-19,Nyandarua,26
2015-12-20,Nyandarua,50
2015-12-21,Nyandarua,25
2015-12-22,Nyandarua,26
2015-12-23,Nyandarua,47
2015-12-24,Nyandarua,24
2015-12-25,Nyandarua,29
2015-12-26,Nyandarua,15
2015-12-27,Nyandarua,14
2015-12-28,Nyandarua,15
2015-12-29,Nyandarua,27
2015-12-30,Nyandarua,20
2015-12-31,Nyandarua,12
2016-01-01,Nyandarua,21
2016-01-02,Nyandarua,31
2016-01-03,Nyandarua,27
2016-01-04,Nyandarua,23
2016-01-05,Nyandarua,25
2016-01-06,Nyandarua,29
2016-01-07,Nyandarua,30
2016-01-08,Nyandarua,30
2016-01-09,Nyandarua,30
2016-01-10,Nyandarua,34
2016-01-11,Nyandarua,36
2016-01-12,Nyandarua,16
2016-01-13,Nyandarua,34
2016-01-14,Nyandarua,15
2016-01-15,Nyandarua,40
2016-01-16,Nyandarua,30
2016-01-17,Nyandarua,2
2016-01-18,Nyandarua,38
2016-01-19,Nyandarua,10
2016-01-20,Nyandarua,26
2016-01-21,Nyandarua,35
2016-01-22,Nyandarua,8
2016-01-23,Nyandarua,20
2016-01-24,Nyandarua,22
2016-01-25,Nyandarua,44
2016-01-26,Nyandarua,11
2016-01-27,Nyandarua,31
2016-01-28,Nyandarua,35
2016-01-29,Nyandarua,24
2016-01-30,Nyandarua,37
2016-01-31,Nyandarua,36
2016-02-01,Nyandarua,36
2016-02-02,Nyandarua,24
2016-02-03,Nyandarua,24
2016-02-04,Nyandarua,35
2016-02-05,Nyandarua,32
2016-02-06,Nyandarua,37
2016-02-07,Nyandarua,22
2016-02-08,Nyandarua,46
2016-02-09,Nyandarua,50
2016-02-10,Nyandarua,36
2016-02-11,Nyandarua,20
2016-02-12,Nyandarua,27
2016-02-13,Nyandarua,36
2016-02-14,Nyandarua,26
2016-02-15,Nyandarua,19
2016-02-16,Nyandarua,23
2016-02-17,Nyandarua,19
2016-02-18,Nyandarua,17
2016-02-19,Nyandarua,12
2016-02-20,Nyandarua,24
2016-02-21,Nyandarua,38
2016-02-22,Nyandarua,19
2016-02-23,Nyandarua,40
2016-02-24,Nyandarua,39
2016-02-25,Nyandarua,21
2016-02-26,Nyandarua,25
2016-02-27,Nyandarua,39
2016-02-28,Nyandarua,29
2016-02-29,Nyandarua,34
2016-03-01,Nyandarua,37
2016-03-02,Nyandarua,11
2016-03-03,Nyandarua,36
2016-03-04,Nyandarua,44
2016-03-05,Nyandarua,17
2016-03-06,Nyandarua,27
2016-03-07,Nyandarua,26
2016-03-08,Nyandarua,35
2016-03-09,Nyandarua,35
2016-03-10,Nyandarua,41
2016-03-11,Nyandarua,41
2016-03-12,Nyandarua,23
2016-03-13,Nyandarua,44
2016-03-14,Nyandarua,29
2016-03-15,Nyandarua,24
2016-03-16,Nyandarua,40
2016-03-17,Nyandarua,15
2016-03-18,Nyandarua,30
2016-03-19,Nyandarua,39
2016-03-20,Nyandarua,22
2016-03-21,Nyandarua,37
2016-03-22,Nyandarua,38
2016-03-23,Nyandarua,36
2016-03-24,Nyandarua,34
2016-03-25,Nyandarua,50
2016-03-26,Nyandarua,29
2016-03-27,Nyandarua,33
2016-03-28,Nyandarua,41
2016-03-29,Nyandarua,19
2016-03-30,Nyandarua,24
2016-03-31,Nyandarua,37
2016-04-01,Nyandarua,31
2016-04-02,Nyandarua,47
2016-04-03,Nyandarua,19
2016-04-04,Nyandarua,24
2016-04-05,Nyandarua,33
2016-04-06,Nyandarua,47
2016-04-07,Nyandarua,45
2016-04-08,Nyandarua,22
2016-04-09,Nyandarua,28
2016-04-10,Nyandarua,46
2016-04-11,Nyandarua,30
2016-04-12,Nyandarua,36
2016-04-13,Nyandarua,39
2016-04-14,Nyandarua,21
2016-04-15,Nyandarua,44
2016-04-16,Nyandarua,26
2016-04-17,Nyandarua,29
2016-04-18,Nyandarua,50
2016-04-19,Nyandarua,57
2016-04-20,Nyandarua,43
2016-04-21,Nyandarua,43
2016-04-22,Nyandarua,24
2016-04-23,Nyandarua,21
2016-04-24,Nyandarua,35
2016-04-25,Nyandarua,45
2016-04-26,Nyandarua,18
2016-04-27,Nyandarua,39
2016-04-28,Nyandarua,27
2016-04-29,Nyandarua,29
2016-04-30,Nyandarua,47
2016-05-01,Nyandarua,20
2016-05-02,Nyandarua,40
2016-05-03,Nyandarua,3
2016-05-04,Nyandarua,41
2016-05-05,Nyandarua,28
2016-05-06,Nyandarua,52
2016-05-07,Nyandarua,30
2016-05-08,Nyandarua,44
2016-05-09,Nyandarua,47
2016-05-10,Nyandarua,27
2016-05-11,Nyandarua,22
2016-05-12,Nyandarua,23
2016-05-13,Nyandarua,33
2016-05-14,Nyandarua,45
2016-05-15,Nyandarua,32
2016-05-16,Nyandarua,14
2016-05-17,Nyandarua,33
2016-05-18,Nyandarua,26
2016-05-19,Nyandarua,43
2016-05-20,Nyandarua,26
2016-05-21,Nyandarua,36
2016-05-22,Nyandarua,17
2016-05-23,Nyandarua,38
2016-05-24,Nyandarua,29
2016-05-25,Nyandarua,23
2016-05-26,Nyandarua,42
2016-05-27,Nyandarua,31
2016-05-28,Nyandarua,30
2016-05-29,Nyandarua,48
2016-05-30,Nyandarua,26
2016-05-31,Nyandarua,33
2016-06-01,Nyandarua,15
2016-06-02,Nyandarua,22
2016-06-03,Nyandarua,38
2016-06-04,Nyandarua,32
2016-06-05,Nyandarua,13
2016-06-06,Nyandarua,34
2016-06-07,Nyandarua,47
2016-06-08,Nyandarua,40
2016-06-09,Nyandarua,5
2016-06-10,Nyandarua,16
2016-06-11,Nyandarua,30
2016-06-12,Nyandarua,16
2016-06-13,Nyandarua,13
2016-06-14,Nyandarua,42
2016-06-15,Nyandarua,30
2016-06-16,Nyandarua,9
2016-06-17,Nyandarua,31
2016-06-18,Nyandarua,18
2016-06-19,Nyandarua,37
2016-06-20,Nyandarua,33
2016-06-21,Nyandarua,34
2016-06-22,Nyandarua,5
2016-06-23,Nyandarua,36
2016-06-24,Nyandarua,25
2016-06-25,Nyandarua,19
2016-06-26,Nyandarua,24
2016-06-27,Nyandarua,14
2016-06-28,Nyandarua,24
2016-06-29,Nyandarua,35
2016-06-30,Nyandarua,33
2016-07-01,Nyandarua,16
2016-07-02,Nyandarua,32
2016-07-03,Nyandarua,21
2016-07-04,Nyandarua,17
2016-07-05,Nyandarua,18
2016-07-06,Nyandarua,12
2016-07-07,Nyandarua,20
2016-07-08,Nyandarua,16
2016-07-09,Nyandarua,31
2016-07-10,Nyandarua,8
2016-07-11,Nyandarua,44
2016-07-12,Nyandarua,31
2016-07-13,Nyandarua,26
2016-07-14,Nyandarua,24
2016-07-15,Nyandarua,9
2016-07-16,Nyandarua,29
2016-07-17,Nyandarua,23
2016-07-18,Nyandarua,39
2016-07-19,Nyandarua,5
2016-07-20,Nyandarua,35
2016-07-21,Nyandarua,1
2016-07-22,Nyandarua,41
2016-07-23,Nyandarua,9
2016-07-24,Nyandarua,13
2016-07-25,Nyandarua,37
2016-07-26,Nyandarua,20
2016-07-27,Nyandarua,17
2016-07-28,Nyandarua,20
2016-07-29,Nyandarua,40
2016-07-30,Nyandarua,15
2016-07-31,Nyandarua,25
2016-08-01,Nyandarua,41
2016-08-02,Nyandarua,10
2016-08-03,Nyandarua,15
2016-08-04,Nyandarua,27
2016-08-05,Nyandarua,45
2016-08-06,Nyandarua,24
2016-08-07,Nyandarua,40
2016-08-08,Nyandarua,31
2016-08-09,Nyandarua,21
2016-08-10,Nyandarua,24
2016-08-11,Nyandarua,32
2016-08-12,Nyandarua,34
2016-08-13,Nyandarua,13
2016-08-14,Nyandarua,20
2016-08-15,Nyandarua,29
2016-08-16,Nyandarua,31
2016-08-17,Nyandarua,40
2016-08-18,Nyandarua,36
2016-08-19,Nyandarua,42
2016-08-20,Nyandarua,43
2016-08-21,Nyandarua,27
2016-08-22,Nyandarua,28
2016-08-23,Nyandarua,37
2016-08-24,Nyandarua,25
2016-08-25,Nyandarua,39
2016-08-26,Nyandarua,11
2016-08-27,Nyandarua,22
2016-08-28,Nyandarua,19
2016-08-29,Nyandarua,22
2016-08-30,Nyandarua,12
2016-08-31,Nyandarua,28
2016-09-01,Nyandarua,25
2016-09-02,Nyandarua,21
2016-09-03,Nyandarua,28
2016-09-04,Nyandarua,25
2016-09-05,Nyandarua,15
2016-09-06,Nyandarua,13
2016-09-07,Nyandarua,32
2016-09-08,Nyandarua,42
2016-09-09,Nyandarua,25
2016-09-10,Nyandarua,33
2016-09-11,Nyandarua,30
2016-09-12,Nyandarua,31
2016-09-13,Nyandarua,31
2016-09-14,Nyandarua,29
2016-09-15,Nyandarua,17
2016-09-16,Nyandarua,28
2016-09-17,Nyandarua,17
2016-09-18,Nyandarua,11
2016-09-19,Nyandarua,29
2016-09-20,Nyandarua,14
2016-09-21,Nyandarua,20
2016-09-22,Nyandarua,19
2016-09-23,Nyandarua,43
2016-09-24,Nyandarua,32
2016-09-25,Nyandarua,0
2016-09-26,Nyandarua,0
2016-09-27,Nyandarua,23
2016-09-28,Nyandarua,4
2016-09-29,Nyandarua,36
2016-09-30,Nyandarua,19
2016-10-01,Nyandarua,16
2015-01-01,Nyeri,30
2015-01-02,Nyeri,29
2015-01-03,Nyeri,20
2015-01-04,Nyeri,20
2015-01-05,Nyeri,14
2015-01-06,Nyeri,26
2015-01-07,Nyeri,18
2015-01-08,Nyeri,27
2015-01-09,Nyeri,36
2015-01-10,Nyeri,34
2015-01-11,Nyeri,25
2015-01-12,Nyeri,27
2015-01-13,Nyeri,10
2015-01-14,Nyeri,43
2015-01-15,Nyeri,26
2015-01-16,Nyeri,28
2015-01-17,Nyeri,23
2015-01-18,Nyeri,21
2015-01-19,Nyeri,21
2015-01-20,Nyeri,27
2015-01-21,Nyeri,3
2015-01-22,Nyeri,11
2015-01-23,Nyeri,4
2015-01-24,Nyeri,17
2015-01-25,Nyeri,18
2015-01-26,Nyeri,12
2015-01-27,Nyeri,9
2015-01-28,Nyeri,34
2015-01-29,Nyeri,9
2015-01-30,Nyeri,26
2015-01-31,Nyeri,24
2015-02-01,Nyeri,14
2015-02-02,Nyeri,43
2015-02-03,Nyeri,18
2015-02-04,Nyeri,20
2015-02-05,Nyeri,18
2015-02-06,Nyeri,24
2015-02-07,Nyeri,11
2015-02-08,Nyeri,43
2015-02-09,Nyeri,10
2015-02-10,Nyeri,8
2015-02-11,Nyeri,17
2015-02-12,Nyeri,1
2015-02-13,Nyeri,32
2015-02-14,Nyeri,32
2015-02-15,Nyeri,21
2015-02-16,Nyeri,35
2015-02-17,Nyeri,39
2015-02-18,Nyeri,14
2015-02-19,Nyeri,46
2015-02-20,Nyeri,30
2015-02-21,Nyeri,21
2015-02-22,Nyeri,25
2015-02-23,Nyeri,26
2015-02-24,Nyeri,29
2015-02-25,Nyeri,31
2015-02-26,Nyeri,27
2015-02-27,Nyeri,14
2015-02-28,Nyeri,27
2015-03-01,Nyeri,13
2015-03-02,Nyeri,29
2015-03-03,Nyeri,28
2015-03-04,Nyeri,33
2015-03-05,Nyeri,28
2015-03-06,Nyeri,19
2015-03-07,Nyeri,29
2015-03-08,Nyeri,29
2015-03-09,Nyeri,42
2015-03-10,Nyeri,48
2015-03-11,Nyeri,36
2015-03-12,Nyeri,26
2015-03-13,Nyeri,25
2015-03-14,Nyeri,16
2015-03-15,Nyeri,38
2015-03-16,Nyeri,57
2015-03-17,Nyeri,30
2015-03-18,Nyeri,36
2015-03-19,Nyeri,11
2015-03-20,Nyeri,35
2015-03-21,Nyeri,24
2015-03-22,Nyeri,32
2015-03-23,Nyeri,27
2015-03-24,Nyeri,51
2015-03-25,Nyeri,39
2015-03-26,Nyeri,31
2015-03-27,Nyeri,32
2015-03-28,Nyeri,28
2015-03-29,Nyeri,24
2015-03-30,Nyeri,34
2015-03-31,Nyeri,29
2015-04-01,Nyeri,32
2015-04-02,Nyeri,30
2015-04-03,Nyeri,16
2015-04-04,Nyeri,40
2015-04-05,Nyeri,15
2015-04-06,Nyeri,28
2015-04-07,Nyeri,5
2015-04-08,Nyeri,28
2015-04-09,Nyeri,30
2015-04-10,Nyeri,38
2015-04-11,Nyeri,21
2015-04-12,Nyeri,36
2015-04-13,Nyeri,34
2015-04-14,Nyeri,12
2015-04-15,Nyeri,1
2015-04-16,Nyeri,36
2015-04-17,Nyeri,29
2015-04-18,Nyeri,32
2015-04-19,Nyeri,17
2015-04-20,Nyeri,11
2015-04-21,Nyeri,31
2015-04-22,Nyeri,26
2015-04-23,Nyeri,44
2015-04-24,Nyeri,26
2015-04-25,Nyeri,38
2015-04-26,Nyeri,28
2015-04-27,Nyeri,23
2015-04-28,Nyeri,36
2015-04-29,Nyeri,16
2015-04-30,Nyeri,32
2015-05-01,Nyeri,38
2015-05-02,Nyeri,13
2015-05-03,Nyeri,27
2015-05-04,Nyeri,31
2015-05-05,Nyeri,18
2015-05-06,Nyeri,13
2015-05-07,Nyeri,18
2015-05-08,Nyeri,31
2015-05-09,Nyeri,39
2015-05-10,Nyeri,25
2015-05-11,Nyeri,23
2015-05-12,Nyeri,27
2015-05-13,Nyeri,16
2015-05-14,Nyeri,37
2015-05-15,Nyeri,16
2015-05-16,Nyeri,26
2015-05-17,Nyeri,32
2015-05-18,Nyeri,41
2015-05-19,Nyeri,24
2015-05-20,Nyeri,21
2015-05-21,Nyeri,36
2015-05-22,Nyeri,50
2015-05-23,Nyeri,31
2015-05-24,Nyeri,20
2015-05-25,Nyeri,29
2015-05-26,Nyeri,24
2015-05-27,Nyeri,22
2015-05-28,Nyeri,45
2015-05-29,Nyeri,23
2015-05-30,Nyeri,24
2015-05-31,Nyeri,41
2015-06-01,Nyeri,8
2015-06-02,Nyeri,26
2015-06-03,Nyeri,40
2015-06-04,Nyeri,8
2015-06-05,Nyeri,47
2015-06-06,Nyeri,14
2015-06-07,Nyeri,16
2015-06-08,Nyeri,41
2015-06-09,Nyeri,26
2015-06-10,Nyeri,27
2015-06-11,Nyeri,17
2015-06-12,Nyeri,19
2015-06-13,Nyeri,20
2015-06-14,Nyeri,19
2015-06-15,Nyeri,21
2015-06-16,Nyeri,19
2015-06-17,Nyeri,27
2015-06-18,Nyeri,24
2015-06-19,Nyeri,35
2015-06-20,Nyeri,30
2015-06-21,Nyeri,16
2015-06-22,Nyeri,6
2015-06-23,Nyeri,17
2015-06-24,Nyeri,17
2015-06-25,Nyeri,24
2015-06-26,Nyeri,31
2015-06-27,Nyeri,31
2015-06-28,Nyeri,21
2015-06-29,Nyeri,33
2015-06-30,Nyeri,21
2015-07-01,Nyeri,16
2015-07-02,Nyeri,15
2015-07-03,Nyeri,18
2015-07-04,Nyeri,24
2015-07-05,Nyeri,29
2015-07-06,Nyeri,25
2015-07-07,Nyeri,0
2015-07-08,Nyeri,36
2015-07-09,Nyeri,26
2015-07-10,Nyeri,33
2015-07-11,Nyeri,18
2015-07-12,Nyeri,14
2015-07-13,Nyeri,11
2015-07-14,Nyeri,30
2015-07-15,Nyeri,11
2015-07-16,Nyeri,19
2015-07-17,Nyeri,30
2015-07-18,Nyeri,28
2015-07-19,Nyeri,27
2015-07-20,Nyeri,17
2015-07-21,Nyeri,18
2015-07-22,Nyeri,23
2015-07-23,Nyeri,34
2015-07-24,Nyeri,28
2015-07-25,Nyeri,44
2015-07-26,Nyeri,22
2015-07-27,Nyeri,30
2015-07-28,Nyeri,37
2015-07-29,Nyeri,12
2015-07-30,Nyeri,18
2015-07-31,Nyeri,18
2015-08-01,Nyeri,33
2015-08-02,Nyeri,5
2015-08-03,Nyeri,15
2015-08-04,Nyeri,10
2015-08-05,Nyeri,15
2015-08-06,Nyeri,34
2015-08-07,Nyeri,26
2015-08-08,Nyeri,21
2015-08-09,Nyeri,11
2015-08-10,Nyeri,36
2015-08-11,Nyeri,11
2015-08-12,Nyeri,30
2015-08-13,Nyeri,13
2015-08-14,Nyeri,25
2015-08-15,Nyeri,23
2015-08-16,Nyeri,37
2015-08-17,Nyeri,15
2015-08-18,Nyeri,34
2015-08-19,Nyeri,31
2015-08-20,Nyeri,19
2015-08-21,Nyeri,17
2015-08-22,Nyeri,12
2015-08-23,Nyeri,16
2015-08-24,Nyeri,5
2015-08-25,Nyeri,12
2015-08-26,Nyeri,35
2015-08-27,Nyeri,24
2015-08-28,Nyeri,23
2015-08-29,Nyeri,0
2015-08-30,Nyeri,7
2015-08-31,Nyeri,20
2015-09-01,Nyeri,1
2015-09-02,Nyeri,25
2015-09-03,Nyeri,2
2015-09-04,Nyeri,27
2015-09-05,Nyeri,24
2015-09-06,Nyeri,23
2015-09-07,Nyeri,21
2015-09-08,Nyeri,13
2015-09-09,Nyeri,24
2015-09-10,Nyeri,18
2015-09-11,Nyeri,29
2015-09-12,Nyeri,32
2015-09-13,Nyeri,30
2015-09-14,Nyeri,22
2015-09-15,Nyeri,38
2015-09-16,Nyeri,18
2015-09-17,Nyeri,18
2015-09-18,Nyeri,38
2015-09-19,Nyeri,23
2015-09-20,Nyeri,12
2015-09-21,Nyeri,19
2015-09-22,Nyeri,44
2015-09-23,Nyeri,35
2015-09-24,Nyeri,32
2015-09-25,Nyeri,1
2015-09-26,Nyeri,21
2015-09-27,Nyeri,27
2015-09-28,Nyeri,25
2015-09-29,Nyeri,25
2015-09-30,Nyeri,16
2015-10-01,Nyeri,21
2015-10-02,Nyeri,25
2015-10-03,Nyeri,29
2015-10-04,Nyeri,18
2015-10-05,Nyeri,33
2015-10-06,Nyeri,27
2015-10-07,Nyeri,41
2015-10-08,Nyeri,20
2015-10-09,Nyeri,14
2015-10-10,Nyeri,28
2015-10-11,Nyeri,24
2015-10-12,Nyeri,29
2015-10-13,Nyeri,28
2015-10-14,Nyeri,20
2015-10-15,Nyeri,39
2015-10-16,Nyeri,33
2015-10-17,Nyeri,32
2015-10-18,Nyeri,9
2015-10-19,Nyeri,16
2015-10-20,Nyeri,26
2015-10-21,Nyeri,36
2015-10-22,Nyeri,28
2015-10-23,Nyeri,25
2015-10-24,Nyeri,43
2015-10-25,Nyeri,10
2015-10-26,Nyeri,38
2015-10-27,Nyeri,19
2015-10-28,Nyeri,15
2015-10-29,Nyeri,26
2015-10-30,Nyeri,14
2015-10-31,Nyeri,11
2015-11-01,Nyeri,24
2015-11-02,Nyeri,10
2015-11-03,Nyeri,30
2015-11-04,Nyeri,13
2015-11-05,Nyeri,9
2015-11-06,Nyeri,27
2015-11-07,Nyeri,20
2015-11-08,Nyeri,41
2015-11-09,Nyeri,39
2015-11-10,Nyeri,34
2015-11-11,Nyeri,35
2015-11-12,Nyeri,24
2015-11-13,Nyeri,32
2015-11-14,Nyeri,10
2015-11-15,Nyeri,39
2015-11-16,Nyeri,22
2015-11-17,Nyeri,27
2015-11-18,Nyeri,0
2015-11-19,Nyeri,29
2015-11-20,Nyeri,13
2015-11-21,Nyeri,11
2015-11-22,Nyeri,34
2015-11-23,Nyeri,31
2015-11-24,Nyeri,13
2015-11-25,Nyeri,34
2015-11-26,Nyeri,19
2015-11-27,Nyeri,23
2015-11-28,Nyeri,24
2015-11-29,Nyeri,6
2015-11-30,Nyeri,17
2015-12-01,Nyeri,12
2015-12-02,Nyeri,24
2015-12-03,Nyeri,29
2015-12-04,Nyeri,34
2015-12-05,Nyeri,23
2015-12-06,Nyeri,7
2015-12-07,Nyeri,14
2015-12-08,Nyeri,20
2015-12-09,Nyeri,28
2015-12-10,Nyeri,30
2015-12-11,Nyeri,25
2015-12-12,Nyeri,22
2015-12-13,Nyeri,9
2015-12-14,Nyeri,34
2015-12-15,Nyeri,13
2015-12-16,Nyeri,11
2015-12-17,Nyeri,28
2015-12-18,Nyeri,27
2015-12-19,Nyeri,0
2015-12-20,Nyeri,29
2015-12-21,Nyeri,21
2015-12-22,Nyeri,27
2015-12-23,Nyeri,24
2015-12-24,Nyeri,25
2015-12-25,Nyeri,15
2015-12-26,Nyeri,20
2015-12-27,Nyeri,38
2015-12-28,Nyeri,37
2015-12-29,Nyeri,25
2015-12-30,Nyeri,20
2015-12-31,Nyeri,14
2016-01-01,Nyeri,31
2016-01-02,Nyeri,12
2016-01-03,Nyeri,37
2016-01-04,Nyeri,18
2016-01-05,Nyeri,26
2016-01-06,Nyeri,23
2016-01-07,Nyeri,14
2016-01-08,Nyeri,28
2016-01-09,Nyeri,10
2016-01-10,Nyeri,12
2016-01-11,Nyeri,15
2016-01-12,Nyeri,32
2016-01-13,Nyeri,13
2016-01-14,Nyeri,33
2016-01-15,Nyeri,30
2016-01-16,Nyeri,38
2016-01-17,Nyeri,30
2016-01-18,Nyeri,34
2016-01-19,Nyeri,39
2016-01-20,Nyeri,7
2016-01-21,Nyeri,17
2016-01-22,Nyeri,26
2016-01-23,Nyeri,35
2016-01-24,Nyeri,3
2016-01-25,Nyeri,14
2016-01-26,Nyeri,32
2016-01-27,Nyeri,38
2016-01-28,Nyeri,32
2016-01-29,Nyeri,22
2016-01-30,Nyeri,11
2016-01-31,Nyeri,20
2016-02-01,Nyeri,27
2016-02-02,Nyeri,8
2016-02-03,Nyeri,17
2016-02-04,Nyeri,28
2016-02-05,Nyeri,28
2016-02-06,Nyeri,26
2016-02-07,Nyeri,22
2016-02-08,Nyeri,21
2016-02-09,Nyeri,36
2016-02-10,Nyeri,32
2016-02-11,Nyeri,30
2016-02-12,Nyeri,15
2016-02-13,Nyeri,25
2016-02-14,Nyeri,26
2016-02-15,Nyeri,27
2016-02-16,Nyeri,18
2016-02-17,Nyeri,18
2016-02-18,Nyeri,7
2016-02-19,Nyeri,13
2016-02-20,Nyeri,18
2016-02-21,Nyeri,12
2016-02-22,Nyeri,25
2016-02-23,Nyeri,38
2016-02-24,Nyeri,20
2016-02-25,Nyeri,22
2016-02-26,Nyeri,25
2016-02-27,Nyeri,29
2016-02-28,Nyeri,29
2016-02-29,Nyeri,4
2016-03-01,Nyeri,41
2016-03-02,Nyeri,12
2016-03-03,Nyeri,28
2016-03-04,Nyeri,22
2016-03-05,Nyeri,21
2016-03-06,Nyeri,17
2016-03-07,Nyeri,5
2016-03-08,Nyeri,23
2016-03-09,Nyeri,36
2016-03-10,Nyeri,18
2016-03-11,Nyeri,37
2016-03-12,Nyeri,30
2016-03-13,Nyeri,22
2016-03-14,Nyeri,27
2016-03-15,Nyeri,50
2016-03-16,Nyeri,14
2016-03-17,Nyeri,17
2016-03-18,Nyeri,33
2016-03-19,Nyeri,14
2016-03-20,Nyeri,32
2016-03-21,Nyeri,15
2016-03-22,Nyeri,30
2016-03-23,Nyeri,31
2016-03-24,Nyeri,35
2016-03-25,Nyeri,31
2016-03-26,Nyeri,38
2016-03-27,Nyeri,10
2016-03-28,Nyeri,26
2016-03-29,Nyeri,20
2016-03-30,Nyeri,33
2016-03-31,Nyeri,22
2016-04-01,Nyeri,35
2016-04-02,Nyeri,23
2016-04-03,Nyeri,68
2016-04-04,Nyeri,27
2016-04-05,Nyeri,24
2016-04-06,Nyeri,37
2016-04-07,Nyeri,20
2016-04-08,Nyeri,16
2016-04-09,Nyeri,26
2016-04-10,Nyeri,37
2016-04-11,Nyeri,10
2016-04-12,Nyeri,33
2016-04-13,Nyeri,33
2016-04-14,Nyeri,36
2016-04-15,Nyeri,22
2016-04-16,Nyeri,34
2016-04-17,Nyeri,24
2016-04-18,Nyeri,31
2016-04-19,Nyeri,33
2016-04-20,Nyeri,28
2016-04-21,Nyeri,25
2016-04-22,Nyeri,47
2016-04-23,Nyeri,40
2016-04-24,Nyeri,25
2016-04-25,Nyeri,22
2016-04-26,Nyeri,3
2016-04-27,Nyeri,30
2016-04-28,Nyeri,20
2016-04-29,Nyeri,34
2016-04-30,Nyeri,19
2016-05-01,Nyeri,35
2016-05-02,Nyeri,8
2016-05-03,Nyeri,2
2016-05-04,Nyeri,27
2016-05-05,Nyeri,18
2016-05-06,Nyeri,34
2016-05-07,Nyeri,7
2016-05-08,Nyeri,27
2016-05-09,Nyeri,24
2016-05-10,Nyeri,26
2016-05-11,Nyeri,50
2016-05-12,Nyeri,44
2016-05-13,Nyeri,12
2016-05-14,Nyeri,35
2016-05-15,Nyeri,28
2016-05-16,Nyeri,39
2016-05-17,Nyeri,35
2016-05-18,Nyeri,28
2016-05-19,Nyeri,29
2016-05-20,Nyeri,40
2016-05-21,Nyeri,38
2016-05-22,Nyeri,48
2016-05-23,Nyeri,22
2016-05-24,Nyeri,43
2016-05-25,Nyeri,19
2016-05-26,Nyeri,30
2016-05-27,Nyeri,39
2016-05-28,Nyeri,19
2016-05-29,Nyeri,29
2016-05-30,Nyeri,5
2016-05-31,Nyeri,13
2016-06-01,Nyeri,47
2016-06-02,Nyeri,25
2016-06-03,Nyeri,26
2016-06-04,Nyeri,26
2016-06-05,Nyeri,43
2016-06-06,Nyeri,28
2016-06-07,Nyeri,1
2016-06-08,Nyeri,20
2016-06-09,Nyeri,24
2016-06-10,Nyeri,28
2016-06-11,Nyeri,37
2016-06-12,Nyeri,27
2016-06-13,Nyeri,31
2016-06-14,Nyeri,24
2016-06-15,Nyeri,19
2016-06-16,Nyeri,22
2016-06-17,Nyeri,30
2016-06-18,Nyeri,14
2016-06-19,Nyeri,11
2016-06-20,Nyeri,33
2016-06-21,Nyeri,23
2016-06-22,Nyeri,14
2016-06-23,Nyeri,10
2016-06-24,Nyeri,39
2016-06-25,Nyeri,26
2016-06-26,Nyeri,13
2016-06-27,Nyeri,35
2016-06-28,Nyeri,13
2016-06-29,Nyeri,22
2016-06-30,Nyeri,25
2016-07-01,Nyeri,10
2016-07-02,Nyeri,26
2016-07-03,Nyeri,23
2016-07-04,Nyeri,44
2016-07-05,Nyeri,18
2016-07-06,Nyeri,25
2016-07-07,Nyeri,32
2016-07-08,Nyeri,39
2016-07-09,Nyeri,25
2016-07-10,Nyeri,14
2016-07-11,Nyeri,12
2016-07-12,Nyeri,35
2016-07-13,Nyeri,21
2016-07-14,Nyeri,39
2016-07-15,Nyeri,17
2016-07-16,Nyeri,29
2016-07-17,Nyeri,0
2016-07-18,Nyeri,37
2016-07-19,Nyeri,31
2016-07-20,Nyeri,37
2016-07-21,Nyeri,16
2016-07-22,Nyeri,36
2016-07-23,Nyeri,38
2016-07-24,Nyeri,27
2016-07-25,Nyeri,10
2016-07-26,Nyeri,31
2016-07-27,Nyeri,24
2016-07-28,Nyeri,27
2016-07-29,Nyeri,16
2016-07-30,Nyeri,19
2016-07-31,Nyeri,28
2016-08-01,Nyeri,8
2016-08-02,Nyeri,29
2016-08-03,Nyeri,41
2016-08-04,Nyeri,32
2016-08-05,Nyeri,41
2016-08-06,Nyeri,28
2016-08-07,Nyeri,25
2016-08-08,Nyeri,15
2016-08-09,Nyeri,21
2016-08-10,Nyeri,18
2016-08-11,Nyeri,6
2016-08-12,Nyeri,8
2016-08-13,Nyeri,28
2016-08-14,Nyeri,21
2016-08-15,Nyeri,25
2016-08-16,Nyeri,38
2016-08-17,Nyeri,45
2016-08-18,Nyeri,19
2016-08-19,Nyeri,29
2016-08-20,Nyeri,33
2016-08-21,Nyeri,20
2016-08-22,Nyeri,20
2016-08-23,Nyeri,32
2016-08-24,Nyeri,14
2016-08-25,Nyeri,30
2016-08-26,Nyeri,25
2016-08-27,Nyeri,16
2016-08-28,Nyeri,24
2016-08-29,Nyeri,7
2016-08-30,Nyeri,16
2016-08-31,Nyeri,28
2016-09-01,Nyeri,20
2016-09-02,Nyeri,46
2016-09-03,Nyeri,16
2016-09-04,Nyeri,26
2016-09-05,Nyeri,46
2016-09-06,Nyeri,16
2016-09-07,Nyeri,17
2016-09-08,Nyeri,20
2016-09-09,Nyeri,31
2016-09-10,Nyeri,44
2016-09-11,Nyeri,42
2016-09-12,Nyeri,37
2016-09-13,Nyeri,37
2016-09-14,Nyeri,18
2016-09-15,Nyeri,14
2016-09-16,Nyeri,13
2016-09-17,Nyeri,28
2016-09-18,Nyeri,37
2016-09-19,Nyeri,14
2016-09-20,Nyeri,7
2016-09-21,Nyeri,29
2016-09-22,Nyeri,26
2016-09-23,Nyeri,13
2016-09-24,Nyeri,39
2016-09-25,Nyeri,19
2016-09-26,Nyeri,39
2016-09-27,Nyeri,15
2016-09-28,Nyeri,34
2016-09-29,Nyeri,20
2016-09-30,Nyeri,31
2016-10-01,Nyeri,30
2015-01-01,Kirinyaga,20
2015-01-02,Kirinyaga,17
2015-01-03,Kirinyaga,41
2015-01-04,Kirinyaga,19
2015-01-05,Kirinyaga,15
2015-01-06,Kirinyaga,29
2015-01-07,Kirinyaga,35
2015-01-08,Kirinyaga,15
2015-01-09,Kirinyaga,23
2015-01-10,Kirinyaga,33
2015-01-11,Kirinyaga,26
2015-01-12,Kirinyaga,27
2015-01-13,Kirinyaga,26
2015-01-14,Kirinyaga,46
2015-01-15,Kirinyaga,16
2015-01-16,Kirinyaga,19
2015-01-17,Kirinyaga,21
2015-01-18,Kirinyaga,43
2015-01-19,Kirinyaga,25
2015-01-20,Kirinyaga,32
2015-01-21,Kirinyaga,42
2015-01-22,Kirinyaga,25
2015-01-23,Kirinyaga,22
2015-01-24,Kirinyaga,36
2015-01-25,Kirinyaga,19
2015-01-26,Kirinyaga,24
2015-01-27,Kirinyaga,26
2015-01-28,Kirinyaga,38
2015-01-29,Kirinyaga,29
2015-01-30,Kirinyaga,16
2015-01-31,Kirinyaga,14
2015-02-01,Kirinyaga,31
2015-02-02,Kirinyaga,35
2015-02-03,Kirinyaga,22
2015-02-04,Kirinyaga,28
2015-02-05,Kirinyaga,35
2015-02-06,Kirinyaga,41
2015-02-07,Kirinyaga,24
2015-02-08,Kirinyaga,17
2015-02-09,Kirinyaga,24
2015-02-10,Kirinyaga,26
2015-02-11,Kirinyaga,28
2015-02-12,Kirinyaga,17
2015-02-13,Kirinyaga,29
2015-02-14,Kirinyaga,25
2015-02-15,Kirinyaga,13
2015-02-16,Kirinyaga,12
2015-02-17,Kirinyaga,40
2015-02-18,Kirinyaga,34
2015-02-19,Kirinyaga,14
2015-02-20,Kirinyaga,17
2015-02-21,Kirinyaga,38
2015-02-22,Kirinyaga,30
2015-02-23,Kirinyaga,18
2015-02-24,Kirinyaga,20
2015-02-25,Kirinyaga,11
2015-02-26,Kirinyaga,36
2015-02-27,Kirinyaga,44
2015-02-28,Kirinyaga,39
2015-03-01,Kirinyaga,48
2015-03-02,Kirinyaga,40
2015-03-03,Kirinyaga,34
2015-03-04,Kirinyaga,41
2015-03-05,Kirinyaga,38
2015-03-06,Kirinyaga,43
2015-03-07,Kirinyaga,25
2015-03-08,Kirinyaga,24
2015-03-09,Kirinyaga,39
2015-03-10,Kirinyaga,20
2015-03-11,Kirinyaga,29
2015-03-12,Kirinyaga,23
2015-03-13,Kirinyaga,46
2015-03-14,Kirinyaga,42
2015-03-15,Kirinyaga,49
2015-03-16,Kirinyaga,34
2015-03-17,Kirinyaga,23
2015-03-18,Kirinyaga,46
2015-03-19,Kirinyaga,39
2015-03-20,Kirinyaga,27
2015-03-21,Kirinyaga,39
2015-03-22,Kirinyaga,50
2015-03-23,Kirinyaga,37
2015-03-24,Kirinyaga,26
2015-03-25,Kirinyaga,37
2015-03-26,Kirinyaga,31
2015-03-27,Kirinyaga,30
2015-03-28,Kirinyaga,31
2015-03-29,Kirinyaga,27
2015-03-30,Kirinyaga,46
2015-03-31,Kirinyaga,24
2015-04-01,Kirinyaga,29
2015-04-02,Kirinyaga,37
2015-04-03,Kirinyaga,19
2015-04-04,Kirinyaga,24
2015-04-05,Kirinyaga,29
2015-04-06,Kirinyaga,26
2015-04-07,Kirinyaga,21
2015-04-08,Kirinyaga,39
2015-04-09,Kirinyaga,27
2015-04-10,Kirinyaga,54
2015-04-11,Kirinyaga,29
2015-04-12,Kirinyaga,7
2015-04-13,Kirinyaga,28
2015-04-14,Kirinyaga,52
2015-04-15,Kirinyaga,31
2015-04-16,Kirinyaga,30
2015-04-17,Kirinyaga,42
2015-04-18,Kirinyaga,35
2015-04-19,Kirinyaga,34
2015-04-20,Kirinyaga,32
2015-04-21,Kirinyaga,27
2015-04-22,Kirinyaga,15
2015-04-23,Kirinyaga,28
2015-04-24,Kirinyaga,21
2015-04-25,Kirinyaga,37
2015-04-26,Kirinyaga,4
2015-04-27,Kirinyaga,9
2015-04-28,Kirinyaga,38
2015-04-29,Kirinyaga,24
2015-04-30,Kirinyaga,9
2015-05-01,Kirinyaga,10
2015-05-02,Kirinyaga,23
2015-05-03,Kirinyaga,25
2015-05-04,Kirinyaga,41
2015-05-05,Kirinyaga,31
2015-05-06,Kirinyaga,42
2015-05-07,Kirinyaga,35
2015-05-08,Kirinyaga,42
2015-05-09,Kirinyaga,24
2015-05-10,Kirinyaga,37
2015-05-11,Kirinyaga,40
2015-05-12,Kirinyaga,36
2015-05-13,Kirinyaga,31
2015-05-14,Kirinyaga,38
2015-05-15,Kirinyaga,33
2015-05-16,Kirinyaga,27
2015-05-17,Kirinyaga,25
2015-05-18,Kirinyaga,35
2015-05-19,Kirinyaga,41
2015-05-20,Kirinyaga,18
2015-05-21,Kirinyaga,34
2015-05-22,Kirinyaga,15
2015-05-23,Kirinyaga,42
2015-05-24,Kirinyaga,41
2015-05-25,Kirinyaga,36
2015-05-26,Kirinyaga,37
2015-05-27,Kirinyaga,29
2015-05-28,Kirinyaga,29
2015-05-29,Kirinyaga,21
2015-05-30,Kirinyaga,27
2015-05-31,Kirinyaga,8
2015-06-01,Kirinyaga,28
2015-06-02,Kirinyaga,20
2015-06-03,Kirinyaga,26
2015-06-04,Kirinyaga,17
2015-06-05,Kirinyaga,45
2015-06-06,Kirinyaga,24
2015-06-07,Kirinyaga,26
2015-06-08,Kirinyaga,28
2015-06-09,Kirinyaga,40
2015-06-10,Kirinyaga,19
2015-06-11,Kirinyaga,32
2015-06-12,Kirinyaga,17
2015-06-13,Kirinyaga,40
2015-06-14,Kirinyaga,19
2015-06-15,Kirinyaga,29
2015-06-16,Kirinyaga,26
2015-06-17,Kirinyaga,17
2015-06-18,Kirinyaga,13
2015-06-19,Kirinyaga,49
2015-06-20,Kirinyaga,18
2015-06-21,Kirinyaga,45
2015-06-22,Kirinyaga,47
2015-06-23,Kirinyaga,34
2015-06-24,Kirinyaga,35
2015-06-25,Kirinyaga,43
2015-06-26,Kirinyaga,32
2015-06-27,Kirinyaga,31
2015-06-28,Kirinyaga,22
2015-06-29,Kirinyaga,15
2015-06-30,Kirinyaga,22
2015-07-01,Kirinyaga,36
2015-07-02,Kirinyaga,32
2015-07-03,Kirinyaga,30
2015-07-04,Kirinyaga,28
2015-07-05,Kirinyaga,19
2015-07-06,Kirinyaga,26
2015-07-07,Kirinyaga,23
2015-07-08,Kirinyaga,44
2015-07-09,Kirinyaga,33
2015-07-10,Kirinyaga,33
2015-07-11,Kirinyaga,28
2015-07-12,Kirinyaga,30
2015-07-13,Kirinyaga,35
2015-07-14,Kirinyaga,33
2015-07-15,Kirinyaga,23
2015-07-16,Kirinyaga,36
2015-07-17,Kirinyaga,29
2015-07-18,Kirinyaga,22
2015-07-19,Kirinyaga,24
2015-07-20,Kirinyaga,23
2015-07-21,Kirinyaga,19
2015-07-22,Kirinyaga,5
2015-07-23,Kirinyaga,39
2015-07-24,Kirinyaga,25
2015-07-25,Kirinyaga,26
2015-07-26,Kirinyaga,33
2015-07-27,Kirinyaga,30
2015-07-28,Kirinyaga,28
2015-07-29,Kirinyaga,16
2015-07-30,Kirinyaga,37
2015-07-31,Kirinyaga,27
2015-08-01,Kirinyaga,30
2015-08-02,Kirinyaga,20
2015-08-03,Kirinyaga,12
2015-08-04,Kirinyaga,51
2015-08-05,Kirinyaga,28
2015-08-06,Kirinyaga,18
2015-08-07,Kirinyaga,32
2015-08-08,Kirinyaga,5
2015-08-09,Kirinyaga,19
2015-08-10,Kirinyaga,20
2015-08-11,Kirinyaga,32
2015-08-12,Kirinyaga,29
2015-08-13,Kirinyaga,54
2015-08-14,Kirinyaga,47
2015-08-15,Kirinyaga,42
2015-08-16,Kirinyaga,14
2015-08-17,Kirinyaga,23
2015-08-18,Kirinyaga,25
2015-08-19,Kirinyaga,23
2015-08-20,Kirinyaga,51
2015-08-21,Kirinyaga,31
2015-08-22,Kirinyaga,50
2015-08-23,Kirinyaga,49
2015-08-24,Kirinyaga,26
2015-08-25,Kirinyaga,32
2015-08-26,Kirinyaga,35
2015-08-27,Kirinyaga,34
2015-08-28,Kirinyaga,22
2015-08-29,Kirinyaga,36
2015-08-30,Kirinyaga,17
2015-08-31,Kirinyaga,24
2015-09-01,Kirinyaga,37
2015-09-02,Kirinyaga,27
2015-09-03,Kirinyaga,18
2015-09-04,Kirinyaga,34
2015-09-05,Kirinyaga,42
2015-09-06,Kirinyaga,13
2015-09-07,Kirinyaga,28
2015-09-08,Kirinyaga,24
2015-09-09,Kirinyaga,16
2015-09-10,Kirinyaga,42
2015-09-11,Kirinyaga,21
2015-09-12,Kirinyaga,33
2015-09-13,Kirinyaga,18
2015-09-14,Kirinyaga,37
2015-09-15,Kirinyaga,32
2015-09-16,Kirinyaga,23
2015-09-17,Kirinyaga,21
2015-09-18,Kirinyaga,30
2015-09-19,Kirinyaga,11
2015-09-20,Kirinyaga,22
2015-09-21,Kirinyaga,35
2015-09-22,Kirinyaga,39
2015-09-23,Kirinyaga,17
2015-09-24,Kirinyaga,20
2015-09-25,Kirinyaga,32
2015-09-26,Kirinyaga,45
2015-09-27,Kirinyaga,29
2015-09-28,Kirinyaga,26
2015-09-29,Kirinyaga,28
2015-09-30,Kirinyaga,25
2015-10-01,Kirinyaga,16
2015-10-02,Kirinyaga,43
2015-10-03,Kirinyaga,33
2015-10-04,Kirinyaga,23
2015-10-05,Kirinyaga,21
2015-10-06,Kirinyaga,36
2015-10-07,Kirinyaga,23
2015-10-08,Kirinyaga,24
2015-10-09,Kirinyaga,25
2015-10-10,Kirinyaga,22
2015-10-11,Kirinyaga,33
2015-10-12,Kirinyaga,16
2015-10-13,Kirinyaga,40
2015-10-14,Kirinyaga,20
2015-10-15,Kirinyaga,39
2015-10-16,Kirinyaga,35
2015-10-17,Kirinyaga,34
2015-10-18,Kirinyaga,25
2015-10-19,Kirinyaga,44
2015-10-20,Kirinyaga,16
2015-10-21,Kirinyaga,39
2015-10-22,Kirinyaga,34
2015-10-23,Kirinyaga,45
2015-10-24,Kirinyaga,34
2015-10-25,Kirinyaga,16
2015-10-26,Kirinyaga,25
2015-10-27,Kirinyaga,26
2015-10-28,Kirinyaga,32
2015-10-29,Kirinyaga,32
2015-10-30,Kirinyaga,23
2015-10-31,Kirinyaga,50
2015-11-01,Kirinyaga,34
2015-11-02,Kirinyaga,36
2015-11-03,Kirinyaga,28
2015-11-04,Kirinyaga,6
2015-11-05,Kirinyaga,38
2015-11-06,Kirinyaga,36
2015-11-07,Kirinyaga,20
2015-11-08,Kirinyaga,17
2015-11-09,Kirinyaga,24
2015-11-10,Kirinyaga,38
2015-11-11,Kirinyaga,26
2015-11-12,Kirinyaga,37
2015-11-13,Kirinyaga,2
2015-11-14,Kirinyaga,15
2015-11-15,Kirinyaga,26
2015-11-16,Kirinyaga,44
2015-11-17,Kirinyaga,32
2015-11-18,Kirinyaga,34
2015-11-19,Kirinyaga,28
2015-11-20,Kirinyaga,13
2015-11-21,Kirinyaga,14
2015-11-22,Kirinyaga,41
2015-11-23,Kirinyaga,29
2015-11-24,Kirinyaga,30
2015-11-25,Kirinyaga,30
2015-11-26,Kirinyaga,21
2015-11-27,Kirinyaga,30
2015-11-28,Kirinyaga,29
2015-11-29,Kirinyaga,16
2015-11-30,Kirinyaga,38
2015-12-01,Kirinyaga,18
2015-12-02,Kirinyaga,19
2015-12-03,Kirinyaga,29
2015-12-04,Kirinyaga,28
2015-12-05,Kirinyaga,21
2015-12-06,Kirinyaga,13
2015-12-07,Kirinyaga,25
2015-12-08,Kirinyaga,33
2015-12-09,Kirinyaga,33
2015-12-10,Kirinyaga,35
2015-12-11,Kirinyaga,19
2015-12-12,Kirinyaga,23
2015-12-13,Kirinyaga,14
2015-12-14,Kirinyaga,8
2015-12-15,Kirinyaga,21
2015-12-16,Kirinyaga,38
2015-12-17,Kirinyaga,14
2015-12-18,Kirinyaga,27
2015-12-19,Kirinyaga,17
2015-12-20,Kirinyaga,30
2015-12-21,Kirinyaga,17
2015-12-22,Kirinyaga,28
2015-12-23,Kirinyaga,18
2015-12-24,Kirinyaga,36
2015-12-25,Kirinyaga,27
2015-12-26,Kirinyaga,28
2015-12-27,Kirinyaga,26
2015-12-28,Kirinyaga,7
2015-12-29,Kirinyaga,50
2015-12-30,Kirinyaga,25
2015-12-31,Kirinyaga,35
2016-01-01,Kirinyaga,23
2016-01-02,Kirinyaga,16
2016-01-03,Kirinyaga,14
2016-01-04,Kirinyaga,27
2016-01-05,Kirinyaga,20
2016-01-06,Kirinyaga,34
2016-01-07,Kirinyaga,21
2016-01-08,Kirinyaga,22
2016-01-09,Kirinyaga,43
2016-01-10,Kirinyaga,15
2016-01-11,Kirinyaga,33
2016-01-12,Kirinyaga,39
2016-01-13,Kirinyaga,16
2016-01-14,Kirinyaga,3
2016-01-15,Kirinyaga,29
2016-01-16,Kirinyaga,26
2016-01-17,Kirinyaga,24
2016-01-18,Kirinyaga,17
2016-01-19,Kirinyaga,22
2016-01-20,Kirinyaga,22
2016-01-21,Kirinyaga,24
2016-01-22,Kirinyaga,13
2016-01-23,Kirinyaga,26
2016-01-24,Kirinyaga,31
2016-01-25,Kirinyaga,21
2016-01-26,Kirinyaga,40
2016-01-27,Kirinyaga,26
2016-01-28,Kirinyaga,17
2016-01-29,Kirinyaga,42
2016-01-30,Kirinyaga,34
2016-01-31,Kirinyaga,32
2016-02-01,Kirinyaga,33
2016-02-02,Kirinyaga,38
2016-02-03,Kirinyaga,41
2016-02-04,Kirinyaga,30
2016-02-05,Kirinyaga,39
2016-02-06,Kirinyaga,49
2016-02-07,Kirinyaga,42
2016-02-08,Kirinyaga,31
2016-02-09,Kirinyaga,22
2016-02-10,Kirinyaga,25
2016-02-11,Kirinyaga,28
2016-02-12,Kirinyaga,7
2016-02-13,Kirinyaga,15
2016-02-14,Kirinyaga,25
2016-02-15,Kirinyaga,43
2016-02-16,Kirinyaga,23
2016-02-17,Kirinyaga,35
2016-02-18,Kirinyaga,23
2016-02-19,Kirinyaga,32
2016-02-20,Kirinyaga,8
2016-02-21,Kirinyaga,21
2016-02-22,Kirinyaga,44
2016-02-23,Kirinyaga,18
2016-02-24,Kirinyaga,11
2016-02-25,Kirinyaga,25
2016-02-26,Kirinyaga,21
2016-02-27,Kirinyaga,24
2016-02-28,Kirinyaga,30
2016-02-29,Kirinyaga,18
2016-03-01,Kirinyaga,9
2016-03-02,Kirinyaga,54
2016-03-03,Kirinyaga,37
2016-03-04,Kirinyaga,29
2016-03-05,Kirinyaga,31
2016-03-06,Kirinyaga,19
2016-03-07,Kirinyaga,26
2016-03-08,Kirinyaga,23
2016-03-09,Kirinyaga,44
2016-03-10,Kirinyaga,35
2016-03-11,Kirinyaga,26
2016-03-12,Kirinyaga,26
2016-03-13,Kirinyaga,23
2016-03-14,Kirinyaga,38
2016-03-15,Kirinyaga,0
2016-03-16,Kirinyaga,24
2016-03-17,Kirinyaga,28
2016-03-18,Kirinyaga,33
2016-03-19,Kirinyaga,26
2016-03-20,Kirinyaga,33
2016-03-21,Kirinyaga,26
2016-03-22,Kirinyaga,42
2016-03-23,Kirinyaga,36
2016-03-24,Kirinyaga,25
2016-03-25,Kirinyaga,31
2016-03-26,Kirinyaga,41
2016-03-27,Kirinyaga,26
2016-03-28,Kirinyaga,16
2016-03-29,Kirinyaga,42
2016-03-30,Kirinyaga,54
2016-03-31,Kirinyaga,38
2016-04-01,Kirinyaga,34
2016-04-02,Kirinyaga,29
2016-04-03,Kirinyaga,32
2016-04-04,Kirinyaga,31
2016-04-05,Kirinyaga,28
2016-04-06,Kirinyaga,55
2016-04-07,Kirinyaga,27
2016-04-08,Kirinyaga,11
2016-04-09,Kirinyaga,35
2016-04-10,Kirinyaga,40
2016-04-11,Kirinyaga,36
2016-04-12,Kirinyaga,31
2016-04-13,Kirinyaga,44
2016-04-14,Kirinyaga,36
2016-04-15,Kirinyaga,44
2016-04-16,Kirinyaga,32
2016-04-17,Kirinyaga,30
2016-04-18,Kirinyaga,29
2016-04-19,Kirinyaga,36
2016-04-20,Kirinyaga,32
2016-04-21,Kirinyaga,12
2016-04-22,Kirinyaga,30
2016-04-23,Kirinyaga,41
2016-04-24,Kirinyaga,39
2016-04-25,Kirinyaga,34
2016-04-26,Kirinyaga,25
2016-04-27,Kirinyaga,38
2016-04-28,Kirinyaga,23
2016-04-29,Kirinyaga,32
2016-04-30,Kirinyaga,26
2016-05-01,Kirinyaga,21
2016-05-02,Kirinyaga,19
2016-05-03,Kirinyaga,33
2016-05-04,Kirinyaga,18
2016-05-05,Kirinyaga,44
2016-05-06,Kirinyaga,31
2016-05-07,Kirinyaga,28
2016-05-08,Kirinyaga,40
2016-05-09,Kirinyaga,43
2016-05-10,Kirinyaga,31
2016-05-11,Kirinyaga,39
2016-05-12,Kirinyaga,21
2016-05-13,Kirinyaga,42
2016-05-14,Kirinyaga,24
2016-05-15,Kirinyaga,49
2016-05-16,Kirinyaga,45
2016-05-17,Kirinyaga,29
2016-05-18,Kirinyaga,14
2016-05-19,Kirinyaga,54
2016-05-20,Kirinyaga,29
2016-05-21,Kirinyaga,48
2016-05-22,Kirinyaga,22
2016-05-23,Kirinyaga,30
2016-05-24,Kirinyaga,6
2016-05-25,Kirinyaga,37
2016-05-26,Kirinyaga,35
2016-05-27,Kirinyaga,55
2016-05-28,Kirinyaga,29
2016-05-29,Kirinyaga,25
2016-05-30,Kirinyaga,26
2016-05-31,Kirinyaga,29
2016-06-01,Kirinyaga,27
2016-06-02,Kirinyaga,0
2016-06-03,Kirinyaga,30
2016-06-04,Kirinyaga,23
2016-06-05,Kirinyaga,30
2016-06-06,Kirinyaga,16
2016-06-07,Kirinyaga,25
2016-06-08,Kirinyaga,19
2016-06-09,Kirinyaga,21
2016-06-10,Kirinyaga,30
2016-06-11,Kirinyaga,25
2016-06-12,Kirinyaga,25
2016-06-13,Kirinyaga,33
2016-06-14,Kirinyaga,26
2016-06-15,Kirinyaga,63
2016-06-16,Kirinyaga,24
2016-06-17,Kirinyaga,21
2016-06-18,Kirinyaga,25
2016-06-19,Kirinyaga,28
2016-06-20,Kirinyaga,36
2016-06-21,Kirinyaga,31
2016-06-22,Kirinyaga,17
2016-06-23,Kirinyaga,37
2016-06-24,Kirinyaga,20
2016-06-25,Kirinyaga,18
2016-06-26,Kirinyaga,31
2016-06-27,Kirinyaga,30
2016-06-28,Kirinyaga,21
2016-06-29,Kirinyaga,40
2016-06-30,Kirinyaga,27
2016-07-01,Kirinyaga,25
2016-07-02,Kirinyaga,35
2016-07-03,Kirinyaga,21
2016-07-04,Kirinyaga,25
2016-07-05,Kirinyaga,19
2016-07-06,Kirinyaga,34
2016-07-07,Kirinyaga,44
2016-07-08,Kirinyaga,33
2016-07-09,Kirinyaga,32
2016-07-10,Kirinyaga,31
2016-07-11,Kirinyaga,31
2016-07-12,Kirinyaga,20
2016-07-13,Kirinyaga,42
2016-07-14,Kirinyaga,0
2016-07-15,Kirinyaga,40
2016-07-16,Kirinyaga,5
2016-07-17,Kirinyaga,32
2016-07-18,Kirinyaga,34
2016-07-19,Kirinyaga,16
2016-07-20,Kirinyaga,22
2016-07-21,Kirinyaga,9
2016-07-22,Kirinyaga,21
2016-07-23,Kirinyaga,40
2016-07-24,Kirinyaga,37
2016-07-25,Kirinyaga,29
2016-07-26,Kirinyaga,31
2016-07-27,Kirinyaga,24
2016-07-28,Kirinyaga,42
2016-07-29,Kirinyaga,24
2016-07-30,Kirinyaga,48
2016-07-31,Kirinyaga,24
2016-08-01,Kirinyaga,23
2016-08-02,Kirinyaga,16
2016-08-03,Kirinyaga,30
2016-08-04,Kirinyaga,37
2016-08-05,Kirinyaga,27
2016-08-06,Kirinyaga,41
2016-08-07,Kirinyaga,34
2016-08-08,Kirinyaga,14
2016-08-09,Kirinyaga,28
2016-08-10,Kirinyaga,36
2016-08-11,Kirinyaga,34
2016-08-12,Kirinyaga,44
2016-08-13,Kirinyaga,39
2016-08-14,Kirinyaga,45
2016-08-15,Kirinyaga,35
2016-08-16,Kirinyaga,49
2016-08-17,Kirinyaga,20
2016-08-18,Kirinyaga,14
2016-08-19,Kirinyaga,45
2016-08-20,Kirinyaga,30
2016-08-21,Kirinyaga,12
2016-08-22,Kirinyaga,36
2016-08-23,Kirinyaga,36
2016-08-24,Kirinyaga,19
2016-08-25,Kirinyaga,28
2016-08-26,Kirinyaga,22
2016-08-27,Kirinyaga,34
2016-08-28,Kirinyaga,21
2016-08-29,Kirinyaga,24
2016-08-30,Kirinyaga,28
2016-08-31,Kirinyaga,26
2016-09-01,Kirinyaga,42
2016-09-02,Kirinyaga,10
2016-09-03,Kirinyaga,44
2016-09-04,Kirinyaga,36
2016-09-05,Kirinyaga,18
2016-09-06,Kirinyaga,35
2016-09-07,Kirinyaga,33
2016-09-08,Kirinyaga,5
2016-09-09,Kirinyaga,40
2016-09-10,Kirinyaga,30
2016-09-11,Kirinyaga,43
2016-09-12,Kirinyaga,16
2016-09-13,Kirinyaga,21
2016-09-14,Kirinyaga,16
2016-09-15,Kirinyaga,25
2016-09-16,Kirinyaga,34
2016-09-17,Kirinyaga,16
2016-09-18,Kirinyaga,39
2016-09-19,Kirinyaga,16
2016-09-20,Kirinyaga,25
2016-09-21,Kirinyaga,7
2016-09-22,Kirinyaga,40
2016-09-23,Kirinyaga,18
2016-09-24,Kirinyaga,42
2016-09-25,Kirinyaga,39
2016-09-26,Kirinyaga,11
2016-09-27,Kirinyaga,21
2016-09-28,Kirinyaga,36
2016-09-29,Kirinyaga,32
2016-09-30,Kirinyaga,19
2016-10-01,Kirinyaga,40
2015-01-01,Murang'a,34
2015-01-02,Murang'a,11
2015-01-03,Murang'a,30
2015-01-04,Murang'a,31
2015-01-05,Murang'a,33
2015-01-06,Murang'a,34
2015-01-07,Murang'a,31
2015-01-08,Murang'a,30
2015-01-09,Murang'a,37
2015-01-10,Murang'a,27
2015-01-11,Murang'a,15
2015-01-12,Murang'a,28
2015-01-13,Murang'a,50
2015-01-14,Murang'a,43
2015-01-15,Murang'a,42
2015-01-16,Murang'a,38
2015-01-17,Murang'a,28
2015-01-18,Murang'a,38
2015-01-19,Murang'a,33
2015-01-20,Murang'a,22
2015-01-21,Murang'a,31
2015-01-22,Murang'a,28
2015-01-23,Murang'a,24
2015-01-24,Murang'a,17
2015-01-25,Murang'a,27
2015-01-26,Murang'a,8
2015-01-27,Murang'a,27
2015-01-28,Murang'a,22
2015-01-29,Murang'a,25
2015-01-30,Murang'a,43
2015-01-31,Murang'a,40
2015-02-01,Murang'a,46
2015-02-02,Murang'a,5
2015-02-03,Murang'a,11
2015-02-04,Murang'a,51
2015-02-05,Murang'a,27
2015-02-06,Murang'a,24
2015-02-07,Murang'a,26
2015-02-08,Murang'a,14
2015-02-09,Murang'a,33
2015-02-10,Murang'a,16
2015-02-11,Murang'a,31
2015-02-12,Murang'a,33
2015-02-13,Murang'a,19
2015-02-14,Murang'a,44
2015-02-15,Murang'a,34
2015-02-16,Murang'a,31
2015-02-17,Murang'a,29
2015-02-18,Murang'a,24
2015-02-19,Murang'a,19
2015-02-20,Murang'a,32
2015-02-21,Murang'a,13
2015-02-22,Murang'a,11
2015-02-23,Murang'a,20
2015-02-24,Murang'a,24
2015-02-25,Murang'a,13
2015-02-26,Murang'a,25
2015-02-27,Murang'a,18
2015-02-28,Murang'a,23
2015-03-01,Murang'a,36
2015-03-02,Murang'a,22
2015-03-03,Murang'a,39
2015-03-04,Murang'a,19
2015-03-05,Murang'a,32
2015-03-06,Murang'a,45
2015-03-07,Murang'a,36
2015-03-08,Murang'a,24
2015-03-09,Murang'a,28
2015-03-10,Murang'a,53
2015-03-11,Murang'a,39
2015-03-12,Murang'a,53
2015-03-13,Murang'a,25
2015-03-14,Murang'a,36
2015-03-15,Murang'a,37
2015-03-16,Murang'a,31
2015-03-17,Murang'a,35
2015-03-18,Murang'a,27
2015-03-19,Murang'a,11
2015-03-20,Murang'a,26
2015-03-21,Murang'a,42
2015-03-22,Murang'a,35
2015-03-23,Murang'a,34
2015-03-24,Murang'a,37
2015-03-25,Murang'a,35
2015-03-26,Murang'a,46
2015-03-27,Murang'a,28
2015-03-28,Murang'a,27
2015-03-29,Murang'a,3
2015-03-30,Murang'a,25
2015-03-31,Murang'a,35
2015-04-01,Murang'a,30
2015-04-02,Murang'a,23
2015-04-03,Murang'a,35
2015-04-04,Murang'a,37
2015-04-05,Murang'a,28
2015-04-06,Murang'a,36
2015-04-07,Murang'a,12
2015-04-08,Murang'a,25
2015-04-09,Murang'a,47
2015-04-10,Murang'a,23
2015-04-11,Murang'a,20
2015-04-12,Murang'a,32
2015-04-13,Murang'a,31
2015-04-14,Murang'a,45
2015-04-15,Murang'a,18
2015-04-16,Murang'a,40
2015-04-17,Murang'a,37
2015-04-18,Murang'a,31
2015-04-19,Murang'a,17
2015-04-20,Murang'a,41
2015-04-21,Murang'a,44
2015-04-22,Murang'a,38
2015-04-23,Murang'a,34
2015-04-24,Murang'a,39
2015-04-25,Murang'a,58
2015-04-26,Murang'a,36
2015-04-27,Murang'a,18
2015-04-28,Murang'a,43
2015-04-29,Murang'a,51
2015-04-30,Murang'a,51
2015-05-01,Murang'a,47
2015-05-02,Murang'a,39
2015-05-03,Murang'a,31
2015-05-04,Murang'a,37
2015-05-05,Murang'a,41
2015-05-06,Murang'a,50
2015-05-07,Murang'a,24
2015-05-08,Murang'a,46
2015-05-09,Murang'a,24
2015-05-10,Murang'a,53
2015-05-11,Murang'a,19
2015-05-12,Murang'a,50
2015-05-13,Murang'a,41
2015-05-14,Murang'a,11
2015-05-15,Murang'a,44
2015-05-16,Murang'a,31
2015-05-17,Murang'a,45
2015-05-18,Murang'a,40
2015-05-19,Murang'a,29
2015-05-20,Murang'a,25
2015-05-21,Murang'a,39
2015-05-22,Murang'a,32
2015-05-23,Murang'a,19
2015-05-24,Murang'a,42
2015-05-25,Murang'a,38
2015-05-26,Murang'a,36
2015-05-27,Murang'a,21
2015-05-28,Murang'a,17
2015-05-29,Murang'a,43
2015-05-30,Murang'a,50
2015-05-31,Murang'a,34
2015-06-01,Murang'a,47
2015-06-02,Murang'a,40
2015-06-03,Murang'a,37
2015-06-04,Murang'a,42
2015-06-05,Murang'a,22
2015-06-06,Murang'a,26
2015-06-07,Murang'a,24
2015-06-08,Murang'a,40
2015-06-09,Murang'a,34
2015-06-10,Murang'a,34
2015-06-11,Murang'a,44
2015-06-12,Murang'a,31
2015-06-13,Murang'a,41
2015-06-14,Murang'a,34
2015-06-15,Murang'a,46
2015-06-16,Murang'a,19
2015-06-17,Murang'a,15
2015-06-18,Murang'a,8
2015-06-19,Murang'a,15
2015-06-20,Murang'a,21
2015-06-21,Murang'a,23
2015-06-22,Murang'a,20
2015-06-23,Murang'a,20
2015-06-24,Murang'a,29
2015-06-25,Murang'a,28
2015-06-26,Murang'a,13
2015-06-27,Murang'a,21
2015-06-28,Murang'a,28
2015-06-29,Murang'a,30
2015-06-30,Murang'a,28
2015-07-01,Murang'a,19
2015-07-02,Murang'a,40
2015-07-03,Murang'a,26
2015-07-04,Murang'a,15
2015-07-05,Murang'a,30
2015-07-06,Murang'a,42
2015-07-07,Murang'a,31
2015-07-08,Murang'a,20
2015-07-09,Murang'a,29
2015-07-10,Murang'a,18
2015-07-11,Murang'a,33
2015-07-12,Murang'a,23
2015-07-13,Murang'a,7
2015-07-14,Murang'a,43
2015-07-15,Murang'a,13
2015-07-16,Murang'a,18
2015-07-17,Murang'a,36
2015-07-18,Murang'a,19
2015-07-19,Murang'a,24
2015-07-20,Murang'a,26
2015-07-21,Murang'a,22
2015-07-22,Murang'a,25
2015-07-23,Murang'a,39
2015-07-24,Murang'a,29
2015-07-25,Murang'a,22
2015-07-26,Murang'a,21
2015-07-27,Murang'a,27
2015-07-28,Murang'a,6
2015-07-29,Murang'a,13
2015-07-30,Murang'a,34
2015-07-31,Murang'a,25
2015-08-01,Murang'a,35
2015-08-02,Murang'a,25
2015-08-03,Murang'a,13
2015-08-04,Murang'a,25
2015-08-05,Murang'a,32
2015-08-06,Murang'a,33
2015-08-07,Murang'a,14
2015-08-08,Murang'a,23
2015-08-09,Murang'a,12
2015-08-10,Murang'a,15
2015-08-11,Murang'a,25
2015-08-12,Murang'a,10
2015-08-13,Murang'a,12
2015-08-14,Murang'a,21
2015-08-15,Murang'a,9
2015-08-16,Murang'a,4
2015-08-17,Murang'a,30
2015-08-18,Murang'a,27
2015-08-19,Murang'a,24
2015-08-20,Murang'a,21
2015-08-21,Murang'a,44
2015-08-22,Murang'a,28
2015-08-23,Murang'a,30
2015-08-24,Murang'a,27
2015-08-25,Murang'a,27
2015-08-26,Murang'a,27
2015-08-27,Murang'a,19
2015-08-28,Murang'a,23
2015-08-29,Murang'a,24
2015-08-30,Murang'a,23
2015-08-31,Murang'a,44
2015-09-01,Murang'a,16
2015-09-02,Murang'a,39
2015-09-03,Murang'a,28
2015-09-04,Murang'a,37
2015-09-05,Murang'a,25
2015-09-06,Murang'a,34
2015-09-07,Murang'a,40
2015-09-08,Murang'a,38
2015-09-09,Murang'a,24
2015-09-10,Murang'a,12
2015-09-11,Murang'a,37
2015-09-12,Murang'a,22
2015-09-13,Murang'a,8
2015-09-14,Murang'a,19
2015-09-15,Murang'a,47
2015-09-16,Murang'a,8
2015-09-17,Murang'a,31
2015-09-18,Murang'a,61
2015-09-19,Murang'a,42
2015-09-20,Murang'a,33
2015-09-21,Murang'a,48
2015-09-22,Murang'a,27
2015-09-23,Murang'a,36
2015-09-24,Murang'a,23
2015-09-25,Murang'a,17
2015-09-26,Murang'a,19
2015-09-27,Murang'a,26
2015-09-28,Murang'a,45
2015-09-29,Murang'a,43
2015-09-30,Murang'a,35
2015-10-01,Murang'a,29
2015-10-02,Murang'a,40
2015-10-03,Murang'a,18
2015-10-04,Murang'a,9
2015-10-05,Murang'a,42
2015-10-06,Murang'a,33
2015-10-07,Murang'a,46
2015-10-08,Murang'a,25
2015-10-09,Murang'a,10
2015-10-10,Murang'a,31
2015-10-11,Murang'a,28
2015-10-12,Murang'a,25
2015-10-13,Murang'a,40
2015-10-14,Murang'a,20
2015-10-15,Murang'a,11
2015-10-16,Murang'a,20
2015-10-17,Murang'a,27
2015-10-18,Murang'a,18
2015-10-19,Murang'a,34
2015-10-20,Murang'a,21
2015-10-21,Murang'a,32
2015-10-22,Murang'a,28
2015-10-23,Murang'a,43
2015-10-24,Murang'a,24
2015-10-25,Murang'a,32
2015-10-26,Murang'a,20
2015-10-27,Murang'a,35
2015-10-28,Murang'a,44
2015-10-29,Murang'a,28
2015-10-30,Murang'a,35
2015-10-31,Murang'a,36
2015-11-01,Murang'a,33
2015-11-02,Murang'a,27
2015-11-03,Murang'a,31
2015-11-04,Murang'a,21
2015-11-05,Murang'a,11
2015-11-06,Murang'a,46
2015-11-07,Murang'a,30
2015-11-08,Murang'a,22
2015-11-09,Murang'a,46
2015-11-10,Murang'a,34
2015-11-11,Murang'a,44
2015-11-12,Murang'a,17
2015-11-13,Murang'a,43
2015-11-14,Murang'a,12
2015-11-15,Murang'a,13
2015-11-16,Murang'a,17
2015-11-17,Murang'a,42
2015-11-18,Murang'a,25
2015-11-19,Murang'a,15
2015-11-20,Murang'a,13
2015-11-21,Murang'a,41
2015-11-22,Murang'a,14
2015-11-23,Murang'a,25
2015-11-24,Murang'a,16
2015-11-25,Murang'a,14
2015-11-26,Murang'a,3
2015-11-27,Murang'a,10
2015-11-28,Murang'a,26
2015-11-29,Murang'a,31
2015-11-30,Murang'a,11
2015-12-01,Murang'a,33
2015-12-02,Murang'a,35
2015-12-03,Murang'a,15
2015-12-04,Murang'a,24
2015-12-05,Murang'a,28
2015-12-06,Murang'a,21
2015-12-07,Murang'a,30
2015-12-08,Murang'a,32
2015-12-09,Murang'a,33
2015-12-10,Murang'a,16
2015-12-11,Murang'a,23
2015-12-12,Murang'a,34
2015-12-13,Murang'a,20
2015-12-14,Murang'a,24
2015-12-15,Murang'a,29
2015-12-16,Murang'a,18
2015-12-17,Murang'a,30
2015-12-18,Murang'a,31
2015-12-19,Murang'a,11
2015-12-20,Murang'a,34
2015-12-21,Murang'a,31
2015-12-22,Murang'a,40
2015-12-23,Murang'a,30
2015-12-24,Murang'a,36
2015-12-25,Murang'a,23
2015-12-26,Murang'a,29
2015-12-27,Murang'a,28
2015-12-28,Murang'a,49
2015-12-29,Murang'a,11
2015-12-30,Murang'a,21
2015-12-31,Murang'a,23
2016-01-01,Murang'a,19
2016-01-02,Murang'a,17
2016-01-03,Murang'a,18
2016-01-04,Murang'a,37
2016-01-05,Murang'a,25
2016-01-06,Murang'a,17
2016-01-07,Murang'a,47
2016-01-08,Murang'a,11
2016-01-09,Murang'a,19
2016-01-10,Murang'a,2
2016-01-11,Murang'a,45
2016-01-12,Murang'a,36
2016-01-13,Murang'a,35
2016-01-14,Murang'a,21
2016-01-15,Murang'a,15
2016-01-16,Murang'a,29
2016-01-17,Murang'a,13
2016-01-18,Murang'a,16
2016-01-19,Murang'a,19
2016-01-20,Murang'a,6
2016-01-21,Murang'a,23
2016-01-22,Murang'a,20
2016-01-23,Murang'a,13
2016-01-24,Murang'a,44
2016-01-25,Murang'a,42
2016-01-26,Murang'a,24
2016-01-27,Murang'a,31
2016-01-28,Murang'a,23
2016-01-29,Murang'a,10
2016-01-30,Murang'a,21
2016-01-31,Murang'a,2
2016-02-01,Murang'a,17
2016-02-02,Murang'a,26
2016-02-03,Murang'a,30
2016-02-04,Murang'a,32
2016-02-05,Murang'a,37
2016-02-06,Murang'a,18
2016-02-07,Murang'a,25
2016-02-08,Murang'a,22
2016-02-09,Murang'a,30
2016-02-10,Murang'a,20
2016-02-11,Murang'a,15
2016-02-12,Murang'a,13
2016-02-13,Murang'a,14
2016-02-14,Murang'a,30
2016-02-15,Murang'a,24
2016-02-16,Murang'a,20
2016-02-17,Murang'a,9
2016-02-18,Murang'a,21
2016-02-19,Murang'a,19
2016-02-20,Murang'a,30
2016-02-21,Murang'a,26
2016-02-22,Murang'a,8
2016-02-23,Murang'a,38
2016-02-24,Murang'a,31
2016-02-25,Murang'a,43
2016-02-26,Murang'a,18
2016-02-27,Murang'a,31
2016-02-28,Murang'a,28
2016-02-29,Murang'a,25
2016-03-01,Murang'a,32
2016-03-02,Murang'a,24
2016-03-03,Murang'a,22
2016-03-04,Murang'a,30
2016-03-05,Murang'a,33
2016-03-06,Murang'a,35
2016-03-07,Murang'a,38
2016-03-08,Murang'a,23
2016-03-09,Murang'a,21
2016-03-10,Murang'a,14
2016-03-11,Murang'a,31
2016-03-12,Murang'a,20
2016-03-13,Murang'a,32
2016-03-14,Murang'a,22
2016-03-15,Murang'a,39
2016-03-16,Murang'a,35
2016-03-17,Murang'a,18
2016-03-18,Murang'a,25
2016-03-19,Murang'a,23
2016-03-20,Murang'a,30
2016-03-21,Murang'a,16
2016-03-22,Murang'a,29
2016-03-23,Murang'a,22
2016-03-24,Murang'a,48
2016-03-25,Murang'a,28
2016-03-26,Murang'a,39
2016-03-27,Murang'a,52
2016-03-28,Murang'a,58
2016-03-29,Murang'a,32
2016-03-30,Murang'a,10
2016-03-31,Murang'a,35
2016-04-01,Murang'a,14
2016-04-02,Murang'a,50
2016-04-03,Murang'a,28
2016-04-04,Murang'a,27
2016-04-05,Murang'a,24
2016-04-06,Murang'a,13
2016-04-07,Murang'a,13
2016-04-08,Murang'a,42
2016-04-09,Murang'a,37
2016-04-10,Murang'a,21
2016-04-11,Murang'a,41
2016-04-12,Murang'a,29
2016-04-13,Murang'a,33
2016-04-14,Murang'a,42
2016-04-15,Murang'a,23
2016-04-16,Murang'a,36
2016-04-17,Murang'a,31
2016-04-18,Murang'a,32
2016-04-19,Murang'a,35
2016-04-20,Murang'a,12
2016-04-21,Murang'a,32
2016-04-22,Murang'a,31
2016-04-23,Murang'a,36
2016-04-24,Murang'a,37
2016-04-25,Murang'a,19
2016-04-26,Murang'a,9
2016-04-27,Murang'a,36
2016-04-28,Murang'a,44
2016-04-29,Murang'a,27
2016-04-30,Murang'a,11
2016-05-01,Murang'a,47
2016-05-02,Murang'a,35
2016-05-03,Murang'a,37
2016-05-04,Murang'a,35
2016-05-05,Murang'a,32
2016-05-06,Murang'a,22
2016-05-07,Murang'a,33
2016-05-08,Murang'a,36
2016-05-09,Murang'a,23
2016-05-10,Murang'a,30
2016-05-11,Murang'a,37
2016-05-12,Murang'a,31
2016-05-13,Murang'a,7
2016-05-14,Murang'a,37
2016-05-15,Murang'a,51
2016-05-16,Murang'a,26
2016-05-17,Murang'a,51
2016-05-18,Murang'a,36
2016-05-19,Murang'a,50
2016-05-20,Murang'a,16
2016-05-21,Murang'a,25
2016-05-22,Murang'a,42
2016-05-23,Murang'a,39
2016-05-24,Murang'a,44
2016-05-25,Murang'a,25
2016-05-26,Murang'a,27
2016-05-27,Murang'a,34
2016-05-28,Murang'a,33
2016-05-29,Murang'a,30
2016-05-30,Murang'a,25
2016-05-31,Murang'a,49
2016-06-01,Murang'a,31
2016-06-02,Murang'a,26
2016-06-03,Murang'a,36
2016-06-04,Murang'a,33
2016-06-05,Murang'a,25
2016-06-06,Murang'a,12
2016-06-07,Murang'a,42
2016-06-08,Murang'a,28
2016-06-09,Murang'a,31
2016-06-10,Murang'a,34
2016-06-11,Murang'a,32
2016-06-12,Murang'a,22
2016-06-13,Murang'a,21
2016-06-14,Murang'a,22
2016-06-15,Murang'a,8
2016-06-16,Murang'a,12
2016-06-17,Murang'a,20
2016-06-18,Murang'a,25
2016-06-19,Murang'a,32
2016-06-20,Murang'a,29
2016-06-21,Murang'a,41
2016-06-22,Murang'a,18
2016-06-23,Murang'a,45
2016-06-24,Murang'a,15
2016-06-25,Murang'a,20
2016-06-26,Murang'a,28
2016-06-27,Murang'a,42
2016-06-28,Murang'a,22
2016-06-29,Murang'a,17
2016-06-30,Murang'a,18
2016-07-01,Murang'a,22
2016-07-02,Murang'a,21
2016-07-03,Murang'a,43
2016-07-04,Murang'a,21
2016-07-05,Murang'a,38
2016-07-06,Murang'a,26
2016-07-07,Murang'a,30
2016-07-08,Murang'a,24
2016-07-09,Murang'a,26
2016-07-10,Murang'a,1
2016-07-11,Murang'a,27
2016-07-12,Murang'a,38
2016-07-13,Murang'a,10
2016-07-14,Murang'a,25
2016-07-15,Murang'a,14
2016-07-16,Murang'a,28
2016-07-17,Murang'a,33
2016-07-18,Murang'a,26
2016-07-19,Murang'a,23
2016-07-20,Murang'a,28
2016-07-21,Murang'a,7
2016-07-22,Murang'a,17
2016-07-23,Murang'a,37
2016-07-24,Murang'a,15
2016-07-25,Murang'a,28
2016-07-26,Murang'a,22
2016-07-27,Murang'a,22
2016-07-28,Murang'a,32
2016-07-29,Murang'a,48
2016-07-30,Murang'a,16
2016-07-31,Murang'a,16
2016-08-01,Murang'a,19
2016-08-02,Murang'a,21
2016-08-03,Murang'a,39
2016-08-04,Murang'a,13
2016-08-05,Murang'a,37
2016-08-06,Murang'a,20
2016-08-07,Murang'a,27
2016-08-08,Murang'a,20
2016-08-09,Murang'a,33
2016-08-10,Murang'a,28
2016-08-11,Murang'a,8
2016-08-12,Murang'a,28
2016-08-13,Murang'a,22
2016-08-14,Murang'a,29
2016-08-15,Murang'a,31
2016-08-16,Murang'a,36
2016-08-17,Murang'a,34
2016-08-18,Murang'a,23
2016-08-19,Murang'a,24
2016-08-20,Murang'a,41
2016-08-21,Murang'a,40
2016-08-22,Murang'a,45
2016-08-23,Murang'a,24
2016-08-24,Murang'a,34
2016-08-25,Murang'a,38
2016-08-26,Murang'a,32
2016-08-27,Murang'a,44
2016-08-28,Murang'a,30
2016-08-29,Murang'a,9
2016-08-30,Murang'a,5
2016-08-31,Murang'a,34
2016-09-01,Murang'a,18
2016-09-02,Murang'a,25
2016-09-03,Murang'a,28
2016-09-04,Murang'a,52
2016-09-05,Murang'a,24
2016-09-06,Murang'a,29
2016-09-07,Murang'a,20
2016-09-08,Murang'a,32
2016-09-09,Murang'a,24
2016-09-10,Murang'a,24
2016-09-11,Murang'a,18
2016-09-12,Murang'a,22
2016-09-13,Murang'a,22
2016-09-14,Murang'a,29
2016-09-15,Murang'a,30
2016-09-16,Murang'a,17
2016-09-17,Murang'a,30
2016-09-18,Murang'a,16
2016-09-19,Murang'a,17
2016-09-20,Murang'a,19
2016-09-21,Murang'a,42
2016-09-22,Murang'a,13
2016-09-23,Murang'a,20
2016-09-24,Murang'a,11
2016-09-25,Murang'a,22
2016-09-26,Murang'a,36
2016-09-27,Murang'a,22
2016-09-28,Murang'a,36
2016-09-29,Murang'a,32
2016-09-30,Murang'a,22
2016-10-01,Murang'a,39
2015-01-01,Kiambu,27
2015-01-02,Kiambu,23
2015-01-03,Kiambu,33
2015-01-04,Kiambu,23
2015-01-05,Kiambu,20
2015-01-06,Kiambu,25
2015-01-07,Kiambu,11
2015-01-08,Kiambu,30
2015-01-09,Kiambu,33
2015-01-10,Kiambu,34
2015-01-11,Kiambu,32
2015-01-12,Kiambu,36
2015-01-13,Kiambu,36
2015-01-14,Kiambu,22
2015-01-15,Kiambu,21
2015-01-16,Kiambu,18
2015-01-17,Kiambu,6
2015-01-18,Kiambu,19
2015-01-19,Kiambu,23
2015-01-20,Kiambu,25
2015-01-21,Kiambu,37
2015-01-22,Kiambu,8
2015-01-23,Kiambu,39
2015-01-24,Kiambu,16
2015-01-25,Kiambu,21
2015-01-26,Kiambu,27
2015-01-27,Kiambu,8
2015-01-28,Kiambu,16
2015-01-29,Kiambu,23
2015-01-30,Kiambu,16
2015-01-31,Kiambu,30
2015-02-01,Kiambu,12
2015-02-02,Kiambu,36
2015-02-03,Kiambu,24
2015-02-04,Kiambu,30
2015-02-05,Kiambu,23
2015-02-06,Kiambu,30
2015-02-07,Kiambu,34
2015-02-08,Kiambu,37
2015-02-09,Kiambu,30
2015-02-10,Kiambu,33
2015-02-11,Kiambu,17
2015-02-12,Kiambu,16
2015-02-13,Kiambu,16
2015-02-14,Kiambu,24
2015-02-15,Kiambu,22
2015-02-16,Kiambu,7
2015-02-17,Kiambu,43
2015-02-18,Kiambu,31
2015-02-19,Kiambu,14
2015-02-20,Kiambu,24
2015-02-21,Kiambu,26
2015-02-22,Kiambu,18
2015-02-23,Kiambu,26
2015-02-24,Kiambu,19
2015-02-25,Kiambu,19
2015-02-26,Kiambu,22
2015-02-27,Kiambu,29
2015-02-28,Kiambu,30
2015-03-01,Kiambu,16
2015-03-02,Kiambu,19
2015-03-03,Kiambu,26
2015-03-04,Kiambu,33
2015-03-05,Kiambu,26
2015-03-06,Kiambu,28
2015-03-07,Kiambu,42
2015-03-08,Kiambu,39
2015-03-09,Kiambu,37
2015-03-10,Kiambu,46
2015-03-11,Kiambu,42
2015-03-12,Kiambu,39
2015-03-13,Kiambu,11
2015-03-14,Kiambu,17
2015-03-15,Kiambu,29
2015-03-16,Kiambu,33
2015-03-17,Kiambu,13
2015-03-18,Kiambu,26
2015-03-19,Kiambu,26
2015-03-20,Kiambu,29
2015-03-21,Kiambu,41
2015-03-22,Kiambu,21
2015-03-23,Kiambu,53
2015-03-24,Kiambu,23
2015-03-25,Kiambu,43
2015-03-26,Kiambu,38
2015-03-27,Kiambu,17
2015-03-28,Kiambu,44
2015-03-29,Kiambu,31
2015-03-30,Kiambu,43
2015-03-31,Kiambu,17
2015-04-01,Kiambu,36
2015-04-02,Kiambu,21
2015-04-03,Kiambu,32
2015-04-04,Kiambu,22
2015-04-05,Kiambu,31
2015-04-06,Kiambu,23
2015-04-07,Kiambu,18
2015-04-08,Kiambu,12
2015-04-09,Kiambu,38
2015-04-10,Kiambu,28
2015-04-11,Kiambu,50
2015-04-12,Kiambu,32
2015-04-13,Kiambu,11
2015-04-14,Kiambu,16
2015-04-15,Kiambu,28
2015-04-16,Kiambu,26
2015-04-17,Kiambu,17
2015-04-18,Kiambu,28
2015-04-19,Kiambu,32
2015-04-20,Kiambu,35
2015-04-21,Kiambu,20
2015-04-22,Kiambu,40
2015-04-23,Kiambu,33
2015-04-24,Kiambu,44
2015-04-25,Kiambu,37
2015-04-26,Kiambu,28
2015-04-27,Kiambu,24
2015-04-28,Kiambu,16
2015-04-29,Kiambu,28
2015-04-30,Kiambu,39
2015-05-01,Kiambu,19
2015-05-02,Kiambu,39
2015-05-03,Kiambu,35
2015-05-04,Kiambu,26
2015-05-05,Kiambu,24
2015-05-06,Kiambu,26
2015-05-07,Kiambu,30
2015-05-08,Kiambu,25
2015-05-09,Kiambu,8
2015-05-10,Kiambu,34
2015-05-11,Kiambu,23
2015-05-12,Kiambu,30
2015-05-13,Kiambu,24
2015-05-14,Kiambu,25
2015-05-15,Kiambu,37
2015-05-16,Kiambu,31
2015-05-17,Kiambu,54
2015-05-18,Kiambu,38
2015-05-19,Kiambu,36
2015-05-20,Kiambu,18
2015-05-21,Kiambu,31
2015-05-22,Kiambu,19
2015-05-23,Kiambu,26
2015-05-24,Kiambu,37
2015-05-25,Kiambu,29
2015-05-26,Kiambu,39
2015-05-27,Kiambu,32
2015-05-28,Kiambu,28
2015-05-29,Kiambu,3
2015-05-30,Kiambu,36
2015-05-31,Kiambu,27
2015-06-01,Kiambu,20
2015-06-02,Kiambu,24
2015-06-03,Kiambu,8
2015-06-04,Kiambu,5
2015-06-05,Kiambu,23
2015-06-06,Kiambu,16
2015-06-07,Kiambu,39
2015-06-08,Kiambu,24
2015-06-09,Kiambu,7
2015-06-10,Kiambu,10
2015-06-11,Kiambu,21
2015-06-12,Kiambu,12
2015-06-13,Kiambu,12
2015-06-14,Kiambu,16
2015-06-15,Kiambu,33
2015-06-16,Kiambu,46
2015-06-17,Kiambu,31
2015-06-18,Kiambu,29
2015-06-19,Kiambu,20
2015-06-20,Kiambu,34
2015-06-21,Kiambu,16
2015-06-22,Kiambu,30
2015-06-23,Kiambu,24
2015-06-24,Kiambu,19
2015-06-25,Kiambu,32
2015-06-26,Kiambu,20
2015-06-27,Kiambu,20
2015-06-28,Kiambu,21
2015-06-29,Kiambu,11
2015-06-30,Kiambu,27
2015-07-01,Kiambu,36
2015-07-02,Kiambu,41
2015-07-03,Kiambu,28
2015-07-04,Kiambu,22
2015-07-05,Kiambu,33
2015-07-06,Kiambu,43
2015-07-07,Kiambu,25
2015-07-08,Kiambu,15
2015-07-09,Kiambu,26
2015-07-10,Kiambu,19
2015-07-11,Kiambu,34
2015-07-12,Kiambu,28
2015-07-13,Kiambu,20
2015-07-14,Kiambu,21
2015-07-15,Kiambu,35
2015-07-16,Kiambu,26
2015-07-17,Kiambu,26
2015-07-18,Kiambu,28
2015-07-19,Kiambu,24
2015-07-20,Kiambu,12
2015-07-21,Kiambu,21
2015-07-22,Kiambu,44
2015-07-23,Kiambu,43
2015-07-24,Kiambu,30
2015-07-25,Kiambu,30
2015-07-26,Kiambu,27
2015-07-27,Kiambu,24
2015-07-28,Kiambu,23
2015-07-29,Kiambu,21
2015-07-30,Kiambu,41
2015-07-31,Kiambu,22
2015-08-01,Kiambu,27
2015-08-02,Kiambu,42
2015-08-03,Kiambu,32
2015-08-04,Kiambu,22
2015-08-05,Kiambu,34
2015-08-06,Kiambu,25
2015-08-07,Kiambu,25
2015-08-08,Kiambu,27
2015-08-09,Kiambu,24
2015-08-10,Kiambu,20
2015-08-11,Kiambu,41
2015-08-12,Kiambu,24
2015-08-13,Kiambu,19
2015-08-14,Kiambu,27
2015-08-15,Kiambu,30
2015-08-16,Kiambu,25
2015-08-17,Kiambu,26
2015-08-18,Kiambu,7
2015-08-19,Kiambu,30
2015-08-20,Kiambu,7
2015-08-21,Kiambu,26
2015-08-22,Kiambu,16
2015-08-23,Kiambu,21
2015-08-24,Kiambu,7
2015-08-25,Kiambu,35
2015-08-26,Kiambu,28
2015-08-27,Kiambu,29
2015-08-28,Kiambu,15
2015-08-29,Kiambu,16
2015-08-30,Kiambu,25
2015-08-31,Kiambu,35
2015-09-01,Kiambu,13
2015-09-02,Kiambu,27
2015-09-03,Kiambu,30
2015-09-04,Kiambu,10
2015-09-05,Kiambu,32
2015-09-06,Kiambu,24
2015-09-07,Kiambu,20
2015-09-08,Kiambu,50
2015-09-09,Kiambu,24
2015-09-10,Kiambu,21
2015-09-11,Kiambu,21
2015-09-12,Kiambu,14
2015-09-13,Kiambu,31
2015-09-14,Kiambu,0
2015-09-15,Kiambu,14
2015-09-16,Kiambu,6
2015-09-17,Kiambu,9
2015-09-18,Kiambu,4
2015-09-19,Kiambu,13
2015-09-20,Kiambu,33
2015-09-21,Kiambu,24
2015-09-22,Kiambu,19
2015-09-23,Kiambu,29
2015-09-24,Kiambu,11
2015-09-25,Kiambu,29
2015-09-26,Kiambu,10
2015-09-27,Kiambu,29
2015-09-28,Kiambu,4
2015-09-29,Kiambu,22
2015-09-30,Kiambu,14
2015-10-01,Kiambu,28
2015-10-02,Kiambu,26
2015-10-03,Kiambu,22
2015-10-04,Kiambu,28
2015-10-05,Kiambu,12
2015-10-06,Kiambu,23
2015-10-07,Kiambu,8
2015-10-08,Kiambu,5
2015-10-09,Kiambu,21
2015-10-10,Kiambu,36
2015-10-11,Kiambu,42
2015-10-12,Kiambu,20
2015-10-13,Kiambu,23
2015-10-14,Kiambu,10
2015-10-15,Kiambu,20
2015-10-16,Kiambu,31
2015-10-17,Kiambu,19
2015-10-18,Kiambu,19
2015-10-19,Kiambu,29
2015-10-20,Kiambu,32
2015-10-21,Kiambu,35
2015-10-22,Kiambu,41
2015-10-23,Kiambu,26
2015-10-24,Kiambu,47
2015-10-25,Kiambu,17
2015-10-26,Kiambu,29
2015-10-27,Kiambu,43
2015-10-28,Kiambu,38
2015-10-29,Kiambu,13
2015-10-30,Kiambu,6
2015-10-31,Kiambu,9
2015-11-01,Kiambu,31
2015-11-02,Kiambu,32
2015-11-03,Kiambu,18
2015-11-04,Kiambu,31
2015-11-05,Kiambu,22
2015-11-06,Kiambu,41
2015-11-07,Kiambu,18
2015-11-08,Kiambu,27
2015-11-09,Kiambu,34
2015-11-10,Kiambu,19
2015-11-11,Kiambu,36
2015-11-12,Kiambu,40
2015-11-13,Kiambu,12
2015-11-14,Kiambu,14
2015-11-15,Kiambu,48
2015-11-16,Kiambu,7
2015-11-17,Kiambu,28
2015-11-18,Kiambu,26
2015-11-19,Kiambu,22
2015-11-20,Kiambu,26
2015-11-21,Kiambu,17
2015-11-22,Kiambu,37
2015-11-23,Kiambu,6
2015-11-24,Kiambu,5
2015-11-25,Kiambu,24
2015-11-26,Kiambu,4
2015-11-27,Kiambu,39
2015-11-28,Kiambu,26
2015-11-29,Kiambu,24
2015-11-30,Kiambu,26
2015-12-01,Kiambu,20
2015-12-02,Kiambu,40
2015-12-03,Kiambu,10
2015-12-04,Kiambu,35
2015-12-05,Kiambu,26
2015-12-06,Kiambu,6
2015-12-07,Kiambu,28
2015-12-08,Kiambu,24
2015-12-09,Kiambu,23
2015-12-10,Kiambu,19
2015-12-11,Kiambu,19
2015-12-12,Kiambu,18
2015-12-13,Kiambu,22
2015-12-14,Kiambu,16
2015-12-15,Kiambu,24
2015-12-16,Kiambu,20
2015-12-17,Kiambu,15
2015-12-18,Kiambu,25
2015-12-19,Kiambu,9
2015-12-20,Kiambu,21
2015-12-21,Kiambu,13
2015-12-22,Kiambu,15
2015-12-23,Kiambu,18
2015-12-24,Kiambu,11
2015-12-25,Kiambu,45
2015-12-26,Kiambu,19
2015-12-27,Kiambu,16
2015-12-28,Kiambu,28
2015-12-29,Kiambu,17
2015-12-30,Kiambu,11
2015-12-31,Kiambu,27
2016-01-01,Kiambu,16
2016-01-02,Kiambu,19
2016-01-03,Kiambu,28
2016-01-04,Kiambu,40
2016-01-05,Kiambu,27
2016-01-06,Kiambu,38
2016-01-07,Kiambu,19
2016-01-08,Kiambu,20
2016-01-09,Kiambu,28
2016-01-10,Kiambu,17
2016-01-11,Kiambu,29
2016-01-12,Kiambu,19
2016-01-13,Kiambu,30
2016-01-14,Kiambu,31
2016-01-15,Kiambu,10
2016-01-16,Kiambu,18
2016-01-17,Kiambu,17
2016-01-18,Kiambu,48
2016-01-19,Kiambu,19
2016-01-20,Kiambu,20
2016-01-21,Kiambu,26
2016-01-22,Kiambu,7
2016-01-23,Kiambu,14
2016-01-24,Kiambu,21
2016-01-25,Kiambu,27
2016-01-26,Kiambu,34
2016-01-27,Kiambu,6
2016-01-28,Kiambu,14
2016-01-29,Kiambu,26
2016-01-30,Kiambu,0
2016-01-31,Kiambu,29
2016-02-01,Kiambu,24
2016-02-02,Kiambu,24
2016-02-03,Kiambu,24
2016-02-04,Kiambu,34
2016-02-05,Kiambu,31
2016-02-06,Kiambu,29
2016-02-07,Kiambu,21
2016-02-08,Kiambu,27
2016-02-09,Kiambu,23
2016-02-10,Kiambu,15
2016-02-11,Kiambu,22
2016-02-12,Kiambu,25
2016-02-13,Kiambu,36
2016-02-14,Kiambu,18
2016-02-15,Kiambu,32
2016-02-16,Kiambu,28
2016-02-17,Kiambu,28
2016-02-18,Kiambu,12
2016-02-19,Kiambu,41
2016-02-20,Kiambu,31
2016-02-21,Kiambu,28
2016-02-22,Kiambu,24
2016-02-23,Kiambu,35
2016-02-24,Kiambu,44
2016-02-25,Kiambu,5
2016-02-26,Kiambu,26
2016-02-27,Kiambu,22
2016-02-28,Kiambu,11
2016-02-29,Kiambu,29
2016-03-01,Kiambu,22
2016-03-02,Kiambu,16
2016-03-03,Kiambu,33
2016-03-04,Kiambu,13
2016-03-05,Kiambu,22
2016-03-06,Kiambu,18
2016-03-07,Kiambu,16
2016-03-08,Kiambu,31
2016-03-09,Kiambu,34
2016-03-10,Kiambu,24
2016-03-11,Kiambu,21
2016-03-12,Kiambu,24
2016-03-13,Kiambu,45
2016-03-14,Kiambu,18
2016-03-15,Kiambu,35
2016-03-16,Kiambu,31
2016-03-17,Kiambu,20
2016-03-18,Kiambu,41
2016-03-19,Kiambu,25
2016-03-20,Kiambu,18
2016-03-21,Kiambu,29
2016-03-22,Kiambu,37
2016-03-23,Kiambu,12
2016-03-24,Kiambu,18
2016-03-25,Kiambu,37
2016-03-26,Kiambu,5
2016-03-27,Kiambu,21
2016-03-28,Kiambu,43
2016-03-29,Kiambu,28
2016-03-30,Kiambu,26
2016-03-31,Kiambu,30
2016-04-01,Kiambu,39
2016-04-02,Kiambu,18
2016-04-03,Kiambu,35
2016-04-04,Kiambu,16
2016-04-05,Kiambu,32
2016-04-06,Kiambu,18
2016-04-07,Kiambu,25
2016-04-08,Kiambu,36
2016-04-09,Kiambu,15
2016-04-10,Kiambu,25
2016-04-11,Kiambu,27
2016-04-12,Kiambu,41
2016-04-13,Kiambu,23
2016-04-14,Kiambu,35
2016-04-15,Kiambu,18
2016-04-16,Kiambu,35
2016-04-17,Kiambu,17
2016-04-18,Kiambu,44
2016-04-19,Kiambu,16
2016-04-20,Kiambu,23
2016-04-21,Kiambu,35
2016-04-22,Kiambu,35
2016-04-23,Kiambu,26
2016-04-24,Kiambu,30
2016-04-25,Kiambu,33
2016-04-26,Kiambu,28
2016-04-27,Kiambu,27
2016-04-28,Kiambu,37
2016-04-29,Kiambu,19
2016-04-30,Kiambu,24
2016-05-01,Kiambu,19
2016-05-02,Kiambu,36
2016-05-03,Kiambu,24
2016-05-04,Kiambu,39
2016-05-05,Kiambu,24
2016-05-06,Kiambu,28
2016-05-07,Kiambu,34
2016-05-08,Kiambu,29
2016-05-09,Kiambu,21
2016-05-10,Kiambu,26
2016-05-11,Kiambu,25
2016-05-12,Kiambu,13
2016-05-13,Kiambu,24
2016-05-14,Kiambu,22
2016-05-15,Kiambu,22
2016-05-16,Kiambu,29
2016-05-17,Kiambu,26
2016-05-18,Kiambu,34
2016-05-19,Kiambu,35
2016-05-20,Kiambu,31
2016-05-21,Kiambu,14
2016-05-22,Kiambu,27
2016-05-23,Kiambu,38
2016-05-24,Kiambu,17
2016-05-25,Kiambu,2
2016-05-26,Kiambu,26
2016-05-27,Kiambu,41
2016-05-28,Kiambu,36
2016-05-29,Kiambu,36
2016-05-30,Kiambu,21
2016-05-31,Kiambu,41
2016-06-01,Kiambu,6
2016-06-02,Kiambu,12
2016-06-03,Kiambu,40
2016-06-04,Kiambu,13
2016-06-05,Kiambu,29
2016-06-06,Kiambu,28
2016-06-07,Kiambu,19
2016-06-08,Kiambu,17
2016-06-09,Kiambu,21
2016-06-10,Kiambu,27
2016-06-11,Kiambu,20
2016-06-12,Kiambu,25
2016-06-13,Kiambu,37
2016-06-14,Kiambu,22
2016-06-15,Kiambu,28
2016-06-16,Kiambu,21
2016-06-17,Kiambu,39
2016-06-18,Kiambu,13
2016-06-19,Kiambu,42
2016-06-20,Kiambu,21
2016-06-21,Kiambu,14
2016-06-22,Kiambu,17
2016-06-23,Kiambu,10
2016-06-24,Kiambu,20
2016-06-25,Kiambu,28
2016-06-26,Kiambu,34
2016-06-27,Kiambu,11
2016-06-28,Kiambu,16
2016-06-29,Kiambu,8
2016-06-30,Kiambu,17
2016-07-01,Kiambu,16
2016-07-02,Kiambu,28
2016-07-03,Kiambu,13
2016-07-04,Kiambu,28
2016-07-05,Kiambu,12
2016-07-06,Kiambu,29
2016-07-07,Kiambu,39
2016-07-08,Kiambu,33
2016-07-09,Kiambu,20
2016-07-10,Kiambu,15
2016-07-11,Kiambu,40
2016-07-12,Kiambu,28
2016-07-13,Kiambu,28
2016-07-14,Kiambu,23
2016-07-15,Kiambu,17
2016-07-16,Kiambu,19
2016-07-17,Kiambu,32
2016-07-18,Kiambu,21
2016-07-19,Kiambu,22
2016-07-20,Kiambu,23
2016-07-21,Kiambu,28
2016-07-22,Kiambu,28
2016-07-23,Kiambu,19
2016-07-24,Kiambu,6
2016-07-25,Kiambu,6
2016-07-26,Kiambu,25
2016-07-27,Kiambu,20
2016-07-28,Kiambu,16
2016-07-29,Kiambu,26
2016-07-30,Kiambu,25
2016-07-31,Kiambu,19
2016-08-01,Kiambu,26
2016-08-02,Kiambu,2
2016-08-03,Kiambu,31
2016-08-04,Kiambu,18
2016-08-05,Kiambu,7
2016-08-06,Kiambu,14
2016-08-07,Kiambu,29
2016-08-08,Kiambu,25
2016-08-09,Kiambu,18
2016-08-10,Kiambu,30
2016-08-11,Kiambu,32
2016-08-12,Kiambu,7
2016-08-13,Kiambu,20
2016-08-14,Kiambu,13
2016-08-15,Kiambu,29
2016-08-16,Kiambu,15
2016-08-17,Kiambu,27
2016-08-18,Kiambu,44
2016-08-19,Kiambu,28
2016-08-20,Kiambu,6
2016-08-21,Kiambu,26
2016-08-22,Kiambu,32
2016-08-23,Kiambu,11
2016-08-24,Kiambu,39
2016-08-25,Kiambu,29
2016-08-26,Kiambu,22
2016-08-27,Kiambu,12
2016-08-28,Kiambu,12
2016-08-29,Kiambu,22
2016-08-30,Kiambu,15
2016-08-31,Kiambu,42
2016-09-01,Kiambu,19
2016-09-02,Kiambu,21
2016-09-03,Kiambu,27
2016-09-04,Kiambu,35
2016-09-05,Kiambu,32
2016-09-06,Kiambu,23
2016-09-07,Kiambu,19
2016-09-08,Kiambu,18
2016-09-09,Kiambu,27
2016-09-10,Kiambu,13
2016-09-11,Kiambu,31
2016-09-12,Kiambu,29
2016-09-13,Kiambu,19
2016-09-14,Kiambu,30
2016-09-15,Kiambu,39
2016-09-16,Kiambu,5
2016-09-17,Kiambu,11
2016-09-18,Kiambu,48
2016-09-19,Kiambu,16
2016-09-20,Kiambu,21
2016-09-21,Kiambu,25
2016-09-22,Kiambu,20
2016-09-23,Kiambu,49
2016-09-24,Kiambu,17
2016-09-25,Kiambu,11
2016-09-26,Kiambu,17
2016-09-27,Kiambu,12
2016-09-28,Kiambu,15
2016-09-29,Kiambu,18
2016-09-30,Kiambu,16
2016-10-01,Kiambu,27
2015-01-01,Turkana,25
2015-01-02,Turkana,31
2015-01-03,Turkana,42
2015-01-04,Turkana,27
2015-01-05,Turkana,17
2015-01-06,Turkana,17
2015-01-07,Turkana,45
2015-01-08,Turkana,22
2015-01-09,Turkana,37
2015-01-10,Turkana,30
2015-01-11,Turkana,22
2015-01-12,Turkana,31
2015-01-13,Turkana,38
2015-01-14,Turkana,14
2015-01-15,Turkana,24
2015-01-16,Turkana,15
2015-01-17,Turkana,43
2015-01-18,Turkana,26
2015-01-19,Turkana,23
2015-01-20,Turkana,19
2015-01-21,Turkana,31
2015-01-22,Turkana,39
2015-01-23,Turkana,31
2015-01-24,Turkana,29
2015-01-25,Turkana,35
2015-01-26,Turkana,17
2015-01-27,Turkana,32
2015-01-28,Turkana,21
2015-01-29,Turkana,44
2015-01-30,Turkana,30
2015-01-31,Turkana,27
2015-02-01,Turkana,29
2015-02-02,Turkana,33
2015-02-03,Turkana,42
2015-02-04,Turkana,15
2015-02-05,Turkana,31
2015-02-06,Turkana,26
2015-02-07,Turkana,2
2015-02-08,Turkana,22
2015-02-09,Turkana,24
2015-02-10,Turkana,30
2015-02-11,Turkana,12
2015-02-12,Turkana,26
2015-02-13,Turkana,29
2015-02-14,Turkana,12
2015-02-15,Turkana,39
2015-02-16,Turkana,31
2015-02-17,Turkana,31
2015-02-18,Turkana,16
2015-02-19,Turkana,24
2015-02-20,Turkana,17
2015-02-21,Turkana,30
2015-02-22,Turkana,47
2015-02-23,Turkana,23
2015-02-24,Turkana,27
2015-02-25,Turkana,30
2015-02-26,Turkana,30
2015-02-27,Turkana,12
2015-02-28,Turkana,23
2015-03-01,Turkana,31
2015-03-02,Turkana,26
2015-03-03,Turkana,33
2015-03-04,Turkana,30
2015-03-05,Turkana,31
2015-03-06,Turkana,58
2015-03-07,Turkana,28
2015-03-08,Turkana,23
2015-03-09,Turkana,8
2015-03-10,Turkana,24
2015-03-11,Turkana,41
2015-03-12,Turkana,41
2015-03-13,Turkana,41
2015-03-14,Turkana,35
2015-03-15,Turkana,29
2015-03-16,Turkana,21
2015-03-17,Turkana,39
2015-03-18,Turkana,37
2015-03-19,Turkana,19
2015-03-20,Turkana,31
2015-03-21,Turkana,34
2015-03-22,Turkana,37
2015-03-23,Turkana,40
2015-03-24,Turkana,33
2015-03-25,Turkana,38
2015-03-26,Turkana,38
2015-03-27,Turkana,21
2015-03-28,Turkana,0
2015-03-29,Turkana,35
2015-03-30,Turkana,37
2015-03-31,Turkana,37
2015-04-01,Turkana,31
2015-04-02,Turkana,40
2015-04-03,Turkana,38
2015-04-04,Turkana,42
2015-04-05,Turkana,19
2015-04-06,Turkana,18
2015-04-07,Turkana,23
2015-04-08,Turkana,27
2015-04-09,Turkana,34
2015-04-10,Turkana,34
2015-04-11,Turkana,31
2015-04-12,Turkana,30
2015-04-13,Turkana,44
2015-04-14,Turkana,19
2015-04-15,Turkana,38
2015-04-16,Turkana,27
2015-04-17,Turkana,52
2015-04-18,Turkana,26
2015-04-19,Turkana,27
2015-04-20,Turkana,29
2015-04-21,Turkana,14
2015-04-22,Turkana,31
2015-04-23,Turkana,20
2015-04-24,Turkana,23
2015-04-25,Turkana,30
2015-04-26,Turkana,27
2015-04-27,Turkana,22
2015-04-28,Turkana,28
2015-04-29,Turkana,32
2015-04-30,Turkana,36
2015-05-01,Turkana,38
2015-05-02,Turkana,31
2015-05-03,Turkana,41
2015-05-04,Turkana,25
2015-05-05,Turkana,31
2015-05-06,Turkana,43
2015-05-07,Turkana,28
2015-05-08,Turkana,41
2015-05-09,Turkana,33
2015-05-10,Turkana,13
2015-05-11,Turkana,29
2015-05-12,Turkana,7
2015-05-13,Turkana,14
2015-05-14,Turkana,36
2015-05-15,Turkana,28
2015-05-16,Turkana,31
2015-05-17,Turkana,21
2015-05-18,Turkana,26
2015-05-19,Turkana,34
2015-05-20,Turkana,24
2015-05-21,Turkana,34
2015-05-22,Turkana,26
2015-05-23,Turkana,19
2015-05-24,Turkana,38
2015-05-25,Turkana,45
2015-05-26,Turkana,21
2015-05-27,Turkana,41
2015-05-28,Turkana,35
2015-05-29,Turkana,36
2015-05-30,Turkana,32
2015-05-31,Turkana,31
2015-06-01,Turkana,32
2015-06-02,Turkana,19
2015-06-03,Turkana,26
2015-06-04,Turkana,28
2015-06-05,Turkana,40
2015-06-06,Turkana,8
2015-06-07,Turkana,27
2015-06-08,Turkana,20
2015-06-09,Turkana,24
2015-06-10,Turkana,47
2015-06-11,Turkana,16
2015-06-12,Turkana,35
2015-06-13,Turkana,13
2015-06-14,Turkana,33
2015-06-15,Turkana,14
2015-06-16,Turkana,20
2015-06-17,Turkana,30
2015-06-18,Turkana,23
2015-06-19,Turkana,46
2015-06-20,Turkana,33
2015-06-21,Turkana,22
2015-06-22,Turkana,19
2015-06-23,Turkana,29
2015-06-24,Turkana,23
2015-06-25,Turkana,28
2015-06-26,Turkana,29
2015-06-27,Turkana,22
2015-06-28,Turkana,31
2015-06-29,Turkana,25
2015-06-30,Turkana,28
2015-07-01,Turkana,26
2015-07-02,Turkana,33
2015-07-03,Turkana,21
2015-07-04,Turkana,32
2015-07-05,Turkana,19
2015-07-06,Turkana,17
2015-07-07,Turkana,21
2015-07-08,Turkana,27
2015-07-09,Turkana,28
2015-07-10,Turkana,36
2015-07-11,Turkana,16
2015-07-12,Turkana,37
2015-07-13,Turkana,31
2015-07-14,Turkana,27
2015-07-15,Turkana,21
2015-07-16,Turkana,37
2015-07-17,Turkana,61
2015-07-18,Turkana,12
2015-07-19,Turkana,31
2015-07-20,Turkana,28
2015-07-21,Turkana,10
2015-07-22,Turkana,32
2015-07-23,Turkana,33
2015-07-24,Turkana,11
2015-07-25,Turkana,18
2015-07-26,Turkana,29
2015-07-27,Turkana,31
2015-07-28,Turkana,27
2015-07-29,Turkana,20
2015-07-30,Turkana,38
2015-07-31,Turkana,24
2015-08-01,Turkana,31
2015-08-02,Turkana,34
2015-08-03,Turkana,23
2015-08-04,Turkana,28
2015-08-05,Turkana,24
2015-08-06,Turkana,40
2015-08-07,Turkana,19
2015-08-08,Turkana,40
2015-08-09,Turkana,33
2015-08-10,Turkana,20
2015-08-11,Turkana,25
2015-08-12,Turkana,29
2015-08-13,Turkana,24
2015-08-14,Turkana,37
2015-08-15,Turkana,33
2015-08-16,Turkana,23
2015-08-17,Turkana,22
2015-08-18,Turkana,32
2015-08-19,Turkana,24
2015-08-20,Turkana,29
2015-08-21,Turkana,33
2015-08-22,Turkana,18
2015-08-23,Turkana,28
2015-08-24,Turkana,42
2015-08-25,Turkana,39
2015-08-26,Turkana,39
2015-08-27,Turkana,51
2015-08-28,Turkana,33
2015-08-29,Turkana,33
2015-08-30,Turkana,36
2015-08-31,Turkana,34
2015-09-01,Turkana,14
2015-09-02,Turkana,28
2015-09-03,Turkana,37
2015-09-04,Turkana,7
2015-09-05,Turkana,36
2015-09-06,Turkana,24
2015-09-07,Turkana,29
2015-09-08,Turkana,34
2015-09-09,Turkana,0
2015-09-10,Turkana,37
2015-09-11,Turkana,31
2015-09-12,Turkana,34
2015-09-13,Turkana,39
2015-09-14,Turkana,25
2015-09-15,Turkana,35
2015-09-16,Turkana,29
2015-09-17,Turkana,29
2015-09-18,Turkana,36
2015-09-19,Turkana,36
2015-09-20,Turkana,15
2015-09-21,Turkana,17
2015-09-22,Turkana,18
2015-09-23,Turkana,39
2015-09-24,Turkana,45
2015-09-25,Turkana,20
2015-09-26,Turkana,36
2015-09-27,Turkana,34
2015-09-28,Turkana,37
2015-09-29,Turkana,46
2015-09-30,Turkana,32
2015-10-01,Turkana,39
2015-10-02,Turkana,45
2015-10-03,Turkana,35
2015-10-04,Turkana,54
2015-10-05,Turkana,37
2015-10-06,Turkana,45
2015-10-07,Turkana,16
2015-10-08,Turkana,22
2015-10-09,Turkana,39
2015-10-10,Turkana,10
2015-10-11,Turkana,36
2015-10-12,Turkana,34
2015-10-13,Turkana,39
2015-10-14,Turkana,29
2015-10-15,Turkana,44
2015-10-16,Turkana,24
2015-10-17,Turkana,44
2015-10-18,Turkana,27
2015-10-19,Turkana,28
2015-10-20,Turkana,21
2015-10-21,Turkana,18
2015-10-22,Turkana,26
2015-10-23,Turkana,20
2015-10-24,Turkana,25
2015-10-25,Turkana,35
2015-10-26,Turkana,35
2015-10-27,Turkana,6
2015-10-28,Turkana,31
2015-10-29,Turkana,25
2015-10-30,Turkana,23
2015-10-31,Turkana,48
2015-11-01,Turkana,28
2015-11-02,Turkana,26
2015-11-03,Turkana,39
2015-11-04,Turkana,44
2015-11-05,Turkana,38
2015-11-06,Turkana,24
2015-11-07,Turkana,32
2015-11-08,Turkana,31
2015-11-09,Turkana,25
2015-11-10,Turkana,53
2015-11-11,Turkana,24
2015-11-12,Turkana,46
2015-11-13,Turkana,29
2015-11-14,Turkana,26
2015-11-15,Turkana,33
2015-11-16,Turkana,25
2015-11-17,Turkana,34
2015-11-18,Turkana,18
2015-11-19,Turkana,33
2015-11-20,Turkana,27
2015-11-21,Turkana,9
2015-11-22,Turkana,37
2015-11-23,Turkana,15
2015-11-24,Turkana,13
2015-11-25,Turkana,22
2015-11-26,Turkana,36
2015-11-27,Turkana,45
2015-11-28,Turkana,21
2015-11-29,Turkana,16
2015-11-30,Turkana,29
2015-12-01,Turkana,27
2015-12-02,Turkana,35
2015-12-03,Turkana,30
2015-12-04,Turkana,29
2015-12-05,Turkana,24
2015-12-06,Turkana,7
2015-12-07,Turkana,19
2015-12-08,Turkana,34
2015-12-09,Turkana,18
2015-12-10,Turkana,43
2015-12-11,Turkana,16
2015-12-12,Turkana,24
2015-12-13,Turkana,16
2015-12-14,Turkana,33
2015-12-15,Turkana,30
2015-12-16,Turkana,24
2015-12-17,Turkana,25
2015-12-18,Turkana,27
2015-12-19,Turkana,7
2015-12-20,Turkana,26
2015-12-21,Turkana,24
2015-12-22,Turkana,55
2015-12-23,Turkana,21
2015-12-24,Turkana,34
2015-12-25,Turkana,35
2015-12-26,Turkana,21
2015-12-27,Turkana,36
2015-12-28,Turkana,27
2015-12-29,Turkana,25
2015-12-30,Turkana,43
2015-12-31,Turkana,29
2016-01-01,Turkana,18
2016-01-02,Turkana,30
2016-01-03,Turkana,35
2016-01-04,Turkana,26
2016-01-05,Turkana,8
2016-01-06,Turkana,11
2016-01-07,Turkana,22
2016-01-08,Turkana,24
2016-01-09,Turkana,20
2016-01-10,Turkana,33
2016-01-11,Turkana,26
2016-01-12,Turkana,34
2016-01-13,Turkana,12
2016-01-14,Turkana,19
2016-01-15,Turkana,34
2016-01-16,Turkana,24
2016-01-17,Turkana,46
2016-01-18,Turkana,17
2016-01-19,Turkana,29
2016-01-20,Turkana,11
2016-01-21,Turkana,13
2016-01-22,Turkana,13
2016-01-23,Turkana,47
2016-01-24,Turkana,27
2016-01-25,Turkana,26
2016-01-26,Turkana,29
2016-01-27,Turkana,19
2016-01-28,Turkana,34
2016-01-29,Turkana,37
2016-01-30,Turkana,13
2016-01-31,Turkana,18
2016-02-01,Turkana,22
2016-02-02,Turkana,51
2016-02-03,Turkana,12
2016-02-04,Turkana,19
2016-02-05,Turkana,26
2016-02-06,Turkana,34
2016-02-07,Turkana,29
2016-02-08,Turkana,12
2016-02-09,Turkana,32
2016-02-10,Turkana,39
2016-02-11,Turkana,23
2016-02-12,Turkana,7
2016-02-13,Turkana,34
2016-02-14,Turkana,47
2016-02-15,Turkana,3
2016-02-16,Turkana,44
2016-02-17,Turkana,37
2016-02-18,Turkana,48
2016-02-19,Turkana,25
2016-02-20,Turkana,31
2016-02-21,Turkana,45
2016-02-22,Turkana,12
2016-02-23,Turkana,33
2016-02-24,Turkana,24
2016-02-25,Turkana,40
2016-02-26,Turkana,19
2016-02-27,Turkana,30
2016-02-28,Turkana,33
2016-02-29,Turkana,52
2016-03-01,Turkana,30
2016-03-02,Turkana,20
2016-03-03,Turkana,39
2016-03-04,Turkana,50
2016-03-05,Turkana,21
2016-03-06,Turkana,22
2016-03-07,Turkana,29
2016-03-08,Turkana,49
2016-03-09,Turkana,39
2016-03-10,Turkana,12
2016-03-11,Turkana,25
2016-03-12,Turkana,25
2016-03-13,Turkana,42
2016-03-14,Turkana,28
2016-03-15,Turkana,24
2016-03-16,Turkana,45
2016-03-17,Turkana,16
2016-03-18,Turkana,28
2016-03-19,Turkana,14
2016-03-20,Turkana,13
2016-03-21,Turkana,44
2016-03-22,Turkana,32
2016-03-23,Turkana,30
2016-03-24,Turkana,21
2016-03-25,Turkana,51
2016-03-26,Turkana,47
2016-03-27,Turkana,38
2016-03-28,Turkana,36
2016-03-29,Turkana,54
2016-03-30,Turkana,37
2016-03-31,Turkana,46
2016-04-01,Turkana,20
2016-04-02,Turkana,30
2016-04-03,Turkana,30
2016-04-04,Turkana,25
2016-04-05,Turkana,20
2016-04-06,Turkana,24
2016-04-07,Turkana,38
2016-04-08,Turkana,46
2016-04-09,Turkana,23
2016-04-10,Turkana,33
2016-04-11,Turkana,39
2016-04-12,Turkana,33
2016-04-13,Turkana,37
2016-04-14,Turkana,25
2016-04-15,Turkana,48
2016-04-16,Turkana,39
2016-04-17,Turkana,37
2016-04-18,Turkana,42
2016-04-19,Turkana,16
2016-04-20,Turkana,36
2016-04-21,Turkana,21
2016-04-22,Turkana,17
2016-04-23,Turkana,23
2016-04-24,Turkana,33
2016-04-25,Turkana,20
2016-04-26,Turkana,37
2016-04-27,Turkana,40
2016-04-28,Turkana,28
2016-04-29,Turkana,28
2016-04-30,Turkana,36
2016-05-01,Turkana,38
2016-05-02,Turkana,44
2016-05-03,Turkana,38
2016-05-04,Turkana,23
2016-05-05,Turkana,26
2016-05-06,Turkana,29
2016-05-07,Turkana,25
2016-05-08,Turkana,42
2016-05-09,Turkana,41
2016-05-10,Turkana,19
2016-05-11,Turkana,37
2016-05-12,Turkana,22
2016-05-13,Turkana,42
2016-05-14,Turkana,25
2016-05-15,Turkana,33
2016-05-16,Turkana,41
2016-05-17,Turkana,47
2016-05-18,Turkana,22
2016-05-19,Turkana,28
2016-05-20,Turkana,30
2016-05-21,Turkana,15
2016-05-22,Turkana,29
2016-05-23,Turkana,26
2016-05-24,Turkana,44
2016-05-25,Turkana,7
2016-05-26,Turkana,18
2016-05-27,Turkana,33
2016-05-28,Turkana,30
2016-05-29,Turkana,34
2016-05-30,Turkana,31
2016-05-31,Turkana,34
2016-06-01,Turkana,30
2016-06-02,Turkana,22
2016-06-03,Turkana,31
2016-06-04,Turkana,12
2016-06-05,Turkana,39
2016-06-06,Turkana,21
2016-06-07,Turkana,26
2016-06-08,Turkana,32
2016-06-09,Turkana,44
2016-06-10,Turkana,30
2016-06-11,Turkana,23
2016-06-12,Turkana,5
2016-06-13,Turkana,33
2016-06-14,Turkana,25
2016-06-15,Turkana,21
2016-06-16,Turkana,26
2016-06-17,Turkana,26
2016-06-18,Turkana,30
2016-06-19,Turkana,11
2016-06-20,Turkana,27
2016-06-21,Turkana,38
2016-06-22,Turkana,12
2016-06-23,Turkana,32
2016-06-24,Turkana,16
2016-06-25,Turkana,16
2016-06-26,Turkana,32
2016-06-27,Turkana,30
2016-06-28,Turkana,32
2016-06-29,Turkana,38
2016-06-30,Turkana,44
2016-07-01,Turkana,31
2016-07-02,Turkana,22
2016-07-03,Turkana,19
2016-07-04,Turkana,28
2016-07-05,Turkana,32
2016-07-06,Turkana,26
2016-07-07,Turkana,28
2016-07-08,Turkana,8
2016-07-09,Turkana,39
2016-07-10,Turkana,30
2016-07-11,Turkana,36
2016-07-12,Turkana,49
2016-07-13,Turkana,42
2016-07-14,Turkana,27
2016-07-15,Turkana,29
2016-07-16,Turkana,30
2016-07-17,Turkana,10
2016-07-18,Turkana,21
2016-07-19,Turkana,17
2016-07-20,Turkana,7
2016-07-21,Turkana,23
2016-07-22,Turkana,26
2016-07-23,Turkana,30
2016-07-24,Turkana,31
2016-07-25,Turkana,8
2016-07-26,Turkana,28
2016-07-27,Turkana,13
2016-07-28,Turkana,24
2016-07-29,Turkana,28
2016-07-30,Turkana,36
2016-07-31,Turkana,22
2016-08-01,Turkana,24
2016-08-02,Turkana,33
2016-08-03,Turkana,51
2016-08-04,Turkana,0
2016-08-05,Turkana,23
2016-08-06,Turkana,31
2016-08-07,Turkana,34
2016-08-08,Turkana,44
2016-08-09,Turkana,17
2016-08-10,Turkana,13
2016-08-11,Turkana,23
2016-08-12,Turkana,17
2016-08-13,Turkana,20
2016-08-14,Turkana,22
2016-08-15,Turkana,33
2016-08-16,Turkana,23
2016-08-17,Turkana,18
2016-08-18,Turkana,25
2016-08-19,Turkana,29
2016-08-20,Turkana,22
2016-08-21,Turkana,17
2016-08-22,Turkana,32
2016-08-23,Turkana,44
2016-08-24,Turkana,8
2016-08-25,Turkana,31
2016-08-26,Turkana,38
2016-08-27,Turkana,24
2016-08-28,Turkana,13
2016-08-29,Turkana,18
2016-08-30,Turkana,15
2016-08-31,Turkana,16
2016-09-01,Turkana,30
2016-09-02,Turkana,12
2016-09-03,Turkana,41
2016-09-04,Turkana,19
2016-09-05,Turkana,31
2016-09-06,Turkana,26
2016-09-07,Turkana,21
2016-09-08,Turkana,23
2016-09-09,Turkana,40
2016-09-10,Turkana,33
2016-09-11,Turkana,29
2016-09-12,Turkana,24
2016-09-13,Turkana,22
2016-09-14,Turkana,19
2016-09-15,Turkana,16
2016-09-16,Turkana,27
2016-09-17,Turkana,25
2016-09-18,Turkana,17
2016-09-19,Turkana,31
2016-09-20,Turkana,19
2016-09-21,Turkana,32
2016-09-22,Turkana,24
2016-09-23,Turkana,21
2016-09-24,Turkana,26
2016-09-25,Turkana,38
2016-09-26,Turkana,31
2016-09-27,Turkana,18
2016-09-28,Turkana,26
2016-09-29,Turkana,35
2016-09-30,Turkana,15
2016-10-01,Turkana,35
2015-01-01,West Pokot,38
2015-01-02,West Pokot,18
2015-01-03,West Pokot,27
2015-01-04,West Pokot,38
2015-01-05,West Pokot,16
2015-01-06,West Pokot,20
2015-01-07,West Pokot,18
2015-01-08,West Pokot,29
2015-01-09,West Pokot,39
2015-01-10,West Pokot,25
2015-01-11,West Pokot,21
2015-01-12,West Pokot,19
2015-01-13,West Pokot,13
2015-01-14,West Pokot,34
2015-01-15,West Pokot,33
2015-01-16,West Pokot,27
2015-01-17,West Pokot,33
2015-01-18,West Pokot,34
2015-01-19,West Pokot,31
2015-01-20,West Pokot,13
2015-01-21,West Pokot,36
2015-01-22,West Pokot,23
2015-01-23,West Pokot,19
2015-01-24,West Pokot,21
2015-01-25,West Pokot,16
2015-01-26,West Pokot,18
2015-01-27,West Pokot,39
2015-01-28,West Pokot,39
2015-01-29,West Pokot,29
2015-01-30,West Pokot,30
2015-01-31,West Pokot,49
2015-02-01,West Pokot,5
2015-02-02,West Pokot,32
2015-02-03,West Pokot,8
2015-02-04,West Pokot,41
2015-02-05,West Pokot,31
2015-02-06,West Pokot,28
2015-02-07,West Pokot,32
2015-02-08,West Pokot,18
2015-02-09,West Pokot,24
2015-02-10,West Pokot,29
2015-02-11,West Pokot,13
2015-02-12,West Pokot,14
2015-02-13,West Pokot,42
2015-02-14,West Pokot,32
2015-02-15,West Pokot,20
2015-02-16,West Pokot,19
2015-02-17,West Pokot,18
2015-02-18,West Pokot,8
2015-02-19,West Pokot,20
2015-02-20,West Pokot,27
2015-02-21,West Pokot,5
2015-02-22,West Pokot,12
2015-02-23,West Pokot,17
2015-02-24,West Pokot,45
2015-02-25,West Pokot,24
2015-02-26,West Pokot,20
2015-02-27,West Pokot,52
2015-02-28,West Pokot,28
2015-03-01,West Pokot,27
2015-03-02,West Pokot,14
2015-03-03,West Pokot,42
2015-03-04,West Pokot,22
2015-03-05,West Pokot,12
2015-03-06,West Pokot,34
2015-03-07,West Pokot,37
2015-03-08,West Pokot,28
2015-03-09,West Pokot,29
2015-03-10,West Pokot,16
2015-03-11,West Pokot,22
2015-03-12,West Pokot,23
2015-03-13,West Pokot,17
2015-03-14,West Pokot,25
2015-03-15,West Pokot,51
2015-03-16,West Pokot,22
2015-03-17,West Pokot,39
2015-03-18,West Pokot,39
2015-03-19,West Pokot,40
2015-03-20,West Pokot,25
2015-03-21,West Pokot,23
2015-03-22,West Pokot,32
2015-03-23,West Pokot,48
2015-03-24,West Pokot,25
2015-03-25,West Pokot,17
2015-03-26,West Pokot,34
2015-03-27,West Pokot,22
2015-03-28,West Pokot,32
2015-03-29,West Pokot,33
2015-03-30,West Pokot,32
2015-03-31,West Pokot,17
2015-04-01,West Pokot,31
2015-04-02,West Pokot,20
2015-04-03,West Pokot,29
2015-04-04,West Pokot,33
2015-04-05,West Pokot,23
2015-04-06,West Pokot,27
2015-04-07,West Pokot,46
2015-04-08,West Pokot,27
2015-04-09,West Pokot,5
2015-04-10,West Pokot,25
2015-04-11,West Pokot,50
2015-04-12,West Pokot,21
2015-04-13,West Pokot,40
2015-04-14,West Pokot,33
2015-04-15,West Pokot,26
2015-04-16,West Pokot,19
2015-04-17,West Pokot,41
2015-04-18,West Pokot,25
2015-04-19,West Pokot,15
2015-04-20,West Pokot,45
2015-04-21,West Pokot,17
2015-04-22,West Pokot,43
2015-04-23,West Pokot,24
2015-04-24,West Pokot,28
2015-04-25,West Pokot,32
2015-04-26,West Pokot,41
2015-04-27,West Pokot,40
2015-04-28,West Pokot,20
2015-04-29,West Pokot,49
2015-04-30,West Pokot,29
2015-05-01,West Pokot,20
2015-05-02,West Pokot,31
2015-05-03,West Pokot,19
2015-05-04,West Pokot,20
2015-05-05,West Pokot,26
2015-05-06,West Pokot,33
2015-05-07,West Pokot,21
2015-05-08,West Pokot,49
2015-05-09,West Pokot,39
2015-05-10,West Pokot,49
2015-05-11,West Pokot,41
2015-05-12,West Pokot,40
2015-05-13,West Pokot,43
2015-05-14,West Pokot,22
2015-05-15,West Pokot,38
2015-05-16,West Pokot,48
2015-05-17,West Pokot,38
2015-05-18,West Pokot,21
2015-05-19,West Pokot,33
2015-05-20,West Pokot,34
2015-05-21,West Pokot,44
2015-05-22,West Pokot,13
2015-05-23,West Pokot,20
2015-05-24,West Pokot,23
2015-05-25,West Pokot,35
2015-05-26,West Pokot,29
2015-05-27,West Pokot,34
2015-05-28,West Pokot,33
2015-05-29,West Pokot,46
2015-05-30,West Pokot,36
2015-05-31,West Pokot,49
2015-06-01,West Pokot,24
2015-06-02,West Pokot,30
2015-06-03,West Pokot,27
2015-06-04,West Pokot,21
2015-06-05,West Pokot,25
2015-06-06,West Pokot,17
2015-06-07,West Pokot,41
2015-06-08,West Pokot,39
2015-06-09,West Pokot,33
2015-06-10,West Pokot,12
2015-06-11,West Pokot,49
2015-06-12,West Pokot,29
2015-06-13,West Pokot,40
2015-06-14,West Pokot,38
2015-06-15,West Pokot,51
2015-06-16,West Pokot,42
2015-06-17,West Pokot,41
2015-06-18,West Pokot,11
2015-06-19,West Pokot,22
2015-06-20,West Pokot,39
2015-06-21,West Pokot,10
2015-06-22,West Pokot,26
2015-06-23,West Pokot,40
2015-06-24,West Pokot,25
2015-06-25,West Pokot,46
2015-06-26,West Pokot,16
2015-06-27,West Pokot,7
2015-06-28,West Pokot,28
2015-06-29,West Pokot,2
2015-06-30,West Pokot,17
2015-07-01,West Pokot,24
2015-07-02,West Pokot,19
2015-07-03,West Pokot,28
2015-07-04,West Pokot,6
2015-07-05,West Pokot,32
2015-07-06,West Pokot,3
2015-07-07,West Pokot,21
2015-07-08,West Pokot,20
2015-07-09,West Pokot,37
2015-07-10,West Pokot,42
2015-07-11,West Pokot,31
2015-07-12,West Pokot,20
2015-07-13,West Pokot,23
2015-07-14,West Pokot,16
2015-07-15,West Pokot,38
2015-07-16,West Pokot,16
2015-07-17,West Pokot,0
2015-07-18,West Pokot,28
2015-07-19,West Pokot,17
2015-07-20,West Pokot,23
2015-07-21,West Pokot,6
2015-07-22,West Pokot,16
2015-07-23,West Pokot,17
2015-07-24,West Pokot,30
2015-07-25,West Pokot,30
2015-07-26,West Pokot,32
2015-07-27,West Pokot,29
2015-07-28,West Pokot,35
2015-07-29,West Pokot,38
2015-07-30,West Pokot,33
2015-07-31,West Pokot,27
2015-08-01,West Pokot,22
2015-08-02,West Pokot,37
2015-08-03,West Pokot,31
2015-08-04,West Pokot,33
2015-08-05,West Pokot,10
2015-08-06,West Pokot,16
2015-08-07,West Pokot,38
2015-08-08,West Pokot,18
2015-08-09,West Pokot,34
2015-08-10,West Pokot,17
2015-08-11,West Pokot,34
2015-08-12,West Pokot,43
2015-08-13,West Pokot,16
2015-08-14,West Pokot,13
2015-08-15,West Pokot,30
2015-08-16,West Pokot,39
2015-08-17,West Pokot,18
2015-08-18,West Pokot,32
2015-08-19,West Pokot,26
2015-08-20,West Pokot,13
2015-08-21,West Pokot,28
2015-08-22,West Pokot,38
2015-08-23,West Pokot,24
2015-08-24,West Pokot,19
2015-08-25,West Pokot,40
2015-08-26,West Pokot,17
2015-08-27,West Pokot,20
2015-08-28,West Pokot,29
2015-08-29,West Pokot,25
2015-08-30,West Pokot,48
2015-08-31,West Pokot,25
2015-09-01,West Pokot,14
2015-09-02,West Pokot,12
2015-09-03,West Pokot,10
2015-09-04,West Pokot,28
2015-09-05,West Pokot,10
2015-09-06,West Pokot,31
2015-09-07,West Pokot,39
2015-09-08,West Pokot,25
2015-09-09,West Pokot,29
2015-09-10,West Pokot,31
2015-09-11,West Pokot,30
2015-09-12,West Pokot,24
2015-09-13,West Pokot,47
2015-09-14,West Pokot,35
2015-09-15,West Pokot,20
2015-09-16,West Pokot,21
2015-09-17,West Pokot,37
2015-09-18,West Pokot,20
2015-09-19,West Pokot,29
2015-09-20,West Pokot,26
2015-09-21,West Pokot,12
2015-09-22,West Pokot,19
2015-09-23,West Pokot,24
2015-09-24,West Pokot,16
2015-09-25,West Pokot,27
2015-09-26,West Pokot,42
2015-09-27,West Pokot,30
2015-09-28,West Pokot,6
2015-09-29,West Pokot,28
2015-09-30,West Pokot,27
2015-10-01,West Pokot,20
2015-10-02,West Pokot,26
2015-10-03,West Pokot,46
2015-10-04,West Pokot,31
2015-10-05,West Pokot,50
2015-10-06,West Pokot,38
2015-10-07,West Pokot,23
2015-10-08,West Pokot,51
2015-10-09,West Pokot,17
2015-10-10,West Pokot,23
2015-10-11,West Pokot,27
2015-10-12,West Pokot,22
2015-10-13,West Pokot,45
2015-10-14,West Pokot,24
2015-10-15,West Pokot,36
2015-10-16,West Pokot,5
2015-10-17,West Pokot,45
2015-10-18,West Pokot,22
2015-10-19,West Pokot,26
2015-10-20,West Pokot,37
2015-10-21,West Pokot,21
2015-10-22,West Pokot,36
2015-10-23,West Pokot,22
2015-10-24,West Pokot,16
2015-10-25,West Pokot,46
2015-10-26,West Pokot,45
2015-10-27,West Pokot,40
2015-10-28,West Pokot,19
2015-10-29,West Pokot,52
2015-10-30,West Pokot,31
2015-10-31,West Pokot,34
2015-11-01,West Pokot,22
2015-11-02,West Pokot,11
2015-11-03,West Pokot,15
2015-11-04,West Pokot,34
2015-11-05,West Pokot,26
2015-11-06,West Pokot,14
2015-11-07,West Pokot,25
2015-11-08,West Pokot,9
2015-11-09,West Pokot,46
2015-11-10,West Pokot,20
2015-11-11,West Pokot,23
2015-11-12,West Pokot,26
2015-11-13,West Pokot,44
2015-11-14,West Pokot,32
2015-11-15,West Pokot,30
2015-11-16,West Pokot,38
2015-11-17,West Pokot,33
2015-11-18,West Pokot,26
2015-11-19,West Pokot,24
2015-11-20,West Pokot,18
2015-11-21,West Pokot,19
2015-11-22,West Pokot,29
2015-11-23,West Pokot,16
2015-11-24,West Pokot,20
2015-11-25,West Pokot,31
2015-11-26,West Pokot,35
2015-11-27,West Pokot,25
2015-11-28,West Pokot,18
2015-11-29,West Pokot,19
2015-11-30,West Pokot,33
2015-12-01,West Pokot,29
2015-12-02,West Pokot,45
2015-12-03,West Pokot,10
2015-12-04,West Pokot,28
2015-12-05,West Pokot,23
2015-12-06,West Pokot,33
2015-12-07,West Pokot,27
2015-12-08,West Pokot,43
2015-12-09,West Pokot,52
2015-12-10,West Pokot,19
2015-12-11,West Pokot,31
2015-12-12,West Pokot,20
2015-12-13,West Pokot,27
2015-12-14,West Pokot,20
2015-12-15,West Pokot,29
2015-12-16,West Pokot,9
2015-12-17,West Pokot,11
2015-12-18,West Pokot,29
2015-12-19,West Pokot,40
2015-12-20,West Pokot,30
2015-12-21,West Pokot,27
2015-12-22,West Pokot,11
2015-12-23,West Pokot,25
2015-12-24,West Pokot,22
2015-12-25,West Pokot,47
2015-12-26,West Pokot,31
2015-12-27,West Pokot,26
2015-12-28,West Pokot,46
2015-12-29,West Pokot,31
2015-12-30,West Pokot,18
2015-12-31,West Pokot,14
2016-01-01,West Pokot,25
2016-01-02,West Pokot,34
2016-01-03,West Pokot,29
2016-01-04,West Pokot,25
2016-01-05,West Pokot,24
2016-01-06,West Pokot,33
2016-01-07,West Pokot,6
2016-01-08,West Pokot,34
2016-01-09,West Pokot,24
2016-01-10,West Pokot,5
2016-01-11,West Pokot,41
2016-01-12,West Pokot,34
2016-01-13,West Pokot,42
2016-01-14,West Pokot,18
2016-01-15,West Pokot,33
2016-01-16,West Pokot,23
2016-01-17,West Pokot,40
2016-01-18,West Pokot,30
2016-01-19,West Pokot,12
2016-01-20,West Pokot,15
2016-01-21,West Pokot,29
2016-01-22,West Pokot,29
2016-01-23,West Pokot,23
2016-01-24,West Pokot,32
2016-01-25,West Pokot,28
2016-01-26,West Pokot,34
2016-01-27,West Pokot,18
2016-01-28,West Pokot,29
2016-01-29,West Pokot,33
2016-01-30,West Pokot,19
2016-01-31,West Pokot,28
2016-02-01,West Pokot,25
2016-02-02,West Pokot,22
2016-02-03,West Pokot,17
2016-02-04,West Pokot,26
2016-02-05,West Pokot,21
2016-02-06,West Pokot,36
2016-02-07,West Pokot,28
2016-02-08,West Pokot,22
2016-02-09,West Pokot,20
2016-02-10,West Pokot,47
2016-02-11,West Pokot,10
2016-02-12,West Pokot,48
2016-02-13,West Pokot,41
2016-02-14,West Pokot,26
2016-02-15,West Pokot,35
2016-02-16,West Pokot,12
2016-02-17,West Pokot,29
2016-02-18,West Pokot,23
2016-02-19,West Pokot,0
2016-02-20,West Pokot,31
2016-02-21,West Pokot,38
2016-02-22,West Pokot,15
2016-02-23,West Pokot,14
2016-02-24,West Pokot,34
2016-02-25,West Pokot,34
2016-02-26,West Pokot,47
2016-02-27,West Pokot,28
2016-02-28,West Pokot,30
2016-02-29,West Pokot,28
2016-03-01,West Pokot,26
2016-03-02,West Pokot,51
2016-03-03,West Pokot,27
2016-03-04,West Pokot,55
2016-03-05,West Pokot,28
2016-03-06,West Pokot,26
2016-03-07,West Pokot,46
2016-03-08,West Pokot,41
2016-03-09,West Pokot,21
2016-03-10,West Pokot,36
2016-03-11,West Pokot,26
2016-03-12,West Pokot,30
2016-03-13,West Pokot,25
2016-03-14,West Pokot,29
2016-03-15,West Pokot,24
2016-03-16,West Pokot,23
2016-03-17,West Pokot,11
2016-03-18,West Pokot,36
2016-03-19,West Pokot,48
2016-03-20,West Pokot,24
2016-03-21,West Pokot,26
2016-03-22,West Pokot,35
2016-03-23,West Pokot,21
2016-03-24,West Pokot,24
2016-03-25,West Pokot,32
2016-03-26,West Pokot,28
2016-03-27,West Pokot,33
2016-03-28,West Pokot,29
2016-03-29,West Pokot,28
2016-03-30,West Pokot,36
2016-03-31,West Pokot,49
2016-04-01,West Pokot,12
2016-04-02,West Pokot,43
2016-04-03,West Pokot,21
2016-04-04,West Pokot,30
2016-04-05,West Pokot,51
2016-04-06,West Pokot,37
2016-04-07,West Pokot,27
2016-04-08,West Pokot,35
2016-04-09,West Pokot,15
2016-04-10,West Pokot,31
2016-04-11,West Pokot,16
2016-04-12,West Pokot,21
2016-04-13,West Pokot,34
2016-04-14,West Pokot,31
2016-04-15,West Pokot,30
2016-04-16,West Pokot,36
2016-04-17,West Pokot,23
2016-04-18,West Pokot,21
2016-04-19,West Pokot,34
2016-04-20,West Pokot,35
2016-04-21,West Pokot,43
2016-04-22,West Pokot,19
2016-04-23,West Pokot,43
2016-04-24,West Pokot,50
2016-04-25,West Pokot,34
2016-04-26,West Pokot,48
2016-04-27,West Pokot,43
2016-04-28,West Pokot,27
2016-04-29,West Pokot,36
2016-04-30,West Pokot,17
2016-05-01,West Pokot,19
2016-05-02,West Pokot,35
2016-05-03,West Pokot,20
2016-05-04,West Pokot,18
2016-05-05,West Pokot,43
2016-05-06,West Pokot,25
2016-05-07,West Pokot,24
2016-05-08,West Pokot,36
2016-05-09,West Pokot,29
2016-05-10,West Pokot,40
2016-05-11,West Pokot,28
2016-05-12,West Pokot,31
2016-05-13,West Pokot,40
2016-05-14,West Pokot,32
2016-05-15,West Pokot,33
2016-05-16,West Pokot,35
2016-05-17,West Pokot,27
2016-05-18,West Pokot,20
2016-05-19,West Pokot,24
2016-05-20,West Pokot,35
2016-05-21,West Pokot,30
2016-05-22,West Pokot,42
2016-05-23,West Pokot,13
2016-05-24,West Pokot,32
2016-05-25,West Pokot,22
2016-05-26,West Pokot,32
2016-05-27,West Pokot,43
2016-05-28,West Pokot,40
2016-05-29,West Pokot,46
2016-05-30,West Pokot,31
2016-05-31,West Pokot,21
2016-06-01,West Pokot,17
2016-06-02,West Pokot,20
2016-06-03,West Pokot,5
2016-06-04,West Pokot,20
2016-06-05,West Pokot,22
2016-06-06,West Pokot,32
2016-06-07,West Pokot,45
2016-06-08,West Pokot,39
2016-06-09,West Pokot,31
2016-06-10,West Pokot,42
2016-06-11,West Pokot,15
2016-06-12,West Pokot,33
2016-06-13,West Pokot,34
2016-06-14,West Pokot,17
2016-06-15,West Pokot,5
2016-06-16,West Pokot,10
2016-06-17,West Pokot,45
2016-06-18,West Pokot,30
2016-06-19,West Pokot,21
2016-06-20,West Pokot,26
2016-06-21,West Pokot,48
2016-06-22,West Pokot,43
2016-06-23,West Pokot,39
2016-06-24,West Pokot,39
2016-06-25,West Pokot,30
2016-06-26,West Pokot,39
2016-06-27,West Pokot,23
2016-06-28,West Pokot,35
2016-06-29,West Pokot,17
2016-06-30,West Pokot,32
2016-07-01,West Pokot,33
2016-07-02,West Pokot,18
2016-07-03,West Pokot,34
2016-07-04,West Pokot,13
2016-07-05,West Pokot,31
2016-07-06,West Pokot,12
2016-07-07,West Pokot,17
2016-07-08,West Pokot,35
2016-07-09,West Pokot,23
2016-07-10,West Pokot,24
2016-07-11,West Pokot,29
2016-07-12,West Pokot,22
2016-07-13,West Pokot,26
2016-07-14,West Pokot,11
2016-07-15,West Pokot,31
2016-07-16,West Pokot,34
2016-07-17,West Pokot,43
2016-07-18,West Pokot,29
2016-07-19,West Pokot,43
2016-07-20,West Pokot,34
2016-07-21,West Pokot,17
2016-07-22,West Pokot,33
2016-07-23,West Pokot,42
2016-07-24,West Pokot,24
2016-07-25,West Pokot,40
2016-07-26,West Pokot,32
2016-07-27,West Pokot,22
2016-07-28,West Pokot,31
2016-07-29,West Pokot,35
2016-07-30,West Pokot,18
2016-07-31,West Pokot,47
2016-08-01,West Pokot,9
2016-08-02,West Pokot,36
2016-08-03,West Pokot,23
2016-08-04,West Pokot,24
2016-08-05,West Pokot,19
2016-08-06,West Pokot,31
2016-08-07,West Pokot,19
2016-08-08,West Pokot,21
2016-08-09,West Pokot,15
2016-08-10,West Pokot,27
2016-08-11,West Pokot,37
2016-08-12,West Pokot,39
2016-08-13,West Pokot,39
2016-08-14,West Pokot,30
2016-08-15,West Pokot,37
2016-08-16,West Pokot,32
2016-08-17,West Pokot,16
2016-08-18,West Pokot,6
2016-08-19,West Pokot,29
2016-08-20,West Pokot,0
2016-08-21,West Pokot,25
2016-08-22,West Pokot,41
2016-08-23,West Pokot,25
2016-08-24,West Pokot,11
2016-08-25,West Pokot,28
2016-08-26,West Pokot,26
2016-08-27,West Pokot,25
2016-08-28,West Pokot,28
2016-08-29,West Pokot,44
2016-08-30,West Pokot,28
2016-08-31,West Pokot,31
2016-09-01,West Pokot,15
2016-09-02,West Pokot,14
2016-09-03,West Pokot,41
2016-09-04,West Pokot,42
2016-09-05,West Pokot,7
2016-09-06,West Pokot,43
2016-09-07,West Pokot,43
2016-09-08,West Pokot,38
2016-09-09,West Pokot,23
2016-09-10,West Pokot,30
2016-09-11,West Pokot,37
2016-09-12,West Pokot,28
2016-09-13,West Pokot,21
2016-09-14,West Pokot,28
2016-09-15,West Pokot,22
2016-09-16,West Pokot,29
2016-09-17,West Pokot,25
2016-09-18,West Pokot,27
2016-09-19,West Pokot,5
2016-09-20,West Pokot,20
2016-09-21,West Pokot,23
2016-09-22,West Pokot,27
2016-09-23,West Pokot,27
2016-09-24,West Pokot,27
2016-09-25,West Pokot,38
2016-09-26,West Pokot,31
2016-09-27,West Pokot,23
2016-09-28,West Pokot,30
2016-09-29,West Pokot,10
2016-09-30,West Pokot,32
2016-10-01,West Pokot,14
2015-01-01,Samburu,49
2015-01-02,Samburu,21
2015-01-03,Samburu,33
2015-01-04,Samburu,20
2015-01-05,Samburu,31
2015-01-06,Samburu,29
2015-01-07,Samburu,31
2015-01-08,Samburu,19
2015-01-09,Samburu,22
2015-01-10,Samburu,12
2015-01-11,Samburu,24
2015-01-12,Samburu,25
2015-01-13,Samburu,25
2015-01-14,Samburu,33
2015-01-15,Samburu,21
2015-01-16,Samburu,29
2015-01-17,Samburu,11
2015-01-18,Samburu,28
2015-01-19,Samburu,31
2015-01-20,Samburu,38
2015-01-21,Samburu,14
2015-01-22,Samburu,8
2015-01-23,Samburu,28
2015-01-24,Samburu,33
2015-01-25,Samburu,40
2015-01-26,Samburu,41
2015-01-27,Samburu,35
2015-01-28,Samburu,26
2015-01-29,Samburu,21
2015-01-30,Samburu,33
2015-01-31,Samburu,34
2015-02-01,Samburu,21
2015-02-02,Samburu,30
2015-02-03,Samburu,20
2015-02-04,Samburu,11
2015-02-05,Samburu,29
2015-02-06,Samburu,34
2015-02-07,Samburu,24
2015-02-08,Samburu,38
2015-02-09,Samburu,14
2015-02-10,Samburu,33
2015-02-11,Samburu,29
2015-02-12,Samburu,25
2015-02-13,Samburu,21
2015-02-14,Samburu,0
2015-02-15,Samburu,30
2015-02-16,Samburu,21
2015-02-17,Samburu,30
2015-02-18,Samburu,43
2015-02-19,Samburu,30
2015-02-20,Samburu,33
2015-02-21,Samburu,37
2015-02-22,Samburu,2
2015-02-23,Samburu,39
2015-02-24,Samburu,30
2015-02-25,Samburu,26
2015-02-26,Samburu,19
2015-02-27,Samburu,44
2015-02-28,Samburu,16
2015-03-01,Samburu,38
2015-03-02,Samburu,38
2015-03-03,Samburu,34
2015-03-04,Samburu,22
2015-03-05,Samburu,41
2015-03-06,Samburu,27
2015-03-07,Samburu,24
2015-03-08,Samburu,37
2015-03-09,Samburu,18
2015-03-10,Samburu,43
2015-03-11,Samburu,28
2015-03-12,Samburu,38
2015-03-13,Samburu,43
2015-03-14,Samburu,8
2015-03-15,Samburu,46
2015-03-16,Samburu,27
2015-03-17,Samburu,43
2015-03-18,Samburu,18
2015-03-19,Samburu,13
2015-03-20,Samburu,10
2015-03-21,Samburu,43
2015-03-22,Samburu,22
2015-03-23,Samburu,0
2015-03-24,Samburu,42
2015-03-25,Samburu,40
2015-03-26,Samburu,33
2015-03-27,Samburu,39
2015-03-28,Samburu,30
2015-03-29,Samburu,33
2015-03-30,Samburu,39
2015-03-31,Samburu,34
2015-04-01,Samburu,35
2015-04-02,Samburu,31
2015-04-03,Samburu,13
2015-04-04,Samburu,38
2015-04-05,Samburu,26
2015-04-06,Samburu,43
2015-04-07,Samburu,26
2015-04-08,Samburu,31
2015-04-09,Samburu,41
2015-04-10,Samburu,15
2015-04-11,Samburu,18
2015-04-12,Samburu,27
2015-04-13,Samburu,15
2015-04-14,Samburu,34
2015-04-15,Samburu,31
2015-04-16,Samburu,33
2015-04-17,Samburu,35
2015-04-18,Samburu,38
2015-04-19,Samburu,42
2015-04-20,Samburu,40
2015-04-21,Samburu,7
2015-04-22,Samburu,29
2015-04-23,Samburu,22
2015-04-24,Samburu,30
2015-04-25,Samburu,53
2015-04-26,Samburu,30
2015-04-27,Samburu,42
2015-04-28,Samburu,7
2015-04-29,Samburu,35
2015-04-30,Samburu,24
2015-05-01,Samburu,49
2015-05-02,Samburu,48
2015-05-03,Samburu,36
2015-05-04,Samburu,42
2015-05-05,Samburu,46
2015-05-06,Samburu,45
2015-05-07,Samburu,19
2015-05-08,Samburu,26
2015-05-09,Samburu,21
2015-05-10,Samburu,30
2015-05-11,Samburu,2
2015-05-12,Samburu,43
2015-05-13,Samburu,17
2015-05-14,Samburu,23
2015-05-15,Samburu,51
2015-05-16,Samburu,29
2015-05-17,Samburu,17
2015-05-18,Samburu,20
2015-05-19,Samburu,15
2015-05-20,Samburu,33
2015-05-21,Samburu,24
2015-05-22,Samburu,33
2015-05-23,Samburu,12
2015-05-24,Samburu,19
2015-05-25,Samburu,23
2015-05-26,Samburu,58
2015-05-27,Samburu,31
2015-05-28,Samburu,24
2015-05-29,Samburu,25
2015-05-30,Samburu,18
2015-05-31,Samburu,15
2015-06-01,Samburu,27
2015-06-02,Samburu,31
2015-06-03,Samburu,9
2015-06-04,Samburu,16
2015-06-05,Samburu,18
2015-06-06,Samburu,36
2015-06-07,Samburu,25
2015-06-08,Samburu,31
2015-06-09,Samburu,32
2015-06-10,Samburu,30
2015-06-11,Samburu,22
2015-06-12,Samburu,34
2015-06-13,Samburu,15
2015-06-14,Samburu,17
2015-06-15,Samburu,29
2015-06-16,Samburu,23
2015-06-17,Samburu,33
2015-06-18,Samburu,24
2015-06-19,Samburu,34
2015-06-20,Samburu,11
2015-06-21,Samburu,21
2015-06-22,Samburu,54
2015-06-23,Samburu,28
2015-06-24,Samburu,26
2015-06-25,Samburu,36
2015-06-26,Samburu,23
2015-06-27,Samburu,24
2015-06-28,Samburu,26
2015-06-29,Samburu,46
2015-06-30,Samburu,28
2015-07-01,Samburu,27
2015-07-02,Samburu,40
2015-07-03,Samburu,21
2015-07-04,Samburu,28
2015-07-05,Samburu,29
2015-07-06,Samburu,34
2015-07-07,Samburu,27
2015-07-08,Samburu,36
2015-07-09,Samburu,37
2015-07-10,Samburu,21
2015-07-11,Samburu,25
2015-07-12,Samburu,11
2015-07-13,Samburu,36
2015-07-14,Samburu,9
2015-07-15,Samburu,37
2015-07-16,Samburu,13
2015-07-17,Samburu,12
2015-07-18,Samburu,42
2015-07-19,Samburu,44
2015-07-20,Samburu,49
2015-07-21,Samburu,30
2015-07-22,Samburu,46
2015-07-23,Samburu,37
2015-07-24,Samburu,17
2015-07-25,Samburu,36
2015-07-26,Samburu,20
2015-07-27,Samburu,27
2015-07-28,Samburu,14
2015-07-29,Samburu,33
2015-07-30,Samburu,34
2015-07-31,Samburu,32
2015-08-01,Samburu,15
2015-08-02,Samburu,12
2015-08-03,Samburu,20
2015-08-04,Samburu,31
2015-08-05,Samburu,31
2015-08-06,Samburu,11
2015-08-07,Samburu,43
2015-08-08,Samburu,20
2015-08-09,Samburu,22
2015-08-10,Samburu,42
2015-08-11,Samburu,21
2015-08-12,Samburu,19
2015-08-13,Samburu,32
2015-08-14,Samburu,46
2015-08-15,Samburu,31
2015-08-16,Samburu,37
2015-08-17,Samburu,39
2015-08-18,Samburu,24
2015-08-19,Samburu,25
2015-08-20,Samburu,33
2015-08-21,Samburu,38
2015-08-22,Samburu,38
2015-08-23,Samburu,25
2015-08-24,Samburu,33
2015-08-25,Samburu,34
2015-08-26,Samburu,20
2015-08-27,Samburu,38
2015-08-28,Samburu,47
2015-08-29,Samburu,19
2015-08-30,Samburu,15
2015-08-31,Samburu,33
2015-09-01,Samburu,41
2015-09-02,Samburu,4
2015-09-03,Samburu,36
2015-09-04,Samburu,4
2015-09-05,Samburu,21
2015-09-06,Samburu,20
2015-09-07,Samburu,9
2015-09-08,Samburu,40
2015-09-09,Samburu,26
2015-09-10,Samburu,29
2015-09-11,Samburu,27
2015-09-12,Samburu,34
2015-09-13,Samburu,29
2015-09-14,Samburu,20
2015-09-15,Samburu,18
2015-09-16,Samburu,41
2015-09-17,Samburu,10
2015-09-18,Samburu,25
2015-09-19,Samburu,10
2015-09-20,Samburu,4
2015-09-21,Samburu,50
2015-09-22,Samburu,31
2015-09-23,Samburu,25
2015-09-24,Samburu,28
2015-09-25,Samburu,39
2015-09-26,Samburu,27
2015-09-27,Samburu,41
2015-09-28,Samburu,45
2015-09-29,Samburu,31
2015-09-30,Samburu,34
2015-10-01,Samburu,37
2015-10-02,Samburu,12
2015-10-03,Samburu,30
2015-10-04,Samburu,17
2015-10-05,Samburu,39
2015-10-06,Samburu,30
2015-10-07,Samburu,45
2015-10-08,Samburu,29
2015-10-09,Samburu,8
2015-10-10,Samburu,15
2015-10-11,Samburu,15
2015-10-12,Samburu,19
2015-10-13,Samburu,31
2015-10-14,Samburu,22
2015-10-15,Samburu,32
2015-10-16,Samburu,39
2015-10-17,Samburu,42
2015-10-18,Samburu,30
2015-10-19,Samburu,32
2015-10-20,Samburu,28
2015-10-21,Samburu,12
2015-10-22,Samburu,33
2015-10-23,Samburu,22
2015-10-24,Samburu,37
2015-10-25,Samburu,39
2015-10-26,Samburu,13
2015-10-27,Samburu,23
2015-10-28,Samburu,20
2015-10-29,Samburu,35
2015-10-30,Samburu,33
2015-10-31,Samburu,31
2015-11-01,Samburu,48
2015-11-02,Samburu,14
2015-11-03,Samburu,32
2015-11-04,Samburu,29
2015-11-05,Samburu,31
2015-11-06,Samburu,4
2015-11-07,Samburu,30
2015-11-08,Samburu,24
2015-11-09,Samburu,38
2015-11-10,Samburu,26
2015-11-11,Samburu,46
2015-11-12,Samburu,26
2015-11-13,Samburu,11
2015-11-14,Samburu,22
2015-11-15,Samburu,11
2015-11-16,Samburu,26
2015-11-17,Samburu,25
2015-11-18,Samburu,11
2015-11-19,Samburu,40
2015-11-20,Samburu,23
2015-11-21,Samburu,31
2015-11-22,Samburu,23
2015-11-23,Samburu,28
2015-11-24,Samburu,33
2015-11-25,Samburu,27
2015-11-26,Samburu,30
2015-11-27,Samburu,13
2015-11-28,Samburu,13
2015-11-29,Samburu,46
2015-11-30,Samburu,35
2015-12-01,Samburu,27
2015-12-02,Samburu,26
2015-12-03,Samburu,31
2015-12-04,Samburu,24
2015-12-05,Samburu,26
2015-12-06,Samburu,38
2015-12-07,Samburu,18
2015-12-08,Samburu,38
2015-12-09,Samburu,18
2015-12-10,Samburu,0
2015-12-11,Samburu,19
2015-12-12,Samburu,10
2015-12-13,Samburu,27
2015-12-14,Samburu,32
2015-12-15,Samburu,30
2015-12-16,Samburu,9
2015-12-17,Samburu,32
2015-12-18,Samburu,22
2015-12-19,Samburu,11
2015-12-20,Samburu,18
2015-12-21,Samburu,24
2015-12-22,Samburu,32
2015-12-23,Samburu,29
2015-12-24,Samburu,10
2015-12-25,Samburu,8
2015-12-26,Samburu,41
2015-12-27,Samburu,17
2015-12-28,Samburu,28
2015-12-29,Samburu,18
2015-12-30,Samburu,31
2015-12-31,Samburu,14
2016-01-01,Samburu,37
2016-01-02,Samburu,32
2016-01-03,Samburu,32
2016-01-04,Samburu,29
2016-01-05,Samburu,22
2016-01-06,Samburu,35
2016-01-07,Samburu,17
2016-01-08,Samburu,11
2016-01-09,Samburu,49
2016-01-10,Samburu,10
2016-01-11,Samburu,33
2016-01-12,Samburu,29
2016-01-13,Samburu,23
2016-01-14,Samburu,8
2016-01-15,Samburu,17
2016-01-16,Samburu,25
2016-01-17,Samburu,37
2016-01-18,Samburu,31
2016-01-19,Samburu,21
2016-01-20,Samburu,25
2016-01-21,Samburu,27
2016-01-22,Samburu,32
2016-01-23,Samburu,15
2016-01-24,Samburu,19
2016-01-25,Samburu,28
2016-01-26,Samburu,55
2016-01-27,Samburu,21
2016-01-28,Samburu,22
2016-01-29,Samburu,20
2016-01-30,Samburu,28
2016-01-31,Samburu,22
2016-02-01,Samburu,33
2016-02-02,Samburu,24
2016-02-03,Samburu,30
2016-02-04,Samburu,28
2016-02-05,Samburu,33
2016-02-06,Samburu,39
2016-02-07,Samburu,5
2016-02-08,Samburu,16
2016-02-09,Samburu,45
2016-02-10,Samburu,35
2016-02-11,Samburu,22
2016-02-12,Samburu,22
2016-02-13,Samburu,35
2016-02-14,Samburu,35
2016-02-15,Samburu,19
2016-02-16,Samburu,29
2016-02-17,Samburu,26
2016-02-18,Samburu,21
2016-02-19,Samburu,31
2016-02-20,Samburu,32
2016-02-21,Samburu,10
2016-02-22,Samburu,46
2016-02-23,Samburu,35
2016-02-24,Samburu,0
2016-02-25,Samburu,41
2016-02-26,Samburu,21
2016-02-27,Samburu,23
2016-02-28,Samburu,30
2016-02-29,Samburu,38
2016-03-01,Samburu,23
2016-03-02,Samburu,32
2016-03-03,Samburu,17
2016-03-04,Samburu,32
2016-03-05,Samburu,26
2016-03-06,Samburu,34
2016-03-07,Samburu,34
2016-03-08,Samburu,53
2016-03-09,Samburu,34
2016-03-10,Samburu,35
2016-03-11,Samburu,33
2016-03-12,Samburu,40
2016-03-13,Samburu,24
2016-03-14,Samburu,17
2016-03-15,Samburu,27
2016-03-16,Samburu,26
2016-03-17,Samburu,32
2016-03-18,Samburu,20
2016-03-19,Samburu,23
2016-03-20,Samburu,33
2016-03-21,Samburu,40
2016-03-22,Samburu,25
2016-03-23,Samburu,40
2016-03-24,Samburu,41
2016-03-25,Samburu,47
2016-03-26,Samburu,24
2016-03-27,Samburu,44
2016-03-28,Samburu,25
2016-03-29,Samburu,24
2016-03-30,Samburu,26
2016-03-31,Samburu,26
2016-04-01,Samburu,23
2016-04-02,Samburu,19
2016-04-03,Samburu,32
2016-04-04,Samburu,17
2016-04-05,Samburu,46
2016-04-06,Samburu,36
2016-04-07,Samburu,41
2016-04-08,Samburu,14
2016-04-09,Samburu,32
2016-04-10,Samburu,34
2016-04-11,Samburu,20
2016-04-12,Samburu,31
2016-04-13,Samburu,27
2016-04-14,Samburu,39
2016-04-15,Samburu,34
2016-04-16,Samburu,55
2016-04-17,Samburu,47
2016-04-18,Samburu,45
2016-04-19,Samburu,59
2016-04-20,Samburu,25
2016-04-21,Samburu,40
2016-04-22,Samburu,38
2016-04-23,Samburu,3
2016-04-24,Samburu,40
2016-04-25,Samburu,29
2016-04-26,Samburu,18
2016-04-27,Samburu,21
2016-04-28,Samburu,49
2016-04-29,Samburu,34
2016-04-30,Samburu,42
2016-05-01,Samburu,44
2016-05-02,Samburu,28
2016-05-03,Samburu,29
2016-05-04,Samburu,41
2016-05-05,Samburu,16
2016-05-06,Samburu,36
2016-05-07,Samburu,26
2016-05-08,Samburu,13
2016-05-09,Samburu,50
2016-05-10,Samburu,37
2016-05-11,Samburu,42
2016-05-12,Samburu,28
2016-05-13,Samburu,20
2016-05-14,Samburu,34
2016-05-15,Samburu,34
2016-05-16,Samburu,32
2016-05-17,Samburu,36
2016-05-18,Samburu,35
2016-05-19,Samburu,28
2016-05-20,Samburu,31
2016-05-21,Samburu,23
2016-05-22,Samburu,28
2016-05-23,Samburu,20
2016-05-24,Samburu,41
2016-05-25,Samburu,34
2016-05-26,Samburu,34
2016-05-27,Samburu,49
2016-05-28,Samburu,30
2016-05-29,Samburu,24
2016-05-30,Samburu,29
2016-05-31,Samburu,45
2016-06-01,Samburu,25
2016-06-02,Samburu,25
2016-06-03,Samburu,22
2016-06-04,Samburu,28
2016-06-05,Samburu,20
2016-06-06,Samburu,30
2016-06-07,Samburu,24
2016-06-08,Samburu,12
2016-06-09,Samburu,46
2016-06-10,Samburu,26
2016-06-11,Samburu,13
2016-06-12,Samburu,23
2016-06-13,Samburu,37
2016-06-14,Samburu,22
2016-06-15,Samburu,13
2016-06-16,Samburu,16
2016-06-17,Samburu,34
2016-06-18,Samburu,10
2016-06-19,Samburu,7
2016-06-20,Samburu,28
2016-06-21,Samburu,43
2016-06-22,Samburu,29
2016-06-23,Samburu,13
2016-06-24,Samburu,36
2016-06-25,Samburu,29
2016-06-26,Samburu,32
2016-06-27,Samburu,9
2016-06-28,Samburu,17
2016-06-29,Samburu,31
2016-06-30,Samburu,11
2016-07-01,Samburu,40
2016-07-02,Samburu,25
2016-07-03,Samburu,41
2016-07-04,Samburu,17
2016-07-05,Samburu,37
2016-07-06,Samburu,39
2016-07-07,Samburu,20
2016-07-08,Samburu,25
2016-07-09,Samburu,41
2016-07-10,Samburu,33
2016-07-11,Samburu,15
2016-07-12,Samburu,37
2016-07-13,Samburu,31
2016-07-14,Samburu,55
2016-07-15,Samburu,40
2016-07-16,Samburu,13
2016-07-17,Samburu,10
2016-07-18,Samburu,26
2016-07-19,Samburu,44
2016-07-20,Samburu,22
2016-07-21,Samburu,33
2016-07-22,Samburu,27
2016-07-23,Samburu,21
2016-07-24,Samburu,38
2016-07-25,Samburu,22
2016-07-26,Samburu,24
2016-07-27,Samburu,19
2016-07-28,Samburu,37
2016-07-29,Samburu,21
2016-07-30,Samburu,16
2016-07-31,Samburu,13
2016-08-01,Samburu,18
2016-08-02,Samburu,11
2016-08-03,Samburu,29
2016-08-04,Samburu,32
2016-08-05,Samburu,36
2016-08-06,Samburu,35
2016-08-07,Samburu,22
2016-08-08,Samburu,26
2016-08-09,Samburu,17
2016-08-10,Samburu,29
2016-08-11,Samburu,28
2016-08-12,Samburu,27
2016-08-13,Samburu,10
2016-08-14,Samburu,22
2016-08-15,Samburu,34
2016-08-16,Samburu,33
2016-08-17,Samburu,27
2016-08-18,Samburu,8
2016-08-19,Samburu,12
2016-08-20,Samburu,41
2016-08-21,Samburu,23
2016-08-22,Samburu,24
2016-08-23,Samburu,24
2016-08-24,Samburu,34
2016-08-25,Samburu,28
2016-08-26,Samburu,2
2016-08-27,Samburu,28
2016-08-28,Samburu,17
2016-08-29,Samburu,30
2016-08-30,Samburu,36
2016-08-31,Samburu,17
2016-09-01,Samburu,24
2016-09-02,Samburu,30
2016-09-03,Samburu,33
2016-09-04,Samburu,12
2016-09-05,Samburu,37
2016-09-06,Samburu,24
2016-09-07,Samburu,35
2016-09-08,Samburu,17
2016-09-09,Samburu,9
2016-09-10,Samburu,25
2016-09-11,Samburu,12
2016-09-12,Samburu,42
2016-09-13,Samburu,37
2016-09-14,Samburu,26
2016-09-15,Samburu,36
2016-09-16,Samburu,30
2016-09-17,Samburu,35
2016-09-18,Samburu,15
2016-09-19,Samburu,44
2016-09-20,Samburu,30
2016-09-21,Samburu,27
2016-09-22,Samburu,22
2016-09-23,Samburu,28
2016-09-24,Samburu,36
2016-09-25,Samburu,43
2016-09-26,Samburu,47
2016-09-27,Samburu,25
2016-09-28,Samburu,37
2016-09-29,Samburu,25
2016-09-30,Samburu,41
2016-10-01,Samburu,30
2015-01-01,Trans Nzoia,11
2015-01-02,Trans Nzoia,32
2015-01-03,Trans Nzoia,26
2015-01-04,Trans Nzoia,27
2015-01-05,Trans Nzoia,23
2015-01-06,Trans Nzoia,28
2015-01-07,Trans Nzoia,38
2015-01-08,Trans Nzoia,11
2015-01-09,Trans Nzoia,39
2015-01-10,Trans Nzoia,21
2015-01-11,Trans Nzoia,34
2015-01-12,Trans Nzoia,43
2015-01-13,Trans Nzoia,18
2015-01-14,Trans Nzoia,33
2015-01-15,Trans Nzoia,24
2015-01-16,Trans Nzoia,29
2015-01-17,Trans Nzoia,31
2015-01-18,Trans Nzoia,20
2015-01-19,Trans Nzoia,13
2015-01-20,Trans Nzoia,23
2015-01-21,Trans Nzoia,32
2015-01-22,Trans Nzoia,27
2015-01-23,Trans Nzoia,32
2015-01-24,Trans Nzoia,21
2015-01-25,Trans Nzoia,25
2015-01-26,Trans Nzoia,26
2015-01-27,Trans Nzoia,13
2015-01-28,Trans Nzoia,21
2015-01-29,Trans Nzoia,26
2015-01-30,Trans Nzoia,34
2015-01-31,Trans Nzoia,34
2015-02-01,Trans Nzoia,6
2015-02-02,Trans Nzoia,27
2015-02-03,Trans Nzoia,13
2015-02-04,Trans Nzoia,23
2015-02-05,Trans Nzoia,30
2015-02-06,Trans Nzoia,27
2015-02-07,Trans Nzoia,22
2015-02-08,Trans Nzoia,23
2015-02-09,Trans Nzoia,27
2015-02-10,Trans Nzoia,25
2015-02-11,Trans Nzoia,34
2015-02-12,Trans Nzoia,38
2015-02-13,Trans Nzoia,39
2015-02-14,Trans Nzoia,18
2015-02-15,Trans Nzoia,16
2015-02-16,Trans Nzoia,34
2015-02-17,Trans Nzoia,19
2015-02-18,Trans Nzoia,28
2015-02-19,Trans Nzoia,26
2015-02-20,Trans Nzoia,15
2015-02-21,Trans Nzoia,36
2015-02-22,Trans Nzoia,14
2015-02-23,Trans Nzoia,44
2015-02-24,Trans Nzoia,41
2015-02-25,Trans Nzoia,24
2015-02-26,Trans Nzoia,22
2015-02-27,Trans Nzoia,25
2015-02-28,Trans Nzoia,11
2015-03-01,Trans Nzoia,29
2015-03-02,Trans Nzoia,55
2015-03-03,Trans Nzoia,49
2015-03-04,Trans Nzoia,32
2015-03-05,Trans Nzoia,24
2015-03-06,Trans Nzoia,38
2015-03-07,Trans Nzoia,15
2015-03-08,Trans Nzoia,23
2015-03-09,Trans Nzoia,33
2015-03-10,Trans Nzoia,17
2015-03-11,Trans Nzoia,22
2015-03-12,Trans Nzoia,21
2015-03-13,Trans Nzoia,29
2015-03-14,Trans Nzoia,30
2015-03-15,Trans Nzoia,35
2015-03-16,Trans Nzoia,38
2015-03-17,Trans Nzoia,36
2015-03-18,Trans Nzoia,26
2015-03-19,Trans Nzoia,37
2015-03-20,Trans Nzoia,40
2015-03-21,Trans Nzoia,32
2015-03-22,Trans Nzoia,55
2015-03-23,Trans Nzoia,34
2015-03-24,Trans Nzoia,37
2015-03-25,Trans Nzoia,37
2015-03-26,Trans Nzoia,38
2015-03-27,Trans Nzoia,31
2015-03-28,Trans Nzoia,27
2015-03-29,Trans Nzoia,44
2015-03-30,Trans Nzoia,27
2015-03-31,Trans Nzoia,28
2015-04-01,Trans Nzoia,29
2015-04-02,Trans Nzoia,48
2015-04-03,Trans Nzoia,33
2015-04-04,Trans Nzoia,30
2015-04-05,Trans Nzoia,46
2015-04-06,Trans Nzoia,28
2015-04-07,Trans Nzoia,34
2015-04-08,Trans Nzoia,40
2015-04-09,Trans Nzoia,46
2015-04-10,Trans Nzoia,42
2015-04-11,Trans Nzoia,29
2015-04-12,Trans Nzoia,26
2015-04-13,Trans Nzoia,27
2015-04-14,Trans Nzoia,27
2015-04-15,Trans Nzoia,35
2015-04-16,Trans Nzoia,38
2015-04-17,Trans Nzoia,37
2015-04-18,Trans Nzoia,29
2015-04-19,Trans Nzoia,23
2015-04-20,Trans Nzoia,35
2015-04-21,Trans Nzoia,3
2015-04-22,Trans Nzoia,31
2015-04-23,Trans Nzoia,17
2015-04-24,Trans Nzoia,23
2015-04-25,Trans Nzoia,20
2015-04-26,Trans Nzoia,26
2015-04-27,Trans Nzoia,36
2015-04-28,Trans Nzoia,42
2015-04-29,Trans Nzoia,38
2015-04-30,Trans Nzoia,32
2015-05-01,Trans Nzoia,9
2015-05-02,Trans Nzoia,25
2015-05-03,Trans Nzoia,39
2015-05-04,Trans Nzoia,31
2015-05-05,Trans Nzoia,22
2015-05-06,Trans Nzoia,32
2015-05-07,Trans Nzoia,38
2015-05-08,Trans Nzoia,28
2015-05-09,Trans Nzoia,20
2015-05-10,Trans Nzoia,33
2015-05-11,Trans Nzoia,35
2015-05-12,Trans Nzoia,36
2015-05-13,Trans Nzoia,35
2015-05-14,Trans Nzoia,3
2015-05-15,Trans Nzoia,29
2015-05-16,Trans Nzoia,37
2015-05-17,Trans Nzoia,24
2015-05-18,Trans Nzoia,36
2015-05-19,Trans Nzoia,11
2015-05-20,Trans Nzoia,33
2015-05-21,Trans Nzoia,50
2015-05-22,Trans Nzoia,43
2015-05-23,Trans Nzoia,31
2015-05-24,Trans Nzoia,52
2015-05-25,Trans Nzoia,24
2015-05-26,Trans Nzoia,24
2015-05-27,Trans Nzoia,30
2015-05-28,Trans Nzoia,44
2015-05-29,Trans Nzoia,29
2015-05-30,Trans Nzoia,27
2015-05-31,Trans Nzoia,56
2015-06-01,Trans Nzoia,30
2015-06-02,Trans Nzoia,23
2015-06-03,Trans Nzoia,47
2015-06-04,Trans Nzoia,40
2015-06-05,Trans Nzoia,25
2015-06-06,Trans Nzoia,39
2015-06-07,Trans Nzoia,30
2015-06-08,Trans Nzoia,22
2015-06-09,Trans Nzoia,19
2015-06-10,Trans Nzoia,29
2015-06-11,Trans Nzoia,37
2015-06-12,Trans Nzoia,26
2015-06-13,Trans Nzoia,14
2015-06-14,Trans Nzoia,20
2015-06-15,Trans Nzoia,46
2015-06-16,Trans Nzoia,17
2015-06-17,Trans Nzoia,41
2015-06-18,Trans Nzoia,33
2015-06-19,Trans Nzoia,30
2015-06-20,Trans Nzoia,30
2015-06-21,Trans Nzoia,29
2015-06-22,Trans Nzoia,57
2015-06-23,Trans Nzoia,33
2015-06-24,Trans Nzoia,46
2015-06-25,Trans Nzoia,24
2015-06-26,Trans Nzoia,7
2015-06-27,Trans Nzoia,28
2015-06-28,Trans Nzoia,37
2015-06-29,Trans Nzoia,24
2015-06-30,Trans Nzoia,23
2015-07-01,Trans Nzoia,25
2015-07-02,Trans Nzoia,16
2015-07-03,Trans Nzoia,38
2015-07-04,Trans Nzoia,35
2015-07-05,Trans Nzoia,4
2015-07-06,Trans Nzoia,28
2015-07-07,Trans Nzoia,38
2015-07-08,Trans Nzoia,18
2015-07-09,Trans Nzoia,18
2015-07-10,Trans Nzoia,21
2015-07-11,Trans Nzoia,29
2015-07-12,Trans Nzoia,17
2015-07-13,Trans Nzoia,36
2015-07-14,Trans Nzoia,3
2015-07-15,Trans Nzoia,27
2015-07-16,Trans Nzoia,42
2015-07-17,Trans Nzoia,28
2015-07-18,Trans Nzoia,30
2015-07-19,Trans Nzoia,3
2015-07-20,Trans Nzoia,12
2015-07-21,Trans Nzoia,24
2015-07-22,Trans Nzoia,31
2015-07-23,Trans Nzoia,31
2015-07-24,Trans Nzoia,17
2015-07-25,Trans Nzoia,23
2015-07-26,Trans Nzoia,27
2015-07-27,Trans Nzoia,20
2015-07-28,Trans Nzoia,36
2015-07-29,Trans Nzoia,53
2015-07-30,Trans Nzoia,32
2015-07-31,Trans Nzoia,16
2015-08-01,Trans Nzoia,1
2015-08-02,Trans Nzoia,44
2015-08-03,Trans Nzoia,12
2015-08-04,Trans Nzoia,20
2015-08-05,Trans Nzoia,47
2015-08-06,Trans Nzoia,28
2015-08-07,Trans Nzoia,0
2015-08-08,Trans Nzoia,8
2015-08-09,Trans Nzoia,18
2015-08-10,Trans Nzoia,37
2015-08-11,Trans Nzoia,31
2015-08-12,Trans Nzoia,31
2015-08-13,Trans Nzoia,25
2015-08-14,Trans Nzoia,21
2015-08-15,Trans Nzoia,12
2015-08-16,Trans Nzoia,36
2015-08-17,Trans Nzoia,35
2015-08-18,Trans Nzoia,44
2015-08-19,Trans Nzoia,37
2015-08-20,Trans Nzoia,16
2015-08-21,Trans Nzoia,21
2015-08-22,Trans Nzoia,29
2015-08-23,Trans Nzoia,29
2015-08-24,Trans Nzoia,24
2015-08-25,Trans Nzoia,26
2015-08-26,Trans Nzoia,19
2015-08-27,Trans Nzoia,19
2015-08-28,Trans Nzoia,38
2015-08-29,Trans Nzoia,25
2015-08-30,Trans Nzoia,42
2015-08-31,Trans Nzoia,15
2015-09-01,Trans Nzoia,30
2015-09-02,Trans Nzoia,25
2015-09-03,Trans Nzoia,30
2015-09-04,Trans Nzoia,41
2015-09-05,Trans Nzoia,9
2015-09-06,Trans Nzoia,21
2015-09-07,Trans Nzoia,18
2015-09-08,Trans Nzoia,19
2015-09-09,Trans Nzoia,43
2015-09-10,Trans Nzoia,1
2015-09-11,Trans Nzoia,12
2015-09-12,Trans Nzoia,17
2015-09-13,Trans Nzoia,22
2015-09-14,Trans Nzoia,15
2015-09-15,Trans Nzoia,21
2015-09-16,Trans Nzoia,36
2015-09-17,Trans Nzoia,31
2015-09-18,Trans Nzoia,20
2015-09-19,Trans Nzoia,33
2015-09-20,Trans Nzoia,27
2015-09-21,Trans Nzoia,34
2015-09-22,Trans Nzoia,44
2015-09-23,Trans Nzoia,29
2015-09-24,Trans Nzoia,19
2015-09-25,Trans Nzoia,40
2015-09-26,Trans Nzoia,39
2015-09-27,Trans Nzoia,21
2015-09-28,Trans Nzoia,10
2015-09-29,Trans Nzoia,19
2015-09-30,Trans Nzoia,17
2015-10-01,Trans Nzoia,52
2015-10-02,Trans Nzoia,43
2015-10-03,Trans Nzoia,39
2015-10-04,Trans Nzoia,37
2015-10-05,Trans Nzoia,25
2015-10-06,Trans Nzoia,16
2015-10-07,Trans Nzoia,44
2015-10-08,Trans Nzoia,51
2015-10-09,Trans Nzoia,41
2015-10-10,Trans Nzoia,21
2015-10-11,Trans Nzoia,24
2015-10-12,Trans Nzoia,16
2015-10-13,Trans Nzoia,26
2015-10-14,Trans Nzoia,30
2015-10-15,Trans Nzoia,28
2015-10-16,Trans Nzoia,50
2015-10-17,Trans Nzoia,47
2015-10-18,Trans Nzoia,36
2015-10-19,Trans Nzoia,11
2015-10-20,Trans Nzoia,21
2015-10-21,Trans Nzoia,25
2015-10-22,Trans Nzoia,22
2015-10-23,Trans Nzoia,21
2015-10-24,Trans Nzoia,25
2015-10-25,Trans Nzoia,28
2015-10-26,Trans Nzoia,26
2015-10-27,Trans Nzoia,18
2015-10-28,Trans Nzoia,29
2015-10-29,Trans Nzoia,37
2015-10-30,Trans Nzoia,42
2015-10-31,Trans Nzoia,49
2015-11-01,Trans Nzoia,33
2015-11-02,Trans Nzoia,30
2015-11-03,Trans Nzoia,26
2015-11-04,Trans Nzoia,35
2015-11-05,Trans Nzoia,33
2015-11-06,Trans Nzoia,37
2015-11-07,Trans Nzoia,23
2015-11-08,Trans Nzoia,51
2015-11-09,Trans Nzoia,40
2015-11-10,Trans Nzoia,25
2015-11-11,Trans Nzoia,36
2015-11-12,Trans Nzoia,24
2015-11-13,Trans Nzoia,20
2015-11-14,Trans Nzoia,33
2015-11-15,Trans Nzoia,47
2015-11-16,Trans Nzoia,28
2015-11-17,Trans Nzoia,38
2015-11-18,Trans Nzoia,26
2015-11-19,Trans Nzoia,20
2015-11-20,Trans Nzoia,24
2015-11-21,Trans Nzoia,46
2015-11-22,Trans Nzoia,19
2015-11-23,Trans Nzoia,37
2015-11-24,Trans Nzoia,11
2015-11-25,Trans Nzoia,42
2015-11-26,Trans Nzoia,33
2015-11-27,Trans Nzoia,17
2015-11-28,Trans Nzoia,28
2015-11-29,Trans Nzoia,35
2015-11-30,Trans Nzoia,39
2015-12-01,Trans Nzoia,11
2015-12-02,Trans Nzoia,27
2015-12-03,Trans Nzoia,31
2015-12-04,Trans Nzoia,19
2015-12-05,Trans Nzoia,44
2015-12-06,Trans Nzoia,19
2015-12-07,Trans Nzoia,9
2015-12-08,Trans Nzoia,7
2015-12-09,Trans Nzoia,29
2015-12-10,Trans Nzoia,28
2015-12-11,Trans Nzoia,22
2015-12-12,Trans Nzoia,40
2015-12-13,Trans Nzoia,32
2015-12-14,Trans Nzoia,43
2015-12-15,Trans Nzoia,22
2015-12-16,Trans Nzoia,13
2015-12-17,Trans Nzoia,27
2015-12-18,Trans Nzoia,34
2015-12-19,Trans Nzoia,38
2015-12-20,Trans Nzoia,47
2015-12-21,Trans Nzoia,30
2015-12-22,Trans Nzoia,14
2015-12-23,Trans Nzoia,19
2015-12-24,Trans Nzoia,14
2015-12-25,Trans Nzoia,26
2015-12-26,Trans Nzoia,37
2015-12-27,Trans Nzoia,24
2015-12-28,Trans Nzoia,32
2015-12-29,Trans Nzoia,19
2015-12-30,Trans Nzoia,25
2015-12-31,Trans Nzoia,28
2016-01-01,Trans Nzoia,24
2016-01-02,Trans Nzoia,8
2016-01-03,Trans Nzoia,11
2016-01-04,Trans Nzoia,31
2016-01-05,Trans Nzoia,39
2016-01-06,Trans Nzoia,16
2016-01-07,Trans Nzoia,18
2016-01-08,Trans Nzoia,24
2016-01-09,Trans Nzoia,6
2016-01-10,Trans Nzoia,28
2016-01-11,Trans Nzoia,23
2016-01-12,Trans Nzoia,17
2016-01-13,Trans Nzoia,42
2016-01-14,Trans Nzoia,32
2016-01-15,Trans Nzoia,47
2016-01-16,Trans Nzoia,23
2016-01-17,Trans Nzoia,4
2016-01-18,Trans Nzoia,30
2016-01-19,Trans Nzoia,36
2016-01-20,Trans Nzoia,0
2016-01-21,Trans Nzoia,34
2016-01-22,Trans Nzoia,34
2016-01-23,Trans Nzoia,22
2016-01-24,Trans Nzoia,32
2016-01-25,Trans Nzoia,36
2016-01-26,Trans Nzoia,21
2016-01-27,Trans Nzoia,31
2016-01-28,Trans Nzoia,16
2016-01-29,Trans Nzoia,36
2016-01-30,Trans Nzoia,23
2016-01-31,Trans Nzoia,32
2016-02-01,Trans Nzoia,40
2016-02-02,Trans Nzoia,33
2016-02-03,Trans Nzoia,21
2016-02-04,Trans Nzoia,29
2016-02-05,Trans Nzoia,23
2016-02-06,Trans Nzoia,35
2016-02-07,Trans Nzoia,9
2016-02-08,Trans Nzoia,21
2016-02-09,Trans Nzoia,28
2016-02-10,Trans Nzoia,42
2016-02-11,Trans Nzoia,36
2016-02-12,Trans Nzoia,28
2016-02-13,Trans Nzoia,25
2016-02-14,Trans Nzoia,26
2016-02-15,Trans Nzoia,35
2016-02-16,Trans Nzoia,33
2016-02-17,Trans Nzoia,40
2016-02-18,Trans Nzoia,29
2016-02-19,Trans Nzoia,57
2016-02-20,Trans Nzoia,15
2016-02-21,Trans Nzoia,37
2016-02-22,Trans Nzoia,23
2016-02-23,Trans Nzoia,34
2016-02-24,Trans Nzoia,27
2016-02-25,Trans Nzoia,34
2016-02-26,Trans Nzoia,33
2016-02-27,Trans Nzoia,37
2016-02-28,Trans Nzoia,19
2016-02-29,Trans Nzoia,43
2016-03-01,Trans Nzoia,17
2016-03-02,Trans Nzoia,41
2016-03-03,Trans Nzoia,32
2016-03-04,Trans Nzoia,35
2016-03-05,Trans Nzoia,25
2016-03-06,Trans Nzoia,21
2016-03-07,Trans Nzoia,47
2016-03-08,Trans Nzoia,30
2016-03-09,Trans Nzoia,54
2016-03-10,Trans Nzoia,32
2016-03-11,Trans Nzoia,46
2016-03-12,Trans Nzoia,23
2016-03-13,Trans Nzoia,40
2016-03-14,Trans Nzoia,50
2016-03-15,Trans Nzoia,37
2016-03-16,Trans Nzoia,33
2016-03-17,Trans Nzoia,17
2016-03-18,Trans Nzoia,5
2016-03-19,Trans Nzoia,34
2016-03-20,Trans Nzoia,18
2016-03-21,Trans Nzoia,41
2016-03-22,Trans Nzoia,26
2016-03-23,Trans Nzoia,48
2016-03-24,Trans Nzoia,19
2016-03-25,Trans Nzoia,11
2016-03-26,Trans Nzoia,26
2016-03-27,Trans Nzoia,38
2016-03-28,Trans Nzoia,36
2016-03-29,Trans Nzoia,32
2016-03-30,Trans Nzoia,27
2016-03-31,Trans Nzoia,35
2016-04-01,Trans Nzoia,4
2016-04-02,Trans Nzoia,23
2016-04-03,Trans Nzoia,42
2016-04-04,Trans Nzoia,48
2016-04-05,Trans Nzoia,40
2016-04-06,Trans Nzoia,51
2016-04-07,Trans Nzoia,34
2016-04-08,Trans Nzoia,34
2016-04-09,Trans Nzoia,45
2016-04-10,Trans Nzoia,24
2016-04-11,Trans Nzoia,20
2016-04-12,Trans Nzoia,23
2016-04-13,Trans Nzoia,25
2016-04-14,Trans Nzoia,32
2016-04-15,Trans Nzoia,15
2016-04-16,Trans Nzoia,35
2016-04-17,Trans Nzoia,31
2016-04-18,Trans Nzoia,18
2016-04-19,Trans Nzoia,15
2016-04-20,Trans Nzoia,24
2016-04-21,Trans Nzoia,6
2016-04-22,Trans Nzoia,32
2016-04-23,Trans Nzoia,25
2016-04-24,Trans Nzoia,45
2016-04-25,Trans Nzoia,34
2016-04-26,Trans Nzoia,33
2016-04-27,Trans Nzoia,17
2016-04-28,Trans Nzoia,39
2016-04-29,Trans Nzoia,27
2016-04-30,Trans Nzoia,25
2016-05-01,Trans Nzoia,43
2016-05-02,Trans Nzoia,31
2016-05-03,Trans Nzoia,39
2016-05-04,Trans Nzoia,18
2016-05-05,Trans Nzoia,24
2016-05-06,Trans Nzoia,34
2016-05-07,Trans Nzoia,38
2016-05-08,Trans Nzoia,44
2016-05-09,Trans Nzoia,29
2016-05-10,Trans Nzoia,11
2016-05-11,Trans Nzoia,29
2016-05-12,Trans Nzoia,35
2016-05-13,Trans Nzoia,28
2016-05-14,Trans Nzoia,28
2016-05-15,Trans Nzoia,32
2016-05-16,Trans Nzoia,24
2016-05-17,Trans Nzoia,26
2016-05-18,Trans Nzoia,15
2016-05-19,Trans Nzoia,36
2016-05-20,Trans Nzoia,42
2016-05-21,Trans Nzoia,40
2016-05-22,Trans Nzoia,12
2016-05-23,Trans Nzoia,15
2016-05-24,Trans Nzoia,12
2016-05-25,Trans Nzoia,34
2016-05-26,Trans Nzoia,28
2016-05-27,Trans Nzoia,39
2016-05-28,Trans Nzoia,45
2016-05-29,Trans Nzoia,50
2016-05-30,Trans Nzoia,24
2016-05-31,Trans Nzoia,28
2016-06-01,Trans Nzoia,10
2016-06-02,Trans Nzoia,36
2016-06-03,Trans Nzoia,28
2016-06-04,Trans Nzoia,19
2016-06-05,Trans Nzoia,40
2016-06-06,Trans Nzoia,25
2016-06-07,Trans Nzoia,32
2016-06-08,Trans Nzoia,23
2016-06-09,Trans Nzoia,9
2016-06-10,Trans Nzoia,41
2016-06-11,Trans Nzoia,20
2016-06-12,Trans Nzoia,35
2016-06-13,Trans Nzoia,31
2016-06-14,Trans Nzoia,41
2016-06-15,Trans Nzoia,28
2016-06-16,Trans Nzoia,18
2016-06-17,Trans Nzoia,34
2016-06-18,Trans Nzoia,33
2016-06-19,Trans Nzoia,11
2016-06-20,Trans Nzoia,15
2016-06-21,Trans Nzoia,27
2016-06-22,Trans Nzoia,34
2016-06-23,Trans Nzoia,40
2016-06-24,Trans Nzoia,37
2016-06-25,Trans Nzoia,23
2016-06-26,Trans Nzoia,21
2016-06-27,Trans Nzoia,20
2016-06-28,Trans Nzoia,39
2016-06-29,Trans Nzoia,46
2016-06-30,Trans Nzoia,37
2016-07-01,Trans Nzoia,22
2016-07-02,Trans Nzoia,27
2016-07-03,Trans Nzoia,31
2016-07-04,Trans Nzoia,32
2016-07-05,Trans Nzoia,41
2016-07-06,Trans Nzoia,31
2016-07-07,Trans Nzoia,6
2016-07-08,Trans Nzoia,2
2016-07-09,Trans Nzoia,43
2016-07-10,Trans Nzoia,19
2016-07-11,Trans Nzoia,29
2016-07-12,Trans Nzoia,31
2016-07-13,Trans Nzoia,22
2016-07-14,Trans Nzoia,33
2016-07-15,Trans Nzoia,52
2016-07-16,Trans Nzoia,15
2016-07-17,Trans Nzoia,3
2016-07-18,Trans Nzoia,43
2016-07-19,Trans Nzoia,28
2016-07-20,Trans Nzoia,27
2016-07-21,Trans Nzoia,0
2016-07-22,Trans Nzoia,32
2016-07-23,Trans Nzoia,38
2016-07-24,Trans Nzoia,30
2016-07-25,Trans Nzoia,13
2016-07-26,Trans Nzoia,21
2016-07-27,Trans Nzoia,19
2016-07-28,Trans Nzoia,35
2016-07-29,Trans Nzoia,34
2016-07-30,Trans Nzoia,14
2016-07-31,Trans Nzoia,16
2016-08-01,Trans Nzoia,26
2016-08-02,Trans Nzoia,28
2016-08-03,Trans Nzoia,35
2016-08-04,Trans Nzoia,36
2016-08-05,Trans Nzoia,29
2016-08-06,Trans Nzoia,28
2016-08-07,Trans Nzoia,15
2016-08-08,Trans Nzoia,25
2016-08-09,Trans Nzoia,27
2016-08-10,Trans Nzoia,29
2016-08-11,Trans Nzoia,1
2016-08-12,Trans Nzoia,16
2016-08-13,Trans Nzoia,42
2016-08-14,Trans Nzoia,35
2016-08-15,Trans Nzoia,18
2016-08-16,Trans Nzoia,20
2016-08-17,Trans Nzoia,2
2016-08-18,Trans Nzoia,21
2016-08-19,Trans Nzoia,35
2016-08-20,Trans Nzoia,28
2016-08-21,Trans Nzoia,46
2016-08-22,Trans Nzoia,32
2016-08-23,Trans Nzoia,10
2016-08-24,Trans Nzoia,27
2016-08-25,Trans Nzoia,26
2016-08-26,Trans Nzoia,38
2016-08-27,Trans Nzoia,25
2016-08-28,Trans Nzoia,26
2016-08-29,Trans Nzoia,28
2016-08-30,Trans Nzoia,6
2016-08-31,Trans Nzoia,29
2016-09-01,Trans Nzoia,25
2016-09-02,Trans Nzoia,40
2016-09-03,Trans Nzoia,36
2016-09-04,Trans Nzoia,32
2016-09-05,Trans Nzoia,37
2016-09-06,Trans Nzoia,24
2016-09-07,Trans Nzoia,23
2016-09-08,Trans Nzoia,15
2016-09-09,Trans Nzoia,16
2016-09-10,Trans Nzoia,35
2016-09-11,Trans Nzoia,46
2016-09-12,Trans Nzoia,45
2016-09-13,Trans Nzoia,37
2016-09-14,Trans Nzoia,25
2016-09-15,Trans Nzoia,17
2016-09-16,Trans Nzoia,11
2016-09-17,Trans Nzoia,35
2016-09-18,Trans Nzoia,31
2016-09-19,Trans Nzoia,6
2016-09-20,Trans Nzoia,2
2016-09-21,Trans Nzoia,24
2016-09-22,Trans Nzoia,16
2016-09-23,Trans Nzoia,27
2016-09-24,Trans Nzoia,46
2016-09-25,Trans Nzoia,28
2016-09-26,Trans Nzoia,16
2016-09-27,Trans Nzoia,40
2016-09-28,Trans Nzoia,33
2016-09-29,Trans Nzoia,28
2016-09-30,Trans Nzoia,31
2016-10-01,Trans Nzoia,26
2015-01-01,Uasin Gishu,37
2015-01-02,Uasin Gishu,32
2015-01-03,Uasin Gishu,32
2015-01-04,Uasin Gishu,31
2015-01-05,Uasin Gishu,31
2015-01-06,Uasin Gishu,16
2015-01-07,Uasin Gishu,14
2015-01-08,Uasin Gishu,26
2015-01-09,Uasin Gishu,18
2015-01-10,Uasin Gishu,38
2015-01-11,Uasin Gishu,31
2015-01-12,Uasin Gishu,19
2015-01-13,Uasin Gishu,18
2015-01-14,Uasin Gishu,19
2015-01-15,Uasin Gishu,39
2015-01-16,Uasin Gishu,26
2015-01-17,Uasin Gishu,31
2015-01-18,Uasin Gishu,48
2015-01-19,Uasin Gishu,49
2015-01-20,Uasin Gishu,28
2015-01-21,Uasin Gishu,46
2015-01-22,Uasin Gishu,29
2015-01-23,Uasin Gishu,31
2015-01-24,Uasin Gishu,36
2015-01-25,Uasin Gishu,44
2015-01-26,Uasin Gishu,25
2015-01-27,Uasin Gishu,10
2015-01-28,Uasin Gishu,29
2015-01-29,Uasin Gishu,26
2015-01-30,Uasin Gishu,4
2015-01-31,Uasin Gishu,23
2015-02-01,Uasin Gishu,39
2015-02-02,Uasin Gishu,30
2015-02-03,Uasin Gishu,27
2015-02-04,Uasin Gishu,44
2015-02-05,Uasin Gishu,23
2015-02-06,Uasin Gishu,30
2015-02-07,Uasin Gishu,32
2015-02-08,Uasin Gishu,25
2015-02-09,Uasin Gishu,28
2015-02-10,Uasin Gishu,10
2015-02-11,Uasin Gishu,26
2015-02-12,Uasin Gishu,27
2015-02-13,Uasin Gishu,25
2015-02-14,Uasin Gishu,18
2015-02-15,Uasin Gishu,11
2015-02-16,Uasin Gishu,45
2015-02-17,Uasin Gishu,14
2015-02-18,Uasin Gishu,23
2015-02-19,Uasin Gishu,33
2015-02-20,Uasin Gishu,44
2015-02-21,Uasin Gishu,30
2015-02-22,Uasin Gishu,17
2015-02-23,Uasin Gishu,6
2015-02-24,Uasin Gishu,43
2015-02-25,Uasin Gishu,24
2015-02-26,Uasin Gishu,20
2015-02-27,Uasin Gishu,41
2015-02-28,Uasin Gishu,30
2015-03-01,Uasin Gishu,30
2015-03-02,Uasin Gishu,40
2015-03-03,Uasin Gishu,53
2015-03-04,Uasin Gishu,36
2015-03-05,Uasin Gishu,22
2015-03-06,Uasin Gishu,24
2015-03-07,Uasin Gishu,32
2015-03-08,Uasin Gishu,32
2015-03-09,Uasin Gishu,39
2015-03-10,Uasin Gishu,37
2015-03-11,Uasin Gishu,35
2015-03-12,Uasin Gishu,42
2015-03-13,Uasin Gishu,19
2015-03-14,Uasin Gishu,29
2015-03-15,Uasin Gishu,29
2015-03-16,Uasin Gishu,57
2015-03-17,Uasin Gishu,25
2015-03-18,Uasin Gishu,48
2015-03-19,Uasin Gishu,29
2015-03-20,Uasin Gishu,44
2015-03-21,Uasin Gishu,38
2015-03-22,Uasin Gishu,34
2015-03-23,Uasin Gishu,35
2015-03-24,Uasin Gishu,42
2015-03-25,Uasin Gishu,21
2015-03-26,Uasin Gishu,32
2015-03-27,Uasin Gishu,28
2015-03-28,Uasin Gishu,23
2015-03-29,Uasin Gishu,20
2015-03-30,Uasin Gishu,31
2015-03-31,Uasin Gishu,32
2015-04-01,Uasin Gishu,48
2015-04-02,Uasin Gishu,26
2015-04-03,Uasin Gishu,32
2015-04-04,Uasin Gishu,13
2015-04-05,Uasin Gishu,38
2015-04-06,Uasin Gishu,29
2015-04-07,Uasin Gishu,38
2015-04-08,Uasin Gishu,39
2015-04-09,Uasin Gishu,41
2015-04-10,Uasin Gishu,54
2015-04-11,Uasin Gishu,25
2015-04-12,Uasin Gishu,30
2015-04-13,Uasin Gishu,38
2015-04-14,Uasin Gishu,14
2015-04-15,Uasin Gishu,30
2015-04-16,Uasin Gishu,30
2015-04-17,Uasin Gishu,11
2015-04-18,Uasin Gishu,53
2015-04-19,Uasin Gishu,28
2015-04-20,Uasin Gishu,27
2015-04-21,Uasin Gishu,48
2015-04-22,Uasin Gishu,38
2015-04-23,Uasin Gishu,14
2015-04-24,Uasin Gishu,42
2015-04-25,Uasin Gishu,18
2015-04-26,Uasin Gishu,12
2015-04-27,Uasin Gishu,27
2015-04-28,Uasin Gishu,36
2015-04-29,Uasin Gishu,18
2015-04-30,Uasin Gishu,14
2015-05-01,Uasin Gishu,29
2015-05-02,Uasin Gishu,35
2015-05-03,Uasin Gishu,29
2015-05-04,Uasin Gishu,61
2015-05-05,Uasin Gishu,53
2015-05-06,Uasin Gishu,19
2015-05-07,Uasin Gishu,45
2015-05-08,Uasin Gishu,49
2015-05-09,Uasin Gishu,30
2015-05-10,Uasin Gishu,39
2015-05-11,Uasin Gishu,35
2015-05-12,Uasin Gishu,32
2015-05-13,Uasin Gishu,39
2015-05-14,Uasin Gishu,34
2015-05-15,Uasin Gishu,32
2015-05-16,Uasin Gishu,41
2015-05-17,Uasin Gishu,30
2015-05-18,Uasin Gishu,25
2015-05-19,Uasin Gishu,37
2015-05-20,Uasin Gishu,38
2015-05-21,Uasin Gishu,34
2015-05-22,Uasin Gishu,31
2015-05-23,Uasin Gishu,3
2015-05-24,Uasin Gishu,36
2015-05-25,Uasin Gishu,31
2015-05-26,Uasin Gishu,35
2015-05-27,Uasin Gishu,45
2015-05-28,Uasin Gishu,30
2015-05-29,Uasin Gishu,19
2015-05-30,Uasin Gishu,44
2015-05-31,Uasin Gishu,51
2015-06-01,Uasin Gishu,7
2015-06-02,Uasin Gishu,18
2015-06-03,Uasin Gishu,24
2015-06-04,Uasin Gishu,31
2015-06-05,Uasin Gishu,11
2015-06-06,Uasin Gishu,19
2015-06-07,Uasin Gishu,18
2015-06-08,Uasin Gishu,18
2015-06-09,Uasin Gishu,42
2015-06-10,Uasin Gishu,25
2015-06-11,Uasin Gishu,20
2015-06-12,Uasin Gishu,26
2015-06-13,Uasin Gishu,26
2015-06-14,Uasin Gishu,28
2015-06-15,Uasin Gishu,25
2015-06-16,Uasin Gishu,16
2015-06-17,Uasin Gishu,26
2015-06-18,Uasin Gishu,20
2015-06-19,Uasin Gishu,15
2015-06-20,Uasin Gishu,22
2015-06-21,Uasin Gishu,30
2015-06-22,Uasin Gishu,26
2015-06-23,Uasin Gishu,29
2015-06-24,Uasin Gishu,28
2015-06-25,Uasin Gishu,17
2015-06-26,Uasin Gishu,32
2015-06-27,Uasin Gishu,24
2015-06-28,Uasin Gishu,17
2015-06-29,Uasin Gishu,19
2015-06-30,Uasin Gishu,41
2015-07-01,Uasin Gishu,25
2015-07-02,Uasin Gishu,34
2015-07-03,Uasin Gishu,26
2015-07-04,Uasin Gishu,29
2015-07-05,Uasin Gishu,37
2015-07-06,Uasin Gishu,28
2015-07-07,Uasin Gishu,22
2015-07-08,Uasin Gishu,37
2015-07-09,Uasin Gishu,42
2015-07-10,Uasin Gishu,31
2015-07-11,Uasin Gishu,16
2015-07-12,Uasin Gishu,41
2015-07-13,Uasin Gishu,24
2015-07-14,Uasin Gishu,24
2015-07-15,Uasin Gishu,31
2015-07-16,Uasin Gishu,14
2015-07-17,Uasin Gishu,33
2015-07-18,Uasin Gishu,33
2015-07-19,Uasin Gishu,31
2015-07-20,Uasin Gishu,35
2015-07-21,Uasin Gishu,35
2015-07-22,Uasin Gishu,25
2015-07-23,Uasin Gishu,23
2015-07-24,Uasin Gishu,30
2015-07-25,Uasin Gishu,32
2015-07-26,Uasin Gishu,18
2015-07-27,Uasin Gishu,39
2015-07-28,Uasin Gishu,10
2015-07-29,Uasin Gishu,3
2015-07-30,Uasin Gishu,37
2015-07-31,Uasin Gishu,13
2015-08-01,Uasin Gishu,26
2015-08-02,Uasin Gishu,37
2015-08-03,Uasin Gishu,31
2015-08-04,Uasin Gishu,40
2015-08-05,Uasin Gishu,23
2015-08-06,Uasin Gishu,22
2015-08-07,Uasin Gishu,27
2015-08-08,Uasin Gishu,17
2015-08-09,Uasin Gishu,14
2015-08-10,Uasin Gishu,27
2015-08-11,Uasin Gishu,25
2015-08-12,Uasin Gishu,20
2015-08-13,Uasin Gishu,20
2015-08-14,Uasin Gishu,20
2015-08-15,Uasin Gishu,37
2015-08-16,Uasin Gishu,20
2015-08-17,Uasin Gishu,16
2015-08-18,Uasin Gishu,25
2015-08-19,Uasin Gishu,17
2015-08-20,Uasin Gishu,38
2015-08-21,Uasin Gishu,13
2015-08-22,Uasin Gishu,11
2015-08-23,Uasin Gishu,31
2015-08-24,Uasin Gishu,33
2015-08-25,Uasin Gishu,27
2015-08-26,Uasin Gishu,23
2015-08-27,Uasin Gishu,26
2015-08-28,Uasin Gishu,21
2015-08-29,Uasin Gishu,23
2015-08-30,Uasin Gishu,26
2015-08-31,Uasin Gishu,21
2015-09-01,Uasin Gishu,38
2015-09-02,Uasin Gishu,25
2015-09-03,Uasin Gishu,30
2015-09-04,Uasin Gishu,6
2015-09-05,Uasin Gishu,31
2015-09-06,Uasin Gishu,35
2015-09-07,Uasin Gishu,31
2015-09-08,Uasin Gishu,31
2015-09-09,Uasin Gishu,31
2015-09-10,Uasin Gishu,31
2015-09-11,Uasin Gishu,23
2015-09-12,Uasin Gishu,20
2015-09-13,Uasin Gishu,30
2015-09-14,Uasin Gishu,19
2015-09-15,Uasin Gishu,51
2015-09-16,Uasin Gishu,26
2015-09-17,Uasin Gishu,29
2015-09-18,Uasin Gishu,24
2015-09-19,Uasin Gishu,27
2015-09-20,Uasin Gishu,23
2015-09-21,Uasin Gishu,15
2015-09-22,Uasin Gishu,0
2015-09-23,Uasin Gishu,23
2015-09-24,Uasin Gishu,34
2015-09-25,Uasin Gishu,26
2015-09-26,Uasin Gishu,22
2015-09-27,Uasin Gishu,24
2015-09-28,Uasin Gishu,29
2015-09-29,Uasin Gishu,17
2015-09-30,Uasin Gishu,24
2015-10-01,Uasin Gishu,21
2015-10-02,Uasin Gishu,28
2015-10-03,Uasin Gishu,35
2015-10-04,Uasin Gishu,20
2015-10-05,Uasin Gishu,31
2015-10-06,Uasin Gishu,15
2015-10-07,Uasin Gishu,35
2015-10-08,Uasin Gishu,18
2015-10-09,Uasin Gishu,28
2015-10-10,Uasin Gishu,21
2015-10-11,Uasin Gishu,37
2015-10-12,Uasin Gishu,37
2015-10-13,Uasin Gishu,29
2015-10-14,Uasin Gishu,22
2015-10-15,Uasin Gishu,17
2015-10-16,Uasin Gishu,42
2015-10-17,Uasin Gishu,34
2015-10-18,Uasin Gishu,51
2015-10-19,Uasin Gishu,36
2015-10-20,Uasin Gishu,25
2015-10-21,Uasin Gishu,27
2015-10-22,Uasin Gishu,17
2015-10-23,Uasin Gishu,39
2015-10-24,Uasin Gishu,34
2015-10-25,Uasin Gishu,16
2015-10-26,Uasin Gishu,42
2015-10-27,Uasin Gishu,19
2015-10-28,Uasin Gishu,35
2015-10-29,Uasin Gishu,17
2015-10-30,Uasin Gishu,22
2015-10-31,Uasin Gishu,47
2015-11-01,Uasin Gishu,29
2015-11-02,Uasin Gishu,32
2015-11-03,Uasin Gishu,29
2015-11-04,Uasin Gishu,19
2015-11-05,Uasin Gishu,22
2015-11-06,Uasin Gishu,35
2015-11-07,Uasin Gishu,38
2015-11-08,Uasin Gishu,20
2015-11-09,Uasin Gishu,33
2015-11-10,Uasin Gishu,21
2015-11-11,Uasin Gishu,16
2015-11-12,Uasin Gishu,30
2015-11-13,Uasin Gishu,24
2015-11-14,Uasin Gishu,27
2015-11-15,Uasin Gishu,24
2015-11-16,Uasin Gishu,34
2015-11-17,Uasin Gishu,19
2015-11-18,Uasin Gishu,32
2015-11-19,Uasin Gishu,9
2015-11-20,Uasin Gishu,22
2015-11-21,Uasin Gishu,24
2015-11-22,Uasin Gishu,20
2015-11-23,Uasin Gishu,31
2015-11-24,Uasin Gishu,25
2015-11-25,Uasin Gishu,23
2015-11-26,Uasin Gishu,24
2015-11-27,Uasin Gishu,34
2015-11-28,Uasin Gishu,27
2015-11-29,Uasin Gishu,31
2015-11-30,Uasin Gishu,30
2015-12-01,Uasin Gishu,31
2015-12-02,Uasin Gishu,14
2015-12-03,Uasin Gishu,28
2015-12-04,Uasin Gishu,18
2015-12-05,Uasin Gishu,6
2015-12-06,Uasin Gishu,28
2015-12-07,Uasin Gishu,43
2015-12-08,Uasin Gishu,32
2015-12-09,Uasin Gishu,18
2015-12-10,Uasin Gishu,36
2015-12-11,Uasin Gishu,13
2015-12-12,Uasin Gishu,32
2015-12-13,Uasin Gishu,39
2015-12-14,Uasin Gishu,35
2015-12-15,Uasin Gishu,29
2015-12-16,Uasin Gishu,30
2015-12-17,Uasin Gishu,39
2015-12-18,Uasin Gishu,24
2015-12-19,Uasin Gishu,32
2015-12-20,Uasin Gishu,33
2015-12-21,Uasin Gishu,17
2015-12-22,Uasin Gishu,6
2015-12-23,Uasin Gishu,38
2015-12-24,Uasin Gishu,27
2015-12-25,Uasin Gishu,45
2015-12-26,Uasin Gishu,33
2015-12-27,Uasin Gishu,16
2015-12-28,Uasin Gishu,32
2015-12-29,Uasin Gishu,23
2015-12-30,Uasin Gishu,19
2015-12-31,Uasin Gishu,27
2016-01-01,Uasin Gishu,24
2016-01-02,Uasin Gishu,33
2016-01-03,Uasin Gishu,21
2016-01-04,Uasin Gishu,39
2016-01-05,Uasin Gishu,38
2016-01-06,Uasin Gishu,23
2016-01-07,Uasin Gishu,22
2016-01-08,Uasin Gishu,39
2016-01-09,Uasin Gishu,31
2016-01-10,Uasin Gishu,24
2016-01-11,Uasin Gishu,37
2016-01-12,Uasin Gishu,13
2016-01-13,Uasin Gishu,24
2016-01-14,Uasin Gishu,45
2016-01-15,Uasin Gishu,36
2016-01-16,Uasin Gishu,22
2016-01-17,Uasin Gishu,17
2016-01-18,Uasin Gishu,7
2016-01-19,Uasin Gishu,27
2016-01-20,Uasin Gishu,23
2016-01-21,Uasin Gishu,32
2016-01-22,Uasin Gishu,54
2016-01-23,Uasin Gishu,13
2016-01-24,Uasin Gishu,29
2016-01-25,Uasin Gishu,22
2016-01-26,Uasin Gishu,18
2016-01-27,Uasin Gishu,12
2016-01-28,Uasin Gishu,34
2016-01-29,Uasin Gishu,22
2016-01-30,Uasin Gishu,26
2016-01-31,Uasin Gishu,11
2016-02-01,Uasin Gishu,51
2016-02-02,Uasin Gishu,50
2016-02-03,Uasin Gishu,20
2016-02-04,Uasin Gishu,20
2016-02-05,Uasin Gishu,5
2016-02-06,Uasin Gishu,20
2016-02-07,Uasin Gishu,26
2016-02-08,Uasin Gishu,31
2016-02-09,Uasin Gishu,18
2016-02-10,Uasin Gishu,20
2016-02-11,Uasin Gishu,25
2016-02-12,Uasin Gishu,18
2016-02-13,Uasin Gishu,25
2016-02-14,Uasin Gishu,30
2016-02-15,Uasin Gishu,34
2016-02-16,Uasin Gishu,21
2016-02-17,Uasin Gishu,21
2016-02-18,Uasin Gishu,43
2016-02-19,Uasin Gishu,27
2016-02-20,Uasin Gishu,11
2016-02-21,Uasin Gishu,20
2016-02-22,Uasin Gishu,18
2016-02-23,Uasin Gishu,30
2016-02-24,Uasin Gishu,34
2016-02-25,Uasin Gishu,30
2016-02-26,Uasin Gishu,20
2016-02-27,Uasin Gishu,26
2016-02-28,Uasin Gishu,13
2016-02-29,Uasin Gishu,35
2016-03-01,Uasin Gishu,13
2016-03-02,Uasin Gishu,35
2016-03-03,Uasin Gishu,45
2016-03-04,Uasin Gishu,48
2016-03-05,Uasin Gishu,40
2016-03-06,Uasin Gishu,41
2016-03-07,Uasin Gishu,27
2016-03-08,Uasin Gishu,40
2016-03-09,Uasin Gishu,36
2016-03-10,Uasin Gishu,34
2016-03-11,Uasin Gishu,51
2016-03-12,Uasin Gishu,14
2016-03-13,Uasin Gishu,22
2016-03-14,Uasin Gishu,28
2016-03-15,Uasin Gishu,36
2016-03-16,Uasin Gishu,13
2016-03-17,Uasin Gishu,28
2016-03-18,Uasin Gishu,50
2016-03-19,Uasin Gishu,30
2016-03-20,Uasin Gishu,10
2016-03-21,Uasin Gishu,42
2016-03-22,Uasin Gishu,30
2016-03-23,Uasin Gishu,35
2016-03-24,Uasin Gishu,37
2016-03-25,Uasin Gishu,37
2016-03-26,Uasin Gishu,40
2016-03-27,Uasin Gishu,30
2016-03-28,Uasin Gishu,0
2016-03-29,Uasin Gishu,40
2016-03-30,Uasin Gishu,26
2016-03-31,Uasin Gishu,48
2016-04-01,Uasin Gishu,19
2016-04-02,Uasin Gishu,20
2016-04-03,Uasin Gishu,23
2016-04-04,Uasin Gishu,19
2016-04-05,Uasin Gishu,40
2016-04-06,Uasin Gishu,11
2016-04-07,Uasin Gishu,26
2016-04-08,Uasin Gishu,27
2016-04-09,Uasin Gishu,29
2016-04-10,Uasin Gishu,30
2016-04-11,Uasin Gishu,36
2016-04-12,Uasin Gishu,19
2016-04-13,Uasin Gishu,34
2016-04-14,Uasin Gishu,25
2016-04-15,Uasin Gishu,33
2016-04-16,Uasin Gishu,27
2016-04-17,Uasin Gishu,28
2016-04-18,Uasin Gishu,28
2016-04-19,Uasin Gishu,27
2016-04-20,Uasin Gishu,26
2016-04-21,Uasin Gishu,34
2016-04-22,Uasin Gishu,30
2016-04-23,Uasin Gishu,58
2016-04-24,Uasin Gishu,36
2016-04-25,Uasin Gishu,22
2016-04-26,Uasin Gishu,26
2016-04-27,Uasin Gishu,34
2016-04-28,Uasin Gishu,24
2016-04-29,Uasin Gishu,30
2016-04-30,Uasin Gishu,34
2016-05-01,Uasin Gishu,34
2016-05-02,Uasin Gishu,14
2016-05-03,Uasin Gishu,44
2016-05-04,Uasin Gishu,18
2016-05-05,Uasin Gishu,35
2016-05-06,Uasin Gishu,22
2016-05-07,Uasin Gishu,25
2016-05-08,Uasin Gishu,42
2016-05-09,Uasin Gishu,53
2016-05-10,Uasin Gishu,26
2016-05-11,Uasin Gishu,66
2016-05-12,Uasin Gishu,46
2016-05-13,Uasin Gishu,34
2016-05-14,Uasin Gishu,14
2016-05-15,Uasin Gishu,43
2016-05-16,Uasin Gishu,34
2016-05-17,Uasin Gishu,50
2016-05-18,Uasin Gishu,28
2016-05-19,Uasin Gishu,28
2016-05-20,Uasin Gishu,36
2016-05-21,Uasin Gishu,24
2016-05-22,Uasin Gishu,35
2016-05-23,Uasin Gishu,45
2016-05-24,Uasin Gishu,25
2016-05-25,Uasin Gishu,27
2016-05-26,Uasin Gishu,39
2016-05-27,Uasin Gishu,29
2016-05-28,Uasin Gishu,35
2016-05-29,Uasin Gishu,26
2016-05-30,Uasin Gishu,40
2016-05-31,Uasin Gishu,35
2016-06-01,Uasin Gishu,33
2016-06-02,Uasin Gishu,30
2016-06-03,Uasin Gishu,27
2016-06-04,Uasin Gishu,21
2016-06-05,Uasin Gishu,14
2016-06-06,Uasin Gishu,38
2016-06-07,Uasin Gishu,24
2016-06-08,Uasin Gishu,35
2016-06-09,Uasin Gishu,21
2016-06-10,Uasin Gishu,23
2016-06-11,Uasin Gishu,16
2016-06-12,Uasin Gishu,26
2016-06-13,Uasin Gishu,32
2016-06-14,Uasin Gishu,19
2016-06-15,Uasin Gishu,27
2016-06-16,Uasin Gishu,28
2016-06-17,Uasin Gishu,20
2016-06-18,Uasin Gishu,38
2016-06-19,Uasin Gishu,29
2016-06-20,Uasin Gishu,49
2016-06-21,Uasin Gishu,13
2016-06-22,Uasin Gishu,22
2016-06-23,Uasin Gishu,20
2016-06-24,Uasin Gishu,36
2016-06-25,Uasin Gishu,35
2016-06-26,Uasin Gishu,24
2016-06-27,Uasin Gishu,17
2016-06-28,Uasin Gishu,30
2016-06-29,Uasin Gishu,26
2016-06-30,Uasin Gishu,25
2016-07-01,Uasin Gishu,12
2016-07-02,Uasin Gishu,11
2016-07-03,Uasin Gishu,37
2016-07-04,Uasin Gishu,33
2016-07-05,Uasin Gishu,31
2016-07-06,Uasin Gishu,11
2016-07-07,Uasin Gishu,0
2016-07-08,Uasin Gishu,15
2016-07-09,Uasin Gishu,26
2016-07-10,Uasin Gishu,22
2016-07-11,Uasin Gishu,20
2016-07-12,Uasin Gishu,19
2016-07-13,Uasin Gishu,26
2016-07-14,Uasin Gishu,37
2016-07-15,Uasin Gishu,27
2016-07-16,Uasin Gishu,45
2016-07-17,Uasin Gishu,20
2016-07-18,Uasin Gishu,19
2016-07-19,Uasin Gishu,28
2016-07-20,Uasin Gishu,34
2016-07-21,Uasin Gishu,24
2016-07-22,Uasin Gishu,30
2016-07-23,Uasin Gishu,7
2016-07-24,Uasin Gishu,26
2016-07-25,Uasin Gishu,23
2016-07-26,Uasin Gishu,19
2016-07-27,Uasin Gishu,22
2016-07-28,Uasin Gishu,36
2016-07-29,Uasin Gishu,18
2016-07-30,Uasin Gishu,16
2016-07-31,Uasin Gishu,35
2016-08-01,Uasin Gishu,14
2016-08-02,Uasin Gishu,31
2016-08-03,Uasin Gishu,31
2016-08-04,Uasin Gishu,25
2016-08-05,Uasin Gishu,30
2016-08-06,Uasin Gishu,27
2016-08-07,Uasin Gishu,26
2016-08-08,Uasin Gishu,33
2016-08-09,Uasin Gishu,23
2016-08-10,Uasin Gishu,16
2016-08-11,Uasin Gishu,19
2016-08-12,Uasin Gishu,40
2016-08-13,Uasin Gishu,27
2016-08-14,Uasin Gishu,1
2016-08-15,Uasin Gishu,29
2016-08-16,Uasin Gishu,31
2016-08-17,Uasin Gishu,0
2016-08-18,Uasin Gishu,39
2016-08-19,Uasin Gishu,18
2016-08-20,Uasin Gishu,33
2016-08-21,Uasin Gishu,35
2016-08-22,Uasin Gishu,39
2016-08-23,Uasin Gishu,27
2016-08-24,Uasin Gishu,29
2016-08-25,Uasin Gishu,14
2016-08-26,Uasin Gishu,10
2016-08-27,Uasin Gishu,22
2016-08-28,Uasin Gishu,18
2016-08-29,Uasin Gishu,25
2016-08-30,Uasin Gishu,32
2016-08-31,Uasin Gishu,14
2016-09-01,Uasin Gishu,31
2016-09-02,Uasin Gishu,24
2016-09-03,Uasin Gishu,39
2016-09-04,Uasin Gishu,36
2016-09-05,Uasin Gishu,21
2016-09-06,Uasin Gishu,26
2016-09-07,Uasin Gishu,28
2016-09-08,Uasin Gishu,37
2016-09-09,Uasin Gishu,27
2016-09-10,Uasin Gishu,12
2016-09-11,Uasin Gishu,13
2016-09-12,Uasin Gishu,28
2016-09-13,Uasin Gishu,31
2016-09-14,Uasin Gishu,20
2016-09-15,Uasin Gishu,19
2016-09-16,Uasin Gishu,19
2016-09-17,Uasin Gishu,30
2016-09-18,Uasin Gishu,21
2016-09-19,Uasin Gishu,21
2016-09-20,Uasin Gishu,29
2016-09-21,Uasin Gishu,25
2016-09-22,Uasin Gishu,42
2016-09-23,Uasin Gishu,35
2016-09-24,Uasin Gishu,14
2016-09-25,Uasin Gishu,20
2016-09-26,Uasin Gishu,25
2016-09-27,Uasin Gishu,33
2016-09-28,Uasin Gishu,23
2016-09-29,Uasin Gishu,27
2016-09-30,Uasin Gishu,21
2016-10-01,Uasin Gishu,34
2015-01-01,Elgeyo Marakwet,33
2015-01-02,Elgeyo Marakwet,33
2015-01-03,Elgeyo Marakwet,24
2015-01-04,Elgeyo Marakwet,18
2015-01-05,Elgeyo Marakwet,28
2015-01-06,Elgeyo Marakwet,25
2015-01-07,Elgeyo Marakwet,29
2015-01-08,Elgeyo Marakwet,19
2015-01-09,Elgeyo Marakwet,7
2015-01-10,Elgeyo Marakwet,33
2015-01-11,Elgeyo Marakwet,38
2015-01-12,Elgeyo Marakwet,3
2015-01-13,Elgeyo Marakwet,21
2015-01-14,Elgeyo Marakwet,24
2015-01-15,Elgeyo Marakwet,31
2015-01-16,Elgeyo Marakwet,40
2015-01-17,Elgeyo Marakwet,26
2015-01-18,Elgeyo Marakwet,20
2015-01-19,Elgeyo Marakwet,22
2015-01-20,Elgeyo Marakwet,25
2015-01-21,Elgeyo Marakwet,29
2015-01-22,Elgeyo Marakwet,46
2015-01-23,Elgeyo Marakwet,24
2015-01-24,Elgeyo Marakwet,28
2015-01-25,Elgeyo Marakwet,22
2015-01-26,Elgeyo Marakwet,28
2015-01-27,Elgeyo Marakwet,28
2015-01-28,Elgeyo Marakwet,18
2015-01-29,Elgeyo Marakwet,28
2015-01-30,Elgeyo Marakwet,51
2015-01-31,Elgeyo Marakwet,22
2015-02-01,Elgeyo Marakwet,26
2015-02-02,Elgeyo Marakwet,22
2015-02-03,Elgeyo Marakwet,35
2015-02-04,Elgeyo Marakwet,33
2015-02-05,Elgeyo Marakwet,37
2015-02-06,Elgeyo Marakwet,33
2015-02-07,Elgeyo Marakwet,14
2015-02-08,Elgeyo Marakwet,22
2015-02-09,Elgeyo Marakwet,29
2015-02-10,Elgeyo Marakwet,24
2015-02-11,Elgeyo Marakwet,18
2015-02-12,Elgeyo Marakwet,43
2015-02-13,Elgeyo Marakwet,11
2015-02-14,Elgeyo Marakwet,31
2015-02-15,Elgeyo Marakwet,36
2015-02-16,Elgeyo Marakwet,23
2015-02-17,Elgeyo Marakwet,46
2015-02-18,Elgeyo Marakwet,25
2015-02-19,Elgeyo Marakwet,20
2015-02-20,Elgeyo Marakwet,28
2015-02-21,Elgeyo Marakwet,21
2015-02-22,Elgeyo Marakwet,16
2015-02-23,Elgeyo Marakwet,22
2015-02-24,Elgeyo Marakwet,21
2015-02-25,Elgeyo Marakwet,20
2015-02-26,Elgeyo Marakwet,31
2015-02-27,Elgeyo Marakwet,21
2015-02-28,Elgeyo Marakwet,39
2015-03-01,Elgeyo Marakwet,24
2015-03-02,Elgeyo Marakwet,22
2015-03-03,Elgeyo Marakwet,16
2015-03-04,Elgeyo Marakwet,28
2015-03-05,Elgeyo Marakwet,34
2015-03-06,Elgeyo Marakwet,25
2015-03-07,Elgeyo Marakwet,28
2015-03-08,Elgeyo Marakwet,22
2015-03-09,Elgeyo Marakwet,22
2015-03-10,Elgeyo Marakwet,4
2015-03-11,Elgeyo Marakwet,26
2015-03-12,Elgeyo Marakwet,36
2015-03-13,Elgeyo Marakwet,44
2015-03-14,Elgeyo Marakwet,31
2015-03-15,Elgeyo Marakwet,31
2015-03-16,Elgeyo Marakwet,30
2015-03-17,Elgeyo Marakwet,18
2015-03-18,Elgeyo Marakwet,38
2015-03-19,Elgeyo Marakwet,22
2015-03-20,Elgeyo Marakwet,23
2015-03-21,Elgeyo Marakwet,46
2015-03-22,Elgeyo Marakwet,31
2015-03-23,Elgeyo Marakwet,43
2015-03-24,Elgeyo Marakwet,24
2015-03-25,Elgeyo Marakwet,16
2015-03-26,Elgeyo Marakwet,40
2015-03-27,Elgeyo Marakwet,15
2015-03-28,Elgeyo Marakwet,48
2015-03-29,Elgeyo Marakwet,32
2015-03-30,Elgeyo Marakwet,48
2015-03-31,Elgeyo Marakwet,49
2015-04-01,Elgeyo Marakwet,33
2015-04-02,Elgeyo Marakwet,29
2015-04-03,Elgeyo Marakwet,31
2015-04-04,Elgeyo Marakwet,33
2015-04-05,Elgeyo Marakwet,32
2015-04-06,Elgeyo Marakwet,27
2015-04-07,Elgeyo Marakwet,38
2015-04-08,Elgeyo Marakwet,30
2015-04-09,Elgeyo Marakwet,15
2015-04-10,Elgeyo Marakwet,15
2015-04-11,Elgeyo Marakwet,35
2015-04-12,Elgeyo Marakwet,36
2015-04-13,Elgeyo Marakwet,31
2015-04-14,Elgeyo Marakwet,23
2015-04-15,Elgeyo Marakwet,42
2015-04-16,Elgeyo Marakwet,30
2015-04-17,Elgeyo Marakwet,7
2015-04-18,Elgeyo Marakwet,7
2015-04-19,Elgeyo Marakwet,28
2015-04-20,Elgeyo Marakwet,29
2015-04-21,Elgeyo Marakwet,27
2015-04-22,Elgeyo Marakwet,27
2015-04-23,Elgeyo Marakwet,37
2015-04-24,Elgeyo Marakwet,28
2015-04-25,Elgeyo Marakwet,33
2015-04-26,Elgeyo Marakwet,18
2015-04-27,Elgeyo Marakwet,9
2015-04-28,Elgeyo Marakwet,26
2015-04-29,Elgeyo Marakwet,23
2015-04-30,Elgeyo Marakwet,14
2015-05-01,Elgeyo Marakwet,27
2015-05-02,Elgeyo Marakwet,30
2015-05-03,Elgeyo Marakwet,44
2015-05-04,Elgeyo Marakwet,38
2015-05-05,Elgeyo Marakwet,21
2015-05-06,Elgeyo Marakwet,24
2015-05-07,Elgeyo Marakwet,19
2015-05-08,Elgeyo Marakwet,38
2015-05-09,Elgeyo Marakwet,15
2015-05-10,Elgeyo Marakwet,26
2015-05-11,Elgeyo Marakwet,27
2015-05-12,Elgeyo Marakwet,49
2015-05-13,Elgeyo Marakwet,20
2015-05-14,Elgeyo Marakwet,30
2015-05-15,Elgeyo Marakwet,18
2015-05-16,Elgeyo Marakwet,36
2015-05-17,Elgeyo Marakwet,49
2015-05-18,Elgeyo Marakwet,51
2015-05-19,Elgeyo Marakwet,27
2015-05-20,Elgeyo Marakwet,25
2015-05-21,Elgeyo Marakwet,25
2015-05-22,Elgeyo Marakwet,10
2015-05-23,Elgeyo Marakwet,31
2015-05-24,Elgeyo Marakwet,25
2015-05-25,Elgeyo Marakwet,18
2015-05-26,Elgeyo Marakwet,42
2015-05-27,Elgeyo Marakwet,19
2015-05-28,Elgeyo Marakwet,37
2015-05-29,Elgeyo Marakwet,31
2015-05-30,Elgeyo Marakwet,44
2015-05-31,Elgeyo Marakwet,10
2015-06-01,Elgeyo Marakwet,26
2015-06-02,Elgeyo Marakwet,35
2015-06-03,Elgeyo Marakwet,32
2015-06-04,Elgeyo Marakwet,15
2015-06-05,Elgeyo Marakwet,15
2015-06-06,Elgeyo Marakwet,20
2015-06-07,Elgeyo Marakwet,35
2015-06-08,Elgeyo Marakwet,47
2015-06-09,Elgeyo Marakwet,21
2015-06-10,Elgeyo Marakwet,24
2015-06-11,Elgeyo Marakwet,30
2015-06-12,Elgeyo Marakwet,30
2015-06-13,Elgeyo Marakwet,24
2015-06-14,Elgeyo Marakwet,23
2015-06-15,Elgeyo Marakwet,35
2015-06-16,Elgeyo Marakwet,23
2015-06-17,Elgeyo Marakwet,30
2015-06-18,Elgeyo Marakwet,27
2015-06-19,Elgeyo Marakwet,39
2015-06-20,Elgeyo Marakwet,29
2015-06-21,Elgeyo Marakwet,26
2015-06-22,Elgeyo Marakwet,16
2015-06-23,Elgeyo Marakwet,37
2015-06-24,Elgeyo Marakwet,15
2015-06-25,Elgeyo Marakwet,15
2015-06-26,Elgeyo Marakwet,21
2015-06-27,Elgeyo Marakwet,19
2015-06-28,Elgeyo Marakwet,43
2015-06-29,Elgeyo Marakwet,21
2015-06-30,Elgeyo Marakwet,33
2015-07-01,Elgeyo Marakwet,39
2015-07-02,Elgeyo Marakwet,13
2015-07-03,Elgeyo Marakwet,42
2015-07-04,Elgeyo Marakwet,47
2015-07-05,Elgeyo Marakwet,21
2015-07-06,Elgeyo Marakwet,29
2015-07-07,Elgeyo Marakwet,9
2015-07-08,Elgeyo Marakwet,25
2015-07-09,Elgeyo Marakwet,20
2015-07-10,Elgeyo Marakwet,17
2015-07-11,Elgeyo Marakwet,19
2015-07-12,Elgeyo Marakwet,36
2015-07-13,Elgeyo Marakwet,35
2015-07-14,Elgeyo Marakwet,13
2015-07-15,Elgeyo Marakwet,7
2015-07-16,Elgeyo Marakwet,16
2015-07-17,Elgeyo Marakwet,26
2015-07-18,Elgeyo Marakwet,11
2015-07-19,Elgeyo Marakwet,36
2015-07-20,Elgeyo Marakwet,26
2015-07-21,Elgeyo Marakwet,25
2015-07-22,Elgeyo Marakwet,10
2015-07-23,Elgeyo Marakwet,8
2015-07-24,Elgeyo Marakwet,21
2015-07-25,Elgeyo Marakwet,26
2015-07-26,Elgeyo Marakwet,14
2015-07-27,Elgeyo Marakwet,33
2015-07-28,Elgeyo Marakwet,34
2015-07-29,Elgeyo Marakwet,27
2015-07-30,Elgeyo Marakwet,29
2015-07-31,Elgeyo Marakwet,35
2015-08-01,Elgeyo Marakwet,30
2015-08-02,Elgeyo Marakwet,13
2015-08-03,Elgeyo Marakwet,13
2015-08-04,Elgeyo Marakwet,33
2015-08-05,Elgeyo Marakwet,28
2015-08-06,Elgeyo Marakwet,31
2015-08-07,Elgeyo Marakwet,28
2015-08-08,Elgeyo Marakwet,22
2015-08-09,Elgeyo Marakwet,10
2015-08-10,Elgeyo Marakwet,46
2015-08-11,Elgeyo Marakwet,34
2015-08-12,Elgeyo Marakwet,8
2015-08-13,Elgeyo Marakwet,24
2015-08-14,Elgeyo Marakwet,27
2015-08-15,Elgeyo Marakwet,23
2015-08-16,Elgeyo Marakwet,31
2015-08-17,Elgeyo Marakwet,25
2015-08-18,Elgeyo Marakwet,29
2015-08-19,Elgeyo Marakwet,31
2015-08-20,Elgeyo Marakwet,12
2015-08-21,Elgeyo Marakwet,39
2015-08-22,Elgeyo Marakwet,37
2015-08-23,Elgeyo Marakwet,40
2015-08-24,Elgeyo Marakwet,34
2015-08-25,Elgeyo Marakwet,20
2015-08-26,Elgeyo Marakwet,26
2015-08-27,Elgeyo Marakwet,26
2015-08-28,Elgeyo Marakwet,11
2015-08-29,Elgeyo Marakwet,34
2015-08-30,Elgeyo Marakwet,32
2015-08-31,Elgeyo Marakwet,23
2015-09-01,Elgeyo Marakwet,37
2015-09-02,Elgeyo Marakwet,15
2015-09-03,Elgeyo Marakwet,3
2015-09-04,Elgeyo Marakwet,35
2015-09-05,Elgeyo Marakwet,33
2015-09-06,Elgeyo Marakwet,26
2015-09-07,Elgeyo Marakwet,25
2015-09-08,Elgeyo Marakwet,8
2015-09-09,Elgeyo Marakwet,29
2015-09-10,Elgeyo Marakwet,57
2015-09-11,Elgeyo Marakwet,23
2015-09-12,Elgeyo Marakwet,17
2015-09-13,Elgeyo Marakwet,30
2015-09-14,Elgeyo Marakwet,46
2015-09-15,Elgeyo Marakwet,11
2015-09-16,Elgeyo Marakwet,23
2015-09-17,Elgeyo Marakwet,4
2015-09-18,Elgeyo Marakwet,16
2015-09-19,Elgeyo Marakwet,32
2015-09-20,Elgeyo Marakwet,6
2015-09-21,Elgeyo Marakwet,13
2015-09-22,Elgeyo Marakwet,40
2015-09-23,Elgeyo Marakwet,27
2015-09-24,Elgeyo Marakwet,26
2015-09-25,Elgeyo Marakwet,15
2015-09-26,Elgeyo Marakwet,25
2015-09-27,Elgeyo Marakwet,23
2015-09-28,Elgeyo Marakwet,30
2015-09-29,Elgeyo Marakwet,31
2015-09-30,Elgeyo Marakwet,22
2015-10-01,Elgeyo Marakwet,50
2015-10-02,Elgeyo Marakwet,39
2015-10-03,Elgeyo Marakwet,33
2015-10-04,Elgeyo Marakwet,19
2015-10-05,Elgeyo Marakwet,18
2015-10-06,Elgeyo Marakwet,34
2015-10-07,Elgeyo Marakwet,40
2015-10-08,Elgeyo Marakwet,16
2015-10-09,Elgeyo Marakwet,16
2015-10-10,Elgeyo Marakwet,26
2015-10-11,Elgeyo Marakwet,22
2015-10-12,Elgeyo Marakwet,17
2015-10-13,Elgeyo Marakwet,46
2015-10-14,Elgeyo Marakwet,22
2015-10-15,Elgeyo Marakwet,22
2015-10-16,Elgeyo Marakwet,26
2015-10-17,Elgeyo Marakwet,19
2015-10-18,Elgeyo Marakwet,29
2015-10-19,Elgeyo Marakwet,38
2015-10-20,Elgeyo Marakwet,32
2015-10-21,Elgeyo Marakwet,32
2015-10-22,Elgeyo Marakwet,15
2015-10-23,Elgeyo Marakwet,42
2015-10-24,Elgeyo Marakwet,34
2015-10-25,Elgeyo Marakwet,22
2015-10-26,Elgeyo Marakwet,28
2015-10-27,Elgeyo Marakwet,40
2015-10-28,Elgeyo Marakwet,41
2015-10-29,Elgeyo Marakwet,36
2015-10-30,Elgeyo Marakwet,38
2015-10-31,Elgeyo Marakwet,46
2015-11-01,Elgeyo Marakwet,27
2015-11-02,Elgeyo Marakwet,14
2015-11-03,Elgeyo Marakwet,26
2015-11-04,Elgeyo Marakwet,30
2015-11-05,Elgeyo Marakwet,33
2015-11-06,Elgeyo Marakwet,19
2015-11-07,Elgeyo Marakwet,0
2015-11-08,Elgeyo Marakwet,37
2015-11-09,Elgeyo Marakwet,26
2015-11-10,Elgeyo Marakwet,39
2015-11-11,Elgeyo Marakwet,13
2015-11-12,Elgeyo Marakwet,28
2015-11-13,Elgeyo Marakwet,6
2015-11-14,Elgeyo Marakwet,27
2015-11-15,Elgeyo Marakwet,23
2015-11-16,Elgeyo Marakwet,41
2015-11-17,Elgeyo Marakwet,37
2015-11-18,Elgeyo Marakwet,31
2015-11-19,Elgeyo Marakwet,38
2015-11-20,Elgeyo Marakwet,23
2015-11-21,Elgeyo Marakwet,38
2015-11-22,Elgeyo Marakwet,25
2015-11-23,Elgeyo Marakwet,19
2015-11-24,Elgeyo Marakwet,34
2015-11-25,Elgeyo Marakwet,31
2015-11-26,Elgeyo Marakwet,30
2015-11-27,Elgeyo Marakwet,27
2015-11-28,Elgeyo Marakwet,36
2015-11-29,Elgeyo Marakwet,32
2015-11-30,Elgeyo Marakwet,9
2015-12-01,Elgeyo Marakwet,29
2015-12-02,Elgeyo Marakwet,8
2015-12-03,Elgeyo Marakwet,29
2015-12-04,Elgeyo Marakwet,12
2015-12-05,Elgeyo Marakwet,36
2015-12-06,Elgeyo Marakwet,27
2015-12-07,Elgeyo Marakwet,31
2015-12-08,Elgeyo Marakwet,22
2015-12-09,Elgeyo Marakwet,26
2015-12-10,Elgeyo Marakwet,35
2015-12-11,Elgeyo Marakwet,42
2015-12-12,Elgeyo Marakwet,27
2015-12-13,Elgeyo Marakwet,28
2015-12-14,Elgeyo Marakwet,29
2015-12-15,Elgeyo Marakwet,30
2015-12-16,Elgeyo Marakwet,43
2015-12-17,Elgeyo Marakwet,33
2015-12-18,Elgeyo Marakwet,42
2015-12-19,Elgeyo Marakwet,34
2015-12-20,Elgeyo Marakwet,25
2015-12-21,Elgeyo Marakwet,26
2015-12-22,Elgeyo Marakwet,13
2015-12-23,Elgeyo Marakwet,25
2015-12-24,Elgeyo Marakwet,30
2015-12-25,Elgeyo Marakwet,33
2015-12-26,Elgeyo Marakwet,26
2015-12-27,Elgeyo Marakwet,18
2015-12-28,Elgeyo Marakwet,12
2015-12-29,Elgeyo Marakwet,1
2015-12-30,Elgeyo Marakwet,11
2015-12-31,Elgeyo Marakwet,44
2016-01-01,Elgeyo Marakwet,28
2016-01-02,Elgeyo Marakwet,32
2016-01-03,Elgeyo Marakwet,27
2016-01-04,Elgeyo Marakwet,33
2016-01-05,Elgeyo Marakwet,1
2016-01-06,Elgeyo Marakwet,26
2016-01-07,Elgeyo Marakwet,17
2016-01-08,Elgeyo Marakwet,27
2016-01-09,Elgeyo Marakwet,38
2016-01-10,Elgeyo Marakwet,41
2016-01-11,Elgeyo Marakwet,47
2016-01-12,Elgeyo Marakwet,22
2016-01-13,Elgeyo Marakwet,39
2016-01-14,Elgeyo Marakwet,35
2016-01-15,Elgeyo Marakwet,30
2016-01-16,Elgeyo Marakwet,35
2016-01-17,Elgeyo Marakwet,34
2016-01-18,Elgeyo Marakwet,24
2016-01-19,Elgeyo Marakwet,13
2016-01-20,Elgeyo Marakwet,15
2016-01-21,Elgeyo Marakwet,23
2016-01-22,Elgeyo Marakwet,19
2016-01-23,Elgeyo Marakwet,45
2016-01-24,Elgeyo Marakwet,31
2016-01-25,Elgeyo Marakwet,25
2016-01-26,Elgeyo Marakwet,47
2016-01-27,Elgeyo Marakwet,0
2016-01-28,Elgeyo Marakwet,32
2016-01-29,Elgeyo Marakwet,51
2016-01-30,Elgeyo Marakwet,7
2016-01-31,Elgeyo Marakwet,52
2016-02-01,Elgeyo Marakwet,34
2016-02-02,Elgeyo Marakwet,26
2016-02-03,Elgeyo Marakwet,37
2016-02-04,Elgeyo Marakwet,26
2016-02-05,Elgeyo Marakwet,23
2016-02-06,Elgeyo Marakwet,13
2016-02-07,Elgeyo Marakwet,50
2016-02-08,Elgeyo Marakwet,30
2016-02-09,Elgeyo Marakwet,28
2016-02-10,Elgeyo Marakwet,37
2016-02-11,Elgeyo Marakwet,23
2016-02-12,Elgeyo Marakwet,26
2016-02-13,Elgeyo Marakwet,18
2016-02-14,Elgeyo Marakwet,3
2016-02-15,Elgeyo Marakwet,22
2016-02-16,Elgeyo Marakwet,11
2016-02-17,Elgeyo Marakwet,36
2016-02-18,Elgeyo Marakwet,30
2016-02-19,Elgeyo Marakwet,36
2016-02-20,Elgeyo Marakwet,18
2016-02-21,Elgeyo Marakwet,23
2016-02-22,Elgeyo Marakwet,32
2016-02-23,Elgeyo Marakwet,22
2016-02-24,Elgeyo Marakwet,29
2016-02-25,Elgeyo Marakwet,42
2016-02-26,Elgeyo Marakwet,41
2016-02-27,Elgeyo Marakwet,26
2016-02-28,Elgeyo Marakwet,13
2016-02-29,Elgeyo Marakwet,46
2016-03-01,Elgeyo Marakwet,34
2016-03-02,Elgeyo Marakwet,33
2016-03-03,Elgeyo Marakwet,38
2016-03-04,Elgeyo Marakwet,25
2016-03-05,Elgeyo Marakwet,46
2016-03-06,Elgeyo Marakwet,41
2016-03-07,Elgeyo Marakwet,51
2016-03-08,Elgeyo Marakwet,38
2016-03-09,Elgeyo Marakwet,7
2016-03-10,Elgeyo Marakwet,23
2016-03-11,Elgeyo Marakwet,32
2016-03-12,Elgeyo Marakwet,19
2016-03-13,Elgeyo Marakwet,38
2016-03-14,Elgeyo Marakwet,30
2016-03-15,Elgeyo Marakwet,46
2016-03-16,Elgeyo Marakwet,19
2016-03-17,Elgeyo Marakwet,52
2016-03-18,Elgeyo Marakwet,39
2016-03-19,Elgeyo Marakwet,46
2016-03-20,Elgeyo Marakwet,8
2016-03-21,Elgeyo Marakwet,25
2016-03-22,Elgeyo Marakwet,46
2016-03-23,Elgeyo Marakwet,35
2016-03-24,Elgeyo Marakwet,35
2016-03-25,Elgeyo Marakwet,45
2016-03-26,Elgeyo Marakwet,22
2016-03-27,Elgeyo Marakwet,40
2016-03-28,Elgeyo Marakwet,19
2016-03-29,Elgeyo Marakwet,35
2016-03-30,Elgeyo Marakwet,22
2016-03-31,Elgeyo Marakwet,20
2016-04-01,Elgeyo Marakwet,6
2016-04-02,Elgeyo Marakwet,36
2016-04-03,Elgeyo Marakwet,18
2016-04-04,Elgeyo Marakwet,25
2016-04-05,Elgeyo Marakwet,33
2016-04-06,Elgeyo Marakwet,29
2016-04-07,Elgeyo Marakwet,35
2016-04-08,Elgeyo Marakwet,50
2016-04-09,Elgeyo Marakwet,38
2016-04-10,Elgeyo Marakwet,10
2016-04-11,Elgeyo Marakwet,20
2016-04-12,Elgeyo Marakwet,26
2016-04-13,Elgeyo Marakwet,13
2016-04-14,Elgeyo Marakwet,35
2016-04-15,Elgeyo Marakwet,14
2016-04-16,Elgeyo Marakwet,43
2016-04-17,Elgeyo Marakwet,46
2016-04-18,Elgeyo Marakwet,34
2016-04-19,Elgeyo Marakwet,35
2016-04-20,Elgeyo Marakwet,29
2016-04-21,Elgeyo Marakwet,19
2016-04-22,Elgeyo Marakwet,25
2016-04-23,Elgeyo Marakwet,44
2016-04-24,Elgeyo Marakwet,14
2016-04-25,Elgeyo Marakwet,38
2016-04-26,Elgeyo Marakwet,29
2016-04-27,Elgeyo Marakwet,56
2016-04-28,Elgeyo Marakwet,31
2016-04-29,Elgeyo Marakwet,15
2016-04-30,Elgeyo Marakwet,35
2016-05-01,Elgeyo Marakwet,52
2016-05-02,Elgeyo Marakwet,30
2016-05-03,Elgeyo Marakwet,32
2016-05-04,Elgeyo Marakwet,46
2016-05-05,Elgeyo Marakwet,26
2016-05-06,Elgeyo Marakwet,20
2016-05-07,Elgeyo Marakwet,32
2016-05-08,Elgeyo Marakwet,36
2016-05-09,Elgeyo Marakwet,33
2016-05-10,Elgeyo Marakwet,38
2016-05-11,Elgeyo Marakwet,43
2016-05-12,Elgeyo Marakwet,12
2016-05-13,Elgeyo Marakwet,23
2016-05-14,Elgeyo Marakwet,58
2016-05-15,Elgeyo Marakwet,31
2016-05-16,Elgeyo Marakwet,37
2016-05-17,Elgeyo Marakwet,26
2016-05-18,Elgeyo Marakwet,46
2016-05-19,Elgeyo Marakwet,32
2016-05-20,Elgeyo Marakwet,22
2016-05-21,Elgeyo Marakwet,40
2016-05-22,Elgeyo Marakwet,21
2016-05-23,Elgeyo Marakwet,34
2016-05-24,Elgeyo Marakwet,16
2016-05-25,Elgeyo Marakwet,27
2016-05-26,Elgeyo Marakwet,39
2016-05-27,Elgeyo Marakwet,38
2016-05-28,Elgeyo Marakwet,47
2016-05-29,Elgeyo Marakwet,32
2016-05-30,Elgeyo Marakwet,44
2016-05-31,Elgeyo Marakwet,31
2016-06-01,Elgeyo Marakwet,16
2016-06-02,Elgeyo Marakwet,40
2016-06-03,Elgeyo Marakwet,31
2016-06-04,Elgeyo Marakwet,50
2016-06-05,Elgeyo Marakwet,31
2016-06-06,Elgeyo Marakwet,11
2016-06-07,Elgeyo Marakwet,33
2016-06-08,Elgeyo Marakwet,3
2016-06-09,Elgeyo Marakwet,5
2016-06-10,Elgeyo Marakwet,32
2016-06-11,Elgeyo Marakwet,11
2016-06-12,Elgeyo Marakwet,20
2016-06-13,Elgeyo Marakwet,16
2016-06-14,Elgeyo Marakwet,21
2016-06-15,Elgeyo Marakwet,11
2016-06-16,Elgeyo Marakwet,17
2016-06-17,Elgeyo Marakwet,11
2016-06-18,Elgeyo Marakwet,23
2016-06-19,Elgeyo Marakwet,19
2016-06-20,Elgeyo Marakwet,21
2016-06-21,Elgeyo Marakwet,41
2016-06-22,Elgeyo Marakwet,23
2016-06-23,Elgeyo Marakwet,11
2016-06-24,Elgeyo Marakwet,36
2016-06-25,Elgeyo Marakwet,37
2016-06-26,Elgeyo Marakwet,34
2016-06-27,Elgeyo Marakwet,35
2016-06-28,Elgeyo Marakwet,20
2016-06-29,Elgeyo Marakwet,36
2016-06-30,Elgeyo Marakwet,43
2016-07-01,Elgeyo Marakwet,18
2016-07-02,Elgeyo Marakwet,41
2016-07-03,Elgeyo Marakwet,0
2016-07-04,Elgeyo Marakwet,16
2016-07-05,Elgeyo Marakwet,31
2016-07-06,Elgeyo Marakwet,35
2016-07-07,Elgeyo Marakwet,34
2016-07-08,Elgeyo Marakwet,12
2016-07-09,Elgeyo Marakwet,20
2016-07-10,Elgeyo Marakwet,47
2016-07-11,Elgeyo Marakwet,28
2016-07-12,Elgeyo Marakwet,45
2016-07-13,Elgeyo Marakwet,34
2016-07-14,Elgeyo Marakwet,24
2016-07-15,Elgeyo Marakwet,22
2016-07-16,Elgeyo Marakwet,17
2016-07-17,Elgeyo Marakwet,38
2016-07-18,Elgeyo Marakwet,46
2016-07-19,Elgeyo Marakwet,18
2016-07-20,Elgeyo Marakwet,11
2016-07-21,Elgeyo Marakwet,12
2016-07-22,Elgeyo Marakwet,12
2016-07-23,Elgeyo Marakwet,13
2016-07-24,Elgeyo Marakwet,33
2016-07-25,Elgeyo Marakwet,17
2016-07-26,Elgeyo Marakwet,34
2016-07-27,Elgeyo Marakwet,35
2016-07-28,Elgeyo Marakwet,22
2016-07-29,Elgeyo Marakwet,25
2016-07-30,Elgeyo Marakwet,23
2016-07-31,Elgeyo Marakwet,49
2016-08-01,Elgeyo Marakwet,22
2016-08-02,Elgeyo Marakwet,23
2016-08-03,Elgeyo Marakwet,30
2016-08-04,Elgeyo Marakwet,23
2016-08-05,Elgeyo Marakwet,29
2016-08-06,Elgeyo Marakwet,16
2016-08-07,Elgeyo Marakwet,34
2016-08-08,Elgeyo Marakwet,35
2016-08-09,Elgeyo Marakwet,47
2016-08-10,Elgeyo Marakwet,23
2016-08-11,Elgeyo Marakwet,6
2016-08-12,Elgeyo Marakwet,37
2016-08-13,Elgeyo Marakwet,31
2016-08-14,Elgeyo Marakwet,36
2016-08-15,Elgeyo Marakwet,20
2016-08-16,Elgeyo Marakwet,38
2016-08-17,Elgeyo Marakwet,16
2016-08-18,Elgeyo Marakwet,21
2016-08-19,Elgeyo Marakwet,36
2016-08-20,Elgeyo Marakwet,19
2016-08-21,Elgeyo Marakwet,40
2016-08-22,Elgeyo Marakwet,37
2016-08-23,Elgeyo Marakwet,11
2016-08-24,Elgeyo Marakwet,33
2016-08-25,Elgeyo Marakwet,26
2016-08-26,Elgeyo Marakwet,33
2016-08-27,Elgeyo Marakwet,17
2016-08-28,Elgeyo Marakwet,46
2016-08-29,Elgeyo Marakwet,17
2016-08-30,Elgeyo Marakwet,27
2016-08-31,Elgeyo Marakwet,45
2016-09-01,Elgeyo Marakwet,20
2016-09-02,Elgeyo Marakwet,32
2016-09-03,Elgeyo Marakwet,13
2016-09-04,Elgeyo Marakwet,32
2016-09-05,Elgeyo Marakwet,26
2016-09-06,Elgeyo Marakwet,31
2016-09-07,Elgeyo Marakwet,27
2016-09-08,Elgeyo Marakwet,32
2016-09-09,Elgeyo Marakwet,32
2016-09-10,Elgeyo Marakwet,19
2016-09-11,Elgeyo Marakwet,29
2016-09-12,Elgeyo Marakwet,36
2016-09-13,Elgeyo Marakwet,9
2016-09-14,Elgeyo Marakwet,37
2016-09-15,Elgeyo Marakwet,23
2016-09-16,Elgeyo Marakwet,38
2016-09-17,Elgeyo Marakwet,28
2016-09-18,Elgeyo Marakwet,56
2016-09-19,Elgeyo Marakwet,35
2016-09-20,Elgeyo Marakwet,9
2016-09-21,Elgeyo Marakwet,13
2016-09-22,Elgeyo Marakwet,61
2016-09-23,Elgeyo Marakwet,38
2016-09-24,Elgeyo Marakwet,23
2016-09-25,Elgeyo Marakwet,12
2016-09-26,Elgeyo Marakwet,33
2016-09-27,Elgeyo Marakwet,14
2016-09-28,Elgeyo Marakwet,46
2016-09-29,Elgeyo Marakwet,0
2016-09-30,Elgeyo Marakwet,32
2016-10-01,Elgeyo Marakwet,9
2015-01-01,Nandi,32
2015-01-02,Nandi,34
2015-01-03,Nandi,24
2015-01-04,Nandi,20
2015-01-05,Nandi,32
2015-01-06,Nandi,32
2015-01-07,Nandi,22
2015-01-08,Nandi,22
2015-01-09,Nandi,13
2015-01-10,Nandi,22
2015-01-11,Nandi,25
2015-01-12,Nandi,10
2015-01-13,Nandi,26
2015-01-14,Nandi,21
2015-01-15,Nandi,29
2015-01-16,Nandi,51
2015-01-17,Nandi,27
2015-01-18,Nandi,27
2015-01-19,Nandi,35
2015-01-20,Nandi,28
2015-01-21,Nandi,30
2015-01-22,Nandi,18
2015-01-23,Nandi,14
2015-01-24,Nandi,38
2015-01-25,Nandi,23
2015-01-26,Nandi,37
2015-01-27,Nandi,41
2015-01-28,Nandi,38
2015-01-29,Nandi,25
2015-01-30,Nandi,11
2015-01-31,Nandi,21
2015-02-01,Nandi,24
2015-02-02,Nandi,33
2015-02-03,Nandi,29
2015-02-04,Nandi,23
2015-02-05,Nandi,22
2015-02-06,Nandi,21
2015-02-07,Nandi,33
2015-02-08,Nandi,26
2015-02-09,Nandi,24
2015-02-10,Nandi,28
2015-02-11,Nandi,18
2015-02-12,Nandi,29
2015-02-13,Nandi,17
2015-02-14,Nandi,33
2015-02-15,Nandi,54
2015-02-16,Nandi,25
2015-02-17,Nandi,22
2015-02-18,Nandi,17
2015-02-19,Nandi,29
2015-02-20,Nandi,38
2015-02-21,Nandi,25
2015-02-22,Nandi,42
2015-02-23,Nandi,29
2015-02-24,Nandi,52
2015-02-25,Nandi,14
2015-02-26,Nandi,36
2015-02-27,Nandi,41
2015-02-28,Nandi,13
2015-03-01,Nandi,30
2015-03-02,Nandi,31
2015-03-03,Nandi,56
2015-03-04,Nandi,29
2015-03-05,Nandi,49
2015-03-06,Nandi,15
2015-03-07,Nandi,0
2015-03-08,Nandi,29
2015-03-09,Nandi,25
2015-03-10,Nandi,30
2015-03-11,Nandi,41
2015-03-12,Nandi,30
2015-03-13,Nandi,39
2015-03-14,Nandi,30
2015-03-15,Nandi,38
2015-03-16,Nandi,46
2015-03-17,Nandi,29
2015-03-18,Nandi,31
2015-03-19,Nandi,32
2015-03-20,Nandi,19
2015-03-21,Nandi,54
2015-03-22,Nandi,28
2015-03-23,Nandi,38
2015-03-24,Nandi,33
2015-03-25,Nandi,50
2015-03-26,Nandi,32
2015-03-27,Nandi,33
2015-03-28,Nandi,35
2015-03-29,Nandi,23
2015-03-30,Nandi,27
2015-03-31,Nandi,27
2015-04-01,Nandi,34
2015-04-02,Nandi,43
2015-04-03,Nandi,34
2015-04-04,Nandi,19
2015-04-05,Nandi,52
2015-04-06,Nandi,47
2015-04-07,Nandi,28
2015-04-08,Nandi,37
2015-04-09,Nandi,39
2015-04-10,Nandi,47
2015-04-11,Nandi,15
2015-04-12,Nandi,44
2015-04-13,Nandi,34
2015-04-14,Nandi,30
2015-04-15,Nandi,36
2015-04-16,Nandi,28
2015-04-17,Nandi,37
2015-04-18,Nandi,15
2015-04-19,Nandi,33
2015-04-20,Nandi,35
2015-04-21,Nandi,38
2015-04-22,Nandi,47
2015-04-23,Nandi,16
2015-04-24,Nandi,29
2015-04-25,Nandi,31
2015-04-26,Nandi,20
2015-04-27,Nandi,38
2015-04-28,Nandi,30
2015-04-29,Nandi,32
2015-04-30,Nandi,21
2015-05-01,Nandi,30
2015-05-02,Nandi,36
2015-05-03,Nandi,42
2015-05-04,Nandi,28
2015-05-05,Nandi,25
2015-05-06,Nandi,36
2015-05-07,Nandi,32
2015-05-08,Nandi,24
2015-05-09,Nandi,26
2015-05-10,Nandi,37
2015-05-11,Nandi,12
2015-05-12,Nandi,23
2015-05-13,Nandi,28
2015-05-14,Nandi,27
2015-05-15,Nandi,34
2015-05-16,Nandi,35
2015-05-17,Nandi,41
2015-05-18,Nandi,31
2015-05-19,Nandi,17
2015-05-20,Nandi,41
2015-05-21,Nandi,14
2015-05-22,Nandi,24
2015-05-23,Nandi,31
2015-05-24,Nandi,19
2015-05-25,Nandi,24
2015-05-26,Nandi,27
2015-05-27,Nandi,35
2015-05-28,Nandi,47
2015-05-29,Nandi,30
2015-05-30,Nandi,35
2015-05-31,Nandi,34
2015-06-01,Nandi,25
2015-06-02,Nandi,22
2015-06-03,Nandi,33
2015-06-04,Nandi,28
2015-06-05,Nandi,38
2015-06-06,Nandi,25
2015-06-07,Nandi,28
2015-06-08,Nandi,39
2015-06-09,Nandi,41
2015-06-10,Nandi,36
2015-06-11,Nandi,30
2015-06-12,Nandi,11
2015-06-13,Nandi,21
2015-06-14,Nandi,8
2015-06-15,Nandi,28
2015-06-16,Nandi,43
2015-06-17,Nandi,34
2015-06-18,Nandi,36
2015-06-19,Nandi,18
2015-06-20,Nandi,23
2015-06-21,Nandi,34
2015-06-22,Nandi,24
2015-06-23,Nandi,33
2015-06-24,Nandi,33
2015-06-25,Nandi,29
2015-06-26,Nandi,36
2015-06-27,Nandi,30
2015-06-28,Nandi,23
2015-06-29,Nandi,13
2015-06-30,Nandi,16
2015-07-01,Nandi,35
2015-07-02,Nandi,7
2015-07-03,Nandi,9
2015-07-04,Nandi,38
2015-07-05,Nandi,33
2015-07-06,Nandi,22
2015-07-07,Nandi,19
2015-07-08,Nandi,40
2015-07-09,Nandi,48
2015-07-10,Nandi,41
2015-07-11,Nandi,11
2015-07-12,Nandi,17
2015-07-13,Nandi,25
2015-07-14,Nandi,16
2015-07-15,Nandi,20
2015-07-16,Nandi,40
2015-07-17,Nandi,21
2015-07-18,Nandi,38
2015-07-19,Nandi,32
2015-07-20,Nandi,24
2015-07-21,Nandi,14
2015-07-22,Nandi,25
2015-07-23,Nandi,23
2015-07-24,Nandi,52
2015-07-25,Nandi,29
2015-07-26,Nandi,50
2015-07-27,Nandi,32
2015-07-28,Nandi,31
2015-07-29,Nandi,26
2015-07-30,Nandi,10
2015-07-31,Nandi,23
2015-08-01,Nandi,34
2015-08-02,Nandi,37
2015-08-03,Nandi,27
2015-08-04,Nandi,31
2015-08-05,Nandi,26
2015-08-06,Nandi,6
2015-08-07,Nandi,37
2015-08-08,Nandi,32
2015-08-09,Nandi,29
2015-08-10,Nandi,22
2015-08-11,Nandi,19
2015-08-12,Nandi,23
2015-08-13,Nandi,45
2015-08-14,Nandi,23
2015-08-15,Nandi,32
2015-08-16,Nandi,21
2015-08-17,Nandi,18
2015-08-18,Nandi,42
2015-08-19,Nandi,29
2015-08-20,Nandi,34
2015-08-21,Nandi,23
2015-08-22,Nandi,22
2015-08-23,Nandi,14
2015-08-24,Nandi,38
2015-08-25,Nandi,45
2015-08-26,Nandi,23
2015-08-27,Nandi,35
2015-08-28,Nandi,26
2015-08-29,Nandi,26
2015-08-30,Nandi,24
2015-08-31,Nandi,19
2015-09-01,Nandi,14
2015-09-02,Nandi,36
2015-09-03,Nandi,46
2015-09-04,Nandi,22
2015-09-05,Nandi,32
2015-09-06,Nandi,31
2015-09-07,Nandi,32
2015-09-08,Nandi,24
2015-09-09,Nandi,6
2015-09-10,Nandi,39
2015-09-11,Nandi,9
2015-09-12,Nandi,27
2015-09-13,Nandi,11
2015-09-14,Nandi,21
2015-09-15,Nandi,36
2015-09-16,Nandi,8
2015-09-17,Nandi,15
2015-09-18,Nandi,5
2015-09-19,Nandi,18
2015-09-20,Nandi,46
2015-09-21,Nandi,44
2015-09-22,Nandi,30
2015-09-23,Nandi,20
2015-09-24,Nandi,30
2015-09-25,Nandi,30
2015-09-26,Nandi,23
2015-09-27,Nandi,26
2015-09-28,Nandi,24
2015-09-29,Nandi,25
2015-09-30,Nandi,17
2015-10-01,Nandi,29
2015-10-02,Nandi,39
2015-10-03,Nandi,32
2015-10-04,Nandi,27
2015-10-05,Nandi,38
2015-10-06,Nandi,27
2015-10-07,Nandi,17
2015-10-08,Nandi,20
2015-10-09,Nandi,30
2015-10-10,Nandi,43
2015-10-11,Nandi,33
2015-10-12,Nandi,26
2015-10-13,Nandi,22
2015-10-14,Nandi,48
2015-10-15,Nandi,34
2015-10-16,Nandi,30
2015-10-17,Nandi,15
2015-10-18,Nandi,3
2015-10-19,Nandi,22
2015-10-20,Nandi,39
2015-10-21,Nandi,22
2015-10-22,Nandi,30
2015-10-23,Nandi,9
2015-10-24,Nandi,25
2015-10-25,Nandi,9
2015-10-26,Nandi,42
2015-10-27,Nandi,20
2015-10-28,Nandi,41
2015-10-29,Nandi,19
2015-10-30,Nandi,25
2015-10-31,Nandi,33
2015-11-01,Nandi,20
2015-11-02,Nandi,36
2015-11-03,Nandi,12
2015-11-04,Nandi,5
2015-11-05,Nandi,50
2015-11-06,Nandi,40
2015-11-07,Nandi,26
2015-11-08,Nandi,34
2015-11-09,Nandi,27
2015-11-10,Nandi,18
2015-11-11,Nandi,26
2015-11-12,Nandi,28
2015-11-13,Nandi,27
2015-11-14,Nandi,31
2015-11-15,Nandi,29
2015-11-16,Nandi,12
2015-11-17,Nandi,12
2015-11-18,Nandi,21
2015-11-19,Nandi,20
2015-11-20,Nandi,31
2015-11-21,Nandi,38
2015-11-22,Nandi,25
2015-11-23,Nandi,32
2015-11-24,Nandi,45
2015-11-25,Nandi,20
2015-11-26,Nandi,32
2015-11-27,Nandi,28
2015-11-28,Nandi,16
2015-11-29,Nandi,18
2015-11-30,Nandi,11
2015-12-01,Nandi,9
2015-12-02,Nandi,24
2015-12-03,Nandi,24
2015-12-04,Nandi,45
2015-12-05,Nandi,37
2015-12-06,Nandi,30
2015-12-07,Nandi,7
2015-12-08,Nandi,25
2015-12-09,Nandi,30
2015-12-10,Nandi,31
2015-12-11,Nandi,41
2015-12-12,Nandi,19
2015-12-13,Nandi,25
2015-12-14,Nandi,36
2015-12-15,Nandi,30
2015-12-16,Nandi,27
2015-12-17,Nandi,30
2015-12-18,Nandi,14
2015-12-19,Nandi,14
2015-12-20,Nandi,41
2015-12-21,Nandi,31
2015-12-22,Nandi,17
2015-12-23,Nandi,19
2015-12-24,Nandi,30
2015-12-25,Nandi,53
2015-12-26,Nandi,9
2015-12-27,Nandi,36
2015-12-28,Nandi,24
2015-12-29,Nandi,42
2015-12-30,Nandi,10
2015-12-31,Nandi,24
2016-01-01,Nandi,39
2016-01-02,Nandi,0
2016-01-03,Nandi,6
2016-01-04,Nandi,39
2016-01-05,Nandi,33
2016-01-06,Nandi,19
2016-01-07,Nandi,45
2016-01-08,Nandi,33
2016-01-09,Nandi,27
2016-01-10,Nandi,44
2016-01-11,Nandi,40
2016-01-12,Nandi,32
2016-01-13,Nandi,19
2016-01-14,Nandi,27
2016-01-15,Nandi,27
2016-01-16,Nandi,26
2016-01-17,Nandi,11
2016-01-18,Nandi,28
2016-01-19,Nandi,42
2016-01-20,Nandi,33
2016-01-21,Nandi,21
2016-01-22,Nandi,19
2016-01-23,Nandi,18
2016-01-24,Nandi,20
2016-01-25,Nandi,26
2016-01-26,Nandi,40
2016-01-27,Nandi,21
2016-01-28,Nandi,20
2016-01-29,Nandi,19
2016-01-30,Nandi,15
2016-01-31,Nandi,19
2016-02-01,Nandi,36
2016-02-02,Nandi,26
2016-02-03,Nandi,36
2016-02-04,Nandi,28
2016-02-05,Nandi,18
2016-02-06,Nandi,34
2016-02-07,Nandi,24
2016-02-08,Nandi,31
2016-02-09,Nandi,33
2016-02-10,Nandi,21
2016-02-11,Nandi,30
2016-02-12,Nandi,25
2016-02-13,Nandi,34
2016-02-14,Nandi,35
2016-02-15,Nandi,25
2016-02-16,Nandi,33
2016-02-17,Nandi,23
2016-02-18,Nandi,10
2016-02-19,Nandi,31
2016-02-20,Nandi,11
2016-02-21,Nandi,24
2016-02-22,Nandi,17
2016-02-23,Nandi,26
2016-02-24,Nandi,25
2016-02-25,Nandi,37
2016-02-26,Nandi,5
2016-02-27,Nandi,36
2016-02-28,Nandi,22
2016-02-29,Nandi,37
2016-03-01,Nandi,34
2016-03-02,Nandi,21
2016-03-03,Nandi,45
2016-03-04,Nandi,23
2016-03-05,Nandi,57
2016-03-06,Nandi,47
2016-03-07,Nandi,42
2016-03-08,Nandi,33
2016-03-09,Nandi,47
2016-03-10,Nandi,29
2016-03-11,Nandi,31
2016-03-12,Nandi,19
2016-03-13,Nandi,19
2016-03-14,Nandi,44
2016-03-15,Nandi,48
2016-03-16,Nandi,16
2016-03-17,Nandi,32
2016-03-18,Nandi,33
2016-03-19,Nandi,50
2016-03-20,Nandi,51
2016-03-21,Nandi,35
2016-03-22,Nandi,48
2016-03-23,Nandi,44
2016-03-24,Nandi,34
2016-03-25,Nandi,46
2016-03-26,Nandi,34
2016-03-27,Nandi,33
2016-03-28,Nandi,48
2016-03-29,Nandi,7
2016-03-30,Nandi,53
2016-03-31,Nandi,26
2016-04-01,Nandi,37
2016-04-02,Nandi,35
2016-04-03,Nandi,33
2016-04-04,Nandi,33
2016-04-05,Nandi,2
2016-04-06,Nandi,29
2016-04-07,Nandi,34
2016-04-08,Nandi,41
2016-04-09,Nandi,20
2016-04-10,Nandi,37
2016-04-11,Nandi,20
2016-04-12,Nandi,32
2016-04-13,Nandi,42
2016-04-14,Nandi,34
2016-04-15,Nandi,21
2016-04-16,Nandi,56
2016-04-17,Nandi,25
2016-04-18,Nandi,30
2016-04-19,Nandi,16
2016-04-20,Nandi,37
2016-04-21,Nandi,34
2016-04-22,Nandi,40
2016-04-23,Nandi,38
2016-04-24,Nandi,35
2016-04-25,Nandi,33
2016-04-26,Nandi,22
2016-04-27,Nandi,26
2016-04-28,Nandi,37
2016-04-29,Nandi,26
2016-04-30,Nandi,24
2016-05-01,Nandi,22
2016-05-02,Nandi,20
2016-05-03,Nandi,30
2016-05-04,Nandi,33
2016-05-05,Nandi,55
2016-05-06,Nandi,38
2016-05-07,Nandi,33
2016-05-08,Nandi,36
2016-05-09,Nandi,31
2016-05-10,Nandi,32
2016-05-11,Nandi,37
2016-05-12,Nandi,43
2016-05-13,Nandi,34
2016-05-14,Nandi,44
2016-05-15,Nandi,27
2016-05-16,Nandi,49
2016-05-17,Nandi,31
2016-05-18,Nandi,17
2016-05-19,Nandi,28
2016-05-20,Nandi,36
2016-05-21,Nandi,28
2016-05-22,Nandi,31
2016-05-23,Nandi,19
2016-05-24,Nandi,23
2016-05-25,Nandi,38
2016-05-26,Nandi,15
2016-05-27,Nandi,35
2016-05-28,Nandi,29
2016-05-29,Nandi,30
2016-05-30,Nandi,42
2016-05-31,Nandi,23
2016-06-01,Nandi,23
2016-06-02,Nandi,5
2016-06-03,Nandi,14
2016-06-04,Nandi,16
2016-06-05,Nandi,23
2016-06-06,Nandi,13
2016-06-07,Nandi,26
2016-06-08,Nandi,18
2016-06-09,Nandi,3
2016-06-10,Nandi,47
2016-06-11,Nandi,24
2016-06-12,Nandi,2
2016-06-13,Nandi,25
2016-06-14,Nandi,26
2016-06-15,Nandi,39
2016-06-16,Nandi,42
2016-06-17,Nandi,0
2016-06-18,Nandi,29
2016-06-19,Nandi,25
2016-06-20,Nandi,36
2016-06-21,Nandi,3
2016-06-22,Nandi,5
2016-06-23,Nandi,27
2016-06-24,Nandi,34
2016-06-25,Nandi,33
2016-06-26,Nandi,7
2016-06-27,Nandi,38
2016-06-28,Nandi,3
2016-06-29,Nandi,8
2016-06-30,Nandi,39
2016-07-01,Nandi,33
2016-07-02,Nandi,23
2016-07-03,Nandi,7
2016-07-04,Nandi,41
2016-07-05,Nandi,24
2016-07-06,Nandi,35
2016-07-07,Nandi,50
2016-07-08,Nandi,7
2016-07-09,Nandi,28
2016-07-10,Nandi,11
2016-07-11,Nandi,25
2016-07-12,Nandi,19
2016-07-13,Nandi,15
2016-07-14,Nandi,10
2016-07-15,Nandi,29
2016-07-16,Nandi,46
2016-07-17,Nandi,26
2016-07-18,Nandi,31
2016-07-19,Nandi,31
2016-07-20,Nandi,23
2016-07-21,Nandi,43
2016-07-22,Nandi,38
2016-07-23,Nandi,31
2016-07-24,Nandi,25
2016-07-25,Nandi,43
2016-07-26,Nandi,25
2016-07-27,Nandi,24
2016-07-28,Nandi,26
2016-07-29,Nandi,34
2016-07-30,Nandi,20
2016-07-31,Nandi,22
2016-08-01,Nandi,35
2016-08-02,Nandi,39
2016-08-03,Nandi,25
2016-08-04,Nandi,36
2016-08-05,Nandi,37
2016-08-06,Nandi,10
2016-08-07,Nandi,27
2016-08-08,Nandi,20
2016-08-09,Nandi,31
2016-08-10,Nandi,25
2016-08-11,Nandi,21
2016-08-12,Nandi,13
2016-08-13,Nandi,40
2016-08-14,Nandi,29
2016-08-15,Nandi,25
2016-08-16,Nandi,27
2016-08-17,Nandi,36
2016-08-18,Nandi,20
2016-08-19,Nandi,24
2016-08-20,Nandi,20
2016-08-21,Nandi,12
2016-08-22,Nandi,10
2016-08-23,Nandi,26
2016-08-24,Nandi,34
2016-08-25,Nandi,23
2016-08-26,Nandi,22
2016-08-27,Nandi,27
2016-08-28,Nandi,21
2016-08-29,Nandi,22
2016-08-30,Nandi,21
2016-08-31,Nandi,23
2016-09-01,Nandi,32
2016-09-02,Nandi,23
2016-09-03,Nandi,42
2016-09-04,Nandi,28
2016-09-05,Nandi,29
2016-09-06,Nandi,13
2016-09-07,Nandi,47
2016-09-08,Nandi,32
2016-09-09,Nandi,28
2016-09-10,Nandi,12
2016-09-11,Nandi,21
2016-09-12,Nandi,33
2016-09-13,Nandi,23
2016-09-14,Nandi,17
2016-09-15,Nandi,45
2016-09-16,Nandi,34
2016-09-17,Nandi,26
2016-09-18,Nandi,15
2016-09-19,Nandi,12
2016-09-20,Nandi,30
2016-09-21,Nandi,40
2016-09-22,Nandi,24
2016-09-23,Nandi,50
2016-09-24,Nandi,28
2016-09-25,Nandi,12
2016-09-26,Nandi,35
2016-09-27,Nandi,25
2016-09-28,Nandi,29
2016-09-29,Nandi,24
2016-09-30,Nandi,27
2016-10-01,Nandi,19
2015-01-01,Baringo,26
2015-01-02,Baringo,43
2015-01-03,Baringo,30
2015-01-04,Baringo,48
2015-01-05,Baringo,11
2015-01-06,Baringo,25
2015-01-07,Baringo,20
2015-01-08,Baringo,32
2015-01-09,Baringo,22
2015-01-10,Baringo,27
2015-01-11,Baringo,27
2015-01-12,Baringo,47
2015-01-13,Baringo,31
2015-01-14,Baringo,31
2015-01-15,Baringo,30
2015-01-16,Baringo,31
2015-01-17,Baringo,29
2015-01-18,Baringo,32
2015-01-19,Baringo,12
2015-01-20,Baringo,18
2015-01-21,Baringo,14
2015-01-22,Baringo,43
2015-01-23,Baringo,30
2015-01-24,Baringo,16
2015-01-25,Baringo,18
2015-01-26,Baringo,9
2015-01-27,Baringo,15
2015-01-28,Baringo,5
2015-01-29,Baringo,16
2015-01-30,Baringo,15
2015-01-31,Baringo,48
2015-02-01,Baringo,52
2015-02-02,Baringo,42
2015-02-03,Baringo,18
2015-02-04,Baringo,38
2015-02-05,Baringo,29
2015-02-06,Baringo,27
2015-02-07,Baringo,48
2015-02-08,Baringo,29
2015-02-09,Baringo,29
2015-02-10,Baringo,31
2015-02-11,Baringo,27
2015-02-12,Baringo,17
2015-02-13,Baringo,32
2015-02-14,Baringo,9
2015-02-15,Baringo,25
2015-02-16,Baringo,20
2015-02-17,Baringo,29
2015-02-18,Baringo,14
2015-02-19,Baringo,31
2015-02-20,Baringo,41
2015-02-21,Baringo,45
2015-02-22,Baringo,26
2015-02-23,Baringo,47
2015-02-24,Baringo,21
2015-02-25,Baringo,20
2015-02-26,Baringo,39
2015-02-27,Baringo,21
2015-02-28,Baringo,31
2015-03-01,Baringo,35
2015-03-02,Baringo,19
2015-03-03,Baringo,17
2015-03-04,Baringo,23
2015-03-05,Baringo,18
2015-03-06,Baringo,24
2015-03-07,Baringo,46
2015-03-08,Baringo,8
2015-03-09,Baringo,30
2015-03-10,Baringo,31
2015-03-11,Baringo,29
2015-03-12,Baringo,32
2015-03-13,Baringo,37
2015-03-14,Baringo,36
2015-03-15,Baringo,43
2015-03-16,Baringo,44
2015-03-17,Baringo,47
2015-03-18,Baringo,17
2015-03-19,Baringo,15
2015-03-20,Baringo,42
2015-03-21,Baringo,40
2015-03-22,Baringo,54
2015-03-23,Baringo,48
2015-03-24,Baringo,44
2015-03-25,Baringo,33
2015-03-26,Baringo,15
2015-03-27,Baringo,27
2015-03-28,Baringo,26
2015-03-29,Baringo,31
2015-03-30,Baringo,23
2015-03-31,Baringo,30
2015-04-01,Baringo,39
2015-04-02,Baringo,28
2015-04-03,Baringo,33
2015-04-04,Baringo,40
2015-04-05,Baringo,36
2015-04-06,Baringo,34
2015-04-07,Baringo,20
2015-04-08,Baringo,29
2015-04-09,Baringo,21
2015-04-10,Baringo,24
2015-04-11,Baringo,26
2015-04-12,Baringo,36
2015-04-13,Baringo,17
2015-04-14,Baringo,49
2015-04-15,Baringo,51
2015-04-16,Baringo,6
2015-04-17,Baringo,25
2015-04-18,Baringo,37
2015-04-19,Baringo,23
2015-04-20,Baringo,39
2015-04-21,Baringo,17
2015-04-22,Baringo,20
2015-04-23,Baringo,46
2015-04-24,Baringo,45
2015-04-25,Baringo,44
2015-04-26,Baringo,27
2015-04-27,Baringo,20
2015-04-28,Baringo,33
2015-04-29,Baringo,14
2015-04-30,Baringo,21
2015-05-01,Baringo,6
2015-05-02,Baringo,35
2015-05-03,Baringo,2
2015-05-04,Baringo,14
2015-05-05,Baringo,27
2015-05-06,Baringo,20
2015-05-07,Baringo,46
2015-05-08,Baringo,10
2015-05-09,Baringo,26
2015-05-10,Baringo,47
2015-05-11,Baringo,29
2015-05-12,Baringo,30
2015-05-13,Baringo,42
2015-05-14,Baringo,16
2015-05-15,Baringo,34
2015-05-16,Baringo,23
2015-05-17,Baringo,34
2015-05-18,Baringo,35
2015-05-19,Baringo,36
2015-05-20,Baringo,32
2015-05-21,Baringo,46
2015-05-22,Baringo,26
2015-05-23,Baringo,30
2015-05-24,Baringo,34
2015-05-25,Baringo,29
2015-05-26,Baringo,23
2015-05-27,Baringo,38
2015-05-28,Baringo,31
2015-05-29,Baringo,25
2015-05-30,Baringo,51
2015-05-31,Baringo,25
2015-06-01,Baringo,28
2015-06-02,Baringo,30
2015-06-03,Baringo,29
2015-06-04,Baringo,35
2015-06-05,Baringo,38
2015-06-06,Baringo,18
2015-06-07,Baringo,34
2015-06-08,Baringo,20
2015-06-09,Baringo,12
2015-06-10,Baringo,28
2015-06-11,Baringo,39
2015-06-12,Baringo,23
2015-06-13,Baringo,33
2015-06-14,Baringo,30
2015-06-15,Baringo,31
2015-06-16,Baringo,13
2015-06-17,Baringo,41
2015-06-18,Baringo,40
2015-06-19,Baringo,27
2015-06-20,Baringo,22
2015-06-21,Baringo,38
2015-06-22,Baringo,0
2015-06-23,Baringo,22
2015-06-24,Baringo,22
2015-06-25,Baringo,25
2015-06-26,Baringo,6
2015-06-27,Baringo,49
2015-06-28,Baringo,44
2015-06-29,Baringo,0
2015-06-30,Baringo,22
2015-07-01,Baringo,19
2015-07-02,Baringo,33
2015-07-03,Baringo,28
2015-07-04,Baringo,22
2015-07-05,Baringo,25
2015-07-06,Baringo,28
2015-07-07,Baringo,37
2015-07-08,Baringo,42
2015-07-09,Baringo,45
2015-07-10,Baringo,34
2015-07-11,Baringo,12
2015-07-12,Baringo,36
2015-07-13,Baringo,29
2015-07-14,Baringo,26
2015-07-15,Baringo,32
2015-07-16,Baringo,22
2015-07-17,Baringo,15
2015-07-18,Baringo,42
2015-07-19,Baringo,18
2015-07-20,Baringo,19
2015-07-21,Baringo,20
2015-07-22,Baringo,6
2015-07-23,Baringo,16
2015-07-24,Baringo,27
2015-07-25,Baringo,28
2015-07-26,Baringo,37
2015-07-27,Baringo,31
2015-07-28,Baringo,25
2015-07-29,Baringo,27
2015-07-30,Baringo,47
2015-07-31,Baringo,31
2015-08-01,Baringo,16
2015-08-02,Baringo,17
2015-08-03,Baringo,24
2015-08-04,Baringo,23
2015-08-05,Baringo,22
2015-08-06,Baringo,41
2015-08-07,Baringo,30
2015-08-08,Baringo,11
2015-08-09,Baringo,19
2015-08-10,Baringo,40
2015-08-11,Baringo,27
2015-08-12,Baringo,22
2015-08-13,Baringo,44
2015-08-14,Baringo,39
2015-08-15,Baringo,25
2015-08-16,Baringo,38
2015-08-17,Baringo,17
2015-08-18,Baringo,24
2015-08-19,Baringo,16
2015-08-20,Baringo,28
2015-08-21,Baringo,41
2015-08-22,Baringo,28
2015-08-23,Baringo,26
2015-08-24,Baringo,22
2015-08-25,Baringo,22
2015-08-26,Baringo,25
2015-08-27,Baringo,36
2015-08-28,Baringo,30
2015-08-29,Baringo,14
2015-08-30,Baringo,31
2015-08-31,Baringo,25
2015-09-01,Baringo,4
2015-09-02,Baringo,9
2015-09-03,Baringo,24
2015-09-04,Baringo,25
2015-09-05,Baringo,23
2015-09-06,Baringo,28
2015-09-07,Baringo,20
2015-09-08,Baringo,28
2015-09-09,Baringo,49
2015-09-10,Baringo,32
2015-09-11,Baringo,37
2015-09-12,Baringo,0
2015-09-13,Baringo,28
2015-09-14,Baringo,34
2015-09-15,Baringo,17
2015-09-16,Baringo,38
2015-09-17,Baringo,35
2015-09-18,Baringo,36
2015-09-19,Baringo,13
2015-09-20,Baringo,20
2015-09-21,Baringo,18
2015-09-22,Baringo,13
2015-09-23,Baringo,21
2015-09-24,Baringo,20
2015-09-25,Baringo,31
2015-09-26,Baringo,26
2015-09-27,Baringo,28
2015-09-28,Baringo,41
2015-09-29,Baringo,19
2015-09-30,Baringo,35
2015-10-01,Baringo,33
2015-10-02,Baringo,23
2015-10-03,Baringo,40
2015-10-04,Baringo,39
2015-10-05,Baringo,25
2015-10-06,Baringo,42
2015-10-07,Baringo,30
2015-10-08,Baringo,23
2015-10-09,Baringo,35
2015-10-10,Baringo,14
2015-10-11,Baringo,33
2015-10-12,Baringo,36
2015-10-13,Baringo,23
2015-10-14,Baringo,26
2015-10-15,Baringo,14
2015-10-16,Baringo,23
2015-10-17,Baringo,39
2015-10-18,Baringo,42
2015-10-19,Baringo,27
2015-10-20,Baringo,46
2015-10-21,Baringo,10
2015-10-22,Baringo,33
2015-10-23,Baringo,38
2015-10-24,Baringo,19
2015-10-25,Baringo,42
2015-10-26,Baringo,36
2015-10-27,Baringo,7
2015-10-28,Baringo,15
2015-10-29,Baringo,46
2015-10-30,Baringo,34
2015-10-31,Baringo,33
2015-11-01,Baringo,6
2015-11-02,Baringo,38
2015-11-03,Baringo,27
2015-11-04,Baringo,45
2015-11-05,Baringo,22
2015-11-06,Baringo,16
2015-11-07,Baringo,18
2015-11-08,Baringo,29
2015-11-09,Baringo,34
2015-11-10,Baringo,26
2015-11-11,Baringo,40
2015-11-12,Baringo,20
2015-11-13,Baringo,24
2015-11-14,Baringo,35
2015-11-15,Baringo,19
2015-11-16,Baringo,30
2015-11-17,Baringo,19
2015-11-18,Baringo,45
2015-11-19,Baringo,22
2015-11-20,Baringo,27
2015-11-21,Baringo,22
2015-11-22,Baringo,25
2015-11-23,Baringo,24
2015-11-24,Baringo,27
2015-11-25,Baringo,39
2015-11-26,Baringo,33
2015-11-27,Baringo,23
2015-11-28,Baringo,19
2015-11-29,Baringo,15
2015-11-30,Baringo,37
2015-12-01,Baringo,22
2015-12-02,Baringo,27
2015-12-03,Baringo,27
2015-12-04,Baringo,25
2015-12-05,Baringo,31
2015-12-06,Baringo,41
2015-12-07,Baringo,33
2015-12-08,Baringo,13
2015-12-09,Baringo,47
2015-12-10,Baringo,34
2015-12-11,Baringo,37
2015-12-12,Baringo,9
2015-12-13,Baringo,37
2015-12-14,Baringo,28
2015-12-15,Baringo,28
2015-12-16,Baringo,31
2015-12-17,Baringo,31
2015-12-18,Baringo,18
2015-12-19,Baringo,23
2015-12-20,Baringo,23
2015-12-21,Baringo,51
2015-12-22,Baringo,39
2015-12-23,Baringo,29
2015-12-24,Baringo,26
2015-12-25,Baringo,34
2015-12-26,Baringo,11
2015-12-27,Baringo,33
2015-12-28,Baringo,30
2015-12-29,Baringo,19
2015-12-30,Baringo,42
2015-12-31,Baringo,22
2016-01-01,Baringo,15
2016-01-02,Baringo,36
2016-01-03,Baringo,21
2016-01-04,Baringo,22
2016-01-05,Baringo,12
2016-01-06,Baringo,38
2016-01-07,Baringo,19
2016-01-08,Baringo,21
2016-01-09,Baringo,17
2016-01-10,Baringo,45
2016-01-11,Baringo,37
2016-01-12,Baringo,21
2016-01-13,Baringo,28
2016-01-14,Baringo,23
2016-01-15,Baringo,31
2016-01-16,Baringo,49
2016-01-17,Baringo,21
2016-01-18,Baringo,22
2016-01-19,Baringo,23
2016-01-20,Baringo,31
2016-01-21,Baringo,47
2016-01-22,Baringo,22
2016-01-23,Baringo,4
2016-01-24,Baringo,40
2016-01-25,Baringo,28
2016-01-26,Baringo,26
2016-01-27,Baringo,21
2016-01-28,Baringo,18
2016-01-29,Baringo,19
2016-01-30,Baringo,34
2016-01-31,Baringo,11
2016-02-01,Baringo,12
2016-02-02,Baringo,39
2016-02-03,Baringo,33
2016-02-04,Baringo,33
2016-02-05,Baringo,23
2016-02-06,Baringo,38
2016-02-07,Baringo,41
2016-02-08,Baringo,40
2016-02-09,Baringo,21
2016-02-10,Baringo,8
2016-02-11,Baringo,16
2016-02-12,Baringo,10
2016-02-13,Baringo,24
2016-02-14,Baringo,12
2016-02-15,Baringo,25
2016-02-16,Baringo,43
2016-02-17,Baringo,24
2016-02-18,Baringo,4
2016-02-19,Baringo,2
2016-02-20,Baringo,38
2016-02-21,Baringo,26
2016-02-22,Baringo,25
2016-02-23,Baringo,43
2016-02-24,Baringo,38
2016-02-25,Baringo,17
2016-02-26,Baringo,16
2016-02-27,Baringo,39
2016-02-28,Baringo,32
2016-02-29,Baringo,28
2016-03-01,Baringo,28
2016-03-02,Baringo,46
2016-03-03,Baringo,21
2016-03-04,Baringo,29
2016-03-05,Baringo,37
2016-03-06,Baringo,14
2016-03-07,Baringo,23
2016-03-08,Baringo,23
2016-03-09,Baringo,20
2016-03-10,Baringo,47
2016-03-11,Baringo,30
2016-03-12,Baringo,24
2016-03-13,Baringo,18
2016-03-14,Baringo,24
2016-03-15,Baringo,26
2016-03-16,Baringo,32
2016-03-17,Baringo,39
2016-03-18,Baringo,32
2016-03-19,Baringo,25
2016-03-20,Baringo,39
2016-03-21,Baringo,21
2016-03-22,Baringo,14
2016-03-23,Baringo,29
2016-03-24,Baringo,39
2016-03-25,Baringo,21
2016-03-26,Baringo,25
2016-03-27,Baringo,49
2016-03-28,Baringo,65
2016-03-29,Baringo,37
2016-03-30,Baringo,44
2016-03-31,Baringo,38
2016-04-01,Baringo,24
2016-04-02,Baringo,20
2016-04-03,Baringo,37
2016-04-04,Baringo,54
2016-04-05,Baringo,16
2016-04-06,Baringo,39
2016-04-07,Baringo,28
2016-04-08,Baringo,29
2016-04-09,Baringo,44
2016-04-10,Baringo,14
2016-04-11,Baringo,43
2016-04-12,Baringo,41
2016-04-13,Baringo,40
2016-04-14,Baringo,41
2016-04-15,Baringo,42
2016-04-16,Baringo,39
2016-04-17,Baringo,21
2016-04-18,Baringo,27
2016-04-19,Baringo,28
2016-04-20,Baringo,26
2016-04-21,Baringo,25
2016-04-22,Baringo,37
2016-04-23,Baringo,37
2016-04-24,Baringo,17
2016-04-25,Baringo,48
2016-04-26,Baringo,21
2016-04-27,Baringo,16
2016-04-28,Baringo,28
2016-04-29,Baringo,24
2016-04-30,Baringo,33
2016-05-01,Baringo,43
2016-05-02,Baringo,42
2016-05-03,Baringo,38
2016-05-04,Baringo,2
2016-05-05,Baringo,21
2016-05-06,Baringo,25
2016-05-07,Baringo,40
2016-05-08,Baringo,20
2016-05-09,Baringo,17
2016-05-10,Baringo,41
2016-05-11,Baringo,24
2016-05-12,Baringo,26
2016-05-13,Baringo,22
2016-05-14,Baringo,24
2016-05-15,Baringo,30
2016-05-16,Baringo,30
2016-05-17,Baringo,29
2016-05-18,Baringo,36
2016-05-19,Baringo,28
2016-05-20,Baringo,29
2016-05-21,Baringo,44
2016-05-22,Baringo,15
2016-05-23,Baringo,22
2016-05-24,Baringo,32
2016-05-25,Baringo,31
2016-05-26,Baringo,25
2016-05-27,Baringo,17
2016-05-28,Baringo,38
2016-05-29,Baringo,28
2016-05-30,Baringo,27
2016-05-31,Baringo,23
2016-06-01,Baringo,26
2016-06-02,Baringo,20
2016-06-03,Baringo,38
2016-06-04,Baringo,30
2016-06-05,Baringo,37
2016-06-06,Baringo,36
2016-06-07,Baringo,13
2016-06-08,Baringo,40
2016-06-09,Baringo,14
2016-06-10,Baringo,25
2016-06-11,Baringo,24
2016-06-12,Baringo,21
2016-06-13,Baringo,35
2016-06-14,Baringo,37
2016-06-15,Baringo,15
2016-06-16,Baringo,23
2016-06-17,Baringo,41
2016-06-18,Baringo,27
2016-06-19,Baringo,42
2016-06-20,Baringo,30
2016-06-21,Baringo,28
2016-06-22,Baringo,30
2016-06-23,Baringo,17
2016-06-24,Baringo,34
2016-06-25,Baringo,27
2016-06-26,Baringo,9
2016-06-27,Baringo,19
2016-06-28,Baringo,32
2016-06-29,Baringo,16
2016-06-30,Baringo,17
2016-07-01,Baringo,22
2016-07-02,Baringo,33
2016-07-03,Baringo,5
2016-07-04,Baringo,24
2016-07-05,Baringo,32
2016-07-06,Baringo,18
2016-07-07,Baringo,49
2016-07-08,Baringo,36
2016-07-09,Baringo,18
2016-07-10,Baringo,21
2016-07-11,Baringo,17
2016-07-12,Baringo,42
2016-07-13,Baringo,34
2016-07-14,Baringo,20
2016-07-15,Baringo,35
2016-07-16,Baringo,24
2016-07-17,Baringo,32
2016-07-18,Baringo,31
2016-07-19,Baringo,28
2016-07-20,Baringo,22
2016-07-21,Baringo,26
2016-07-22,Baringo,20
2016-07-23,Baringo,44
2016-07-24,Baringo,29
2016-07-25,Baringo,11
2016-07-26,Baringo,13
2016-07-27,Baringo,13
2016-07-28,Baringo,34
2016-07-29,Baringo,26
2016-07-30,Baringo,24
2016-07-31,Baringo,25
2016-08-01,Baringo,26
2016-08-02,Baringo,20
2016-08-03,Baringo,25
2016-08-04,Baringo,24
2016-08-05,Baringo,48
2016-08-06,Baringo,21
2016-08-07,Baringo,23
2016-08-08,Baringo,39
2016-08-09,Baringo,47
2016-08-10,Baringo,28
2016-08-11,Baringo,33
2016-08-12,Baringo,28
2016-08-13,Baringo,20
2016-08-14,Baringo,3
2016-08-15,Baringo,24
2016-08-16,Baringo,21
2016-08-17,Baringo,51
2016-08-18,Baringo,27
2016-08-19,Baringo,25
2016-08-20,Baringo,28
2016-08-21,Baringo,22
2016-08-22,Baringo,36
2016-08-23,Baringo,41
2016-08-24,Baringo,13
2016-08-25,Baringo,18
2016-08-26,Baringo,13
2016-08-27,Baringo,21
2016-08-28,Baringo,31
2016-08-29,Baringo,36
2016-08-30,Baringo,17
2016-08-31,Baringo,17
2016-09-01,Baringo,25
2016-09-02,Baringo,19
2016-09-03,Baringo,11
2016-09-04,Baringo,36
2016-09-05,Baringo,26
2016-09-06,Baringo,30
2016-09-07,Baringo,37
2016-09-08,Baringo,48
2016-09-09,Baringo,6
2016-09-10,Baringo,30
2016-09-11,Baringo,30
2016-09-12,Baringo,5
2016-09-13,Baringo,21
2016-09-14,Baringo,29
2016-09-15,Baringo,15
2016-09-16,Baringo,36
2016-09-17,Baringo,29
2016-09-18,Baringo,23
2016-09-19,Baringo,16
2016-09-20,Baringo,46
2016-09-21,Baringo,24
2016-09-22,Baringo,13
2016-09-23,Baringo,36
2016-09-24,Baringo,11
2016-09-25,Baringo,32
2016-09-26,Baringo,22
2016-09-27,Baringo,27
2016-09-28,Baringo,6
2016-09-29,Baringo,35
2016-09-30,Baringo,40
2016-10-01,Baringo,26
2015-01-01,Laikipia,21
2015-01-02,Laikipia,34
2015-01-03,Laikipia,22
2015-01-04,Laikipia,32
2015-01-05,Laikipia,31
2015-01-06,Laikipia,33
2015-01-07,Laikipia,21
2015-01-08,Laikipia,15
2015-01-09,Laikipia,25
2015-01-10,Laikipia,36
2015-01-11,Laikipia,33
2015-01-12,Laikipia,28
2015-01-13,Laikipia,30
2015-01-14,Laikipia,42
2015-01-15,Laikipia,26
2015-01-16,Laikipia,22
2015-01-17,Laikipia,7
2015-01-18,Laikipia,41
2015-01-19,Laikipia,35
2015-01-20,Laikipia,17
2015-01-21,Laikipia,16
2015-01-22,Laikipia,47
2015-01-23,Laikipia,35
2015-01-24,Laikipia,20
2015-01-25,Laikipia,8
2015-01-26,Laikipia,44
2015-01-27,Laikipia,22
2015-01-28,Laikipia,39
2015-01-29,Laikipia,45
2015-01-30,Laikipia,39
2015-01-31,Laikipia,3
2015-02-01,Laikipia,31
2015-02-02,Laikipia,35
2015-02-03,Laikipia,20
2015-02-04,Laikipia,0
2015-02-05,Laikipia,31
2015-02-06,Laikipia,17
2015-02-07,Laikipia,37
2015-02-08,Laikipia,26
2015-02-09,Laikipia,18
2015-02-10,Laikipia,31
2015-02-11,Laikipia,27
2015-02-12,Laikipia,27
2015-02-13,Laikipia,30
2015-02-14,Laikipia,36
2015-02-15,Laikipia,29
2015-02-16,Laikipia,33
2015-02-17,Laikipia,42
2015-02-18,Laikipia,24
2015-02-19,Laikipia,34
2015-02-20,Laikipia,21
2015-02-21,Laikipia,11
2015-02-22,Laikipia,28
2015-02-23,Laikipia,32
2015-02-24,Laikipia,25
2015-02-25,Laikipia,9
2015-02-26,Laikipia,25
2015-02-27,Laikipia,40
2015-02-28,Laikipia,32
2015-03-01,Laikipia,19
2015-03-02,Laikipia,38
2015-03-03,Laikipia,21
2015-03-04,Laikipia,16
2015-03-05,Laikipia,3
2015-03-06,Laikipia,34
2015-03-07,Laikipia,23
2015-03-08,Laikipia,38
2015-03-09,Laikipia,24
2015-03-10,Laikipia,24
2015-03-11,Laikipia,27
2015-03-12,Laikipia,25
2015-03-13,Laikipia,20
2015-03-14,Laikipia,35
2015-03-15,Laikipia,58
2015-03-16,Laikipia,33
2015-03-17,Laikipia,31
2015-03-18,Laikipia,30
2015-03-19,Laikipia,42
2015-03-20,Laikipia,29
2015-03-21,Laikipia,27
2015-03-22,Laikipia,44
2015-03-23,Laikipia,28
2015-03-24,Laikipia,27
2015-03-25,Laikipia,20
2015-03-26,Laikipia,21
2015-03-27,Laikipia,30
2015-03-28,Laikipia,34
2015-03-29,Laikipia,6
2015-03-30,Laikipia,28
2015-03-31,Laikipia,37
2015-04-01,Laikipia,41
2015-04-02,Laikipia,33
2015-04-03,Laikipia,25
2015-04-04,Laikipia,21
2015-04-05,Laikipia,25
2015-04-06,Laikipia,38
2015-04-07,Laikipia,37
2015-04-08,Laikipia,25
2015-04-09,Laikipia,32
2015-04-10,Laikipia,41
2015-04-11,Laikipia,25
2015-04-12,Laikipia,23
2015-04-13,Laikipia,18
2015-04-14,Laikipia,31
2015-04-15,Laikipia,24
2015-04-16,Laikipia,44
2015-04-17,Laikipia,31
2015-04-18,Laikipia,37
2015-04-19,Laikipia,15
2015-04-20,Laikipia,21
2015-04-21,Laikipia,48
2015-04-22,Laikipia,15
2015-04-23,Laikipia,26
2015-04-24,Laikipia,46
2015-04-25,Laikipia,54
2015-04-26,Laikipia,33
2015-04-27,Laikipia,27
2015-04-28,Laikipia,33
2015-04-29,Laikipia,25
2015-04-30,Laikipia,12
2015-05-01,Laikipia,31
2015-05-02,Laikipia,41
2015-05-03,Laikipia,31
2015-05-04,Laikipia,15
2015-05-05,Laikipia,37
2015-05-06,Laikipia,20
2015-05-07,Laikipia,26
2015-05-08,Laikipia,40
2015-05-09,Laikipia,34
2015-05-10,Laikipia,28
2015-05-11,Laikipia,34
2015-05-12,Laikipia,38
2015-05-13,Laikipia,23
2015-05-14,Laikipia,33
2015-05-15,Laikipia,43
2015-05-16,Laikipia,22
2015-05-17,Laikipia,20
2015-05-18,Laikipia,34
2015-05-19,Laikipia,28
2015-05-20,Laikipia,28
2015-05-21,Laikipia,65
2015-05-22,Laikipia,44
2015-05-23,Laikipia,37
2015-05-24,Laikipia,37
2015-05-25,Laikipia,15
2015-05-26,Laikipia,34
2015-05-27,Laikipia,33
2015-05-28,Laikipia,30
2015-05-29,Laikipia,53
2015-05-30,Laikipia,44
2015-05-31,Laikipia,36
2015-06-01,Laikipia,33
2015-06-02,Laikipia,15
2015-06-03,Laikipia,42
2015-06-04,Laikipia,20
2015-06-05,Laikipia,23
2015-06-06,Laikipia,20
2015-06-07,Laikipia,25
2015-06-08,Laikipia,37
2015-06-09,Laikipia,34
2015-06-10,Laikipia,24
2015-06-11,Laikipia,20
2015-06-12,Laikipia,8
2015-06-13,Laikipia,33
2015-06-14,Laikipia,16
2015-06-15,Laikipia,30
2015-06-16,Laikipia,22
2015-06-17,Laikipia,21
2015-06-18,Laikipia,40
2015-06-19,Laikipia,10
2015-06-20,Laikipia,33
2015-06-21,Laikipia,33
2015-06-22,Laikipia,23
2015-06-23,Laikipia,42
2015-06-24,Laikipia,22
2015-06-25,Laikipia,31
2015-06-26,Laikipia,28
2015-06-27,Laikipia,31
2015-06-28,Laikipia,28
2015-06-29,Laikipia,7
2015-06-30,Laikipia,27
2015-07-01,Laikipia,35
2015-07-02,Laikipia,37
2015-07-03,Laikipia,20
2015-07-04,Laikipia,30
2015-07-05,Laikipia,32
2015-07-06,Laikipia,33
2015-07-07,Laikipia,23
2015-07-08,Laikipia,9
2015-07-09,Laikipia,25
2015-07-10,Laikipia,38
2015-07-11,Laikipia,0
2015-07-12,Laikipia,24
2015-07-13,Laikipia,23
2015-07-14,Laikipia,31
2015-07-15,Laikipia,17
2015-07-16,Laikipia,29
2015-07-17,Laikipia,9
2015-07-18,Laikipia,20
2015-07-19,Laikipia,36
2015-07-20,Laikipia,1
2015-07-21,Laikipia,22
2015-07-22,Laikipia,24
2015-07-23,Laikipia,16
2015-07-24,Laikipia,31
2015-07-25,Laikipia,22
2015-07-26,Laikipia,30
2015-07-27,Laikipia,23
2015-07-28,Laikipia,37
2015-07-29,Laikipia,31
2015-07-30,Laikipia,14
2015-07-31,Laikipia,15
2015-08-01,Laikipia,33
2015-08-02,Laikipia,13
2015-08-03,Laikipia,46
2015-08-04,Laikipia,22
2015-08-05,Laikipia,10
2015-08-06,Laikipia,33
2015-08-07,Laikipia,13
2015-08-08,Laikipia,21
2015-08-09,Laikipia,30
2015-08-10,Laikipia,45
2015-08-11,Laikipia,30
2015-08-12,Laikipia,28
2015-08-13,Laikipia,28
2015-08-14,Laikipia,21
2015-08-15,Laikipia,10
2015-08-16,Laikipia,33
2015-08-17,Laikipia,28
2015-08-18,Laikipia,19
2015-08-19,Laikipia,40
2015-08-20,Laikipia,17
2015-08-21,Laikipia,27
2015-08-22,Laikipia,19
2015-08-23,Laikipia,17
2015-08-24,Laikipia,19
2015-08-25,Laikipia,45
2015-08-26,Laikipia,31
2015-08-27,Laikipia,28
2015-08-28,Laikipia,45
2015-08-29,Laikipia,16
2015-08-30,Laikipia,22
2015-08-31,Laikipia,21
2015-09-01,Laikipia,26
2015-09-02,Laikipia,19
2015-09-03,Laikipia,34
2015-09-04,Laikipia,27
2015-09-05,Laikipia,16
2015-09-06,Laikipia,28
2015-09-07,Laikipia,21
2015-09-08,Laikipia,43
2015-09-09,Laikipia,21
2015-09-10,Laikipia,24
2015-09-11,Laikipia,37
2015-09-12,Laikipia,29
2015-09-13,Laikipia,50
2015-09-14,Laikipia,28
2015-09-15,Laikipia,16
2015-09-16,Laikipia,4
2015-09-17,Laikipia,26
2015-09-18,Laikipia,26
2015-09-19,Laikipia,33
2015-09-20,Laikipia,33
2015-09-21,Laikipia,9
2015-09-22,Laikipia,20
2015-09-23,Laikipia,42
2015-09-24,Laikipia,26
2015-09-25,Laikipia,27
2015-09-26,Laikipia,20
2015-09-27,Laikipia,14
2015-09-28,Laikipia,42
2015-09-29,Laikipia,29
2015-09-30,Laikipia,26
2015-10-01,Laikipia,20
2015-10-02,Laikipia,31
2015-10-03,Laikipia,20
2015-10-04,Laikipia,41
2015-10-05,Laikipia,48
2015-10-06,Laikipia,38
2015-10-07,Laikipia,33
2015-10-08,Laikipia,31
2015-10-09,Laikipia,38
2015-10-10,Laikipia,12
2015-10-11,Laikipia,58
2015-10-12,Laikipia,29
2015-10-13,Laikipia,23
2015-10-14,Laikipia,32
2015-10-15,Laikipia,27
2015-10-16,Laikipia,49
2015-10-17,Laikipia,29
2015-10-18,Laikipia,32
2015-10-19,Laikipia,24
2015-10-20,Laikipia,14
2015-10-21,Laikipia,27
2015-10-22,Laikipia,30
2015-10-23,Laikipia,31
2015-10-24,Laikipia,25
2015-10-25,Laikipia,40
2015-10-26,Laikipia,36
2015-10-27,Laikipia,26
2015-10-28,Laikipia,14
2015-10-29,Laikipia,20
2015-10-30,Laikipia,24
2015-10-31,Laikipia,18
2015-11-01,Laikipia,55
2015-11-02,Laikipia,24
2015-11-03,Laikipia,31
2015-11-04,Laikipia,21
2015-11-05,Laikipia,37
2015-11-06,Laikipia,24
2015-11-07,Laikipia,21
2015-11-08,Laikipia,20
2015-11-09,Laikipia,24
2015-11-10,Laikipia,26
2015-11-11,Laikipia,23
2015-11-12,Laikipia,13
2015-11-13,Laikipia,33
2015-11-14,Laikipia,11
2015-11-15,Laikipia,47
2015-11-16,Laikipia,38
2015-11-17,Laikipia,29
2015-11-18,Laikipia,46
2015-11-19,Laikipia,27
2015-11-20,Laikipia,18
2015-11-21,Laikipia,26
2015-11-22,Laikipia,31
2015-11-23,Laikipia,45
2015-11-24,Laikipia,15
2015-11-25,Laikipia,19
2015-11-26,Laikipia,43
2015-11-27,Laikipia,20
2015-11-28,Laikipia,34
2015-11-29,Laikipia,20
2015-11-30,Laikipia,34
2015-12-01,Laikipia,42
2015-12-02,Laikipia,25
2015-12-03,Laikipia,25
2015-12-04,Laikipia,24
2015-12-05,Laikipia,20
2015-12-06,Laikipia,30
2015-12-07,Laikipia,24
2015-12-08,Laikipia,27
2015-12-09,Laikipia,48
2015-12-10,Laikipia,13
2015-12-11,Laikipia,42
2015-12-12,Laikipia,22
2015-12-13,Laikipia,9
2015-12-14,Laikipia,23
2015-12-15,Laikipia,37
2015-12-16,Laikipia,26
2015-12-17,Laikipia,34
2015-12-18,Laikipia,18
2015-12-19,Laikipia,38
2015-12-20,Laikipia,24
2015-12-21,Laikipia,35
2015-12-22,Laikipia,40
2015-12-23,Laikipia,14
2015-12-24,Laikipia,36
2015-12-25,Laikipia,37
2015-12-26,Laikipia,13
2015-12-27,Laikipia,2
2015-12-28,Laikipia,30
2015-12-29,Laikipia,34
2015-12-30,Laikipia,35
2015-12-31,Laikipia,24
2016-01-01,Laikipia,27
2016-01-02,Laikipia,40
2016-01-03,Laikipia,33
2016-01-04,Laikipia,31
2016-01-05,Laikipia,39
2016-01-06,Laikipia,27
2016-01-07,Laikipia,28
2016-01-08,Laikipia,6
2016-01-09,Laikipia,34
2016-01-10,Laikipia,30
2016-01-11,Laikipia,32
2016-01-12,Laikipia,30
2016-01-13,Laikipia,29
2016-01-14,Laikipia,50
2016-01-15,Laikipia,33
2016-01-16,Laikipia,20
2016-01-17,Laikipia,16
2016-01-18,Laikipia,28
2016-01-19,Laikipia,14
2016-01-20,Laikipia,32
2016-01-21,Laikipia,23
2016-01-22,Laikipia,32
2016-01-23,Laikipia,21
2016-01-24,Laikipia,28
2016-01-25,Laikipia,32
2016-01-26,Laikipia,25
2016-01-27,Laikipia,23
2016-01-28,Laikipia,13
2016-01-29,Laikipia,48
2016-01-30,Laikipia,18
2016-01-31,Laikipia,8
2016-02-01,Laikipia,8
2016-02-02,Laikipia,15
2016-02-03,Laikipia,21
2016-02-04,Laikipia,29
2016-02-05,Laikipia,22
2016-02-06,Laikipia,42
2016-02-07,Laikipia,22
2016-02-08,Laikipia,26
2016-02-09,Laikipia,0
2016-02-10,Laikipia,29
2016-02-11,Laikipia,23
2016-02-12,Laikipia,21
2016-02-13,Laikipia,19
2016-02-14,Laikipia,31
2016-02-15,Laikipia,35
2016-02-16,Laikipia,44
2016-02-17,Laikipia,21
2016-02-18,Laikipia,13
2016-02-19,Laikipia,23
2016-02-20,Laikipia,34
2016-02-21,Laikipia,34
2016-02-22,Laikipia,18
2016-02-23,Laikipia,28
2016-02-24,Laikipia,34
2016-02-25,Laikipia,33
2016-02-26,Laikipia,18
2016-02-27,Laikipia,11
2016-02-28,Laikipia,27
2016-02-29,Laikipia,25
2016-03-01,Laikipia,39
2016-03-02,Laikipia,29
2016-03-03,Laikipia,20
2016-03-04,Laikipia,60
2016-03-05,Laikipia,35
2016-03-06,Laikipia,36
2016-03-07,Laikipia,35
2016-03-08,Laikipia,49
2016-03-09,Laikipia,25
2016-03-10,Laikipia,29
2016-03-11,Laikipia,30
2016-03-12,Laikipia,37
2016-03-13,Laikipia,15
2016-03-14,Laikipia,41
2016-03-15,Laikipia,24
2016-03-16,Laikipia,33
2016-03-17,Laikipia,23
2016-03-18,Laikipia,33
2016-03-19,Laikipia,21
2016-03-20,Laikipia,39
2016-03-21,Laikipia,43
2016-03-22,Laikipia,32
2016-03-23,Laikipia,25
2016-03-24,Laikipia,26
2016-03-25,Laikipia,27
2016-03-26,Laikipia,38
2016-03-27,Laikipia,50
2016-03-28,Laikipia,30
2016-03-29,Laikipia,31
2016-03-30,Laikipia,21
2016-03-31,Laikipia,27
2016-04-01,Laikipia,14
2016-04-02,Laikipia,49
2016-04-03,Laikipia,16
2016-04-04,Laikipia,47
2016-04-05,Laikipia,38
2016-04-06,Laikipia,40
2016-04-07,Laikipia,35
2016-04-08,Laikipia,21
2016-04-09,Laikipia,66
2016-04-10,Laikipia,34
2016-04-11,Laikipia,17
2016-04-12,Laikipia,41
2016-04-13,Laikipia,6
2016-04-14,Laikipia,46
2016-04-15,Laikipia,37
2016-04-16,Laikipia,30
2016-04-17,Laikipia,47
2016-04-18,Laikipia,13
2016-04-19,Laikipia,38
2016-04-20,Laikipia,30
2016-04-21,Laikipia,28
2016-04-22,Laikipia,33
2016-04-23,Laikipia,49
2016-04-24,Laikipia,42
2016-04-25,Laikipia,36
2016-04-26,Laikipia,34
2016-04-27,Laikipia,38
2016-04-28,Laikipia,22
2016-04-29,Laikipia,20
2016-04-30,Laikipia,31
2016-05-01,Laikipia,30
2016-05-02,Laikipia,22
2016-05-03,Laikipia,46
2016-05-04,Laikipia,13
2016-05-05,Laikipia,45
2016-05-06,Laikipia,19
2016-05-07,Laikipia,43
2016-05-08,Laikipia,43
2016-05-09,Laikipia,23
2016-05-10,Laikipia,24
2016-05-11,Laikipia,41
2016-05-12,Laikipia,50
2016-05-13,Laikipia,10
2016-05-14,Laikipia,35
2016-05-15,Laikipia,35
2016-05-16,Laikipia,32
2016-05-17,Laikipia,36
2016-05-18,Laikipia,33
2016-05-19,Laikipia,45
2016-05-20,Laikipia,21
2016-05-21,Laikipia,40
2016-05-22,Laikipia,50
2016-05-23,Laikipia,21
2016-05-24,Laikipia,22
2016-05-25,Laikipia,53
2016-05-26,Laikipia,34
2016-05-27,Laikipia,28
2016-05-28,Laikipia,29
2016-05-29,Laikipia,40
2016-05-30,Laikipia,21
2016-05-31,Laikipia,28
2016-06-01,Laikipia,13
2016-06-02,Laikipia,30
2016-06-03,Laikipia,29
2016-06-04,Laikipia,21
2016-06-05,Laikipia,1
2016-06-06,Laikipia,9
2016-06-07,Laikipia,6
2016-06-08,Laikipia,16
2016-06-09,Laikipia,18
2016-06-10,Laikipia,20
2016-06-11,Laikipia,38
2016-06-12,Laikipia,19
2016-06-13,Laikipia,24
2016-06-14,Laikipia,46
2016-06-15,Laikipia,21
2016-06-16,Laikipia,19
2016-06-17,Laikipia,31
2016-06-18,Laikipia,19
2016-06-19,Laikipia,13
2016-06-20,Laikipia,34
2016-06-21,Laikipia,35
2016-06-22,Laikipia,29
2016-06-23,Laikipia,29
2016-06-24,Laikipia,43
2016-06-25,Laikipia,9
2016-06-26,Laikipia,29
2016-06-27,Laikipia,18
2016-06-28,Laikipia,20
2016-06-29,Laikipia,8
2016-06-30,Laikipia,13
2016-07-01,Laikipia,36
2016-07-02,Laikipia,20
2016-07-03,Laikipia,33
2016-07-04,Laikipia,29
2016-07-05,Laikipia,14
2016-07-06,Laikipia,42
2016-07-07,Laikipia,52
2016-07-08,Laikipia,14
2016-07-09,Laikipia,36
2016-07-10,Laikipia,20
2016-07-11,Laikipia,38
2016-07-12,Laikipia,34
2016-07-13,Laikipia,19
2016-07-14,Laikipia,28
2016-07-15,Laikipia,34
2016-07-16,Laikipia,21
2016-07-17,Laikipia,11
2016-07-18,Laikipia,28
2016-07-19,Laikipia,16
2016-07-20,Laikipia,24
2016-07-21,Laikipia,31
2016-07-22,Laikipia,23
2016-07-23,Laikipia,12
2016-07-24,Laikipia,19
2016-07-25,Laikipia,41
2016-07-26,Laikipia,35
2016-07-27,Laikipia,29
2016-07-28,Laikipia,33
2016-07-29,Laikipia,30
2016-07-30,Laikipia,18
2016-07-31,Laikipia,31
2016-08-01,Laikipia,20
2016-08-02,Laikipia,11
2016-08-03,Laikipia,19
2016-08-04,Laikipia,21
2016-08-05,Laikipia,31
2016-08-06,Laikipia,36
2016-08-07,Laikipia,24
2016-08-08,Laikipia,28
2016-08-09,Laikipia,13
2016-08-10,Laikipia,25
2016-08-11,Laikipia,42
2016-08-12,Laikipia,25
2016-08-13,Laikipia,27
2016-08-14,Laikipia,22
2016-08-15,Laikipia,28
2016-08-16,Laikipia,25
2016-08-17,Laikipia,19
2016-08-18,Laikipia,19
2016-08-19,Laikipia,24
2016-08-20,Laikipia,35
2016-08-21,Laikipia,27
2016-08-22,Laikipia,14
2016-08-23,Laikipia,33
2016-08-24,Laikipia,22
2016-08-25,Laikipia,17
2016-08-26,Laikipia,38
2016-08-27,Laikipia,25
2016-08-28,Laikipia,36
2016-08-29,Laikipia,41
2016-08-30,Laikipia,11
2016-08-31,Laikipia,25
2016-09-01,Laikipia,32
2016-09-02,Laikipia,24
2016-09-03,Laikipia,52
2016-09-04,Laikipia,33
2016-09-05,Laikipia,16
2016-09-06,Laikipia,30
2016-09-07,Laikipia,23
2016-09-08,Laikipia,11
2016-09-09,Laikipia,27
2016-09-10,Laikipia,32
2016-09-11,Laikipia,40
2016-09-12,Laikipia,34
2016-09-13,Laikipia,17
2016-09-14,Laikipia,25
2016-09-15,Laikipia,19
2016-09-16,Laikipia,31
2016-09-17,Laikipia,42
2016-09-18,Laikipia,24
2016-09-19,Laikipia,23
2016-09-20,Laikipia,33
2016-09-21,Laikipia,30
2016-09-22,Laikipia,11
2016-09-23,Laikipia,33
2016-09-24,Laikipia,38
2016-09-25,Laikipia,27
2016-09-26,Laikipia,16
2016-09-27,Laikipia,23
2016-09-28,Laikipia,31
2016-09-29,Laikipia,41
2016-09-30,Laikipia,34
2016-10-01,Laikipia,27
2015-01-01,Nakuru,21
2015-01-02,Nakuru,43
2015-01-03,Nakuru,28
2015-01-04,Nakuru,34
2015-01-05,Nakuru,31
2015-01-06,Nakuru,38
2015-01-07,Nakuru,35
2015-01-08,Nakuru,24
2015-01-09,Nakuru,12
2015-01-10,Nakuru,41
2015-01-11,Nakuru,2
2015-01-12,Nakuru,23
2015-01-13,Nakuru,25
2015-01-14,Nakuru,20
2015-01-15,Nakuru,13
2015-01-16,Nakuru,30
2015-01-17,Nakuru,8
2015-01-18,Nakuru,12
2015-01-19,Nakuru,26
2015-01-20,Nakuru,10
2015-01-21,Nakuru,30
2015-01-22,Nakuru,38
2015-01-23,Nakuru,30
2015-01-24,Nakuru,14
2015-01-25,Nakuru,37
2015-01-26,Nakuru,35
2015-01-27,Nakuru,11
2015-01-28,Nakuru,44
2015-01-29,Nakuru,21
2015-01-30,Nakuru,29
2015-01-31,Nakuru,33
2015-02-01,Nakuru,14
2015-02-02,Nakuru,21
2015-02-03,Nakuru,22
2015-02-04,Nakuru,28
2015-02-05,Nakuru,22
2015-02-06,Nakuru,43
2015-02-07,Nakuru,18
2015-02-08,Nakuru,22
2015-02-09,Nakuru,51
2015-02-10,Nakuru,46
2015-02-11,Nakuru,36
2015-02-12,Nakuru,26
2015-02-13,Nakuru,26
2015-02-14,Nakuru,32
2015-02-15,Nakuru,24
2015-02-16,Nakuru,44
2015-02-17,Nakuru,38
2015-02-18,Nakuru,35
2015-02-19,Nakuru,44
2015-02-20,Nakuru,36
2015-02-21,Nakuru,25
2015-02-22,Nakuru,34
2015-02-23,Nakuru,42
2015-02-24,Nakuru,27
2015-02-25,Nakuru,39
2015-02-26,Nakuru,6
2015-02-27,Nakuru,15
2015-02-28,Nakuru,15
2015-03-01,Nakuru,48
2015-03-02,Nakuru,13
2015-03-03,Nakuru,30
2015-03-04,Nakuru,31
2015-03-05,Nakuru,14
2015-03-06,Nakuru,32
2015-03-07,Nakuru,22
2015-03-08,Nakuru,26
2015-03-09,Nakuru,34
2015-03-10,Nakuru,29
2015-03-11,Nakuru,36
2015-03-12,Nakuru,23
2015-03-13,Nakuru,33
2015-03-14,Nakuru,43
2015-03-15,Nakuru,25
2015-03-16,Nakuru,43
2015-03-17,Nakuru,31
2015-03-18,Nakuru,31
2015-03-19,Nakuru,45
2015-03-20,Nakuru,29
2015-03-21,Nakuru,30
2015-03-22,Nakuru,13
2015-03-23,Nakuru,19
2015-03-24,Nakuru,21
2015-03-25,Nakuru,20
2015-03-26,Nakuru,19
2015-03-27,Nakuru,18
2015-03-28,Nakuru,11
2015-03-29,Nakuru,20
2015-03-30,Nakuru,34
2015-03-31,Nakuru,40
2015-04-01,Nakuru,55
2015-04-02,Nakuru,38
2015-04-03,Nakuru,25
2015-04-04,Nakuru,35
2015-04-05,Nakuru,36
2015-04-06,Nakuru,25
2015-04-07,Nakuru,26
2015-04-08,Nakuru,24
2015-04-09,Nakuru,44
2015-04-10,Nakuru,25
2015-04-11,Nakuru,64
2015-04-12,Nakuru,43
2015-04-13,Nakuru,39
2015-04-14,Nakuru,30
2015-04-15,Nakuru,33
2015-04-16,Nakuru,20
2015-04-17,Nakuru,33
2015-04-18,Nakuru,21
2015-04-19,Nakuru,38
2015-04-20,Nakuru,30
2015-04-21,Nakuru,40
2015-04-22,Nakuru,18
2015-04-23,Nakuru,26
2015-04-24,Nakuru,31
2015-04-25,Nakuru,34
2015-04-26,Nakuru,45
2015-04-27,Nakuru,42
2015-04-28,Nakuru,54
2015-04-29,Nakuru,43
2015-04-30,Nakuru,23
2015-05-01,Nakuru,24
2015-05-02,Nakuru,35
2015-05-03,Nakuru,33
2015-05-04,Nakuru,45
2015-05-05,Nakuru,22
2015-05-06,Nakuru,28
2015-05-07,Nakuru,30
2015-05-08,Nakuru,23
2015-05-09,Nakuru,22
2015-05-10,Nakuru,36
2015-05-11,Nakuru,39
2015-05-12,Nakuru,13
2015-05-13,Nakuru,51
2015-05-14,Nakuru,42
2015-05-15,Nakuru,1
2015-05-16,Nakuru,37
2015-05-17,Nakuru,9
2015-05-18,Nakuru,28
2015-05-19,Nakuru,24
2015-05-20,Nakuru,45
2015-05-21,Nakuru,28
2015-05-22,Nakuru,37
2015-05-23,Nakuru,31
2015-05-24,Nakuru,33
2015-05-25,Nakuru,31
2015-05-26,Nakuru,42
2015-05-27,Nakuru,39
2015-05-28,Nakuru,33
2015-05-29,Nakuru,26
2015-05-30,Nakuru,25
2015-05-31,Nakuru,23
2015-06-01,Nakuru,0
2015-06-02,Nakuru,27
2015-06-03,Nakuru,14
2015-06-04,Nakuru,11
2015-06-05,Nakuru,26
2015-06-06,Nakuru,6
2015-06-07,Nakuru,14
2015-06-08,Nakuru,40
2015-06-09,Nakuru,29
2015-06-10,Nakuru,35
2015-06-11,Nakuru,14
2015-06-12,Nakuru,37
2015-06-13,Nakuru,24
2015-06-14,Nakuru,18
2015-06-15,Nakuru,21
2015-06-16,Nakuru,23
2015-06-17,Nakuru,39
2015-06-18,Nakuru,16
2015-06-19,Nakuru,25
2015-06-20,Nakuru,21
2015-06-21,Nakuru,24
2015-06-22,Nakuru,36
2015-06-23,Nakuru,27
2015-06-24,Nakuru,28
2015-06-25,Nakuru,15
2015-06-26,Nakuru,30
2015-06-27,Nakuru,20
2015-06-28,Nakuru,30
2015-06-29,Nakuru,32
2015-06-30,Nakuru,20
2015-07-01,Nakuru,31
2015-07-02,Nakuru,22
2015-07-03,Nakuru,37
2015-07-04,Nakuru,22
2015-07-05,Nakuru,16
2015-07-06,Nakuru,34
2015-07-07,Nakuru,34
2015-07-08,Nakuru,45
2015-07-09,Nakuru,30
2015-07-10,Nakuru,24
2015-07-11,Nakuru,16
2015-07-12,Nakuru,34
2015-07-13,Nakuru,18
2015-07-14,Nakuru,26
2015-07-15,Nakuru,54
2015-07-16,Nakuru,22
2015-07-17,Nakuru,14
2015-07-18,Nakuru,32
2015-07-19,Nakuru,38
2015-07-20,Nakuru,34
2015-07-21,Nakuru,26
2015-07-22,Nakuru,29
2015-07-23,Nakuru,19
2015-07-24,Nakuru,18
2015-07-25,Nakuru,18
2015-07-26,Nakuru,27
2015-07-27,Nakuru,37
2015-07-28,Nakuru,28
2015-07-29,Nakuru,20
2015-07-30,Nakuru,45
2015-07-31,Nakuru,25
2015-08-01,Nakuru,13
2015-08-02,Nakuru,21
2015-08-03,Nakuru,15
2015-08-04,Nakuru,34
2015-08-05,Nakuru,33
2015-08-06,Nakuru,20
2015-08-07,Nakuru,48
2015-08-08,Nakuru,42
2015-08-09,Nakuru,37
2015-08-10,Nakuru,27
2015-08-11,Nakuru,23
2015-08-12,Nakuru,12
2015-08-13,Nakuru,23
2015-08-14,Nakuru,46
2015-08-15,Nakuru,31
2015-08-16,Nakuru,25
2015-08-17,Nakuru,36
2015-08-18,Nakuru,9
2015-08-19,Nakuru,14
2015-08-20,Nakuru,11
2015-08-21,Nakuru,11
2015-08-22,Nakuru,20
2015-08-23,Nakuru,17
2015-08-24,Nakuru,30
2015-08-25,Nakuru,19
2015-08-26,Nakuru,20
2015-08-27,Nakuru,38
2015-08-28,Nakuru,8
2015-08-29,Nakuru,31
2015-08-30,Nakuru,21
2015-08-31,Nakuru,35
2015-09-01,Nakuru,11
2015-09-02,Nakuru,28
2015-09-03,Nakuru,8
2015-09-04,Nakuru,37
2015-09-05,Nakuru,43
2015-09-06,Nakuru,36
2015-09-07,Nakuru,12
2015-09-08,Nakuru,25
2015-09-09,Nakuru,38
2015-09-10,Nakuru,20
2015-09-11,Nakuru,31
2015-09-12,Nakuru,40
2015-09-13,Nakuru,25
2015-09-14,Nakuru,18
2015-09-15,Nakuru,30
2015-09-16,Nakuru,32
2015-09-17,Nakuru,3
2015-09-18,Nakuru,32
2015-09-19,Nakuru,28
2015-09-20,Nakuru,20
2015-09-21,Nakuru,30
2015-09-22,Nakuru,28
2015-09-23,Nakuru,16
2015-09-24,Nakuru,39
2015-09-25,Nakuru,27
2015-09-26,Nakuru,11
2015-09-27,Nakuru,31
2015-09-28,Nakuru,45
2015-09-29,Nakuru,29
2015-09-30,Nakuru,16
2015-10-01,Nakuru,22
2015-10-02,Nakuru,36
2015-10-03,Nakuru,16
2015-10-04,Nakuru,41
2015-10-05,Nakuru,33
2015-10-06,Nakuru,24
2015-10-07,Nakuru,18
2015-10-08,Nakuru,23
2015-10-09,Nakuru,21
2015-10-10,Nakuru,41
2015-10-11,Nakuru,23
2015-10-12,Nakuru,40
2015-10-13,Nakuru,33
2015-10-14,Nakuru,36
2015-10-15,Nakuru,32
2015-10-16,Nakuru,29
2015-10-17,Nakuru,26
2015-10-18,Nakuru,16
2015-10-19,Nakuru,35
2015-10-20,Nakuru,24
2015-10-21,Nakuru,28
2015-10-22,Nakuru,38
2015-10-23,Nakuru,18
2015-10-24,Nakuru,35
2015-10-25,Nakuru,34
2015-10-26,Nakuru,35
2015-10-27,Nakuru,20
2015-10-28,Nakuru,33
2015-10-29,Nakuru,21
2015-10-30,Nakuru,38
2015-10-31,Nakuru,20
2015-11-01,Nakuru,27
2015-11-02,Nakuru,23
2015-11-03,Nakuru,40
2015-11-04,Nakuru,39
2015-11-05,Nakuru,38
2015-11-06,Nakuru,45
2015-11-07,Nakuru,29
2015-11-08,Nakuru,42
2015-11-09,Nakuru,36
2015-11-10,Nakuru,21
2015-11-11,Nakuru,11
2015-11-12,Nakuru,44
2015-11-13,Nakuru,33
2015-11-14,Nakuru,22
2015-11-15,Nakuru,32
2015-11-16,Nakuru,28
2015-11-17,Nakuru,30
2015-11-18,Nakuru,17
2015-11-19,Nakuru,26
2015-11-20,Nakuru,43
2015-11-21,Nakuru,30
2015-11-22,Nakuru,39
2015-11-23,Nakuru,28
2015-11-24,Nakuru,26
2015-11-25,Nakuru,33
2015-11-26,Nakuru,16
2015-11-27,Nakuru,14
2015-11-28,Nakuru,30
2015-11-29,Nakuru,23
2015-11-30,Nakuru,29
2015-12-01,Nakuru,25
2015-12-02,Nakuru,24
2015-12-03,Nakuru,40
2015-12-04,Nakuru,13
2015-12-05,Nakuru,23
2015-12-06,Nakuru,25
2015-12-07,Nakuru,47
2015-12-08,Nakuru,48
2015-12-09,Nakuru,9
2015-12-10,Nakuru,24
2015-12-11,Nakuru,0
2015-12-12,Nakuru,35
2015-12-13,Nakuru,2
2015-12-14,Nakuru,41
2015-12-15,Nakuru,2
2015-12-16,Nakuru,36
2015-12-17,Nakuru,56
2015-12-18,Nakuru,45
2015-12-19,Nakuru,30
2015-12-20,Nakuru,31
2015-12-21,Nakuru,8
2015-12-22,Nakuru,18
2015-12-23,Nakuru,33
2015-12-24,Nakuru,18
2015-12-25,Nakuru,20
2015-12-26,Nakuru,22
2015-12-27,Nakuru,15
2015-12-28,Nakuru,22
2015-12-29,Nakuru,19
2015-12-30,Nakuru,36
2015-12-31,Nakuru,26
2016-01-01,Nakuru,28
2016-01-02,Nakuru,15
2016-01-03,Nakuru,34
2016-01-04,Nakuru,27
2016-01-05,Nakuru,26
2016-01-06,Nakuru,22
2016-01-07,Nakuru,38
2016-01-08,Nakuru,24
2016-01-09,Nakuru,23
2016-01-10,Nakuru,24
2016-01-11,Nakuru,19
2016-01-12,Nakuru,31
2016-01-13,Nakuru,21
2016-01-14,Nakuru,36
2016-01-15,Nakuru,25
2016-01-16,Nakuru,43
2016-01-17,Nakuru,14
2016-01-18,Nakuru,17
2016-01-19,Nakuru,15
2016-01-20,Nakuru,38
2016-01-21,Nakuru,43
2016-01-22,Nakuru,28
2016-01-23,Nakuru,30
2016-01-24,Nakuru,17
2016-01-25,Nakuru,39
2016-01-26,Nakuru,36
2016-01-27,Nakuru,32
2016-01-28,Nakuru,32
2016-01-29,Nakuru,34
2016-01-30,Nakuru,30
2016-01-31,Nakuru,41
2016-02-01,Nakuru,12
2016-02-02,Nakuru,35
2016-02-03,Nakuru,36
2016-02-04,Nakuru,39
2016-02-05,Nakuru,12
2016-02-06,Nakuru,27
2016-02-07,Nakuru,18
2016-02-08,Nakuru,27
2016-02-09,Nakuru,23
2016-02-10,Nakuru,42
2016-02-11,Nakuru,25
2016-02-12,Nakuru,36
2016-02-13,Nakuru,33
2016-02-14,Nakuru,21
2016-02-15,Nakuru,23
2016-02-16,Nakuru,16
2016-02-17,Nakuru,17
2016-02-18,Nakuru,17
2016-02-19,Nakuru,24
2016-02-20,Nakuru,24
2016-02-21,Nakuru,22
2016-02-22,Nakuru,25
2016-02-23,Nakuru,25
2016-02-24,Nakuru,35
2016-02-25,Nakuru,24
2016-02-26,Nakuru,31
2016-02-27,Nakuru,45
2016-02-28,Nakuru,32
2016-02-29,Nakuru,28
2016-03-01,Nakuru,36
2016-03-02,Nakuru,34
2016-03-03,Nakuru,46
2016-03-04,Nakuru,29
2016-03-05,Nakuru,29
2016-03-06,Nakuru,34
2016-03-07,Nakuru,36
2016-03-08,Nakuru,29
2016-03-09,Nakuru,12
2016-03-10,Nakuru,35
2016-03-11,Nakuru,31
2016-03-12,Nakuru,24
2016-03-13,Nakuru,34
2016-03-14,Nakuru,27
2016-03-15,Nakuru,16
2016-03-16,Nakuru,38
2016-03-17,Nakuru,36
2016-03-18,Nakuru,35
2016-03-19,Nakuru,35
2016-03-20,Nakuru,36
2016-03-21,Nakuru,29
2016-03-22,Nakuru,22
2016-03-23,Nakuru,28
2016-03-24,Nakuru,11
2016-03-25,Nakuru,56
2016-03-26,Nakuru,40
2016-03-27,Nakuru,32
2016-03-28,Nakuru,22
2016-03-29,Nakuru,32
2016-03-30,Nakuru,24
2016-03-31,Nakuru,41
2016-04-01,Nakuru,35
2016-04-02,Nakuru,21
2016-04-03,Nakuru,19
2016-04-04,Nakuru,37
2016-04-05,Nakuru,49
2016-04-06,Nakuru,31
2016-04-07,Nakuru,21
2016-04-08,Nakuru,40
2016-04-09,Nakuru,30
2016-04-10,Nakuru,30
2016-04-11,Nakuru,31
2016-04-12,Nakuru,31
2016-04-13,Nakuru,37
2016-04-14,Nakuru,28
2016-04-15,Nakuru,43
2016-04-16,Nakuru,36
2016-04-17,Nakuru,21
2016-04-18,Nakuru,35
2016-04-19,Nakuru,25
2016-04-20,Nakuru,17
2016-04-21,Nakuru,42
2016-04-22,Nakuru,29
2016-04-23,Nakuru,23
2016-04-24,Nakuru,29
2016-04-25,Nakuru,41
2016-04-26,Nakuru,40
2016-04-27,Nakuru,38
2016-04-28,Nakuru,39
2016-04-29,Nakuru,25
2016-04-30,Nakuru,24
2016-05-01,Nakuru,22
2016-05-02,Nakuru,33
2016-05-03,Nakuru,27
2016-05-04,Nakuru,52
2016-05-05,Nakuru,15
2016-05-06,Nakuru,42
2016-05-07,Nakuru,29
2016-05-08,Nakuru,34
2016-05-09,Nakuru,29
2016-05-10,Nakuru,39
2016-05-11,Nakuru,36
2016-05-12,Nakuru,23
2016-05-13,Nakuru,31
2016-05-14,Nakuru,42
2016-05-15,Nakuru,26
2016-05-16,Nakuru,40
2016-05-17,Nakuru,38
2016-05-18,Nakuru,35
2016-05-19,Nakuru,21
2016-05-20,Nakuru,19
2016-05-21,Nakuru,48
2016-05-22,Nakuru,17
2016-05-23,Nakuru,28
2016-05-24,Nakuru,16
2016-05-25,Nakuru,18
2016-05-26,Nakuru,27
2016-05-27,Nakuru,51
2016-05-28,Nakuru,25
2016-05-29,Nakuru,32
2016-05-30,Nakuru,52
2016-05-31,Nakuru,38
2016-06-01,Nakuru,34
2016-06-02,Nakuru,45
2016-06-03,Nakuru,35
2016-06-04,Nakuru,14
2016-06-05,Nakuru,33
2016-06-06,Nakuru,22
2016-06-07,Nakuru,36
2016-06-08,Nakuru,20
2016-06-09,Nakuru,42
2016-06-10,Nakuru,21
2016-06-11,Nakuru,11
2016-06-12,Nakuru,32
2016-06-13,Nakuru,25
2016-06-14,Nakuru,35
2016-06-15,Nakuru,30
2016-06-16,Nakuru,8
2016-06-17,Nakuru,26
2016-06-18,Nakuru,22
2016-06-19,Nakuru,25
2016-06-20,Nakuru,17
2016-06-21,Nakuru,24
2016-06-22,Nakuru,21
2016-06-23,Nakuru,34
2016-06-24,Nakuru,43
2016-06-25,Nakuru,35
2016-06-26,Nakuru,31
2016-06-27,Nakuru,29
2016-06-28,Nakuru,31
2016-06-29,Nakuru,46
2016-06-30,Nakuru,26
2016-07-01,Nakuru,30
2016-07-02,Nakuru,26
2016-07-03,Nakuru,29
2016-07-04,Nakuru,6
2016-07-05,Nakuru,33
2016-07-06,Nakuru,31
2016-07-07,Nakuru,38
2016-07-08,Nakuru,28
2016-07-09,Nakuru,15
2016-07-10,Nakuru,28
2016-07-11,Nakuru,3
2016-07-12,Nakuru,23
2016-07-13,Nakuru,29
2016-07-14,Nakuru,15
2016-07-15,Nakuru,22
2016-07-16,Nakuru,8
2016-07-17,Nakuru,14
2016-07-18,Nakuru,27
2016-07-19,Nakuru,22
2016-07-20,Nakuru,12
2016-07-21,Nakuru,27
2016-07-22,Nakuru,39
2016-07-23,Nakuru,37
2016-07-24,Nakuru,12
2016-07-25,Nakuru,21
2016-07-26,Nakuru,31
2016-07-27,Nakuru,24
2016-07-28,Nakuru,24
2016-07-29,Nakuru,35
2016-07-30,Nakuru,9
2016-07-31,Nakuru,37
2016-08-01,Nakuru,16
2016-08-02,Nakuru,29
2016-08-03,Nakuru,30
2016-08-04,Nakuru,25
2016-08-05,Nakuru,40
2016-08-06,Nakuru,8
2016-08-07,Nakuru,13
2016-08-08,Nakuru,39
2016-08-09,Nakuru,23
2016-08-10,Nakuru,26
2016-08-11,Nakuru,21
2016-08-12,Nakuru,0
2016-08-13,Nakuru,22
2016-08-14,Nakuru,33
2016-08-15,Nakuru,21
2016-08-16,Nakuru,34
2016-08-17,Nakuru,24
2016-08-18,Nakuru,28
2016-08-19,Nakuru,39
2016-08-20,Nakuru,28
2016-08-21,Nakuru,16
2016-08-22,Nakuru,24
2016-08-23,Nakuru,34
2016-08-24,Nakuru,26
2016-08-25,Nakuru,21
2016-08-26,Nakuru,33
2016-08-27,Nakuru,12
2016-08-28,Nakuru,20
2016-08-29,Nakuru,27
2016-08-30,Nakuru,21
2016-08-31,Nakuru,39
2016-09-01,Nakuru,19
2016-09-02,Nakuru,7
2016-09-03,Nakuru,31
2016-09-04,Nakuru,3
2016-09-05,Nakuru,18
2016-09-06,Nakuru,34
2016-09-07,Nakuru,10
2016-09-08,Nakuru,28
2016-09-09,Nakuru,28
2016-09-10,Nakuru,25
2016-09-11,Nakuru,21
2016-09-12,Nakuru,21
2016-09-13,Nakuru,26
2016-09-14,Nakuru,11
2016-09-15,Nakuru,32
2016-09-16,Nakuru,36
2016-09-17,Nakuru,36
2016-09-18,Nakuru,38
2016-09-19,Nakuru,27
2016-09-20,Nakuru,22
2016-09-21,Nakuru,22
2016-09-22,Nakuru,25
2016-09-23,Nakuru,33
2016-09-24,Nakuru,23
2016-09-25,Nakuru,7
2016-09-26,Nakuru,12
2016-09-27,Nakuru,31
2016-09-28,Nakuru,28
2016-09-29,Nakuru,47
2016-09-30,Nakuru,22
2016-10-01,Nakuru,28
2015-01-01,Narok,23
2015-01-02,Narok,29
2015-01-03,Narok,42
2015-01-04,Narok,14
2015-01-05,Narok,17
2015-01-06,Narok,1
2015-01-07,Narok,26
2015-01-08,Narok,34
2015-01-09,Narok,22
2015-01-10,Narok,17
2015-01-11,Narok,12
2015-01-12,Narok,19
2015-01-13,Narok,48
2015-01-14,Narok,31
2015-01-15,Narok,20
2015-01-16,Narok,24
2015-01-17,Narok,38
2015-01-18,Narok,23
2015-01-19,Narok,14
2015-01-20,Narok,26
2015-01-21,Narok,17
2015-01-22,Narok,10
2015-01-23,Narok,29
2015-01-24,Narok,31
2015-01-25,Narok,34
2015-01-26,Narok,17
2015-01-27,Narok,26
2015-01-28,Narok,18
2015-01-29,Narok,10
2015-01-30,Narok,20
2015-01-31,Narok,34
2015-02-01,Narok,20
2015-02-02,Narok,26
2015-02-03,Narok,31
2015-02-04,Narok,20
2015-02-05,Narok,10
2015-02-06,Narok,28
2015-02-07,Narok,19
2015-02-08,Narok,22
2015-02-09,Narok,52
2015-02-10,Narok,31
2015-02-11,Narok,17
2015-02-12,Narok,33
2015-02-13,Narok,21
2015-02-14,Narok,25
2015-02-15,Narok,31
2015-02-16,Narok,40
2015-02-17,Narok,30
2015-02-18,Narok,10
2015-02-19,Narok,20
2015-02-20,Narok,43
2015-02-21,Narok,31
2015-02-22,Narok,24
2015-02-23,Narok,22
2015-02-24,Narok,16
2015-02-25,Narok,36
2015-02-26,Narok,24
2015-02-27,Narok,24
2015-02-28,Narok,28
2015-03-01,Narok,8
2015-03-02,Narok,28
2015-03-03,Narok,32
2015-03-04,Narok,14
2015-03-05,Narok,3
2015-03-06,Narok,19
2015-03-07,Narok,36
2015-03-08,Narok,26
2015-03-09,Narok,47
2015-03-10,Narok,7
2015-03-11,Narok,31
2015-03-12,Narok,23
2015-03-13,Narok,44
2015-03-14,Narok,30
2015-03-15,Narok,30
2015-03-16,Narok,33
2015-03-17,Narok,22
2015-03-18,Narok,38
2015-03-19,Narok,39
2015-03-20,Narok,35
2015-03-21,Narok,39
2015-03-22,Narok,31
2015-03-23,Narok,29
2015-03-24,Narok,30
2015-03-25,Narok,12
2015-03-26,Narok,12
2015-03-27,Narok,36
2015-03-28,Narok,15
2015-03-29,Narok,37
2015-03-30,Narok,39
2015-03-31,Narok,17
2015-04-01,Narok,19
2015-04-02,Narok,32
2015-04-03,Narok,40
2015-04-04,Narok,37
2015-04-05,Narok,31
2015-04-06,Narok,28
2015-04-07,Narok,12
2015-04-08,Narok,33
2015-04-09,Narok,29
2015-04-10,Narok,58
2015-04-11,Narok,35
2015-04-12,Narok,30
2015-04-13,Narok,31
2015-04-14,Narok,34
2015-04-15,Narok,41
2015-04-16,Narok,29
2015-04-17,Narok,27
2015-04-18,Narok,44
2015-04-19,Narok,19
2015-04-20,Narok,16
2015-04-21,Narok,32
2015-04-22,Narok,32
2015-04-23,Narok,32
2015-04-24,Narok,49
2015-04-25,Narok,14
2015-04-26,Narok,37
2015-04-27,Narok,30
2015-04-28,Narok,39
2015-04-29,Narok,41
2015-04-30,Narok,33
2015-05-01,Narok,41
2015-05-02,Narok,41
2015-05-03,Narok,34
2015-05-04,Narok,34
2015-05-05,Narok,32
2015-05-06,Narok,40
2015-05-07,Narok,51
2015-05-08,Narok,34
2015-05-09,Narok,21
2015-05-10,Narok,42
2015-05-11,Narok,23
2015-05-12,Narok,21
2015-05-13,Narok,55
2015-05-14,Narok,44
2015-05-15,Narok,32
2015-05-16,Narok,28
2015-05-17,Narok,55
2015-05-18,Narok,30
2015-05-19,Narok,13
2015-05-20,Narok,28
2015-05-21,Narok,20
2015-05-22,Narok,38
2015-05-23,Narok,34
2015-05-24,Narok,28
2015-05-25,Narok,43
2015-05-26,Narok,34
2015-05-27,Narok,29
2015-05-28,Narok,28
2015-05-29,Narok,18
2015-05-30,Narok,48
2015-05-31,Narok,34
2015-06-01,Narok,31
2015-06-02,Narok,19
2015-06-03,Narok,22
2015-06-04,Narok,40
2015-06-05,Narok,23
2015-06-06,Narok,17
2015-06-07,Narok,28
2015-06-08,Narok,21
2015-06-09,Narok,18
2015-06-10,Narok,12
2015-06-11,Narok,23
2015-06-12,Narok,34
2015-06-13,Narok,30
2015-06-14,Narok,28
2015-06-15,Narok,21
2015-06-16,Narok,31
2015-06-17,Narok,28
2015-06-18,Narok,24
2015-06-19,Narok,23
2015-06-20,Narok,25
2015-06-21,Narok,28
2015-06-22,Narok,25
2015-06-23,Narok,33
2015-06-24,Narok,26
2015-06-25,Narok,13
2015-06-26,Narok,29
2015-06-27,Narok,17
2015-06-28,Narok,26
2015-06-29,Narok,14
2015-06-30,Narok,22
2015-07-01,Narok,44
2015-07-02,Narok,35
2015-07-03,Narok,31
2015-07-04,Narok,40
2015-07-05,Narok,47
2015-07-06,Narok,30
2015-07-07,Narok,19
2015-07-08,Narok,8
2015-07-09,Narok,24
2015-07-10,Narok,27
2015-07-11,Narok,21
2015-07-12,Narok,21
2015-07-13,Narok,26
2015-07-14,Narok,29
2015-07-15,Narok,15
2015-07-16,Narok,28
2015-07-17,Narok,45
2015-07-18,Narok,2
2015-07-19,Narok,36
2015-07-20,Narok,31
2015-07-21,Narok,30
2015-07-22,Narok,20
2015-07-23,Narok,34
2015-07-24,Narok,38
2015-07-25,Narok,20
2015-07-26,Narok,34
2015-07-27,Narok,32
2015-07-28,Narok,21
2015-07-29,Narok,37
2015-07-30,Narok,15
2015-07-31,Narok,36
2015-08-01,Narok,20
2015-08-02,Narok,35
2015-08-03,Narok,14
2015-08-04,Narok,24
2015-08-05,Narok,39
2015-08-06,Narok,24
2015-08-07,Narok,25
2015-08-08,Narok,31
2015-08-09,Narok,39
2015-08-10,Narok,25
2015-08-11,Narok,33
2015-08-12,Narok,35
2015-08-13,Narok,16
2015-08-14,Narok,18
2015-08-15,Narok,29
2015-08-16,Narok,37
2015-08-17,Narok,11
2015-08-18,Narok,20
2015-08-19,Narok,19
2015-08-20,Narok,16
2015-08-21,Narok,29
2015-08-22,Narok,2
2015-08-23,Narok,44
2015-08-24,Narok,42
2015-08-25,Narok,28
2015-08-26,Narok,31
2015-08-27,Narok,36
2015-08-28,Narok,26
2015-08-29,Narok,42
2015-08-30,Narok,25
2015-08-31,Narok,13
2015-09-01,Narok,49
2015-09-02,Narok,21
2015-09-03,Narok,31
2015-09-04,Narok,31
2015-09-05,Narok,30
2015-09-06,Narok,30
2015-09-07,Narok,22
2015-09-08,Narok,24
2015-09-09,Narok,39
2015-09-10,Narok,21
2015-09-11,Narok,12
2015-09-12,Narok,14
2015-09-13,Narok,20
2015-09-14,Narok,33
2015-09-15,Narok,47
2015-09-16,Narok,49
2015-09-17,Narok,22
2015-09-18,Narok,8
2015-09-19,Narok,27
2015-09-20,Narok,15
2015-09-21,Narok,28
2015-09-22,Narok,14
2015-09-23,Narok,26
2015-09-24,Narok,32
2015-09-25,Narok,35
2015-09-26,Narok,22
2015-09-27,Narok,28
2015-09-28,Narok,19
2015-09-29,Narok,29
2015-09-30,Narok,42
2015-10-01,Narok,43
2015-10-02,Narok,30
2015-10-03,Narok,25
2015-10-04,Narok,22
2015-10-05,Narok,19
2015-10-06,Narok,16
2015-10-07,Narok,27
2015-10-08,Narok,31
2015-10-09,Narok,31
2015-10-10,Narok,23
2015-10-11,Narok,25
2015-10-12,Narok,27
2015-10-13,Narok,17
2015-10-14,Narok,28
2015-10-15,Narok,27
2015-10-16,Narok,21
2015-10-17,Narok,26
2015-10-18,Narok,11
2015-10-19,Narok,28
2015-10-20,Narok,25
2015-10-21,Narok,40
2015-10-22,Narok,29
2015-10-23,Narok,38
2015-10-24,Narok,43
2015-10-25,Narok,31
2015-10-26,Narok,36
2015-10-27,Narok,33
2015-10-28,Narok,20
2015-10-29,Narok,22
2015-10-30,Narok,25
2015-10-31,Narok,16
2015-11-01,Narok,32
2015-11-02,Narok,17
2015-11-03,Narok,48
2015-11-04,Narok,29
2015-11-05,Narok,27
2015-11-06,Narok,32
2015-11-07,Narok,25
2015-11-08,Narok,27
2015-11-09,Narok,40
2015-11-10,Narok,32
2015-11-11,Narok,28
2015-11-12,Narok,27
2015-11-13,Narok,33
2015-11-14,Narok,31
2015-11-15,Narok,25
2015-11-16,Narok,40
2015-11-17,Narok,19
2015-11-18,Narok,43
2015-11-19,Narok,4
2015-11-20,Narok,17
2015-11-21,Narok,29
2015-11-22,Narok,19
2015-11-23,Narok,24
2015-11-24,Narok,15
2015-11-25,Narok,31
2015-11-26,Narok,47
2015-11-27,Narok,44
2015-11-28,Narok,47
2015-11-29,Narok,20
2015-11-30,Narok,36
2015-12-01,Narok,16
2015-12-02,Narok,31
2015-12-03,Narok,29
2015-12-04,Narok,22
2015-12-05,Narok,9
2015-12-06,Narok,19
2015-12-07,Narok,17
2015-12-08,Narok,9
2015-12-09,Narok,11
2015-12-10,Narok,27
2015-12-11,Narok,41
2015-12-12,Narok,30
2015-12-13,Narok,25
2015-12-14,Narok,19
2015-12-15,Narok,15
2015-12-16,Narok,40
2015-12-17,Narok,9
2015-12-18,Narok,27
2015-12-19,Narok,11
2015-12-20,Narok,18
2015-12-21,Narok,30
2015-12-22,Narok,5
2015-12-23,Narok,41
2015-12-24,Narok,9
2015-12-25,Narok,20
2015-12-26,Narok,31
2015-12-27,Narok,32
2015-12-28,Narok,39
2015-12-29,Narok,43
2015-12-30,Narok,17
2015-12-31,Narok,28
2016-01-01,Narok,24
2016-01-02,Narok,38
2016-01-03,Narok,36
2016-01-04,Narok,40
2016-01-05,Narok,50
2016-01-06,Narok,49
2016-01-07,Narok,45
2016-01-08,Narok,24
2016-01-09,Narok,27
2016-01-10,Narok,23
2016-01-11,Narok,38
2016-01-12,Narok,20
2016-01-13,Narok,13
2016-01-14,Narok,40
2016-01-15,Narok,18
2016-01-16,Narok,43
2016-01-17,Narok,17
2016-01-18,Narok,18
2016-01-19,Narok,25
2016-01-20,Narok,41
2016-01-21,Narok,42
2016-01-22,Narok,24
2016-01-23,Narok,40
2016-01-24,Narok,20
2016-01-25,Narok,27
2016-01-26,Narok,8
2016-01-27,Narok,18
2016-01-28,Narok,27
2016-01-29,Narok,10
2016-01-30,Narok,20
2016-01-31,Narok,40
2016-02-01,Narok,22
2016-02-02,Narok,33
2016-02-03,Narok,23
2016-02-04,Narok,14
2016-02-05,Narok,27
2016-02-06,Narok,28
2016-02-07,Narok,31
2016-02-08,Narok,24
2016-02-09,Narok,27
2016-02-10,Narok,20
2016-02-11,Narok,14
2016-02-12,Narok,38
2016-02-13,Narok,54
2016-02-14,Narok,47
2016-02-15,Narok,33
2016-02-16,Narok,34
2016-02-17,Narok,43
2016-02-18,Narok,35
2016-02-19,Narok,37
2016-02-20,Narok,15
2016-02-21,Narok,30
2016-02-22,Narok,14
2016-02-23,Narok,36
2016-02-24,Narok,43
2016-02-25,Narok,13
2016-02-26,Narok,13
2016-02-27,Narok,8
2016-02-28,Narok,25
2016-02-29,Narok,32
2016-03-01,Narok,26
2016-03-02,Narok,39
2016-03-03,Narok,14
2016-03-04,Narok,28
2016-03-05,Narok,23
2016-03-06,Narok,15
2016-03-07,Narok,27
2016-03-08,Narok,21
2016-03-09,Narok,50
2016-03-10,Narok,32
2016-03-11,Narok,51
2016-03-12,Narok,35
2016-03-13,Narok,21
2016-03-14,Narok,32
2016-03-15,Narok,33
2016-03-16,Narok,22
2016-03-17,Narok,57
2016-03-18,Narok,20
2016-03-19,Narok,17
2016-03-20,Narok,38
2016-03-21,Narok,43
2016-03-22,Narok,18
2016-03-23,Narok,39
2016-03-24,Narok,31
2016-03-25,Narok,22
2016-03-26,Narok,29
2016-03-27,Narok,47
2016-03-28,Narok,27
2016-03-29,Narok,22
2016-03-30,Narok,43
2016-03-31,Narok,34
2016-04-01,Narok,26
2016-04-02,Narok,22
2016-04-03,Narok,30
2016-04-04,Narok,31
2016-04-05,Narok,15
2016-04-06,Narok,37
2016-04-07,Narok,30
2016-04-08,Narok,26
2016-04-09,Narok,39
2016-04-10,Narok,30
2016-04-11,Narok,22
2016-04-12,Narok,45
2016-04-13,Narok,34
2016-04-14,Narok,29
2016-04-15,Narok,32
2016-04-16,Narok,34
2016-04-17,Narok,38
2016-04-18,Narok,25
2016-04-19,Narok,23
2016-04-20,Narok,35
2016-04-21,Narok,33
2016-04-22,Narok,11
2016-04-23,Narok,22
2016-04-24,Narok,49
2016-04-25,Narok,39
2016-04-26,Narok,50
2016-04-27,Narok,24
2016-04-28,Narok,24
2016-04-29,Narok,25
2016-04-30,Narok,34
2016-05-01,Narok,45
2016-05-02,Narok,27
2016-05-03,Narok,20
2016-05-04,Narok,40
2016-05-05,Narok,26
2016-05-06,Narok,30
2016-05-07,Narok,38
2016-05-08,Narok,16
2016-05-09,Narok,26
2016-05-10,Narok,33
2016-05-11,Narok,23
2016-05-12,Narok,34
2016-05-13,Narok,21
2016-05-14,Narok,10
2016-05-15,Narok,39
2016-05-16,Narok,34
2016-05-17,Narok,24
2016-05-18,Narok,18
2016-05-19,Narok,29
2016-05-20,Narok,5
2016-05-21,Narok,29
2016-05-22,Narok,30
2016-05-23,Narok,21
2016-05-24,Narok,41
2016-05-25,Narok,30
2016-05-26,Narok,34
2016-05-27,Narok,31
2016-05-28,Narok,30
2016-05-29,Narok,44
2016-05-30,Narok,20
2016-05-31,Narok,35
2016-06-01,Narok,32
2016-06-02,Narok,15
2016-06-03,Narok,25
2016-06-04,Narok,16
2016-06-05,Narok,17
2016-06-06,Narok,26
2016-06-07,Narok,6
2016-06-08,Narok,30
2016-06-09,Narok,34
2016-06-10,Narok,16
2016-06-11,Narok,30
2016-06-12,Narok,23
2016-06-13,Narok,22
2016-06-14,Narok,37
2016-06-15,Narok,28
2016-06-16,Narok,40
2016-06-17,Narok,22
2016-06-18,Narok,34
2016-06-19,Narok,21
2016-06-20,Narok,12
2016-06-21,Narok,30
2016-06-22,Narok,37
2016-06-23,Narok,16
2016-06-24,Narok,6
2016-06-25,Narok,24
2016-06-26,Narok,12
2016-06-27,Narok,27
2016-06-28,Narok,27
2016-06-29,Narok,32
2016-06-30,Narok,38
2016-07-01,Narok,22
2016-07-02,Narok,21
2016-07-03,Narok,23
2016-07-04,Narok,25
2016-07-05,Narok,16
2016-07-06,Narok,33
2016-07-07,Narok,22
2016-07-08,Narok,37
2016-07-09,Narok,29
2016-07-10,Narok,49
2016-07-11,Narok,35
2016-07-12,Narok,20
2016-07-13,Narok,34
2016-07-14,Narok,3
2016-07-15,Narok,39
2016-07-16,Narok,23
2016-07-17,Narok,37
2016-07-18,Narok,21
2016-07-19,Narok,26
2016-07-20,Narok,26
2016-07-21,Narok,23
2016-07-22,Narok,34
2016-07-23,Narok,21
2016-07-24,Narok,43
2016-07-25,Narok,28
2016-07-26,Narok,27
2016-07-27,Narok,28
2016-07-28,Narok,20
2016-07-29,Narok,42
2016-07-30,Narok,30
2016-07-31,Narok,39
2016-08-01,Narok,23
2016-08-02,Narok,28
2016-08-03,Narok,34
2016-08-04,Narok,25
2016-08-05,Narok,23
2016-08-06,Narok,14
2016-08-07,Narok,29
2016-08-08,Narok,25
2016-08-09,Narok,38
2016-08-10,Narok,12
2016-08-11,Narok,29
2016-08-12,Narok,25
2016-08-13,Narok,29
2016-08-14,Narok,28
2016-08-15,Narok,15
2016-08-16,Narok,27
2016-08-17,Narok,35
2016-08-18,Narok,26
2016-08-19,Narok,28
2016-08-20,Narok,24
2016-08-21,Narok,28
2016-08-22,Narok,38
2016-08-23,Narok,29
2016-08-24,Narok,18
2016-08-25,Narok,12
2016-08-26,Narok,5
2016-08-27,Narok,26
2016-08-28,Narok,15
2016-08-29,Narok,41
2016-08-30,Narok,22
2016-08-31,Narok,37
2016-09-01,Narok,0
2016-09-02,Narok,34
2016-09-03,Narok,14
2016-09-04,Narok,45
2016-09-05,Narok,2
2016-09-06,Narok,27
2016-09-07,Narok,21
2016-09-08,Narok,5
2016-09-09,Narok,47
2016-09-10,Narok,20
2016-09-11,Narok,24
2016-09-12,Narok,34
2016-09-13,Narok,17
2016-09-14,Narok,26
2016-09-15,Narok,18
2016-09-16,Narok,27
2016-09-17,Narok,27
2016-09-18,Narok,20
2016-09-19,Narok,11
2016-09-20,Narok,27
2016-09-21,Narok,19
2016-09-22,Narok,30
2016-09-23,Narok,34
2016-09-24,Narok,24
2016-09-25,Narok,24
2016-09-26,Narok,46
2016-09-27,Narok,22
2016-09-28,Narok,29
2016-09-29,Narok,7
2016-09-30,Narok,29
2016-10-01,Narok,30
2015-01-01,Kajiado,36
2015-01-02,Kajiado,39
2015-01-03,Kajiado,26
2015-01-04,Kajiado,40
2015-01-05,Kajiado,23
2015-01-06,Kajiado,24
2015-01-07,Kajiado,31
2015-01-08,Kajiado,25
2015-01-09,Kajiado,32
2015-01-10,Kajiado,35
2015-01-11,Kajiado,46
2015-01-12,Kajiado,37
2015-01-13,Kajiado,24
2015-01-14,Kajiado,45
2015-01-15,Kajiado,21
2015-01-16,Kajiado,33
2015-01-17,Kajiado,25
2015-01-18,Kajiado,54
2015-01-19,Kajiado,6
2015-01-20,Kajiado,25
2015-01-21,Kajiado,22
2015-01-22,Kajiado,38
2015-01-23,Kajiado,43
2015-01-24,Kajiado,22
2015-01-25,Kajiado,25
2015-01-26,Kajiado,35
2015-01-27,Kajiado,31
2015-01-28,Kajiado,26
2015-01-29,Kajiado,26
2015-01-30,Kajiado,14
2015-01-31,Kajiado,23
2015-02-01,Kajiado,48
2015-02-02,Kajiado,16
2015-02-03,Kajiado,43
2015-02-04,Kajiado,31
2015-02-05,Kajiado,36
2015-02-06,Kajiado,40
2015-02-07,Kajiado,15
2015-02-08,Kajiado,40
2015-02-09,Kajiado,15
2015-02-10,Kajiado,30
2015-02-11,Kajiado,17
2015-02-12,Kajiado,44
2015-02-13,Kajiado,20
2015-02-14,Kajiado,22
2015-02-15,Kajiado,21
2015-02-16,Kajiado,25
2015-02-17,Kajiado,37
2015-02-18,Kajiado,28
2015-02-19,Kajiado,31
2015-02-20,Kajiado,15
2015-02-21,Kajiado,24
2015-02-22,Kajiado,26
2015-02-23,Kajiado,24
2015-02-24,Kajiado,28
2015-02-25,Kajiado,21
2015-02-26,Kajiado,25
2015-02-27,Kajiado,18
2015-02-28,Kajiado,10
2015-03-01,Kajiado,35
2015-03-02,Kajiado,29
2015-03-03,Kajiado,28
2015-03-04,Kajiado,17
2015-03-05,Kajiado,40
2015-03-06,Kajiado,46
2015-03-07,Kajiado,7
2015-03-08,Kajiado,30
2015-03-09,Kajiado,29
2015-03-10,Kajiado,11
2015-03-11,Kajiado,20
2015-03-12,Kajiado,55
2015-03-13,Kajiado,28
2015-03-14,Kajiado,34
2015-03-15,Kajiado,36
2015-03-16,Kajiado,18
2015-03-17,Kajiado,28
2015-03-18,Kajiado,34
2015-03-19,Kajiado,44
2015-03-20,Kajiado,22
2015-03-21,Kajiado,28
2015-03-22,Kajiado,37
2015-03-23,Kajiado,43
2015-03-24,Kajiado,31
2015-03-25,Kajiado,36
2015-03-26,Kajiado,26
2015-03-27,Kajiado,28
2015-03-28,Kajiado,33
2015-03-29,Kajiado,53
2015-03-30,Kajiado,34
2015-03-31,Kajiado,27
2015-04-01,Kajiado,23
2015-04-02,Kajiado,52
2015-04-03,Kajiado,31
2015-04-04,Kajiado,23
2015-04-05,Kajiado,56
2015-04-06,Kajiado,25
2015-04-07,Kajiado,27
2015-04-08,Kajiado,63
2015-04-09,Kajiado,41
2015-04-10,Kajiado,32
2015-04-11,Kajiado,27
2015-04-12,Kajiado,25
2015-04-13,Kajiado,20
2015-04-14,Kajiado,31
2015-04-15,Kajiado,24
2015-04-16,Kajiado,31
2015-04-17,Kajiado,26
2015-04-18,Kajiado,46
2015-04-19,Kajiado,26
2015-04-20,Kajiado,40
2015-04-21,Kajiado,28
2015-04-22,Kajiado,34
2015-04-23,Kajiado,42
2015-04-24,Kajiado,26
2015-04-25,Kajiado,29
2015-04-26,Kajiado,31
2015-04-27,Kajiado,43
2015-04-28,Kajiado,39
2015-04-29,Kajiado,30
2015-04-30,Kajiado,25
2015-05-01,Kajiado,33
2015-05-02,Kajiado,21
2015-05-03,Kajiado,26
2015-05-04,Kajiado,32
2015-05-05,Kajiado,33
2015-05-06,Kajiado,56
2015-05-07,Kajiado,17
2015-05-08,Kajiado,38
2015-05-09,Kajiado,41
2015-05-10,Kajiado,28
2015-05-11,Kajiado,22
2015-05-12,Kajiado,25
2015-05-13,Kajiado,45
2015-05-14,Kajiado,24
2015-05-15,Kajiado,41
2015-05-16,Kajiado,32
2015-05-17,Kajiado,32
2015-05-18,Kajiado,41
2015-05-19,Kajiado,45
2015-05-20,Kajiado,15
2015-05-21,Kajiado,31
2015-05-22,Kajiado,20
2015-05-23,Kajiado,17
2015-05-24,Kajiado,28
2015-05-25,Kajiado,29
2015-05-26,Kajiado,50
2015-05-27,Kajiado,25
2015-05-28,Kajiado,25
2015-05-29,Kajiado,12
2015-05-30,Kajiado,37
2015-05-31,Kajiado,14
2015-06-01,Kajiado,24
2015-06-02,Kajiado,32
2015-06-03,Kajiado,37
2015-06-04,Kajiado,17
2015-06-05,Kajiado,44
2015-06-06,Kajiado,26
2015-06-07,Kajiado,44
2015-06-08,Kajiado,32
2015-06-09,Kajiado,36
2015-06-10,Kajiado,28
2015-06-11,Kajiado,28
2015-06-12,Kajiado,28
2015-06-13,Kajiado,38
2015-06-14,Kajiado,19
2015-06-15,Kajiado,38
2015-06-16,Kajiado,18
2015-06-17,Kajiado,31
2015-06-18,Kajiado,5
2015-06-19,Kajiado,36
2015-06-20,Kajiado,38
2015-06-21,Kajiado,13
2015-06-22,Kajiado,25
2015-06-23,Kajiado,27
2015-06-24,Kajiado,32
2015-06-25,Kajiado,35
2015-06-26,Kajiado,30
2015-06-27,Kajiado,33
2015-06-28,Kajiado,35
2015-06-29,Kajiado,30
2015-06-30,Kajiado,20
2015-07-01,Kajiado,29
2015-07-02,Kajiado,35
2015-07-03,Kajiado,22
2015-07-04,Kajiado,11
2015-07-05,Kajiado,31
2015-07-06,Kajiado,6
2015-07-07,Kajiado,37
2015-07-08,Kajiado,29
2015-07-09,Kajiado,34
2015-07-10,Kajiado,14
2015-07-11,Kajiado,23
2015-07-12,Kajiado,13
2015-07-13,Kajiado,20
2015-07-14,Kajiado,29
2015-07-15,Kajiado,46
2015-07-16,Kajiado,6
2015-07-17,Kajiado,18
2015-07-18,Kajiado,20
2015-07-19,Kajiado,21
2015-07-20,Kajiado,8
2015-07-21,Kajiado,25
2015-07-22,Kajiado,31
2015-07-23,Kajiado,31
2015-07-24,Kajiado,24
2015-07-25,Kajiado,28
2015-07-26,Kajiado,33
2015-07-27,Kajiado,43
2015-07-28,Kajiado,12
2015-07-29,Kajiado,41
2015-07-30,Kajiado,32
2015-07-31,Kajiado,21
2015-08-01,Kajiado,17
2015-08-02,Kajiado,31
2015-08-03,Kajiado,26
2015-08-04,Kajiado,32
2015-08-05,Kajiado,20
2015-08-06,Kajiado,25
2015-08-07,Kajiado,38
2015-08-08,Kajiado,20
2015-08-09,Kajiado,26
2015-08-10,Kajiado,41
2015-08-11,Kajiado,30
2015-08-12,Kajiado,29
2015-08-13,Kajiado,28
2015-08-14,Kajiado,22
2015-08-15,Kajiado,34
2015-08-16,Kajiado,26
2015-08-17,Kajiado,22
2015-08-18,Kajiado,43
2015-08-19,Kajiado,17
2015-08-20,Kajiado,20
2015-08-21,Kajiado,17
2015-08-22,Kajiado,27
2015-08-23,Kajiado,27
2015-08-24,Kajiado,21
2015-08-25,Kajiado,27
2015-08-26,Kajiado,30
2015-08-27,Kajiado,19
2015-08-28,Kajiado,28
2015-08-29,Kajiado,23
2015-08-30,Kajiado,35
2015-08-31,Kajiado,7
2015-09-01,Kajiado,25
2015-09-02,Kajiado,36
2015-09-03,Kajiado,37
2015-09-04,Kajiado,13
2015-09-05,Kajiado,20
2015-09-06,Kajiado,31
2015-09-07,Kajiado,41
2015-09-08,Kajiado,25
2015-09-09,Kajiado,36
2015-09-10,Kajiado,0
2015-09-11,Kajiado,18
2015-09-12,Kajiado,18
2015-09-13,Kajiado,37
2015-09-14,Kajiado,22
2015-09-15,Kajiado,39
2015-09-16,Kajiado,34
2015-09-17,Kajiado,37
2015-09-18,Kajiado,25
2015-09-19,Kajiado,29
2015-09-20,Kajiado,35
2015-09-21,Kajiado,12
2015-09-22,Kajiado,33
2015-09-23,Kajiado,20
2015-09-24,Kajiado,13
2015-09-25,Kajiado,31
2015-09-26,Kajiado,40
2015-09-27,Kajiado,12
2015-09-28,Kajiado,31
2015-09-29,Kajiado,29
2015-09-30,Kajiado,13
2015-10-01,Kajiado,41
2015-10-02,Kajiado,59
2015-10-03,Kajiado,28
2015-10-04,Kajiado,31
2015-10-05,Kajiado,39
2015-10-06,Kajiado,29
2015-10-07,Kajiado,49
2015-10-08,Kajiado,36
2015-10-09,Kajiado,33
2015-10-10,Kajiado,31
2015-10-11,Kajiado,29
2015-10-12,Kajiado,38
2015-10-13,Kajiado,27
2015-10-14,Kajiado,17
2015-10-15,Kajiado,37
2015-10-16,Kajiado,20
2015-10-17,Kajiado,17
2015-10-18,Kajiado,23
2015-10-19,Kajiado,40
2015-10-20,Kajiado,23
2015-10-21,Kajiado,27
2015-10-22,Kajiado,20
2015-10-23,Kajiado,48
2015-10-24,Kajiado,17
2015-10-25,Kajiado,52
2015-10-26,Kajiado,34
2015-10-27,Kajiado,44
2015-10-28,Kajiado,17
2015-10-29,Kajiado,28
2015-10-30,Kajiado,33
2015-10-31,Kajiado,35
2015-11-01,Kajiado,23
2015-11-02,Kajiado,23
2015-11-03,Kajiado,29
2015-11-04,Kajiado,27
2015-11-05,Kajiado,33
2015-11-06,Kajiado,12
2015-11-07,Kajiado,32
2015-11-08,Kajiado,25
2015-11-09,Kajiado,23
2015-11-10,Kajiado,11
2015-11-11,Kajiado,24
2015-11-12,Kajiado,11
2015-11-13,Kajiado,29
2015-11-14,Kajiado,35
2015-11-15,Kajiado,22
2015-11-16,Kajiado,39
2015-11-17,Kajiado,38
2015-11-18,Kajiado,33
2015-11-19,Kajiado,3
2015-11-20,Kajiado,41
2015-11-21,Kajiado,37
2015-11-22,Kajiado,27
2015-11-23,Kajiado,38
2015-11-24,Kajiado,45
2015-11-25,Kajiado,34
2015-11-26,Kajiado,13
2015-11-27,Kajiado,31
2015-11-28,Kajiado,18
2015-11-29,Kajiado,30
2015-11-30,Kajiado,10
2015-12-01,Kajiado,14
2015-12-02,Kajiado,35
2015-12-03,Kajiado,22
2015-12-04,Kajiado,43
2015-12-05,Kajiado,32
2015-12-06,Kajiado,30
2015-12-07,Kajiado,19
2015-12-08,Kajiado,27
2015-12-09,Kajiado,18
2015-12-10,Kajiado,20
2015-12-11,Kajiado,40
2015-12-12,Kajiado,27
2015-12-13,Kajiado,23
2015-12-14,Kajiado,15
2015-12-15,Kajiado,15
2015-12-16,Kajiado,35
2015-12-17,Kajiado,39
2015-12-18,Kajiado,29
2015-12-19,Kajiado,17
2015-12-20,Kajiado,48
2015-12-21,Kajiado,22
2015-12-22,Kajiado,14
2015-12-23,Kajiado,15
2015-12-24,Kajiado,22
2015-12-25,Kajiado,19
2015-12-26,Kajiado,30
2015-12-27,Kajiado,15
2015-12-28,Kajiado,18
2015-12-29,Kajiado,22
2015-12-30,Kajiado,10
2015-12-31,Kajiado,30
2016-01-01,Kajiado,3
2016-01-02,Kajiado,30
2016-01-03,Kajiado,36
2016-01-04,Kajiado,19
2016-01-05,Kajiado,20
2016-01-06,Kajiado,24
2016-01-07,Kajiado,24
2016-01-08,Kajiado,17
2016-01-09,Kajiado,25
2016-01-10,Kajiado,33
2016-01-11,Kajiado,13
2016-01-12,Kajiado,11
2016-01-13,Kajiado,30
2016-01-14,Kajiado,28
2016-01-15,Kajiado,32
2016-01-16,Kajiado,23
2016-01-17,Kajiado,31
2016-01-18,Kajiado,9
2016-01-19,Kajiado,19
2016-01-20,Kajiado,45
2016-01-21,Kajiado,15
2016-01-22,Kajiado,16
2016-01-23,Kajiado,12
2016-01-24,Kajiado,36
2016-01-25,Kajiado,9
2016-01-26,Kajiado,20
2016-01-27,Kajiado,9
2016-01-28,Kajiado,23
2016-01-29,Kajiado,28
2016-01-30,Kajiado,19
2016-01-31,Kajiado,15
2016-02-01,Kajiado,37
2016-02-02,Kajiado,38
2016-02-03,Kajiado,38
2016-02-04,Kajiado,18
2016-02-05,Kajiado,13
2016-02-06,Kajiado,18
2016-02-07,Kajiado,16
2016-02-08,Kajiado,16
2016-02-09,Kajiado,24
2016-02-10,Kajiado,50
2016-02-11,Kajiado,4
2016-02-12,Kajiado,28
2016-02-13,Kajiado,10
2016-02-14,Kajiado,3
2016-02-15,Kajiado,39
2016-02-16,Kajiado,23
2016-02-17,Kajiado,10
2016-02-18,Kajiado,31
2016-02-19,Kajiado,33
2016-02-20,Kajiado,37
2016-02-21,Kajiado,21
2016-02-22,Kajiado,25
2016-02-23,Kajiado,2
2016-02-24,Kajiado,19
2016-02-25,Kajiado,27
2016-02-26,Kajiado,28
2016-02-27,Kajiado,18
2016-02-28,Kajiado,27
2016-02-29,Kajiado,27
2016-03-01,Kajiado,8
2016-03-02,Kajiado,37
2016-03-03,Kajiado,29
2016-03-04,Kajiado,41
2016-03-05,Kajiado,26
2016-03-06,Kajiado,36
2016-03-07,Kajiado,33
2016-03-08,Kajiado,28
2016-03-09,Kajiado,12
2016-03-10,Kajiado,25
2016-03-11,Kajiado,51
2016-03-12,Kajiado,48
2016-03-13,Kajiado,38
2016-03-14,Kajiado,34
2016-03-15,Kajiado,57
2016-03-16,Kajiado,30
2016-03-17,Kajiado,31
2016-03-18,Kajiado,33
2016-03-19,Kajiado,36
2016-03-20,Kajiado,41
2016-03-21,Kajiado,28
2016-03-22,Kajiado,16
2016-03-23,Kajiado,39
2016-03-24,Kajiado,34
2016-03-25,Kajiado,39
2016-03-26,Kajiado,39
2016-03-27,Kajiado,19
2016-03-28,Kajiado,38
2016-03-29,Kajiado,23
2016-03-30,Kajiado,40
2016-03-31,Kajiado,39
2016-04-01,Kajiado,11
2016-04-02,Kajiado,23
2016-04-03,Kajiado,43
2016-04-04,Kajiado,28
2016-04-05,Kajiado,27
2016-04-06,Kajiado,26
2016-04-07,Kajiado,30
2016-04-08,Kajiado,51
2016-04-09,Kajiado,33
2016-04-10,Kajiado,29
2016-04-11,Kajiado,15
2016-04-12,Kajiado,34
2016-04-13,Kajiado,25
2016-04-14,Kajiado,53
2016-04-15,Kajiado,9
2016-04-16,Kajiado,49
2016-04-17,Kajiado,31
2016-04-18,Kajiado,42
2016-04-19,Kajiado,39
2016-04-20,Kajiado,8
2016-04-21,Kajiado,6
2016-04-22,Kajiado,46
2016-04-23,Kajiado,34
2016-04-24,Kajiado,19
2016-04-25,Kajiado,34
2016-04-26,Kajiado,37
2016-04-27,Kajiado,32
2016-04-28,Kajiado,36
2016-04-29,Kajiado,43
2016-04-30,Kajiado,33
2016-05-01,Kajiado,33
2016-05-02,Kajiado,41
2016-05-03,Kajiado,30
2016-05-04,Kajiado,41
2016-05-05,Kajiado,26
2016-05-06,Kajiado,20
2016-05-07,Kajiado,25
2016-05-08,Kajiado,35
2016-05-09,Kajiado,12
2016-05-10,Kajiado,31
2016-05-11,Kajiado,23
2016-05-12,Kajiado,30
2016-05-13,Kajiado,34
2016-05-14,Kajiado,21
2016-05-15,Kajiado,45
2016-05-16,Kajiado,13
2016-05-17,Kajiado,44
2016-05-18,Kajiado,25
2016-05-19,Kajiado,46
2016-05-20,Kajiado,24
2016-05-21,Kajiado,22
2016-05-22,Kajiado,27
2016-05-23,Kajiado,49
2016-05-24,Kajiado,0
2016-05-25,Kajiado,32
2016-05-26,Kajiado,27
2016-05-27,Kajiado,18
2016-05-28,Kajiado,31
2016-05-29,Kajiado,47
2016-05-30,Kajiado,33
2016-05-31,Kajiado,30
2016-06-01,Kajiado,21
2016-06-02,Kajiado,19
2016-06-03,Kajiado,27
2016-06-04,Kajiado,31
2016-06-05,Kajiado,30
2016-06-06,Kajiado,25
2016-06-07,Kajiado,23
2016-06-08,Kajiado,53
2016-06-09,Kajiado,14
2016-06-10,Kajiado,14
2016-06-11,Kajiado,20
2016-06-12,Kajiado,24
2016-06-13,Kajiado,2
2016-06-14,Kajiado,23
2016-06-15,Kajiado,40
2016-06-16,Kajiado,30
2016-06-17,Kajiado,50
2016-06-18,Kajiado,29
2016-06-19,Kajiado,53
2016-06-20,Kajiado,29
2016-06-21,Kajiado,26
2016-06-22,Kajiado,45
2016-06-23,Kajiado,43
2016-06-24,Kajiado,34
2016-06-25,Kajiado,39
2016-06-26,Kajiado,17
2016-06-27,Kajiado,21
2016-06-28,Kajiado,28
2016-06-29,Kajiado,4
2016-06-30,Kajiado,35
2016-07-01,Kajiado,25
2016-07-02,Kajiado,7
2016-07-03,Kajiado,0
2016-07-04,Kajiado,19
2016-07-05,Kajiado,12
2016-07-06,Kajiado,15
2016-07-07,Kajiado,29
2016-07-08,Kajiado,26
2016-07-09,Kajiado,26
2016-07-10,Kajiado,27
2016-07-11,Kajiado,23
2016-07-12,Kajiado,20
2016-07-13,Kajiado,18
2016-07-14,Kajiado,43
2016-07-15,Kajiado,22
2016-07-16,Kajiado,40
2016-07-17,Kajiado,23
2016-07-18,Kajiado,29
2016-07-19,Kajiado,34
2016-07-20,Kajiado,19
2016-07-21,Kajiado,32
2016-07-22,Kajiado,29
2016-07-23,Kajiado,28
2016-07-24,Kajiado,15
2016-07-25,Kajiado,24
2016-07-26,Kajiado,19
2016-07-27,Kajiado,23
2016-07-28,Kajiado,39
2016-07-29,Kajiado,32
2016-07-30,Kajiado,28
2016-07-31,Kajiado,17
2016-08-01,Kajiado,8
2016-08-02,Kajiado,5
2016-08-03,Kajiado,29
2016-08-04,Kajiado,43
2016-08-05,Kajiado,17
2016-08-06,Kajiado,37
2016-08-07,Kajiado,25
2016-08-08,Kajiado,24
2016-08-09,Kajiado,4
2016-08-10,Kajiado,33
2016-08-11,Kajiado,34
2016-08-12,Kajiado,29
2016-08-13,Kajiado,28
2016-08-14,Kajiado,34
2016-08-15,Kajiado,23
2016-08-16,Kajiado,26
2016-08-17,Kajiado,18
2016-08-18,Kajiado,16
2016-08-19,Kajiado,31
2016-08-20,Kajiado,21
2016-08-21,Kajiado,13
2016-08-22,Kajiado,22
2016-08-23,Kajiado,0
2016-08-24,Kajiado,27
2016-08-25,Kajiado,29
2016-08-26,Kajiado,42
2016-08-27,Kajiado,37
2016-08-28,Kajiado,12
2016-08-29,Kajiado,17
2016-08-30,Kajiado,4
2016-08-31,Kajiado,18
2016-09-01,Kajiado,42
2016-09-02,Kajiado,18
2016-09-03,Kajiado,25
2016-09-04,Kajiado,0
2016-09-05,Kajiado,25
2016-09-06,Kajiado,37
2016-09-07,Kajiado,23
2016-09-08,Kajiado,24
2016-09-09,Kajiado,17
2016-09-10,Kajiado,28
2016-09-11,Kajiado,23
2016-09-12,Kajiado,34
2016-09-13,Kajiado,38
2016-09-14,Kajiado,28
2016-09-15,Kajiado,20
2016-09-16,Kajiado,13
2016-09-17,Kajiado,16
2016-09-18,Kajiado,22
2016-09-19,Kajiado,14
2016-09-20,Kajiado,29
2016-09-21,Kajiado,46
2016-09-22,Kajiado,34
2016-09-23,Kajiado,27
2016-09-24,Kajiado,27
2016-09-25,Kajiado,34
2016-09-26,Kajiado,25
2016-09-27,Kajiado,14
2016-09-28,Kajiado,17
2016-09-29,Kajiado,9
2016-09-30,Kajiado,28
2016-10-01,Kajiado,27
2015-01-01,Kericho,35
2015-01-02,Kericho,18
2015-01-03,Kericho,39
2015-01-04,Kericho,23
2015-01-05,Kericho,22
2015-01-06,Kericho,45
2015-01-07,Kericho,22
2015-01-08,Kericho,51
2015-01-09,Kericho,45
2015-01-10,Kericho,24
2015-01-11,Kericho,13
2015-01-12,Kericho,35
2015-01-13,Kericho,39
2015-01-14,Kericho,27
2015-01-15,Kericho,24
2015-01-16,Kericho,23
2015-01-17,Kericho,38
2015-01-18,Kericho,19
2015-01-19,Kericho,32
2015-01-20,Kericho,28
2015-01-21,Kericho,16
2015-01-22,Kericho,17
2015-01-23,Kericho,23
2015-01-24,Kericho,29
2015-01-25,Kericho,31
2015-01-26,Kericho,17
2015-01-27,Kericho,29
2015-01-28,Kericho,20
2015-01-29,Kericho,46
2015-01-30,Kericho,28
2015-01-31,Kericho,31
2015-02-01,Kericho,33
2015-02-02,Kericho,39
2015-02-03,Kericho,32
2015-02-04,Kericho,46
2015-02-05,Kericho,29
2015-02-06,Kericho,17
2015-02-07,Kericho,40
2015-02-08,Kericho,25
2015-02-09,Kericho,0
2015-02-10,Kericho,32
2015-02-11,Kericho,39
2015-02-12,Kericho,37
2015-02-13,Kericho,27
2015-02-14,Kericho,44
2015-02-15,Kericho,16
2015-02-16,Kericho,24
2015-02-17,Kericho,24
2015-02-18,Kericho,31
2015-02-19,Kericho,26
2015-02-20,Kericho,41
2015-02-21,Kericho,39
2015-02-22,Kericho,33
2015-02-23,Kericho,0
2015-02-24,Kericho,17
2015-02-25,Kericho,27
2015-02-26,Kericho,22
2015-02-27,Kericho,37
2015-02-28,Kericho,41
2015-03-01,Kericho,22
2015-03-02,Kericho,36
2015-03-03,Kericho,4
2015-03-04,Kericho,14
2015-03-05,Kericho,26
2015-03-06,Kericho,16
2015-03-07,Kericho,41
2015-03-08,Kericho,30
2015-03-09,Kericho,47
2015-03-10,Kericho,33
2015-03-11,Kericho,33
2015-03-12,Kericho,36
2015-03-13,Kericho,15
2015-03-14,Kericho,33
2015-03-15,Kericho,47
2015-03-16,Kericho,21
2015-03-17,Kericho,34
2015-03-18,Kericho,23
2015-03-19,Kericho,31
2015-03-20,Kericho,45
2015-03-21,Kericho,43
2015-03-22,Kericho,28
2015-03-23,Kericho,27
2015-03-24,Kericho,28
2015-03-25,Kericho,23
2015-03-26,Kericho,30
2015-03-27,Kericho,31
2015-03-28,Kericho,28
2015-03-29,Kericho,35
2015-03-30,Kericho,26
2015-03-31,Kericho,40
2015-04-01,Kericho,9
2015-04-02,Kericho,36
2015-04-03,Kericho,27
2015-04-04,Kericho,21
2015-04-05,Kericho,28
2015-04-06,Kericho,26
2015-04-07,Kericho,42
2015-04-08,Kericho,35
2015-04-09,Kericho,29
2015-04-10,Kericho,19
2015-04-11,Kericho,31
2015-04-12,Kericho,39
2015-04-13,Kericho,49
2015-04-14,Kericho,11
2015-04-15,Kericho,44
2015-04-16,Kericho,42
2015-04-17,Kericho,25
2015-04-18,Kericho,30
2015-04-19,Kericho,20
2015-04-20,Kericho,45
2015-04-21,Kericho,38
2015-04-22,Kericho,55
2015-04-23,Kericho,44
2015-04-24,Kericho,10
2015-04-25,Kericho,5
2015-04-26,Kericho,34
2015-04-27,Kericho,29
2015-04-28,Kericho,33
2015-04-29,Kericho,18
2015-04-30,Kericho,41
2015-05-01,Kericho,28
2015-05-02,Kericho,34
2015-05-03,Kericho,27
2015-05-04,Kericho,34
2015-05-05,Kericho,30
2015-05-06,Kericho,33
2015-05-07,Kericho,32
2015-05-08,Kericho,25
2015-05-09,Kericho,36
2015-05-10,Kericho,12
2015-05-11,Kericho,43
2015-05-12,Kericho,30
2015-05-13,Kericho,41
2015-05-14,Kericho,20
2015-05-15,Kericho,39
2015-05-16,Kericho,39
2015-05-17,Kericho,22
2015-05-18,Kericho,32
2015-05-19,Kericho,41
2015-05-20,Kericho,30
2015-05-21,Kericho,39
2015-05-22,Kericho,33
2015-05-23,Kericho,47
2015-05-24,Kericho,24
2015-05-25,Kericho,34
2015-05-26,Kericho,40
2015-05-27,Kericho,25
2015-05-28,Kericho,43
2015-05-29,Kericho,31
2015-05-30,Kericho,22
2015-05-31,Kericho,29
2015-06-01,Kericho,39
2015-06-02,Kericho,17
2015-06-03,Kericho,29
2015-06-04,Kericho,24
2015-06-05,Kericho,30
2015-06-06,Kericho,24
2015-06-07,Kericho,30
2015-06-08,Kericho,33
2015-06-09,Kericho,37
2015-06-10,Kericho,24
2015-06-11,Kericho,37
2015-06-12,Kericho,17
2015-06-13,Kericho,16
2015-06-14,Kericho,41
2015-06-15,Kericho,30
2015-06-16,Kericho,19
2015-06-17,Kericho,19
2015-06-18,Kericho,37
2015-06-19,Kericho,23
2015-06-20,Kericho,19
2015-06-21,Kericho,37
2015-06-22,Kericho,34
2015-06-23,Kericho,8
2015-06-24,Kericho,29
2015-06-25,Kericho,25
2015-06-26,Kericho,7
2015-06-27,Kericho,19
2015-06-28,Kericho,32
2015-06-29,Kericho,32
2015-06-30,Kericho,24
2015-07-01,Kericho,25
2015-07-02,Kericho,17
2015-07-03,Kericho,21
2015-07-04,Kericho,25
2015-07-05,Kericho,26
2015-07-06,Kericho,26
2015-07-07,Kericho,39
2015-07-08,Kericho,14
2015-07-09,Kericho,31
2015-07-10,Kericho,21
2015-07-11,Kericho,5
2015-07-12,Kericho,30
2015-07-13,Kericho,21
2015-07-14,Kericho,26
2015-07-15,Kericho,15
2015-07-16,Kericho,27
2015-07-17,Kericho,24
2015-07-18,Kericho,37
2015-07-19,Kericho,24
2015-07-20,Kericho,36
2015-07-21,Kericho,16
2015-07-22,Kericho,22
2015-07-23,Kericho,28
2015-07-24,Kericho,19
2015-07-25,Kericho,11
2015-07-26,Kericho,36
2015-07-27,Kericho,22
2015-07-28,Kericho,31
2015-07-29,Kericho,28
2015-07-30,Kericho,15
2015-07-31,Kericho,24
2015-08-01,Kericho,20
2015-08-02,Kericho,39
2015-08-03,Kericho,22
2015-08-04,Kericho,28
2015-08-05,Kericho,18
2015-08-06,Kericho,21
2015-08-07,Kericho,32
2015-08-08,Kericho,26
2015-08-09,Kericho,51
2015-08-10,Kericho,35
2015-08-11,Kericho,37
2015-08-12,Kericho,18
2015-08-13,Kericho,22
2015-08-14,Kericho,29
2015-08-15,Kericho,18
2015-08-16,Kericho,32
2015-08-17,Kericho,21
2015-08-18,Kericho,39
2015-08-19,Kericho,29
2015-08-20,Kericho,40
2015-08-21,Kericho,45
2015-08-22,Kericho,12
2015-08-23,Kericho,32
2015-08-24,Kericho,35
2015-08-25,Kericho,40
2015-08-26,Kericho,8
2015-08-27,Kericho,15
2015-08-28,Kericho,47
2015-08-29,Kericho,37
2015-08-30,Kericho,14
2015-08-31,Kericho,22
2015-09-01,Kericho,29
2015-09-02,Kericho,12
2015-09-03,Kericho,27
2015-09-04,Kericho,12
2015-09-05,Kericho,32
2015-09-06,Kericho,26
2015-09-07,Kericho,40
2015-09-08,Kericho,47
2015-09-09,Kericho,30
2015-09-10,Kericho,59
2015-09-11,Kericho,28
2015-09-12,Kericho,27
2015-09-13,Kericho,16
2015-09-14,Kericho,20
2015-09-15,Kericho,20
2015-09-16,Kericho,18
2015-09-17,Kericho,36
2015-09-18,Kericho,48
2015-09-19,Kericho,24
2015-09-20,Kericho,41
2015-09-21,Kericho,28
2015-09-22,Kericho,10
2015-09-23,Kericho,43
2015-09-24,Kericho,34
2015-09-25,Kericho,20
2015-09-26,Kericho,27
2015-09-27,Kericho,18
2015-09-28,Kericho,30
2015-09-29,Kericho,35
2015-09-30,Kericho,27
2015-10-01,Kericho,68
2015-10-02,Kericho,39
2015-10-03,Kericho,42
2015-10-04,Kericho,40
2015-10-05,Kericho,28
2015-10-06,Kericho,37
2015-10-07,Kericho,29
2015-10-08,Kericho,16
2015-10-09,Kericho,34
2015-10-10,Kericho,26
2015-10-11,Kericho,36
2015-10-12,Kericho,32
2015-10-13,Kericho,23
2015-10-14,Kericho,37
2015-10-15,Kericho,22
2015-10-16,Kericho,27
2015-10-17,Kericho,32
2015-10-18,Kericho,28
2015-10-19,Kericho,0
2015-10-20,Kericho,34
2015-10-21,Kericho,38
2015-10-22,Kericho,31
2015-10-23,Kericho,26
2015-10-24,Kericho,22
2015-10-25,Kericho,32
2015-10-26,Kericho,17
2015-10-27,Kericho,41
2015-10-28,Kericho,32
2015-10-29,Kericho,25
2015-10-30,Kericho,29
2015-10-31,Kericho,44
2015-11-01,Kericho,34
2015-11-02,Kericho,29
2015-11-03,Kericho,31
2015-11-04,Kericho,39
2015-11-05,Kericho,34
2015-11-06,Kericho,26
2015-11-07,Kericho,50
2015-11-08,Kericho,37
2015-11-09,Kericho,45
2015-11-10,Kericho,29
2015-11-11,Kericho,40
2015-11-12,Kericho,4
2015-11-13,Kericho,16
2015-11-14,Kericho,28
2015-11-15,Kericho,35
2015-11-16,Kericho,26
2015-11-17,Kericho,15
2015-11-18,Kericho,13
2015-11-19,Kericho,41
2015-11-20,Kericho,61
2015-11-21,Kericho,18
2015-11-22,Kericho,24
2015-11-23,Kericho,19
2015-11-24,Kericho,25
2015-11-25,Kericho,18
2015-11-26,Kericho,40
2015-11-27,Kericho,18
2015-11-28,Kericho,29
2015-11-29,Kericho,45
2015-11-30,Kericho,0
2015-12-01,Kericho,19
2015-12-02,Kericho,24
2015-12-03,Kericho,19
2015-12-04,Kericho,27
2015-12-05,Kericho,31
2015-12-06,Kericho,10
2015-12-07,Kericho,57
2015-12-08,Kericho,33
2015-12-09,Kericho,41
2015-12-10,Kericho,27
2015-12-11,Kericho,14
2015-12-12,Kericho,31
2015-12-13,Kericho,29
2015-12-14,Kericho,33
2015-12-15,Kericho,29
2015-12-16,Kericho,28
2015-12-17,Kericho,19
2015-12-18,Kericho,22
2015-12-19,Kericho,34
2015-12-20,Kericho,24
2015-12-21,Kericho,23
2015-12-22,Kericho,45
2015-12-23,Kericho,25
2015-12-24,Kericho,20
2015-12-25,Kericho,38
2015-12-26,Kericho,39
2015-12-27,Kericho,31
2015-12-28,Kericho,23
2015-12-29,Kericho,22
2015-12-30,Kericho,18
2015-12-31,Kericho,28
2016-01-01,Kericho,25
2016-01-02,Kericho,22
2016-01-03,Kericho,33
2016-01-04,Kericho,21
2016-01-05,Kericho,29
2016-01-06,Kericho,32
2016-01-07,Kericho,37
2016-01-08,Kericho,40
2016-01-09,Kericho,27
2016-01-10,Kericho,29
2016-01-11,Kericho,17
2016-01-12,Kericho,25
2016-01-13,Kericho,13
2016-01-14,Kericho,21
2016-01-15,Kericho,41
2016-01-16,Kericho,32
2016-01-17,Kericho,20
2016-01-18,Kericho,22
2016-01-19,Kericho,31
2016-01-20,Kericho,30
2016-01-21,Kericho,36
2016-01-22,Kericho,37
2016-01-23,Kericho,48
2016-01-24,Kericho,35
2016-01-25,Kericho,21
2016-01-26,Kericho,28
2016-01-27,Kericho,16
2016-01-28,Kericho,50
2016-01-29,Kericho,17
2016-01-30,Kericho,0
2016-01-31,Kericho,49
2016-02-01,Kericho,32
2016-02-02,Kericho,24
2016-02-03,Kericho,32
2016-02-04,Kericho,45
2016-02-05,Kericho,29
2016-02-06,Kericho,42
2016-02-07,Kericho,45
2016-02-08,Kericho,35
2016-02-09,Kericho,13
2016-02-10,Kericho,11
2016-02-11,Kericho,22
2016-02-12,Kericho,36
2016-02-13,Kericho,34
2016-02-14,Kericho,28
2016-02-15,Kericho,17
2016-02-16,Kericho,32
2016-02-17,Kericho,31
2016-02-18,Kericho,28
2016-02-19,Kericho,32
2016-02-20,Kericho,26
2016-02-21,Kericho,33
2016-02-22,Kericho,38
2016-02-23,Kericho,38
2016-02-24,Kericho,32
2016-02-25,Kericho,34
2016-02-26,Kericho,17
2016-02-27,Kericho,49
2016-02-28,Kericho,32
2016-02-29,Kericho,9
2016-03-01,Kericho,45
2016-03-02,Kericho,24
2016-03-03,Kericho,47
2016-03-04,Kericho,9
2016-03-05,Kericho,22
2016-03-06,Kericho,25
2016-03-07,Kericho,24
2016-03-08,Kericho,41
2016-03-09,Kericho,17
2016-03-10,Kericho,33
2016-03-11,Kericho,24
2016-03-12,Kericho,41
2016-03-13,Kericho,22
2016-03-14,Kericho,30
2016-03-15,Kericho,24
2016-03-16,Kericho,48
2016-03-17,Kericho,21
2016-03-18,Kericho,34
2016-03-19,Kericho,40
2016-03-20,Kericho,23
2016-03-21,Kericho,47
2016-03-22,Kericho,27
2016-03-23,Kericho,36
2016-03-24,Kericho,20
2016-03-25,Kericho,43
2016-03-26,Kericho,33
2016-03-27,Kericho,4
2016-03-28,Kericho,43
2016-03-29,Kericho,43
2016-03-30,Kericho,39
2016-03-31,Kericho,32
2016-04-01,Kericho,41
2016-04-02,Kericho,45
2016-04-03,Kericho,23
2016-04-04,Kericho,26
2016-04-05,Kericho,28
2016-04-06,Kericho,32
2016-04-07,Kericho,47
2016-04-08,Kericho,30
2016-04-09,Kericho,40
2016-04-10,Kericho,27
2016-04-11,Kericho,32
2016-04-12,Kericho,37
2016-04-13,Kericho,34
2016-04-14,Kericho,34
2016-04-15,Kericho,22
2016-04-16,Kericho,48
2016-04-17,Kericho,33
2016-04-18,Kericho,28
2016-04-19,Kericho,19
2016-04-20,Kericho,47
2016-04-21,Kericho,30
2016-04-22,Kericho,18
2016-04-23,Kericho,23
2016-04-24,Kericho,27
2016-04-25,Kericho,45
2016-04-26,Kericho,36
2016-04-27,Kericho,16
2016-04-28,Kericho,38
2016-04-29,Kericho,40
2016-04-30,Kericho,20
2016-05-01,Kericho,46
2016-05-02,Kericho,21
2016-05-03,Kericho,22
2016-05-04,Kericho,28
2016-05-05,Kericho,37
2016-05-06,Kericho,36
2016-05-07,Kericho,21
2016-05-08,Kericho,27
2016-05-09,Kericho,27
2016-05-10,Kericho,25
2016-05-11,Kericho,35
2016-05-12,Kericho,24
2016-05-13,Kericho,36
2016-05-14,Kericho,52
2016-05-15,Kericho,19
2016-05-16,Kericho,34
2016-05-17,Kericho,20
2016-05-18,Kericho,44
2016-05-19,Kericho,30
2016-05-20,Kericho,43
2016-05-21,Kericho,48
2016-05-22,Kericho,46
2016-05-23,Kericho,44
2016-05-24,Kericho,44
2016-05-25,Kericho,31
2016-05-26,Kericho,9
2016-05-27,Kericho,30
2016-05-28,Kericho,36
2016-05-29,Kericho,33
2016-05-30,Kericho,52
2016-05-31,Kericho,24
2016-06-01,Kericho,30
2016-06-02,Kericho,52
2016-06-03,Kericho,37
2016-06-04,Kericho,40
2016-06-05,Kericho,35
2016-06-06,Kericho,20
2016-06-07,Kericho,29
2016-06-08,Kericho,35
2016-06-09,Kericho,37
2016-06-10,Kericho,20
2016-06-11,Kericho,25
2016-06-12,Kericho,42
2016-06-13,Kericho,23
2016-06-14,Kericho,9
2016-06-15,Kericho,29
2016-06-16,Kericho,30
2016-06-17,Kericho,16
2016-06-18,Kericho,43
2016-06-19,Kericho,0
2016-06-20,Kericho,13
2016-06-21,Kericho,21
2016-06-22,Kericho,35
2016-06-23,Kericho,14
2016-06-24,Kericho,26
2016-06-25,Kericho,36
2016-06-26,Kericho,33
2016-06-27,Kericho,36
2016-06-28,Kericho,5
2016-06-29,Kericho,48
2016-06-30,Kericho,21
2016-07-01,Kericho,21
2016-07-02,Kericho,11
2016-07-03,Kericho,24
2016-07-04,Kericho,20
2016-07-05,Kericho,36
2016-07-06,Kericho,32
2016-07-07,Kericho,22
2016-07-08,Kericho,30
2016-07-09,Kericho,13
2016-07-10,Kericho,27
2016-07-11,Kericho,15
2016-07-12,Kericho,39
2016-07-13,Kericho,29
2016-07-14,Kericho,25
2016-07-15,Kericho,44
2016-07-16,Kericho,1
2016-07-17,Kericho,34
2016-07-18,Kericho,45
2016-07-19,Kericho,14
2016-07-20,Kericho,21
2016-07-21,Kericho,35
2016-07-22,Kericho,42
2016-07-23,Kericho,37
2016-07-24,Kericho,37
2016-07-25,Kericho,25
2016-07-26,Kericho,36
2016-07-27,Kericho,21
2016-07-28,Kericho,15
2016-07-29,Kericho,22
2016-07-30,Kericho,28
2016-07-31,Kericho,23
2016-08-01,Kericho,48
2016-08-02,Kericho,16
2016-08-03,Kericho,25
2016-08-04,Kericho,34
2016-08-05,Kericho,46
2016-08-06,Kericho,23
2016-08-07,Kericho,25
2016-08-08,Kericho,41
2016-08-09,Kericho,25
2016-08-10,Kericho,28
2016-08-11,Kericho,26
2016-08-12,Kericho,31
2016-08-13,Kericho,36
2016-08-14,Kericho,26
2016-08-15,Kericho,11
2016-08-16,Kericho,18
2016-08-17,Kericho,25
2016-08-18,Kericho,20
2016-08-19,Kericho,23
2016-08-20,Kericho,34
2016-08-21,Kericho,34
2016-08-22,Kericho,38
2016-08-23,Kericho,27
2016-08-24,Kericho,42
2016-08-25,Kericho,29
2016-08-26,Kericho,33
2016-08-27,Kericho,18
2016-08-28,Kericho,37
2016-08-29,Kericho,47
2016-08-30,Kericho,28
2016-08-31,Kericho,42
2016-09-01,Kericho,30
2016-09-02,Kericho,27
2016-09-03,Kericho,40
2016-09-04,Kericho,18
2016-09-05,Kericho,34
2016-09-06,Kericho,22
2016-09-07,Kericho,25
2016-09-08,Kericho,30
2016-09-09,Kericho,23
2016-09-10,Kericho,22
2016-09-11,Kericho,37
2016-09-12,Kericho,31
2016-09-13,Kericho,21
2016-09-14,Kericho,17
2016-09-15,Kericho,26
2016-09-16,Kericho,20
2016-09-17,Kericho,28
2016-09-18,Kericho,29
2016-09-19,Kericho,36
2016-09-20,Kericho,31
2016-09-21,Kericho,44
2016-09-22,Kericho,16
2016-09-23,Kericho,33
2016-09-24,Kericho,36
2016-09-25,Kericho,7
2016-09-26,Kericho,39
2016-09-27,Kericho,29
2016-09-28,Kericho,24
2016-09-29,Kericho,15
2016-09-30,Kericho,30
2016-10-01,Kericho,35
2015-01-01,Bomet,24
2015-01-02,Bomet,33
2015-01-03,Bomet,35
2015-01-04,Bomet,30
2015-01-05,Bomet,25
2015-01-06,Bomet,13
2015-01-07,Bomet,8
2015-01-08,Bomet,35
2015-01-09,Bomet,22
2015-01-10,Bomet,1
2015-01-11,Bomet,17
2015-01-12,Bomet,9
2015-01-13,Bomet,12
2015-01-14,Bomet,39
2015-01-15,Bomet,6
2015-01-16,Bomet,8
2015-01-17,Bomet,13
2015-01-18,Bomet,11
2015-01-19,Bomet,25
2015-01-20,Bomet,22
2015-01-21,Bomet,34
2015-01-22,Bomet,45
2015-01-23,Bomet,25
2015-01-24,Bomet,35
2015-01-25,Bomet,28
2015-01-26,Bomet,8
2015-01-27,Bomet,16
2015-01-28,Bomet,29
2015-01-29,Bomet,29
2015-01-30,Bomet,32
2015-01-31,Bomet,37
2015-02-01,Bomet,25
2015-02-02,Bomet,25
2015-02-03,Bomet,0
2015-02-04,Bomet,22
2015-02-05,Bomet,14
2015-02-06,Bomet,13
2015-02-07,Bomet,27
2015-02-08,Bomet,36
2015-02-09,Bomet,19
2015-02-10,Bomet,28
2015-02-11,Bomet,9
2015-02-12,Bomet,26
2015-02-13,Bomet,44
2015-02-14,Bomet,20
2015-02-15,Bomet,26
2015-02-16,Bomet,26
2015-02-17,Bomet,34
2015-02-18,Bomet,18
2015-02-19,Bomet,39
2015-02-20,Bomet,46
2015-02-21,Bomet,25
2015-02-22,Bomet,30
2015-02-23,Bomet,27
2015-02-24,Bomet,14
2015-02-25,Bomet,25
2015-02-26,Bomet,29
2015-02-27,Bomet,31
2015-02-28,Bomet,30
2015-03-01,Bomet,23
2015-03-02,Bomet,28
2015-03-03,Bomet,38
2015-03-04,Bomet,19
2015-03-05,Bomet,50
2015-03-06,Bomet,23
2015-03-07,Bomet,38
2015-03-08,Bomet,40
2015-03-09,Bomet,17
2015-03-10,Bomet,39
2015-03-11,Bomet,12
2015-03-12,Bomet,34
2015-03-13,Bomet,16
2015-03-14,Bomet,29
2015-03-15,Bomet,31
2015-03-16,Bomet,41
2015-03-17,Bomet,40
2015-03-18,Bomet,27
2015-03-19,Bomet,39
2015-03-20,Bomet,42
2015-03-21,Bomet,45
2015-03-22,Bomet,60
2015-03-23,Bomet,31
2015-03-24,Bomet,19
2015-03-25,Bomet,25
2015-03-26,Bomet,32
2015-03-27,Bomet,39
2015-03-28,Bomet,30
2015-03-29,Bomet,12
2015-03-30,Bomet,22
2015-03-31,Bomet,38
2015-04-01,Bomet,32
2015-04-02,Bomet,32
2015-04-03,Bomet,14
2015-04-04,Bomet,48
2015-04-05,Bomet,36
2015-04-06,Bomet,21
2015-04-07,Bomet,18
2015-04-08,Bomet,45
2015-04-09,Bomet,35
2015-04-10,Bomet,27
2015-04-11,Bomet,13
2015-04-12,Bomet,37
2015-04-13,Bomet,37
2015-04-14,Bomet,36
2015-04-15,Bomet,27
2015-04-16,Bomet,46
2015-04-17,Bomet,30
2015-04-18,Bomet,26
2015-04-19,Bomet,27
2015-04-20,Bomet,49
2015-04-21,Bomet,34
2015-04-22,Bomet,34
2015-04-23,Bomet,24
2015-04-24,Bomet,39
2015-04-25,Bomet,20
2015-04-26,Bomet,17
2015-04-27,Bomet,32
2015-04-28,Bomet,36
2015-04-29,Bomet,38
2015-04-30,Bomet,48
2015-05-01,Bomet,39
2015-05-02,Bomet,35
2015-05-03,Bomet,27
2015-05-04,Bomet,23
2015-05-05,Bomet,50
2015-05-06,Bomet,31
2015-05-07,Bomet,47
2015-05-08,Bomet,38
2015-05-09,Bomet,34
2015-05-10,Bomet,38
2015-05-11,Bomet,32
2015-05-12,Bomet,30
2015-05-13,Bomet,51
2015-05-14,Bomet,44
2015-05-15,Bomet,23
2015-05-16,Bomet,36
2015-05-17,Bomet,29
2015-05-18,Bomet,38
2015-05-19,Bomet,39
2015-05-20,Bomet,34
2015-05-21,Bomet,30
2015-05-22,Bomet,38
2015-05-23,Bomet,32
2015-05-24,Bomet,31
2015-05-25,Bomet,36
2015-05-26,Bomet,25
2015-05-27,Bomet,26
2015-05-28,Bomet,22
2015-05-29,Bomet,42
2015-05-30,Bomet,26
2015-05-31,Bomet,38
2015-06-01,Bomet,41
2015-06-02,Bomet,18
2015-06-03,Bomet,27
2015-06-04,Bomet,21
2015-06-05,Bomet,29
2015-06-06,Bomet,23
2015-06-07,Bomet,23
2015-06-08,Bomet,10
2015-06-09,Bomet,30
2015-06-10,Bomet,29
2015-06-11,Bomet,19
2015-06-12,Bomet,30
2015-06-13,Bomet,24
2015-06-14,Bomet,19
2015-06-15,Bomet,50
2015-06-16,Bomet,32
2015-06-17,Bomet,30
2015-06-18,Bomet,29
2015-06-19,Bomet,25
2015-06-20,Bomet,37
2015-06-21,Bomet,34
2015-06-22,Bomet,19
2015-06-23,Bomet,21
2015-06-24,Bomet,30
2015-06-25,Bomet,23
2015-06-26,Bomet,23
2015-06-27,Bomet,26
2015-06-28,Bomet,19
2015-06-29,Bomet,30
2015-06-30,Bomet,21
2015-07-01,Bomet,30
2015-07-02,Bomet,49
2015-07-03,Bomet,34
2015-07-04,Bomet,33
2015-07-05,Bomet,19
2015-07-06,Bomet,45
2015-07-07,Bomet,41
2015-07-08,Bomet,33
2015-07-09,Bomet,10
2015-07-10,Bomet,35
2015-07-11,Bomet,33
2015-07-12,Bomet,34
2015-07-13,Bomet,18
2015-07-14,Bomet,39
2015-07-15,Bomet,20
2015-07-16,Bomet,33
2015-07-17,Bomet,26
2015-07-18,Bomet,23
2015-07-19,Bomet,18
2015-07-20,Bomet,31
2015-07-21,Bomet,10
2015-07-22,Bomet,25
2015-07-23,Bomet,13
2015-07-24,Bomet,18
2015-07-25,Bomet,22
2015-07-26,Bomet,30
2015-07-27,Bomet,5
2015-07-28,Bomet,24
2015-07-29,Bomet,3
2015-07-30,Bomet,24
2015-07-31,Bomet,9
2015-08-01,Bomet,36
2015-08-02,Bomet,36
2015-08-03,Bomet,23
2015-08-04,Bomet,28
2015-08-05,Bomet,25
2015-08-06,Bomet,32
2015-08-07,Bomet,22
2015-08-08,Bomet,29
2015-08-09,Bomet,36
2015-08-10,Bomet,14
2015-08-11,Bomet,35
2015-08-12,Bomet,15
2015-08-13,Bomet,19
2015-08-14,Bomet,20
2015-08-15,Bomet,20
2015-08-16,Bomet,25
2015-08-17,Bomet,51
2015-08-18,Bomet,4
2015-08-19,Bomet,49
2015-08-20,Bomet,20
2015-08-21,Bomet,26
2015-08-22,Bomet,30
2015-08-23,Bomet,34
2015-08-24,Bomet,35
2015-08-25,Bomet,40
2015-08-26,Bomet,12
2015-08-27,Bomet,21
2015-08-28,Bomet,34
2015-08-29,Bomet,23
2015-08-30,Bomet,20
2015-08-31,Bomet,46
2015-09-01,Bomet,38
2015-09-02,Bomet,31
2015-09-03,Bomet,31
2015-09-04,Bomet,17
2015-09-05,Bomet,28
2015-09-06,Bomet,17
2015-09-07,Bomet,37
2015-09-08,Bomet,17
2015-09-09,Bomet,42
2015-09-10,Bomet,39
2015-09-11,Bomet,31
2015-09-12,Bomet,28
2015-09-13,Bomet,26
2015-09-14,Bomet,15
2015-09-15,Bomet,24
2015-09-16,Bomet,27
2015-09-17,Bomet,25
2015-09-18,Bomet,10
2015-09-19,Bomet,29
2015-09-20,Bomet,27
2015-09-21,Bomet,17
2015-09-22,Bomet,22
2015-09-23,Bomet,24
2015-09-24,Bomet,33
2015-09-25,Bomet,12
2015-09-26,Bomet,20
2015-09-27,Bomet,32
2015-09-28,Bomet,34
2015-09-29,Bomet,22
2015-09-30,Bomet,30
2015-10-01,Bomet,39
2015-10-02,Bomet,21
2015-10-03,Bomet,28
2015-10-04,Bomet,41
2015-10-05,Bomet,9
2015-10-06,Bomet,25
2015-10-07,Bomet,43
2015-10-08,Bomet,41
2015-10-09,Bomet,42
2015-10-10,Bomet,23
2015-10-11,Bomet,30
2015-10-12,Bomet,16
2015-10-13,Bomet,17
2015-10-14,Bomet,31
2015-10-15,Bomet,28
2015-10-16,Bomet,40
2015-10-17,Bomet,23
2015-10-18,Bomet,46
2015-10-19,Bomet,28
2015-10-20,Bomet,32
2015-10-21,Bomet,21
2015-10-22,Bomet,15
2015-10-23,Bomet,12
2015-10-24,Bomet,30
2015-10-25,Bomet,20
2015-10-26,Bomet,31
2015-10-27,Bomet,31
2015-10-28,Bomet,29
2015-10-29,Bomet,45
2015-10-30,Bomet,11
2015-10-31,Bomet,55
2015-11-01,Bomet,23
2015-11-02,Bomet,19
2015-11-03,Bomet,15
2015-11-04,Bomet,20
2015-11-05,Bomet,40
2015-11-06,Bomet,20
2015-11-07,Bomet,19
2015-11-08,Bomet,39
2015-11-09,Bomet,26
2015-11-10,Bomet,31
2015-11-11,Bomet,0
2015-11-12,Bomet,26
2015-11-13,Bomet,30
2015-11-14,Bomet,28
2015-11-15,Bomet,26
2015-11-16,Bomet,28
2015-11-17,Bomet,46
2015-11-18,Bomet,45
2015-11-19,Bomet,29
2015-11-20,Bomet,25
2015-11-21,Bomet,57
2015-11-22,Bomet,31
2015-11-23,Bomet,18
2015-11-24,Bomet,54
2015-11-25,Bomet,24
2015-11-26,Bomet,27
2015-11-27,Bomet,18
2015-11-28,Bomet,32
2015-11-29,Bomet,26
2015-11-30,Bomet,26
2015-12-01,Bomet,22
2015-12-02,Bomet,39
2015-12-03,Bomet,33
2015-12-04,Bomet,38
2015-12-05,Bomet,28
2015-12-06,Bomet,20
2015-12-07,Bomet,35
2015-12-08,Bomet,14
2015-12-09,Bomet,21
2015-12-10,Bomet,12
2015-12-11,Bomet,30
2015-12-12,Bomet,40
2015-12-13,Bomet,23
2015-12-14,Bomet,46
2015-12-15,Bomet,26
2015-12-16,Bomet,12
2015-12-17,Bomet,29
2015-12-18,Bomet,21
2015-12-19,Bomet,25
2015-12-20,Bomet,29
2015-12-21,Bomet,9
2015-12-22,Bomet,34
2015-12-23,Bomet,25
2015-12-24,Bomet,26
2015-12-25,Bomet,26
2015-12-26,Bomet,33
2015-12-27,Bomet,19
2015-12-28,Bomet,22
2015-12-29,Bomet,44
2015-12-30,Bomet,19
2015-12-31,Bomet,45
2016-01-01,Bomet,39
2016-01-02,Bomet,49
2016-01-03,Bomet,34
2016-01-04,Bomet,16
2016-01-05,Bomet,37
2016-01-06,Bomet,19
2016-01-07,Bomet,25
2016-01-08,Bomet,31
2016-01-09,Bomet,44
2016-01-10,Bomet,44
2016-01-11,Bomet,32
2016-01-12,Bomet,40
2016-01-13,Bomet,27
2016-01-14,Bomet,21
2016-01-15,Bomet,8
2016-01-16,Bomet,40
2016-01-17,Bomet,40
2016-01-18,Bomet,25
2016-01-19,Bomet,31
2016-01-20,Bomet,28
2016-01-21,Bomet,32
2016-01-22,Bomet,43
2016-01-23,Bomet,46
2016-01-24,Bomet,25
2016-01-25,Bomet,31
2016-01-26,Bomet,12
2016-01-27,Bomet,31
2016-01-28,Bomet,12
2016-01-29,Bomet,28
2016-01-30,Bomet,23
2016-01-31,Bomet,39
2016-02-01,Bomet,30
2016-02-02,Bomet,28
2016-02-03,Bomet,18
2016-02-04,Bomet,33
2016-02-05,Bomet,19
2016-02-06,Bomet,20
2016-02-07,Bomet,18
2016-02-08,Bomet,17
2016-02-09,Bomet,29
2016-02-10,Bomet,25
2016-02-11,Bomet,55
2016-02-12,Bomet,10
2016-02-13,Bomet,22
2016-02-14,Bomet,34
2016-02-15,Bomet,36
2016-02-16,Bomet,20
2016-02-17,Bomet,23
2016-02-18,Bomet,31
2016-02-19,Bomet,31
2016-02-20,Bomet,2
2016-02-21,Bomet,30
2016-02-22,Bomet,22
2016-02-23,Bomet,9
2016-02-24,Bomet,28
2016-02-25,Bomet,38
2016-02-26,Bomet,17
2016-02-27,Bomet,26
2016-02-28,Bomet,4
2016-02-29,Bomet,43
2016-03-01,Bomet,23
2016-03-02,Bomet,33
2016-03-03,Bomet,30
2016-03-04,Bomet,37
2016-03-05,Bomet,33
2016-03-06,Bomet,43
2016-03-07,Bomet,17
2016-03-08,Bomet,45
2016-03-09,Bomet,25
2016-03-10,Bomet,16
2016-03-11,Bomet,39
2016-03-12,Bomet,37
2016-03-13,Bomet,40
2016-03-14,Bomet,37
2016-03-15,Bomet,25
2016-03-16,Bomet,28
2016-03-17,Bomet,26
2016-03-18,Bomet,44
2016-03-19,Bomet,40
2016-03-20,Bomet,42
2016-03-21,Bomet,45
2016-03-22,Bomet,15
2016-03-23,Bomet,21
2016-03-24,Bomet,51
2016-03-25,Bomet,32
2016-03-26,Bomet,18
2016-03-27,Bomet,34
2016-03-28,Bomet,27
2016-03-29,Bomet,33
2016-03-30,Bomet,26
2016-03-31,Bomet,20
2016-04-01,Bomet,23
2016-04-02,Bomet,26
2016-04-03,Bomet,33
2016-04-04,Bomet,39
2016-04-05,Bomet,28
2016-04-06,Bomet,32
2016-04-07,Bomet,26
2016-04-08,Bomet,40
2016-04-09,Bomet,22
2016-04-10,Bomet,45
2016-04-11,Bomet,35
2016-04-12,Bomet,34
2016-04-13,Bomet,30
2016-04-14,Bomet,18
2016-04-15,Bomet,27
2016-04-16,Bomet,20
2016-04-17,Bomet,13
2016-04-18,Bomet,33
2016-04-19,Bomet,9
2016-04-20,Bomet,34
2016-04-21,Bomet,26
2016-04-22,Bomet,31
2016-04-23,Bomet,33
2016-04-24,Bomet,29
2016-04-25,Bomet,8
2016-04-26,Bomet,13
2016-04-27,Bomet,33
2016-04-28,Bomet,25
2016-04-29,Bomet,26
2016-04-30,Bomet,34
2016-05-01,Bomet,35
2016-05-02,Bomet,27
2016-05-03,Bomet,13
2016-05-04,Bomet,30
2016-05-05,Bomet,14
2016-05-06,Bomet,42
2016-05-07,Bomet,33
2016-05-08,Bomet,21
2016-05-09,Bomet,35
2016-05-10,Bomet,41
2016-05-11,Bomet,24
2016-05-12,Bomet,26
2016-05-13,Bomet,29
2016-05-14,Bomet,22
2016-05-15,Bomet,22
2016-05-16,Bomet,30
2016-05-17,Bomet,37
2016-05-18,Bomet,26
2016-05-19,Bomet,20
2016-05-20,Bomet,19
2016-05-21,Bomet,18
2016-05-22,Bomet,40
2016-05-23,Bomet,30
2016-05-24,Bomet,33
2016-05-25,Bomet,10
2016-05-26,Bomet,34
2016-05-27,Bomet,53
2016-05-28,Bomet,52
2016-05-29,Bomet,27
2016-05-30,Bomet,22
2016-05-31,Bomet,41
2016-06-01,Bomet,39
2016-06-02,Bomet,35
2016-06-03,Bomet,33
2016-06-04,Bomet,24
2016-06-05,Bomet,2
2016-06-06,Bomet,14
2016-06-07,Bomet,33
2016-06-08,Bomet,40
2016-06-09,Bomet,31
2016-06-10,Bomet,21
2016-06-11,Bomet,7
2016-06-12,Bomet,48
2016-06-13,Bomet,25
2016-06-14,Bomet,16
2016-06-15,Bomet,1
2016-06-16,Bomet,21
2016-06-17,Bomet,32
2016-06-18,Bomet,27
2016-06-19,Bomet,36
2016-06-20,Bomet,14
2016-06-21,Bomet,12
2016-06-22,Bomet,24
2016-06-23,Bomet,27
2016-06-24,Bomet,19
2016-06-25,Bomet,8
2016-06-26,Bomet,32
2016-06-27,Bomet,32
2016-06-28,Bomet,31
2016-06-29,Bomet,2
2016-06-30,Bomet,18
2016-07-01,Bomet,29
2016-07-02,Bomet,16
2016-07-03,Bomet,13
2016-07-04,Bomet,33
2016-07-05,Bomet,24
2016-07-06,Bomet,13
2016-07-07,Bomet,27
2016-07-08,Bomet,37
2016-07-09,Bomet,31
2016-07-10,Bomet,22
2016-07-11,Bomet,42
2016-07-12,Bomet,27
2016-07-13,Bomet,29
2016-07-14,Bomet,16
2016-07-15,Bomet,23
2016-07-16,Bomet,12
2016-07-17,Bomet,22
2016-07-18,Bomet,20
2016-07-19,Bomet,19
2016-07-20,Bomet,18
2016-07-21,Bomet,22
2016-07-22,Bomet,26
2016-07-23,Bomet,14
2016-07-24,Bomet,35
2016-07-25,Bomet,20
2016-07-26,Bomet,29
2016-07-27,Bomet,0
2016-07-28,Bomet,34
2016-07-29,Bomet,14
2016-07-30,Bomet,13
2016-07-31,Bomet,12
2016-08-01,Bomet,19
2016-08-02,Bomet,22
2016-08-03,Bomet,25
2016-08-04,Bomet,41
2016-08-05,Bomet,34
2016-08-06,Bomet,24
2016-08-07,Bomet,27
2016-08-08,Bomet,33
2016-08-09,Bomet,28
2016-08-10,Bomet,8
2016-08-11,Bomet,25
2016-08-12,Bomet,26
2016-08-13,Bomet,41
2016-08-14,Bomet,37
2016-08-15,Bomet,20
2016-08-16,Bomet,28
2016-08-17,Bomet,21
2016-08-18,Bomet,30
2016-08-19,Bomet,11
2016-08-20,Bomet,18
2016-08-21,Bomet,30
2016-08-22,Bomet,24
2016-08-23,Bomet,37
2016-08-24,Bomet,2
2016-08-25,Bomet,18
2016-08-26,Bomet,32
2016-08-27,Bomet,31
2016-08-28,Bomet,22
2016-08-29,Bomet,39
2016-08-30,Bomet,37
2016-08-31,Bomet,16
2016-09-01,Bomet,11
2016-09-02,Bomet,36
2016-09-03,Bomet,25
2016-09-04,Bomet,13
2016-09-05,Bomet,22
2016-09-06,Bomet,35
2016-09-07,Bomet,14
2016-09-08,Bomet,20
2016-09-09,Bomet,23
2016-09-10,Bomet,25
2016-09-11,Bomet,28
2016-09-12,Bomet,49
2016-09-13,Bomet,37
2016-09-14,Bomet,38
2016-09-15,Bomet,26
2016-09-16,Bomet,0
2016-09-17,Bomet,41
2016-09-18,Bomet,24
2016-09-19,Bomet,30
2016-09-20,Bomet,41
2016-09-21,Bomet,28
2016-09-22,Bomet,36
2016-09-23,Bomet,26
2016-09-24,Bomet,20
2016-09-25,Bomet,17
2016-09-26,Bomet,24
2016-09-27,Bomet,24
2016-09-28,Bomet,32
2016-09-29,Bomet,21
2016-09-30,Bomet,28
2016-10-01,Bomet,16
2015-01-01,Kakamega,36
2015-01-02,Kakamega,15
2015-01-03,Kakamega,31
2015-01-04,Kakamega,42
2015-01-05,Kakamega,37
2015-01-06,Kakamega,39
2015-01-07,Kakamega,7
2015-01-08,Kakamega,13
2015-01-09,Kakamega,29
2015-01-10,Kakamega,22
2015-01-11,Kakamega,29
2015-01-12,Kakamega,29
2015-01-13,Kakamega,33
2015-01-14,Kakamega,33
2015-01-15,Kakamega,5
2015-01-16,Kakamega,5
2015-01-17,Kakamega,16
2015-01-18,Kakamega,25
2015-01-19,Kakamega,16
2015-01-20,Kakamega,15
2015-01-21,Kakamega,25
2015-01-22,Kakamega,23
2015-01-23,Kakamega,0
2015-01-24,Kakamega,46
2015-01-25,Kakamega,23
2015-01-26,Kakamega,24
2015-01-27,Kakamega,26
2015-01-28,Kakamega,41
2015-01-29,Kakamega,37
2015-01-30,Kakamega,27
2015-01-31,Kakamega,16
2015-02-01,Kakamega,24
2015-02-02,Kakamega,20
2015-02-03,Kakamega,10
2015-02-04,Kakamega,8
2015-02-05,Kakamega,33
2015-02-06,Kakamega,20
2015-02-07,Kakamega,20
2015-02-08,Kakamega,15
2015-02-09,Kakamega,20
2015-02-10,Kakamega,31
2015-02-11,Kakamega,20
2015-02-12,Kakamega,21
2015-02-13,Kakamega,38
2015-02-14,Kakamega,27
2015-02-15,Kakamega,31
2015-02-16,Kakamega,25
2015-02-17,Kakamega,29
2015-02-18,Kakamega,28
2015-02-19,Kakamega,45
2015-02-20,Kakamega,32
2015-02-21,Kakamega,25
2015-02-22,Kakamega,2
2015-02-23,Kakamega,5
2015-02-24,Kakamega,32
2015-02-25,Kakamega,47
2015-02-26,Kakamega,11
2015-02-27,Kakamega,21
2015-02-28,Kakamega,28
2015-03-01,Kakamega,40
2015-03-02,Kakamega,34
2015-03-03,Kakamega,44
2015-03-04,Kakamega,57
2015-03-05,Kakamega,33
2015-03-06,Kakamega,21
2015-03-07,Kakamega,46
2015-03-08,Kakamega,33
2015-03-09,Kakamega,24
2015-03-10,Kakamega,35
2015-03-11,Kakamega,32
2015-03-12,Kakamega,29
2015-03-13,Kakamega,20
2015-03-14,Kakamega,29
2015-03-15,Kakamega,57
2015-03-16,Kakamega,19
2015-03-17,Kakamega,25
2015-03-18,Kakamega,15
2015-03-19,Kakamega,21
2015-03-20,Kakamega,32
2015-03-21,Kakamega,38
2015-03-22,Kakamega,40
2015-03-23,Kakamega,49
2015-03-24,Kakamega,33
2015-03-25,Kakamega,39
2015-03-26,Kakamega,30
2015-03-27,Kakamega,33
2015-03-28,Kakamega,20
2015-03-29,Kakamega,16
2015-03-30,Kakamega,27
2015-03-31,Kakamega,31
2015-04-01,Kakamega,15
2015-04-02,Kakamega,37
2015-04-03,Kakamega,35
2015-04-04,Kakamega,50
2015-04-05,Kakamega,25
2015-04-06,Kakamega,18
2015-04-07,Kakamega,41
2015-04-08,Kakamega,36
2015-04-09,Kakamega,40
2015-04-10,Kakamega,23
2015-04-11,Kakamega,52
2015-04-12,Kakamega,47
2015-04-13,Kakamega,32
2015-04-14,Kakamega,39
2015-04-15,Kakamega,28
2015-04-16,Kakamega,32
2015-04-17,Kakamega,27
2015-04-18,Kakamega,34
2015-04-19,Kakamega,24
2015-04-20,Kakamega,5
2015-04-21,Kakamega,28
2015-04-22,Kakamega,40
2015-04-23,Kakamega,28
2015-04-24,Kakamega,23
2015-04-25,Kakamega,33
2015-04-26,Kakamega,41
2015-04-27,Kakamega,26
2015-04-28,Kakamega,16
2015-04-29,Kakamega,32
2015-04-30,Kakamega,22
2015-05-01,Kakamega,19
2015-05-02,Kakamega,17
2015-05-03,Kakamega,33
2015-05-04,Kakamega,38
2015-05-05,Kakamega,14
2015-05-06,Kakamega,26
2015-05-07,Kakamega,11
2015-05-08,Kakamega,31
2015-05-09,Kakamega,25
2015-05-10,Kakamega,23
2015-05-11,Kakamega,39
2015-05-12,Kakamega,29
2015-05-13,Kakamega,25
2015-05-14,Kakamega,44
2015-05-15,Kakamega,31
2015-05-16,Kakamega,29
2015-05-17,Kakamega,41
2015-05-18,Kakamega,53
2015-05-19,Kakamega,28
2015-05-20,Kakamega,47
2015-05-21,Kakamega,43
2015-05-22,Kakamega,21
2015-05-23,Kakamega,44
2015-05-24,Kakamega,22
2015-05-25,Kakamega,18
2015-05-26,Kakamega,44
2015-05-27,Kakamega,34
2015-05-28,Kakamega,28
2015-05-29,Kakamega,30
2015-05-30,Kakamega,27
2015-05-31,Kakamega,29
2015-06-01,Kakamega,22
2015-06-02,Kakamega,12
2015-06-03,Kakamega,16
2015-06-04,Kakamega,42
2015-06-05,Kakamega,11
2015-06-06,Kakamega,37
2015-06-07,Kakamega,41
2015-06-08,Kakamega,0
2015-06-09,Kakamega,22
2015-06-10,Kakamega,27
2015-06-11,Kakamega,16
2015-06-12,Kakamega,30
2015-06-13,Kakamega,41
2015-06-14,Kakamega,26
2015-06-15,Kakamega,17
2015-06-16,Kakamega,13
2015-06-17,Kakamega,52
2015-06-18,Kakamega,31
2015-06-19,Kakamega,29
2015-06-20,Kakamega,29
2015-06-21,Kakamega,16
2015-06-22,Kakamega,33
2015-06-23,Kakamega,29
2015-06-24,Kakamega,20
2015-06-25,Kakamega,28
2015-06-26,Kakamega,26
2015-06-27,Kakamega,32
2015-06-28,Kakamega,32
2015-06-29,Kakamega,21
2015-06-30,Kakamega,16
2015-07-01,Kakamega,40
2015-07-02,Kakamega,48
2015-07-03,Kakamega,30
2015-07-04,Kakamega,17
2015-07-05,Kakamega,30
2015-07-06,Kakamega,16
2015-07-07,Kakamega,19
2015-07-08,Kakamega,35
2015-07-09,Kakamega,6
2015-07-10,Kakamega,30
2015-07-11,Kakamega,19
2015-07-12,Kakamega,25
2015-07-13,Kakamega,34
2015-07-14,Kakamega,24
2015-07-15,Kakamega,27
2015-07-16,Kakamega,21
2015-07-17,Kakamega,44
2015-07-18,Kakamega,39
2015-07-19,Kakamega,23
2015-07-20,Kakamega,31
2015-07-21,Kakamega,41
2015-07-22,Kakamega,36
2015-07-23,Kakamega,21
2015-07-24,Kakamega,27
2015-07-25,Kakamega,43
2015-07-26,Kakamega,24
2015-07-27,Kakamega,39
2015-07-28,Kakamega,39
2015-07-29,Kakamega,24
2015-07-30,Kakamega,28
2015-07-31,Kakamega,19
2015-08-01,Kakamega,29
2015-08-02,Kakamega,32
2015-08-03,Kakamega,34
2015-08-04,Kakamega,0
2015-08-05,Kakamega,34
2015-08-06,Kakamega,21
2015-08-07,Kakamega,37
2015-08-08,Kakamega,26
2015-08-09,Kakamega,36
2015-08-10,Kakamega,14
2015-08-11,Kakamega,25
2015-08-12,Kakamega,25
2015-08-13,Kakamega,44
2015-08-14,Kakamega,14
2015-08-15,Kakamega,19
2015-08-16,Kakamega,18
2015-08-17,Kakamega,15
2015-08-18,Kakamega,24
2015-08-19,Kakamega,35
2015-08-20,Kakamega,26
2015-08-21,Kakamega,23
2015-08-22,Kakamega,16
2015-08-23,Kakamega,17
2015-08-24,Kakamega,36
2015-08-25,Kakamega,23
2015-08-26,Kakamega,23
2015-08-27,Kakamega,29
2015-08-28,Kakamega,27
2015-08-29,Kakamega,17
2015-08-30,Kakamega,28
2015-08-31,Kakamega,24
2015-09-01,Kakamega,17
2015-09-02,Kakamega,20
2015-09-03,Kakamega,35
2015-09-04,Kakamega,17
2015-09-05,Kakamega,12
2015-09-06,Kakamega,11
2015-09-07,Kakamega,10
2015-09-08,Kakamega,9
2015-09-09,Kakamega,15
2015-09-10,Kakamega,33
2015-09-11,Kakamega,19
2015-09-12,Kakamega,22
2015-09-13,Kakamega,29
2015-09-14,Kakamega,41
2015-09-15,Kakamega,32
2015-09-16,Kakamega,23
2015-09-17,Kakamega,12
2015-09-18,Kakamega,24
2015-09-19,Kakamega,24
2015-09-20,Kakamega,38
2015-09-21,Kakamega,29
2015-09-22,Kakamega,40
2015-09-23,Kakamega,22
2015-09-24,Kakamega,23
2015-09-25,Kakamega,44
2015-09-26,Kakamega,36
2015-09-27,Kakamega,32
2015-09-28,Kakamega,22
2015-09-29,Kakamega,27
2015-09-30,Kakamega,23
2015-10-01,Kakamega,13
2015-10-02,Kakamega,10
2015-10-03,Kakamega,31
2015-10-04,Kakamega,47
2015-10-05,Kakamega,31
2015-10-06,Kakamega,43
2015-10-07,Kakamega,43
2015-10-08,Kakamega,49
2015-10-09,Kakamega,25
2015-10-10,Kakamega,27
2015-10-11,Kakamega,27
2015-10-12,Kakamega,41
2015-10-13,Kakamega,24
2015-10-14,Kakamega,27
2015-10-15,Kakamega,31
2015-10-16,Kakamega,18
2015-10-17,Kakamega,47
2015-10-18,Kakamega,20
2015-10-19,Kakamega,38
2015-10-20,Kakamega,6
2015-10-21,Kakamega,6
2015-10-22,Kakamega,16
2015-10-23,Kakamega,40
2015-10-24,Kakamega,29
2015-10-25,Kakamega,42
2015-10-26,Kakamega,30
2015-10-27,Kakamega,34
2015-10-28,Kakamega,22
2015-10-29,Kakamega,40
2015-10-30,Kakamega,35
2015-10-31,Kakamega,33
2015-11-01,Kakamega,19
2015-11-02,Kakamega,44
2015-11-03,Kakamega,27
2015-11-04,Kakamega,25
2015-11-05,Kakamega,30
2015-11-06,Kakamega,39
2015-11-07,Kakamega,34
2015-11-08,Kakamega,29
2015-11-09,Kakamega,33
2015-11-10,Kakamega,23
2015-11-11,Kakamega,54
2015-11-12,Kakamega,40
2015-11-13,Kakamega,39
2015-11-14,Kakamega,32
2015-11-15,Kakamega,25
2015-11-16,Kakamega,36
2015-11-17,Kakamega,25
2015-11-18,Kakamega,46
2015-11-19,Kakamega,54
2015-11-20,Kakamega,32
2015-11-21,Kakamega,17
2015-11-22,Kakamega,13
2015-11-23,Kakamega,36
2015-11-24,Kakamega,21
2015-11-25,Kakamega,21
2015-11-26,Kakamega,12
2015-11-27,Kakamega,27
2015-11-28,Kakamega,32
2015-11-29,Kakamega,21
2015-11-30,Kakamega,38
2015-12-01,Kakamega,29
2015-12-02,Kakamega,39
2015-12-03,Kakamega,39
2015-12-04,Kakamega,21
2015-12-05,Kakamega,17
2015-12-06,Kakamega,37
2015-12-07,Kakamega,38
2015-12-08,Kakamega,22
2015-12-09,Kakamega,15
2015-12-10,Kakamega,32
2015-12-11,Kakamega,22
2015-12-12,Kakamega,25
2015-12-13,Kakamega,34
2015-12-14,Kakamega,35
2015-12-15,Kakamega,30
2015-12-16,Kakamega,36
2015-12-17,Kakamega,35
2015-12-18,Kakamega,19
2015-12-19,Kakamega,27
2015-12-20,Kakamega,21
2015-12-21,Kakamega,32
2015-12-22,Kakamega,9
2015-12-23,Kakamega,30
2015-12-24,Kakamega,32
2015-12-25,Kakamega,32
2015-12-26,Kakamega,21
2015-12-27,Kakamega,8
2015-12-28,Kakamega,25
2015-12-29,Kakamega,27
2015-12-30,Kakamega,18
2015-12-31,Kakamega,23
2016-01-01,Kakamega,23
2016-01-02,Kakamega,8
2016-01-03,Kakamega,15
2016-01-04,Kakamega,22
2016-01-05,Kakamega,17
2016-01-06,Kakamega,18
2016-01-07,Kakamega,25
2016-01-08,Kakamega,15
2016-01-09,Kakamega,44
2016-01-10,Kakamega,34
2016-01-11,Kakamega,31
2016-01-12,Kakamega,20
2016-01-13,Kakamega,16
2016-01-14,Kakamega,7
2016-01-15,Kakamega,29
2016-01-16,Kakamega,15
2016-01-17,Kakamega,26
2016-01-18,Kakamega,19
2016-01-19,Kakamega,29
2016-01-20,Kakamega,26
2016-01-21,Kakamega,13
2016-01-22,Kakamega,33
2016-01-23,Kakamega,48
2016-01-24,Kakamega,18
2016-01-25,Kakamega,27
2016-01-26,Kakamega,34
2016-01-27,Kakamega,34
2016-01-28,Kakamega,33
2016-01-29,Kakamega,38
2016-01-30,Kakamega,22
2016-01-31,Kakamega,47
2016-02-01,Kakamega,25
2016-02-02,Kakamega,39
2016-02-03,Kakamega,22
2016-02-04,Kakamega,37
2016-02-05,Kakamega,20
2016-02-06,Kakamega,43
2016-02-07,Kakamega,12
2016-02-08,Kakamega,17
2016-02-09,Kakamega,40
2016-02-10,Kakamega,36
2016-02-11,Kakamega,23
2016-02-12,Kakamega,32
2016-02-13,Kakamega,7
2016-02-14,Kakamega,32
2016-02-15,Kakamega,17
2016-02-16,Kakamega,47
2016-02-17,Kakamega,24
2016-02-18,Kakamega,15
2016-02-19,Kakamega,19
2016-02-20,Kakamega,23
2016-02-21,Kakamega,34
2016-02-22,Kakamega,42
2016-02-23,Kakamega,27
2016-02-24,Kakamega,31
2016-02-25,Kakamega,24
2016-02-26,Kakamega,22
2016-02-27,Kakamega,21
2016-02-28,Kakamega,30
2016-02-29,Kakamega,14
2016-03-01,Kakamega,35
2016-03-02,Kakamega,36
2016-03-03,Kakamega,14
2016-03-04,Kakamega,23
2016-03-05,Kakamega,34
2016-03-06,Kakamega,49
2016-03-07,Kakamega,34
2016-03-08,Kakamega,24
2016-03-09,Kakamega,22
2016-03-10,Kakamega,31
2016-03-11,Kakamega,20
2016-03-12,Kakamega,20
2016-03-13,Kakamega,42
2016-03-14,Kakamega,37
2016-03-15,Kakamega,39
2016-03-16,Kakamega,39
2016-03-17,Kakamega,38
2016-03-18,Kakamega,27
2016-03-19,Kakamega,57
2016-03-20,Kakamega,38
2016-03-21,Kakamega,31
2016-03-22,Kakamega,37
2016-03-23,Kakamega,37
2016-03-24,Kakamega,33
2016-03-25,Kakamega,30
2016-03-26,Kakamega,31
2016-03-27,Kakamega,48
2016-03-28,Kakamega,34
2016-03-29,Kakamega,40
2016-03-30,Kakamega,37
2016-03-31,Kakamega,27
2016-04-01,Kakamega,10
2016-04-02,Kakamega,31
2016-04-03,Kakamega,22
2016-04-04,Kakamega,46
2016-04-05,Kakamega,25
2016-04-06,Kakamega,37
2016-04-07,Kakamega,25
2016-04-08,Kakamega,28
2016-04-09,Kakamega,9
2016-04-10,Kakamega,28
2016-04-11,Kakamega,17
2016-04-12,Kakamega,39
2016-04-13,Kakamega,34
2016-04-14,Kakamega,38
2016-04-15,Kakamega,34
2016-04-16,Kakamega,20
2016-04-17,Kakamega,32
2016-04-18,Kakamega,16
2016-04-19,Kakamega,33
2016-04-20,Kakamega,38
2016-04-21,Kakamega,38
2016-04-22,Kakamega,47
2016-04-23,Kakamega,23
2016-04-24,Kakamega,39
2016-04-25,Kakamega,15
2016-04-26,Kakamega,29
2016-04-27,Kakamega,43
2016-04-28,Kakamega,21
2016-04-29,Kakamega,14
2016-04-30,Kakamega,31
2016-05-01,Kakamega,17
2016-05-02,Kakamega,30
2016-05-03,Kakamega,31
2016-05-04,Kakamega,45
2016-05-05,Kakamega,32
2016-05-06,Kakamega,43
2016-05-07,Kakamega,44
2016-05-08,Kakamega,22
2016-05-09,Kakamega,42
2016-05-10,Kakamega,42
2016-05-11,Kakamega,32
2016-05-12,Kakamega,15
2016-05-13,Kakamega,15
2016-05-14,Kakamega,26
2016-05-15,Kakamega,32
2016-05-16,Kakamega,19
2016-05-17,Kakamega,40
2016-05-18,Kakamega,33
2016-05-19,Kakamega,24
2016-05-20,Kakamega,39
2016-05-21,Kakamega,24
2016-05-22,Kakamega,41
2016-05-23,Kakamega,31
2016-05-24,Kakamega,43
2016-05-25,Kakamega,39
2016-05-26,Kakamega,17
2016-05-27,Kakamega,30
2016-05-28,Kakamega,54
2016-05-29,Kakamega,49
2016-05-30,Kakamega,26
2016-05-31,Kakamega,41
2016-06-01,Kakamega,46
2016-06-02,Kakamega,5
2016-06-03,Kakamega,25
2016-06-04,Kakamega,29
2016-06-05,Kakamega,34
2016-06-06,Kakamega,35
2016-06-07,Kakamega,25
2016-06-08,Kakamega,20
2016-06-09,Kakamega,9
2016-06-10,Kakamega,26
2016-06-11,Kakamega,13
2016-06-12,Kakamega,26
2016-06-13,Kakamega,25
2016-06-14,Kakamega,48
2016-06-15,Kakamega,40
2016-06-16,Kakamega,36
2016-06-17,Kakamega,13
2016-06-18,Kakamega,15
2016-06-19,Kakamega,24
2016-06-20,Kakamega,55
2016-06-21,Kakamega,33
2016-06-22,Kakamega,39
2016-06-23,Kakamega,19
2016-06-24,Kakamega,26
2016-06-25,Kakamega,17
2016-06-26,Kakamega,16
2016-06-27,Kakamega,23
2016-06-28,Kakamega,8
2016-06-29,Kakamega,33
2016-06-30,Kakamega,37
2016-07-01,Kakamega,20
2016-07-02,Kakamega,25
2016-07-03,Kakamega,19
2016-07-04,Kakamega,15
2016-07-05,Kakamega,24
2016-07-06,Kakamega,34
2016-07-07,Kakamega,38
2016-07-08,Kakamega,26
2016-07-09,Kakamega,16
2016-07-10,Kakamega,40
2016-07-11,Kakamega,14
2016-07-12,Kakamega,25
2016-07-13,Kakamega,27
2016-07-14,Kakamega,47
2016-07-15,Kakamega,6
2016-07-16,Kakamega,17
2016-07-17,Kakamega,32
2016-07-18,Kakamega,45
2016-07-19,Kakamega,30
2016-07-20,Kakamega,25
2016-07-21,Kakamega,8
2016-07-22,Kakamega,19
2016-07-23,Kakamega,31
2016-07-24,Kakamega,34
2016-07-25,Kakamega,50
2016-07-26,Kakamega,52
2016-07-27,Kakamega,21
2016-07-28,Kakamega,35
2016-07-29,Kakamega,45
2016-07-30,Kakamega,34
2016-07-31,Kakamega,28
2016-08-01,Kakamega,25
2016-08-02,Kakamega,27
2016-08-03,Kakamega,22
2016-08-04,Kakamega,25
2016-08-05,Kakamega,40
2016-08-06,Kakamega,43
2016-08-07,Kakamega,21
2016-08-08,Kakamega,16
2016-08-09,Kakamega,16
2016-08-10,Kakamega,38
2016-08-11,Kakamega,20
2016-08-12,Kakamega,23
2016-08-13,Kakamega,37
2016-08-14,Kakamega,29
2016-08-15,Kakamega,26
2016-08-16,Kakamega,36
2016-08-17,Kakamega,16
2016-08-18,Kakamega,13
2016-08-19,Kakamega,32
2016-08-20,Kakamega,16
2016-08-21,Kakamega,26
2016-08-22,Kakamega,27
2016-08-23,Kakamega,10
2016-08-24,Kakamega,24
2016-08-25,Kakamega,34
2016-08-26,Kakamega,9
2016-08-27,Kakamega,43
2016-08-28,Kakamega,29
2016-08-29,Kakamega,32
2016-08-30,Kakamega,31
2016-08-31,Kakamega,24
2016-09-01,Kakamega,33
2016-09-02,Kakamega,36
2016-09-03,Kakamega,15
2016-09-04,Kakamega,23
2016-09-05,Kakamega,28
2016-09-06,Kakamega,19
2016-09-07,Kakamega,29
2016-09-08,Kakamega,20
2016-09-09,Kakamega,34
2016-09-10,Kakamega,43
2016-09-11,Kakamega,24
2016-09-12,Kakamega,29
2016-09-13,Kakamega,28
2016-09-14,Kakamega,21
2016-09-15,Kakamega,33
2016-09-16,Kakamega,3
2016-09-17,Kakamega,31
2016-09-18,Kakamega,17
2016-09-19,Kakamega,30
2016-09-20,Kakamega,40
2016-09-21,Kakamega,22
2016-09-22,Kakamega,31
2016-09-23,Kakamega,29
2016-09-24,Kakamega,27
2016-09-25,Kakamega,35
2016-09-26,Kakamega,10
2016-09-27,Kakamega,33
2016-09-28,Kakamega,28
2016-09-29,Kakamega,18
2016-09-30,Kakamega,17
2016-10-01,Kakamega,31
2015-01-01,Vihiga,26
2015-01-02,Vihiga,19
2015-01-03,Vihiga,28
2015-01-04,Vihiga,44
2015-01-05,Vihiga,15
2015-01-06,Vihiga,19
2015-01-07,Vihiga,23
2015-01-08,Vihiga,24
2015-01-09,Vihiga,47
2015-01-10,Vihiga,25
2015-01-11,Vihiga,38
2015-01-12,Vihiga,16
2015-01-13,Vihiga,11
2015-01-14,Vihiga,10
2015-01-15,Vihiga,31
2015-01-16,Vihiga,29
2015-01-17,Vihiga,28
2015-01-18,Vihiga,23
2015-01-19,Vihiga,32
2015-01-20,Vihiga,26
2015-01-21,Vihiga,38
2015-01-22,Vihiga,28
2015-01-23,Vihiga,33
2015-01-24,Vihiga,23
2015-01-25,Vihiga,27
2015-01-26,Vihiga,14
2015-01-27,Vihiga,33
2015-01-28,Vihiga,22
2015-01-29,Vihiga,37
2015-01-30,Vihiga,42
2015-01-31,Vihiga,24
2015-02-01,Vihiga,46
2015-02-02,Vihiga,22
2015-02-03,Vihiga,39
2015-02-04,Vihiga,27
2015-02-05,Vihiga,25
2015-02-06,Vihiga,25
2015-02-07,Vihiga,17
2015-02-08,Vihiga,37
2015-02-09,Vihiga,32
2015-02-10,Vihiga,11
2015-02-11,Vihiga,9
2015-02-12,Vihiga,4
2015-02-13,Vihiga,14
2015-02-14,Vihiga,25
2015-02-15,Vihiga,29
2015-02-16,Vihiga,33
2015-02-17,Vihiga,33
2015-02-18,Vihiga,51
2015-02-19,Vihiga,29
2015-02-20,Vihiga,21
2015-02-21,Vihiga,21
2015-02-22,Vihiga,15
2015-02-23,Vihiga,38
2015-02-24,Vihiga,44
2015-02-25,Vihiga,23
2015-02-26,Vihiga,41
2015-02-27,Vihiga,34
2015-02-28,Vihiga,20
2015-03-01,Vihiga,25
2015-03-02,Vihiga,30
2015-03-03,Vihiga,25
2015-03-04,Vihiga,28
2015-03-05,Vihiga,27
2015-03-06,Vihiga,13
2015-03-07,Vihiga,20
2015-03-08,Vihiga,18
2015-03-09,Vihiga,33
2015-03-10,Vihiga,60
2015-03-11,Vihiga,27
2015-03-12,Vihiga,29
2015-03-13,Vihiga,29
2015-03-14,Vihiga,26
2015-03-15,Vihiga,15
2015-03-16,Vihiga,32
2015-03-17,Vihiga,49
2015-03-18,Vihiga,29
2015-03-19,Vihiga,37
2015-03-20,Vihiga,40
2015-03-21,Vihiga,36
2015-03-22,Vihiga,20
2015-03-23,Vihiga,25
2015-03-24,Vihiga,36
2015-03-25,Vihiga,39
2015-03-26,Vihiga,43
2015-03-27,Vihiga,27
2015-03-28,Vihiga,19
2015-03-29,Vihiga,19
2015-03-30,Vihiga,38
2015-03-31,Vihiga,23
2015-04-01,Vihiga,30
2015-04-02,Vihiga,37
2015-04-03,Vihiga,35
2015-04-04,Vihiga,37
2015-04-05,Vihiga,35
2015-04-06,Vihiga,29
2015-04-07,Vihiga,30
2015-04-08,Vihiga,24
2015-04-09,Vihiga,34
2015-04-10,Vihiga,34
2015-04-11,Vihiga,32
2015-04-12,Vihiga,42
2015-04-13,Vihiga,33
2015-04-14,Vihiga,31
2015-04-15,Vihiga,42
2015-04-16,Vihiga,12
2015-04-17,Vihiga,32
2015-04-18,Vihiga,21
2015-04-19,Vihiga,22
2015-04-20,Vihiga,40
2015-04-21,Vihiga,43
2015-04-22,Vihiga,26
2015-04-23,Vihiga,35
2015-04-24,Vihiga,32
2015-04-25,Vihiga,29
2015-04-26,Vihiga,27
2015-04-27,Vihiga,22
2015-04-28,Vihiga,38
2015-04-29,Vihiga,35
2015-04-30,Vihiga,33
2015-05-01,Vihiga,35
2015-05-02,Vihiga,24
2015-05-03,Vihiga,27
2015-05-04,Vihiga,33
2015-05-05,Vihiga,44
2015-05-06,Vihiga,22
2015-05-07,Vihiga,11
2015-05-08,Vihiga,32
2015-05-09,Vihiga,31
2015-05-10,Vihiga,33
2015-05-11,Vihiga,64
2015-05-12,Vihiga,28
2015-05-13,Vihiga,40
2015-05-14,Vihiga,25
2015-05-15,Vihiga,30
2015-05-16,Vihiga,37
2015-05-17,Vihiga,18
2015-05-18,Vihiga,47
2015-05-19,Vihiga,46
2015-05-20,Vihiga,14
2015-05-21,Vihiga,43
2015-05-22,Vihiga,27
2015-05-23,Vihiga,41
2015-05-24,Vihiga,44
2015-05-25,Vihiga,9
2015-05-26,Vihiga,33
2015-05-27,Vihiga,24
2015-05-28,Vihiga,25
2015-05-29,Vihiga,44
2015-05-30,Vihiga,37
2015-05-31,Vihiga,43
2015-06-01,Vihiga,28
2015-06-02,Vihiga,8
2015-06-03,Vihiga,24
2015-06-04,Vihiga,21
2015-06-05,Vihiga,29
2015-06-06,Vihiga,20
2015-06-07,Vihiga,15
2015-06-08,Vihiga,25
2015-06-09,Vihiga,32
2015-06-10,Vihiga,20
2015-06-11,Vihiga,32
2015-06-12,Vihiga,31
2015-06-13,Vihiga,38
2015-06-14,Vihiga,28
2015-06-15,Vihiga,16
2015-06-16,Vihiga,34
2015-06-17,Vihiga,18
2015-06-18,Vihiga,36
2015-06-19,Vihiga,24
2015-06-20,Vihiga,13
2015-06-21,Vihiga,22
2015-06-22,Vihiga,20
2015-06-23,Vihiga,22
2015-06-24,Vihiga,45
2015-06-25,Vihiga,26
2015-06-26,Vihiga,26
2015-06-27,Vihiga,25
2015-06-28,Vihiga,21
2015-06-29,Vihiga,9
2015-06-30,Vihiga,27
2015-07-01,Vihiga,15
2015-07-02,Vihiga,22
2015-07-03,Vihiga,46
2015-07-04,Vihiga,58
2015-07-05,Vihiga,16
2015-07-06,Vihiga,24
2015-07-07,Vihiga,27
2015-07-08,Vihiga,40
2015-07-09,Vihiga,19
2015-07-10,Vihiga,39
2015-07-11,Vihiga,36
2015-07-12,Vihiga,25
2015-07-13,Vihiga,30
2015-07-14,Vihiga,14
2015-07-15,Vihiga,28
2015-07-16,Vihiga,32
2015-07-17,Vihiga,39
2015-07-18,Vihiga,23
2015-07-19,Vihiga,30
2015-07-20,Vihiga,35
2015-07-21,Vihiga,17
2015-07-22,Vihiga,29
2015-07-23,Vihiga,34
2015-07-24,Vihiga,43
2015-07-25,Vihiga,16
2015-07-26,Vihiga,24
2015-07-27,Vihiga,26
2015-07-28,Vihiga,44
2015-07-29,Vihiga,6
2015-07-30,Vihiga,26
2015-07-31,Vihiga,31
2015-08-01,Vihiga,15
2015-08-02,Vihiga,26
2015-08-03,Vihiga,40
2015-08-04,Vihiga,39
2015-08-05,Vihiga,15
2015-08-06,Vihiga,21
2015-08-07,Vihiga,19
2015-08-08,Vihiga,11
2015-08-09,Vihiga,44
2015-08-10,Vihiga,22
2015-08-11,Vihiga,30
2015-08-12,Vihiga,24
2015-08-13,Vihiga,25
2015-08-14,Vihiga,23
2015-08-15,Vihiga,4
2015-08-16,Vihiga,9
2015-08-17,Vihiga,22
2015-08-18,Vihiga,22
2015-08-19,Vihiga,44
2015-08-20,Vihiga,27
2015-08-21,Vihiga,41
2015-08-22,Vihiga,11
2015-08-23,Vihiga,10
2015-08-24,Vihiga,31
2015-08-25,Vihiga,11
2015-08-26,Vihiga,26
2015-08-27,Vihiga,24
2015-08-28,Vihiga,36
2015-08-29,Vihiga,19
2015-08-30,Vihiga,35
2015-08-31,Vihiga,31
2015-09-01,Vihiga,25
2015-09-02,Vihiga,24
2015-09-03,Vihiga,23
2015-09-04,Vihiga,27
2015-09-05,Vihiga,8
2015-09-06,Vihiga,41
2015-09-07,Vihiga,35
2015-09-08,Vihiga,29
2015-09-09,Vihiga,16
2015-09-10,Vihiga,17
2015-09-11,Vihiga,9
2015-09-12,Vihiga,20
2015-09-13,Vihiga,25
2015-09-14,Vihiga,3
2015-09-15,Vihiga,10
2015-09-16,Vihiga,31
2015-09-17,Vihiga,19
2015-09-18,Vihiga,30
2015-09-19,Vihiga,47
2015-09-20,Vihiga,26
2015-09-21,Vihiga,18
2015-09-22,Vihiga,26
2015-09-23,Vihiga,12
2015-09-24,Vihiga,30
2015-09-25,Vihiga,39
2015-09-26,Vihiga,27
2015-09-27,Vihiga,27
2015-09-28,Vihiga,10
2015-09-29,Vihiga,12
2015-09-30,Vihiga,7
2015-10-01,Vihiga,36
2015-10-02,Vihiga,36
2015-10-03,Vihiga,14
2015-10-04,Vihiga,13
2015-10-05,Vihiga,35
2015-10-06,Vihiga,47
2015-10-07,Vihiga,9
2015-10-08,Vihiga,40
2015-10-09,Vihiga,37
2015-10-10,Vihiga,15
2015-10-11,Vihiga,17
2015-10-12,Vihiga,28
2015-10-13,Vihiga,23
2015-10-14,Vihiga,21
2015-10-15,Vihiga,17
2015-10-16,Vihiga,23
2015-10-17,Vihiga,21
2015-10-18,Vihiga,46
2015-10-19,Vihiga,11
2015-10-20,Vihiga,10
2015-10-21,Vihiga,30
2015-10-22,Vihiga,42
2015-10-23,Vihiga,24
2015-10-24,Vihiga,36
2015-10-25,Vihiga,27
2015-10-26,Vihiga,33
2015-10-27,Vihiga,15
2015-10-28,Vihiga,25
2015-10-29,Vihiga,30
2015-10-30,Vihiga,25
2015-10-31,Vihiga,41
2015-11-01,Vihiga,9
2015-11-02,Vihiga,29
2015-11-03,Vihiga,21
2015-11-04,Vihiga,25
2015-11-05,Vihiga,19
2015-11-06,Vihiga,23
2015-11-07,Vihiga,11
2015-11-08,Vihiga,16
2015-11-09,Vihiga,26
2015-11-10,Vihiga,34
2015-11-11,Vihiga,15
2015-11-12,Vihiga,31
2015-11-13,Vihiga,16
2015-11-14,Vihiga,36
2015-11-15,Vihiga,7
2015-11-16,Vihiga,20
2015-11-17,Vihiga,12
2015-11-18,Vihiga,16
2015-11-19,Vihiga,23
2015-11-20,Vihiga,28
2015-11-21,Vihiga,22
2015-11-22,Vihiga,37
2015-11-23,Vihiga,21
2015-11-24,Vihiga,33
2015-11-25,Vihiga,33
2015-11-26,Vihiga,16
2015-11-27,Vihiga,38
2015-11-28,Vihiga,38
2015-11-29,Vihiga,24
2015-11-30,Vihiga,32
2015-12-01,Vihiga,22
2015-12-02,Vihiga,19
2015-12-03,Vihiga,9
2015-12-04,Vihiga,36
2015-12-05,Vihiga,35
2015-12-06,Vihiga,22
2015-12-07,Vihiga,15
2015-12-08,Vihiga,20
2015-12-09,Vihiga,21
2015-12-10,Vihiga,36
2015-12-11,Vihiga,22
2015-12-12,Vihiga,27
2015-12-13,Vihiga,42
2015-12-14,Vihiga,33
2015-12-15,Vihiga,22
2015-12-16,Vihiga,22
2015-12-17,Vihiga,12
2015-12-18,Vihiga,6
2015-12-19,Vihiga,1
2015-12-20,Vihiga,34
2015-12-21,Vihiga,10
2015-12-22,Vihiga,46
2015-12-23,Vihiga,32
2015-12-24,Vihiga,6
2015-12-25,Vihiga,25
2015-12-26,Vihiga,27
2015-12-27,Vihiga,25
2015-12-28,Vihiga,28
2015-12-29,Vihiga,1
2015-12-30,Vihiga,10
2015-12-31,Vihiga,20
2016-01-01,Vihiga,33
2016-01-02,Vihiga,33
2016-01-03,Vihiga,22
2016-01-04,Vihiga,32
2016-01-05,Vihiga,25
2016-01-06,Vihiga,7
2016-01-07,Vihiga,19
2016-01-08,Vihiga,9
2016-01-09,Vihiga,39
2016-01-10,Vihiga,15
2016-01-11,Vihiga,10
2016-01-12,Vihiga,26
2016-01-13,Vihiga,37
2016-01-14,Vihiga,4
2016-01-15,Vihiga,3
2016-01-16,Vihiga,31
2016-01-17,Vihiga,21
2016-01-18,Vihiga,48
2016-01-19,Vihiga,31
2016-01-20,Vihiga,9
2016-01-21,Vihiga,10
2016-01-22,Vihiga,47
2016-01-23,Vihiga,31
2016-01-24,Vihiga,33
2016-01-25,Vihiga,33
2016-01-26,Vihiga,22
2016-01-27,Vihiga,28
2016-01-28,Vihiga,32
2016-01-29,Vihiga,22
2016-01-30,Vihiga,26
2016-01-31,Vihiga,15
2016-02-01,Vihiga,28
2016-02-02,Vihiga,0
2016-02-03,Vihiga,33
2016-02-04,Vihiga,18
2016-02-05,Vihiga,31
2016-02-06,Vihiga,33
2016-02-07,Vihiga,22
2016-02-08,Vihiga,25
2016-02-09,Vihiga,31
2016-02-10,Vihiga,27
2016-02-11,Vihiga,29
2016-02-12,Vihiga,24
2016-02-13,Vihiga,34
2016-02-14,Vihiga,35
2016-02-15,Vihiga,28
2016-02-16,Vihiga,41
2016-02-17,Vihiga,21
2016-02-18,Vihiga,27
2016-02-19,Vihiga,33
2016-02-20,Vihiga,43
2016-02-21,Vihiga,35
2016-02-22,Vihiga,36
2016-02-23,Vihiga,34
2016-02-24,Vihiga,26
2016-02-25,Vihiga,36
2016-02-26,Vihiga,37
2016-02-27,Vihiga,29
2016-02-28,Vihiga,19
2016-02-29,Vihiga,27
2016-03-01,Vihiga,19
2016-03-02,Vihiga,21
2016-03-03,Vihiga,38
2016-03-04,Vihiga,40
2016-03-05,Vihiga,25
2016-03-06,Vihiga,38
2016-03-07,Vihiga,28
2016-03-08,Vihiga,26
2016-03-09,Vihiga,33
2016-03-10,Vihiga,25
2016-03-11,Vihiga,35
2016-03-12,Vihiga,20
2016-03-13,Vihiga,38
2016-03-14,Vihiga,46
2016-03-15,Vihiga,16
2016-03-16,Vihiga,12
2016-03-17,Vihiga,37
2016-03-18,Vihiga,40
2016-03-19,Vihiga,35
2016-03-20,Vihiga,28
2016-03-21,Vihiga,36
2016-03-22,Vihiga,19
2016-03-23,Vihiga,26
2016-03-24,Vihiga,44
2016-03-25,Vihiga,30
2016-03-26,Vihiga,33
2016-03-27,Vihiga,10
2016-03-28,Vihiga,31
2016-03-29,Vihiga,37
2016-03-30,Vihiga,28
2016-03-31,Vihiga,31
2016-04-01,Vihiga,26
2016-04-02,Vihiga,24
2016-04-03,Vihiga,14
2016-04-04,Vihiga,13
2016-04-05,Vihiga,40
2016-04-06,Vihiga,47
2016-04-07,Vihiga,28
2016-04-08,Vihiga,22
2016-04-09,Vihiga,32
2016-04-10,Vihiga,21
2016-04-11,Vihiga,33
2016-04-12,Vihiga,16
2016-04-13,Vihiga,11
2016-04-14,Vihiga,29
2016-04-15,Vihiga,44
2016-04-16,Vihiga,45
2016-04-17,Vihiga,26
2016-04-18,Vihiga,34
2016-04-19,Vihiga,12
2016-04-20,Vihiga,27
2016-04-21,Vihiga,54
2016-04-22,Vihiga,23
2016-04-23,Vihiga,32
2016-04-24,Vihiga,42
2016-04-25,Vihiga,36
2016-04-26,Vihiga,35
2016-04-27,Vihiga,10
2016-04-28,Vihiga,48
2016-04-29,Vihiga,35
2016-04-30,Vihiga,26
2016-05-01,Vihiga,51
2016-05-02,Vihiga,43
2016-05-03,Vihiga,16
2016-05-04,Vihiga,45
2016-05-05,Vihiga,46
2016-05-06,Vihiga,7
2016-05-07,Vihiga,47
2016-05-08,Vihiga,10
2016-05-09,Vihiga,42
2016-05-10,Vihiga,42
2016-05-11,Vihiga,24
2016-05-12,Vihiga,42
2016-05-13,Vihiga,35
2016-05-14,Vihiga,39
2016-05-15,Vihiga,49
2016-05-16,Vihiga,16
2016-05-17,Vihiga,33
2016-05-18,Vihiga,39
2016-05-19,Vihiga,48
2016-05-20,Vihiga,27
2016-05-21,Vihiga,26
2016-05-22,Vihiga,17
2016-05-23,Vihiga,43
2016-05-24,Vihiga,17
2016-05-25,Vihiga,51
2016-05-26,Vihiga,25
2016-05-27,Vihiga,37
2016-05-28,Vihiga,43
2016-05-29,Vihiga,31
2016-05-30,Vihiga,36
2016-05-31,Vihiga,15
2016-06-01,Vihiga,28
2016-06-02,Vihiga,39
2016-06-03,Vihiga,24
2016-06-04,Vihiga,28
2016-06-05,Vihiga,10
2016-06-06,Vihiga,37
2016-06-07,Vihiga,21
2016-06-08,Vihiga,15
2016-06-09,Vihiga,26
2016-06-10,Vihiga,41
2016-06-11,Vihiga,30
2016-06-12,Vihiga,14
2016-06-13,Vihiga,13
2016-06-14,Vihiga,24
2016-06-15,Vihiga,14
2016-06-16,Vihiga,27
2016-06-17,Vihiga,24
2016-06-18,Vihiga,35
2016-06-19,Vihiga,36
2016-06-20,Vihiga,14
2016-06-21,Vihiga,30
2016-06-22,Vihiga,22
2016-06-23,Vihiga,24
2016-06-24,Vihiga,13
2016-06-25,Vihiga,20
2016-06-26,Vihiga,36
2016-06-27,Vihiga,47
2016-06-28,Vihiga,36
2016-06-29,Vihiga,13
2016-06-30,Vihiga,0
2016-07-01,Vihiga,18
2016-07-02,Vihiga,24
2016-07-03,Vihiga,37
2016-07-04,Vihiga,21
2016-07-05,Vihiga,12
2016-07-06,Vihiga,25
2016-07-07,Vihiga,36
2016-07-08,Vihiga,35
2016-07-09,Vihiga,5
2016-07-10,Vihiga,44
2016-07-11,Vihiga,29
2016-07-12,Vihiga,33
2016-07-13,Vihiga,24
2016-07-14,Vihiga,27
2016-07-15,Vihiga,30
2016-07-16,Vihiga,22
2016-07-17,Vihiga,14
2016-07-18,Vihiga,24
2016-07-19,Vihiga,31
2016-07-20,Vihiga,37
2016-07-21,Vihiga,19
2016-07-22,Vihiga,26
2016-07-23,Vihiga,18
2016-07-24,Vihiga,22
2016-07-25,Vihiga,27
2016-07-26,Vihiga,23
2016-07-27,Vihiga,19
2016-07-28,Vihiga,19
2016-07-29,Vihiga,26
2016-07-30,Vihiga,12
2016-07-31,Vihiga,60
2016-08-01,Vihiga,11
2016-08-02,Vihiga,61
2016-08-03,Vihiga,31
2016-08-04,Vihiga,30
2016-08-05,Vihiga,22
2016-08-06,Vihiga,30
2016-08-07,Vihiga,5
2016-08-08,Vihiga,45
2016-08-09,Vihiga,24
2016-08-10,Vihiga,33
2016-08-11,Vihiga,25
2016-08-12,Vihiga,21
2016-08-13,Vihiga,23
2016-08-14,Vihiga,22
2016-08-15,Vihiga,31
2016-08-16,Vihiga,29
2016-08-17,Vihiga,13
2016-08-18,Vihiga,19
2016-08-19,Vihiga,21
2016-08-20,Vihiga,28
2016-08-21,Vihiga,24
2016-08-22,Vihiga,23
2016-08-23,Vihiga,29
2016-08-24,Vihiga,31
2016-08-25,Vihiga,28
2016-08-26,Vihiga,15
2016-08-27,Vihiga,15
2016-08-28,Vihiga,29
2016-08-29,Vihiga,38
2016-08-30,Vihiga,19
2016-08-31,Vihiga,25
2016-09-01,Vihiga,47
2016-09-02,Vihiga,43
2016-09-03,Vihiga,16
2016-09-04,Vihiga,18
2016-09-05,Vihiga,34
2016-09-06,Vihiga,36
2016-09-07,Vihiga,29
2016-09-08,Vihiga,42
2016-09-09,Vihiga,25
2016-09-10,Vihiga,23
2016-09-11,Vihiga,17
2016-09-12,Vihiga,46
2016-09-13,Vihiga,29
2016-09-14,Vihiga,40
2016-09-15,Vihiga,22
2016-09-16,Vihiga,24
2016-09-17,Vihiga,43
2016-09-18,Vihiga,38
2016-09-19,Vihiga,27
2016-09-20,Vihiga,21
2016-09-21,Vihiga,18
2016-09-22,Vihiga,24
2016-09-23,Vihiga,36
2016-09-24,Vihiga,34
2016-09-25,Vihiga,41
2016-09-26,Vihiga,16
2016-09-27,Vihiga,34
2016-09-28,Vihiga,34
2016-09-29,Vihiga,26
2016-09-30,Vihiga,38
2016-10-01,Vihiga,34
2015-01-01,Bungoma,28
2015-01-02,Bungoma,35
2015-01-03,Bungoma,34
2015-01-04,Bungoma,39
2015-01-05,Bungoma,39
2015-01-06,Bungoma,45
2015-01-07,Bungoma,36
2015-01-08,Bungoma,6
2015-01-09,Bungoma,17
2015-01-10,Bungoma,27
2015-01-11,Bungoma,35
2015-01-12,Bungoma,24
2015-01-13,Bungoma,37
2015-01-14,Bungoma,40
2015-01-15,Bungoma,7
2015-01-16,Bungoma,25
2015-01-17,Bungoma,31
2015-01-18,Bungoma,13
2015-01-19,Bungoma,28
2015-01-20,Bungoma,24
2015-01-21,Bungoma,29
2015-01-22,Bungoma,15
2015-01-23,Bungoma,18
2015-01-24,Bungoma,19
2015-01-25,Bungoma,34
2015-01-26,Bungoma,34
2015-01-27,Bungoma,15
2015-01-28,Bungoma,21
2015-01-29,Bungoma,15
2015-01-30,Bungoma,21
2015-01-31,Bungoma,21
2015-02-01,Bungoma,30
2015-02-02,Bungoma,9
2015-02-03,Bungoma,24
2015-02-04,Bungoma,0
2015-02-05,Bungoma,29
2015-02-06,Bungoma,30
2015-02-07,Bungoma,20
2015-02-08,Bungoma,41
2015-02-09,Bungoma,17
2015-02-10,Bungoma,31
2015-02-11,Bungoma,18
2015-02-12,Bungoma,34
2015-02-13,Bungoma,10
2015-02-14,Bungoma,18
2015-02-15,Bungoma,32
2015-02-16,Bungoma,37
2015-02-17,Bungoma,5
2015-02-18,Bungoma,16
2015-02-19,Bungoma,30
2015-02-20,Bungoma,17
2015-02-21,Bungoma,32
2015-02-22,Bungoma,34
2015-02-23,Bungoma,23
2015-02-24,Bungoma,32
2015-02-25,Bungoma,19
2015-02-26,Bungoma,23
2015-02-27,Bungoma,20
2015-02-28,Bungoma,15
2015-03-01,Bungoma,24
2015-03-02,Bungoma,30
2015-03-03,Bungoma,38
2015-03-04,Bungoma,24
2015-03-05,Bungoma,30
2015-03-06,Bungoma,32
2015-03-07,Bungoma,29
2015-03-08,Bungoma,40
2015-03-09,Bungoma,33
2015-03-10,Bungoma,40
2015-03-11,Bungoma,39
2015-03-12,Bungoma,31
2015-03-13,Bungoma,16
2015-03-14,Bungoma,30
2015-03-15,Bungoma,45
2015-03-16,Bungoma,49
2015-03-17,Bungoma,39
2015-03-18,Bungoma,46
2015-03-19,Bungoma,26
2015-03-20,Bungoma,26
2015-03-21,Bungoma,32
2015-03-22,Bungoma,28
2015-03-23,Bungoma,36
2015-03-24,Bungoma,35
2015-03-25,Bungoma,17
2015-03-26,Bungoma,36
2015-03-27,Bungoma,34
2015-03-28,Bungoma,34
2015-03-29,Bungoma,34
2015-03-30,Bungoma,67
2015-03-31,Bungoma,22
2015-04-01,Bungoma,38
2015-04-02,Bungoma,42
2015-04-03,Bungoma,21
2015-04-04,Bungoma,37
2015-04-05,Bungoma,50
2015-04-06,Bungoma,40
2015-04-07,Bungoma,26
2015-04-08,Bungoma,50
2015-04-09,Bungoma,21
2015-04-10,Bungoma,36
2015-04-11,Bungoma,7
2015-04-12,Bungoma,39
2015-04-13,Bungoma,29
2015-04-14,Bungoma,20
2015-04-15,Bungoma,15
2015-04-16,Bungoma,32
2015-04-17,Bungoma,32
2015-04-18,Bungoma,19
2015-04-19,Bungoma,33
2015-04-20,Bungoma,50
2015-04-21,Bungoma,19
2015-04-22,Bungoma,38
2015-04-23,Bungoma,51
2015-04-24,Bungoma,46
2015-04-25,Bungoma,9
2015-04-26,Bungoma,37
2015-04-27,Bungoma,29
2015-04-28,Bungoma,29
2015-04-29,Bungoma,25
2015-04-30,Bungoma,25
2015-05-01,Bungoma,24
2015-05-02,Bungoma,26
2015-05-03,Bungoma,19
2015-05-04,Bungoma,9
2015-05-05,Bungoma,46
2015-05-06,Bungoma,32
2015-05-07,Bungoma,36
2015-05-08,Bungoma,16
2015-05-09,Bungoma,40
2015-05-10,Bungoma,28
2015-05-11,Bungoma,47
2015-05-12,Bungoma,27
2015-05-13,Bungoma,26
2015-05-14,Bungoma,40
2015-05-15,Bungoma,21
2015-05-16,Bungoma,34
2015-05-17,Bungoma,37
2015-05-18,Bungoma,35
2015-05-19,Bungoma,26
2015-05-20,Bungoma,21
2015-05-21,Bungoma,5
2015-05-22,Bungoma,38
2015-05-23,Bungoma,35
2015-05-24,Bungoma,12
2015-05-25,Bungoma,31
2015-05-26,Bungoma,33
2015-05-27,Bungoma,33
2015-05-28,Bungoma,32
2015-05-29,Bungoma,47
2015-05-30,Bungoma,27
2015-05-31,Bungoma,38
2015-06-01,Bungoma,32
2015-06-02,Bungoma,37
2015-06-03,Bungoma,43
2015-06-04,Bungoma,31
2015-06-05,Bungoma,39
2015-06-06,Bungoma,17
2015-06-07,Bungoma,20
2015-06-08,Bungoma,24
2015-06-09,Bungoma,22
2015-06-10,Bungoma,12
2015-06-11,Bungoma,19
2015-06-12,Bungoma,32
2015-06-13,Bungoma,17
2015-06-14,Bungoma,30
2015-06-15,Bungoma,11
2015-06-16,Bungoma,31
2015-06-17,Bungoma,14
2015-06-18,Bungoma,7
2015-06-19,Bungoma,28
2015-06-20,Bungoma,42
2015-06-21,Bungoma,29
2015-06-22,Bungoma,31
2015-06-23,Bungoma,26
2015-06-24,Bungoma,25
2015-06-25,Bungoma,31
2015-06-26,Bungoma,25
2015-06-27,Bungoma,35
2015-06-28,Bungoma,36
2015-06-29,Bungoma,41
2015-06-30,Bungoma,32
2015-07-01,Bungoma,22
2015-07-02,Bungoma,39
2015-07-03,Bungoma,17
2015-07-04,Bungoma,26
2015-07-05,Bungoma,21
2015-07-06,Bungoma,36
2015-07-07,Bungoma,34
2015-07-08,Bungoma,39
2015-07-09,Bungoma,32
2015-07-10,Bungoma,33
2015-07-11,Bungoma,22
2015-07-12,Bungoma,42
2015-07-13,Bungoma,20
2015-07-14,Bungoma,29
2015-07-15,Bungoma,30
2015-07-16,Bungoma,28
2015-07-17,Bungoma,29
2015-07-18,Bungoma,23
2015-07-19,Bungoma,27
2015-07-20,Bungoma,36
2015-07-21,Bungoma,38
2015-07-22,Bungoma,35
2015-07-23,Bungoma,35
2015-07-24,Bungoma,47
2015-07-25,Bungoma,31
2015-07-26,Bungoma,23
2015-07-27,Bungoma,16
2015-07-28,Bungoma,24
2015-07-29,Bungoma,27
2015-07-30,Bungoma,29
2015-07-31,Bungoma,9
2015-08-01,Bungoma,37
2015-08-02,Bungoma,18
2015-08-03,Bungoma,26
2015-08-04,Bungoma,28
2015-08-05,Bungoma,29
2015-08-06,Bungoma,26
2015-08-07,Bungoma,24
2015-08-08,Bungoma,36
2015-08-09,Bungoma,18
2015-08-10,Bungoma,19
2015-08-11,Bungoma,21
2015-08-12,Bungoma,30
2015-08-13,Bungoma,26
2015-08-14,Bungoma,32
2015-08-15,Bungoma,13
2015-08-16,Bungoma,28
2015-08-17,Bungoma,38
2015-08-18,Bungoma,24
2015-08-19,Bungoma,15
2015-08-20,Bungoma,23
2015-08-21,Bungoma,33
2015-08-22,Bungoma,33
2015-08-23,Bungoma,24
2015-08-24,Bungoma,29
2015-08-25,Bungoma,19
2015-08-26,Bungoma,18
2015-08-27,Bungoma,25
2015-08-28,Bungoma,32
2015-08-29,Bungoma,24
2015-08-30,Bungoma,40
2015-08-31,Bungoma,36
2015-09-01,Bungoma,37
2015-09-02,Bungoma,29
2015-09-03,Bungoma,37
2015-09-04,Bungoma,12
2015-09-05,Bungoma,41
2015-09-06,Bungoma,17
2015-09-07,Bungoma,27
2015-09-08,Bungoma,37
2015-09-09,Bungoma,11
2015-09-10,Bungoma,21
2015-09-11,Bungoma,30
2015-09-12,Bungoma,29
2015-09-13,Bungoma,22
2015-09-14,Bungoma,24
2015-09-15,Bungoma,22
2015-09-16,Bungoma,18
2015-09-17,Bungoma,25
2015-09-18,Bungoma,14
2015-09-19,Bungoma,37
2015-09-20,Bungoma,23
2015-09-21,Bungoma,22
2015-09-22,Bungoma,21
2015-09-23,Bungoma,24
2015-09-24,Bungoma,23
2015-09-25,Bungoma,25
2015-09-26,Bungoma,42
2015-09-27,Bungoma,56
2015-09-28,Bungoma,25
2015-09-29,Bungoma,21
2015-09-30,Bungoma,20
2015-10-01,Bungoma,18
2015-10-02,Bungoma,31
2015-10-03,Bungoma,48
2015-10-04,Bungoma,28
2015-10-05,Bungoma,17
2015-10-06,Bungoma,20
2015-10-07,Bungoma,37
2015-10-08,Bungoma,55
2015-10-09,Bungoma,35
2015-10-10,Bungoma,22
2015-10-11,Bungoma,22
2015-10-12,Bungoma,51
2015-10-13,Bungoma,30
2015-10-14,Bungoma,31
2015-10-15,Bungoma,32
2015-10-16,Bungoma,26
2015-10-17,Bungoma,30
2015-10-18,Bungoma,28
2015-10-19,Bungoma,21
2015-10-20,Bungoma,32
2015-10-21,Bungoma,32
2015-10-22,Bungoma,15
2015-10-23,Bungoma,34
2015-10-24,Bungoma,30
2015-10-25,Bungoma,39
2015-10-26,Bungoma,37
2015-10-27,Bungoma,48
2015-10-28,Bungoma,40
2015-10-29,Bungoma,40
2015-10-30,Bungoma,29
2015-10-31,Bungoma,47
2015-11-01,Bungoma,43
2015-11-02,Bungoma,43
2015-11-03,Bungoma,16
2015-11-04,Bungoma,36
2015-11-05,Bungoma,15
2015-11-06,Bungoma,26
2015-11-07,Bungoma,28
2015-11-08,Bungoma,28
2015-11-09,Bungoma,30
2015-11-10,Bungoma,31
2015-11-11,Bungoma,18
2015-11-12,Bungoma,28
2015-11-13,Bungoma,13
2015-11-14,Bungoma,22
2015-11-15,Bungoma,15
2015-11-16,Bungoma,34
2015-11-17,Bungoma,18
2015-11-18,Bungoma,18
2015-11-19,Bungoma,34
2015-11-20,Bungoma,20
2015-11-21,Bungoma,30
2015-11-22,Bungoma,23
2015-11-23,Bungoma,30
2015-11-24,Bungoma,6
2015-11-25,Bungoma,38
2015-11-26,Bungoma,17
2015-11-27,Bungoma,42
2015-11-28,Bungoma,28
2015-11-29,Bungoma,31
2015-11-30,Bungoma,23
2015-12-01,Bungoma,25
2015-12-02,Bungoma,20
2015-12-03,Bungoma,25
2015-12-04,Bungoma,18
2015-12-05,Bungoma,8
2015-12-06,Bungoma,34
2015-12-07,Bungoma,28
2015-12-08,Bungoma,49
2015-12-09,Bungoma,24
2015-12-10,Bungoma,22
2015-12-11,Bungoma,55
2015-12-12,Bungoma,21
2015-12-13,Bungoma,13
2015-12-14,Bungoma,47
2015-12-15,Bungoma,32
2015-12-16,Bungoma,49
2015-12-17,Bungoma,27
2015-12-18,Bungoma,22
2015-12-19,Bungoma,38
2015-12-20,Bungoma,30
2015-12-21,Bungoma,27
2015-12-22,Bungoma,11
2015-12-23,Bungoma,19
2015-12-24,Bungoma,38
2015-12-25,Bungoma,36
2015-12-26,Bungoma,14
2015-12-27,Bungoma,25
2015-12-28,Bungoma,31
2015-12-29,Bungoma,20
2015-12-30,Bungoma,34
2015-12-31,Bungoma,36
2016-01-01,Bungoma,34
2016-01-02,Bungoma,31
2016-01-03,Bungoma,23
2016-01-04,Bungoma,21
2016-01-05,Bungoma,26
2016-01-06,Bungoma,39
2016-01-07,Bungoma,29
2016-01-08,Bungoma,24
2016-01-09,Bungoma,30
2016-01-10,Bungoma,46
2016-01-11,Bungoma,15
2016-01-12,Bungoma,19
2016-01-13,Bungoma,32
2016-01-14,Bungoma,40
2016-01-15,Bungoma,25
2016-01-16,Bungoma,29
2016-01-17,Bungoma,35
2016-01-18,Bungoma,30
2016-01-19,Bungoma,22
2016-01-20,Bungoma,24
2016-01-21,Bungoma,34
2016-01-22,Bungoma,18
2016-01-23,Bungoma,19
2016-01-24,Bungoma,37
2016-01-25,Bungoma,32
2016-01-26,Bungoma,41
2016-01-27,Bungoma,12
2016-01-28,Bungoma,32
2016-01-29,Bungoma,19
2016-01-30,Bungoma,24
2016-01-31,Bungoma,31
2016-02-01,Bungoma,23
2016-02-02,Bungoma,24
2016-02-03,Bungoma,39
2016-02-04,Bungoma,28
2016-02-05,Bungoma,37
2016-02-06,Bungoma,31
2016-02-07,Bungoma,17
2016-02-08,Bungoma,36
2016-02-09,Bungoma,56
2016-02-10,Bungoma,30
2016-02-11,Bungoma,30
2016-02-12,Bungoma,22
2016-02-13,Bungoma,23
2016-02-14,Bungoma,20
2016-02-15,Bungoma,14
2016-02-16,Bungoma,31
2016-02-17,Bungoma,34
2016-02-18,Bungoma,19
2016-02-19,Bungoma,23
2016-02-20,Bungoma,25
2016-02-21,Bungoma,14
2016-02-22,Bungoma,38
2016-02-23,Bungoma,23
2016-02-24,Bungoma,26
2016-02-25,Bungoma,27
2016-02-26,Bungoma,54
2016-02-27,Bungoma,33
2016-02-28,Bungoma,32
2016-02-29,Bungoma,10
2016-03-01,Bungoma,35
2016-03-02,Bungoma,30
2016-03-03,Bungoma,50
2016-03-04,Bungoma,43
2016-03-05,Bungoma,37
2016-03-06,Bungoma,20
2016-03-07,Bungoma,52
2016-03-08,Bungoma,33
2016-03-09,Bungoma,9
2016-03-10,Bungoma,32
2016-03-11,Bungoma,8
2016-03-12,Bungoma,31
2016-03-13,Bungoma,19
2016-03-14,Bungoma,28
2016-03-15,Bungoma,34
2016-03-16,Bungoma,45
2016-03-17,Bungoma,36
2016-03-18,Bungoma,34
2016-03-19,Bungoma,31
2016-03-20,Bungoma,36
2016-03-21,Bungoma,55
2016-03-22,Bungoma,15
2016-03-23,Bungoma,33
2016-03-24,Bungoma,67
2016-03-25,Bungoma,33
2016-03-26,Bungoma,13
2016-03-27,Bungoma,25
2016-03-28,Bungoma,28
2016-03-29,Bungoma,43
2016-03-30,Bungoma,23
2016-03-31,Bungoma,27
2016-04-01,Bungoma,36
2016-04-02,Bungoma,37
2016-04-03,Bungoma,19
2016-04-04,Bungoma,32
2016-04-05,Bungoma,35
2016-04-06,Bungoma,22
2016-04-07,Bungoma,22
2016-04-08,Bungoma,34
2016-04-09,Bungoma,26
2016-04-10,Bungoma,22
2016-04-11,Bungoma,8
2016-04-12,Bungoma,52
2016-04-13,Bungoma,45
2016-04-14,Bungoma,41
2016-04-15,Bungoma,26
2016-04-16,Bungoma,23
2016-04-17,Bungoma,30
2016-04-18,Bungoma,52
2016-04-19,Bungoma,33
2016-04-20,Bungoma,25
2016-04-21,Bungoma,25
2016-04-22,Bungoma,40
2016-04-23,Bungoma,21
2016-04-24,Bungoma,32
2016-04-25,Bungoma,58
2016-04-26,Bungoma,45
2016-04-27,Bungoma,23
2016-04-28,Bungoma,25
2016-04-29,Bungoma,23
2016-04-30,Bungoma,22
2016-05-01,Bungoma,39
2016-05-02,Bungoma,54
2016-05-03,Bungoma,44
2016-05-04,Bungoma,37
2016-05-05,Bungoma,25
2016-05-06,Bungoma,45
2016-05-07,Bungoma,30
2016-05-08,Bungoma,15
2016-05-09,Bungoma,28
2016-05-10,Bungoma,17
2016-05-11,Bungoma,29
2016-05-12,Bungoma,19
2016-05-13,Bungoma,56
2016-05-14,Bungoma,37
2016-05-15,Bungoma,21
2016-05-16,Bungoma,48
2016-05-17,Bungoma,51
2016-05-18,Bungoma,41
2016-05-19,Bungoma,17
2016-05-20,Bungoma,47
2016-05-21,Bungoma,34
2016-05-22,Bungoma,14
2016-05-23,Bungoma,42
2016-05-24,Bungoma,37
2016-05-25,Bungoma,28
2016-05-26,Bungoma,34
2016-05-27,Bungoma,34
2016-05-28,Bungoma,32
2016-05-29,Bungoma,31
2016-05-30,Bungoma,34
2016-05-31,Bungoma,29
2016-06-01,Bungoma,6
2016-06-02,Bungoma,50
2016-06-03,Bungoma,20
2016-06-04,Bungoma,2
2016-06-05,Bungoma,25
2016-06-06,Bungoma,29
2016-06-07,Bungoma,13
2016-06-08,Bungoma,34
2016-06-09,Bungoma,38
2016-06-10,Bungoma,35
2016-06-11,Bungoma,27
2016-06-12,Bungoma,38
2016-06-13,Bungoma,43
2016-06-14,Bungoma,23
2016-06-15,Bungoma,29
2016-06-16,Bungoma,48
2016-06-17,Bungoma,23
2016-06-18,Bungoma,7
2016-06-19,Bungoma,20
2016-06-20,Bungoma,37
2016-06-21,Bungoma,16
2016-06-22,Bungoma,21
2016-06-23,Bungoma,28
2016-06-24,Bungoma,35
2016-06-25,Bungoma,30
2016-06-26,Bungoma,26
2016-06-27,Bungoma,29
2016-06-28,Bungoma,17
2016-06-29,Bungoma,33
2016-06-30,Bungoma,11
2016-07-01,Bungoma,7
2016-07-02,Bungoma,29
2016-07-03,Bungoma,24
2016-07-04,Bungoma,24
2016-07-05,Bungoma,31
2016-07-06,Bungoma,16
2016-07-07,Bungoma,19
2016-07-08,Bungoma,16
2016-07-09,Bungoma,0
2016-07-10,Bungoma,16
2016-07-11,Bungoma,49
2016-07-12,Bungoma,32
2016-07-13,Bungoma,15
2016-07-14,Bungoma,34
2016-07-15,Bungoma,15
2016-07-16,Bungoma,33
2016-07-17,Bungoma,45
2016-07-18,Bungoma,34
2016-07-19,Bungoma,40
2016-07-20,Bungoma,42
2016-07-21,Bungoma,23
2016-07-22,Bungoma,15
2016-07-23,Bungoma,33
2016-07-24,Bungoma,0
2016-07-25,Bungoma,22
2016-07-26,Bungoma,34
2016-07-27,Bungoma,42
2016-07-28,Bungoma,42
2016-07-29,Bungoma,31
2016-07-30,Bungoma,43
2016-07-31,Bungoma,16
2016-08-01,Bungoma,39
2016-08-02,Bungoma,16
2016-08-03,Bungoma,19
2016-08-04,Bungoma,14
2016-08-05,Bungoma,23
2016-08-06,Bungoma,12
2016-08-07,Bungoma,41
2016-08-08,Bungoma,40
2016-08-09,Bungoma,23
2016-08-10,Bungoma,26
2016-08-11,Bungoma,17
2016-08-12,Bungoma,34
2016-08-13,Bungoma,30
2016-08-14,Bungoma,21
2016-08-15,Bungoma,39
2016-08-16,Bungoma,30
2016-08-17,Bungoma,25
2016-08-18,Bungoma,44
2016-08-19,Bungoma,40
2016-08-20,Bungoma,23
2016-08-21,Bungoma,27
2016-08-22,Bungoma,31
2016-08-23,Bungoma,26
2016-08-24,Bungoma,49
2016-08-25,Bungoma,25
2016-08-26,Bungoma,52
2016-08-27,Bungoma,30
2016-08-28,Bungoma,18
2016-08-29,Bungoma,32
2016-08-30,Bungoma,10
2016-08-31,Bungoma,21
2016-09-01,Bungoma,16
2016-09-02,Bungoma,25
2016-09-03,Bungoma,21
2016-09-04,Bungoma,32
2016-09-05,Bungoma,44
2016-09-06,Bungoma,7
2016-09-07,Bungoma,16
2016-09-08,Bungoma,26
2016-09-09,Bungoma,21
2016-09-10,Bungoma,24
2016-09-11,Bungoma,32
2016-09-12,Bungoma,32
2016-09-13,Bungoma,29
2016-09-14,Bungoma,24
2016-09-15,Bungoma,6
2016-09-16,Bungoma,14
2016-09-17,Bungoma,32
2016-09-18,Bungoma,19
2016-09-19,Bungoma,30
2016-09-20,Bungoma,31
2016-09-21,Bungoma,37
2016-09-22,Bungoma,35
2016-09-23,Bungoma,25
2016-09-24,Bungoma,37
2016-09-25,Bungoma,33
2016-09-26,Bungoma,17
2016-09-27,Bungoma,41
2016-09-28,Bungoma,31
2016-09-29,Bungoma,17
2016-09-30,Bungoma,25
2016-10-01,Bungoma,31
2015-01-01,Busia,18
2015-01-02,Busia,27
2015-01-03,Busia,8
2015-01-04,Busia,39
2015-01-05,Busia,31
2015-01-06,Busia,28
2015-01-07,Busia,34
2015-01-08,Busia,45
2015-01-09,Busia,39
2015-01-10,Busia,28
2015-01-11,Busia,31
2015-01-12,Busia,26
2015-01-13,Busia,16
2015-01-14,Busia,31
2015-01-15,Busia,30
2015-01-16,Busia,19
2015-01-17,Busia,31
2015-01-18,Busia,12
2015-01-19,Busia,18
2015-01-20,Busia,17
2015-01-21,Busia,32
2015-01-22,Busia,26
2015-01-23,Busia,10
2015-01-24,Busia,9
2015-01-25,Busia,19
2015-01-26,Busia,48
2015-01-27,Busia,21
2015-01-28,Busia,24
2015-01-29,Busia,35
2015-01-30,Busia,34
2015-01-31,Busia,26
2015-02-01,Busia,5
2015-02-02,Busia,46
2015-02-03,Busia,28
2015-02-04,Busia,46
2015-02-05,Busia,20
2015-02-06,Busia,25
2015-02-07,Busia,14
2015-02-08,Busia,33
2015-02-09,Busia,27
2015-02-10,Busia,28
2015-02-11,Busia,17
2015-02-12,Busia,43
2015-02-13,Busia,28
2015-02-14,Busia,14
2015-02-15,Busia,32
2015-02-16,Busia,5
2015-02-17,Busia,33
2015-02-18,Busia,45
2015-02-19,Busia,10
2015-02-20,Busia,25
2015-02-21,Busia,25
2015-02-22,Busia,34
2015-02-23,Busia,8
2015-02-24,Busia,34
2015-02-25,Busia,24
2015-02-26,Busia,33
2015-02-27,Busia,32
2015-02-28,Busia,33
2015-03-01,Busia,30
2015-03-02,Busia,25
2015-03-03,Busia,7
2015-03-04,Busia,34
2015-03-05,Busia,39
2015-03-06,Busia,48
2015-03-07,Busia,21
2015-03-08,Busia,37
2015-03-09,Busia,31
2015-03-10,Busia,44
2015-03-11,Busia,31
2015-03-12,Busia,48
2015-03-13,Busia,31
2015-03-14,Busia,52
2015-03-15,Busia,53
2015-03-16,Busia,34
2015-03-17,Busia,33
2015-03-18,Busia,39
2015-03-19,Busia,31
2015-03-20,Busia,23
2015-03-21,Busia,35
2015-03-22,Busia,40
2015-03-23,Busia,23
2015-03-24,Busia,36
2015-03-25,Busia,31
2015-03-26,Busia,39
2015-03-27,Busia,19
2015-03-28,Busia,24
2015-03-29,Busia,23
2015-03-30,Busia,36
2015-03-31,Busia,35
2015-04-01,Busia,26
2015-04-02,Busia,40
2015-04-03,Busia,50
2015-04-04,Busia,15
2015-04-05,Busia,37
2015-04-06,Busia,23
2015-04-07,Busia,41
2015-04-08,Busia,49
2015-04-09,Busia,25
2015-04-10,Busia,46
2015-04-11,Busia,20
2015-04-12,Busia,22
2015-04-13,Busia,30
2015-04-14,Busia,29
2015-04-15,Busia,31
2015-04-16,Busia,37
2015-04-17,Busia,28
2015-04-18,Busia,20
2015-04-19,Busia,32
2015-04-20,Busia,27
2015-04-21,Busia,21
2015-04-22,Busia,44
2015-04-23,Busia,23
2015-04-24,Busia,32
2015-04-25,Busia,28
2015-04-26,Busia,30
2015-04-27,Busia,31
2015-04-28,Busia,16
2015-04-29,Busia,25
2015-04-30,Busia,19
2015-05-01,Busia,34
2015-05-02,Busia,14
2015-05-03,Busia,28
2015-05-04,Busia,32
2015-05-05,Busia,23
2015-05-06,Busia,23
2015-05-07,Busia,32
2015-05-08,Busia,37
2015-05-09,Busia,23
2015-05-10,Busia,36
2015-05-11,Busia,38
2015-05-12,Busia,43
2015-05-13,Busia,16
2015-05-14,Busia,39
2015-05-15,Busia,34
2015-05-16,Busia,65
2015-05-17,Busia,26
2015-05-18,Busia,40
2015-05-19,Busia,32
2015-05-20,Busia,35
2015-05-21,Busia,25
2015-05-22,Busia,37
2015-05-23,Busia,32
2015-05-24,Busia,41
2015-05-25,Busia,44
2015-05-26,Busia,32
2015-05-27,Busia,35
2015-05-28,Busia,20
2015-05-29,Busia,31
2015-05-30,Busia,50
2015-05-31,Busia,29
2015-06-01,Busia,24
2015-06-02,Busia,20
2015-06-03,Busia,13
2015-06-04,Busia,34
2015-06-05,Busia,9
2015-06-06,Busia,33
2015-06-07,Busia,27
2015-06-08,Busia,15
2015-06-09,Busia,31
2015-06-10,Busia,27
2015-06-11,Busia,39
2015-06-12,Busia,23
2015-06-13,Busia,28
2015-06-14,Busia,24
2015-06-15,Busia,21
2015-06-16,Busia,22
2015-06-17,Busia,21
2015-06-18,Busia,13
2015-06-19,Busia,40
2015-06-20,Busia,18
2015-06-21,Busia,23
2015-06-22,Busia,21
2015-06-23,Busia,41
2015-06-24,Busia,37
2015-06-25,Busia,26
2015-06-26,Busia,18
2015-06-27,Busia,0
2015-06-28,Busia,1
2015-06-29,Busia,22
2015-06-30,Busia,23
2015-07-01,Busia,27
2015-07-02,Busia,26
2015-07-03,Busia,24
2015-07-04,Busia,32
2015-07-05,Busia,27
2015-07-06,Busia,33
2015-07-07,Busia,58
2015-07-08,Busia,29
2015-07-09,Busia,38
2015-07-10,Busia,18
2015-07-11,Busia,35
2015-07-12,Busia,22
2015-07-13,Busia,26
2015-07-14,Busia,15
2015-07-15,Busia,47
2015-07-16,Busia,18
2015-07-17,Busia,52
2015-07-18,Busia,24
2015-07-19,Busia,24
2015-07-20,Busia,26
2015-07-21,Busia,17
2015-07-22,Busia,14
2015-07-23,Busia,19
2015-07-24,Busia,32
2015-07-25,Busia,17
2015-07-26,Busia,28
2015-07-27,Busia,19
2015-07-28,Busia,26
2015-07-29,Busia,11
2015-07-30,Busia,23
2015-07-31,Busia,15
2015-08-01,Busia,17
2015-08-02,Busia,52
2015-08-03,Busia,39
2015-08-04,Busia,10
2015-08-05,Busia,30
2015-08-06,Busia,24
2015-08-07,Busia,25
2015-08-08,Busia,13
2015-08-09,Busia,20
2015-08-10,Busia,4
2015-08-11,Busia,29
2015-08-12,Busia,18
2015-08-13,Busia,40
2015-08-14,Busia,34
2015-08-15,Busia,21
2015-08-16,Busia,11
2015-08-17,Busia,32
2015-08-18,Busia,14
2015-08-19,Busia,28
2015-08-20,Busia,28
2015-08-21,Busia,21
2015-08-22,Busia,33
2015-08-23,Busia,15
2015-08-24,Busia,18
2015-08-25,Busia,31
2015-08-26,Busia,27
2015-08-27,Busia,24
2015-08-28,Busia,22
2015-08-29,Busia,25
2015-08-30,Busia,31
2015-08-31,Busia,28
2015-09-01,Busia,33
2015-09-02,Busia,28
2015-09-03,Busia,52
2015-09-04,Busia,48
2015-09-05,Busia,11
2015-09-06,Busia,29
2015-09-07,Busia,34
2015-09-08,Busia,2
2015-09-09,Busia,29
2015-09-10,Busia,7
2015-09-11,Busia,30
2015-09-12,Busia,21
2015-09-13,Busia,21
2015-09-14,Busia,33
2015-09-15,Busia,29
2015-09-16,Busia,25
2015-09-17,Busia,34
2015-09-18,Busia,45
2015-09-19,Busia,20
2015-09-20,Busia,34
2015-09-21,Busia,21
2015-09-22,Busia,23
2015-09-23,Busia,41
2015-09-24,Busia,21
2015-09-25,Busia,38
2015-09-26,Busia,32
2015-09-27,Busia,24
2015-09-28,Busia,33
2015-09-29,Busia,45
2015-09-30,Busia,33
2015-10-01,Busia,30
2015-10-02,Busia,38
2015-10-03,Busia,29
2015-10-04,Busia,35
2015-10-05,Busia,18
2015-10-06,Busia,23
2015-10-07,Busia,28
2015-10-08,Busia,26
2015-10-09,Busia,27
2015-10-10,Busia,22
2015-10-11,Busia,28
2015-10-12,Busia,32
2015-10-13,Busia,21
2015-10-14,Busia,12
2015-10-15,Busia,28
2015-10-16,Busia,35
2015-10-17,Busia,17
2015-10-18,Busia,12
2015-10-19,Busia,40
2015-10-20,Busia,29
2015-10-21,Busia,35
2015-10-22,Busia,26
2015-10-23,Busia,9
2015-10-24,Busia,14
2015-10-25,Busia,30
2015-10-26,Busia,21
2015-10-27,Busia,27
2015-10-28,Busia,11
2015-10-29,Busia,18
2015-10-30,Busia,15
2015-10-31,Busia,37
2015-11-01,Busia,48
2015-11-02,Busia,38
2015-11-03,Busia,34
2015-11-04,Busia,36
2015-11-05,Busia,46
2015-11-06,Busia,36
2015-11-07,Busia,29
2015-11-08,Busia,29
2015-11-09,Busia,38
2015-11-10,Busia,24
2015-11-11,Busia,25
2015-11-12,Busia,8
2015-11-13,Busia,11
2015-11-14,Busia,44
2015-11-15,Busia,30
2015-11-16,Busia,21
2015-11-17,Busia,41
2015-11-18,Busia,20
2015-11-19,Busia,34
2015-11-20,Busia,22
2015-11-21,Busia,24
2015-11-22,Busia,27
2015-11-23,Busia,48
2015-11-24,Busia,1
2015-11-25,Busia,26
2015-11-26,Busia,17
2015-11-27,Busia,28
2015-11-28,Busia,15
2015-11-29,Busia,15
2015-11-30,Busia,33
2015-12-01,Busia,20
2015-12-02,Busia,8
2015-12-03,Busia,21
2015-12-04,Busia,31
2015-12-05,Busia,35
2015-12-06,Busia,32
2015-12-07,Busia,20
2015-12-08,Busia,33
2015-12-09,Busia,23
2015-12-10,Busia,22
2015-12-11,Busia,29
2015-12-12,Busia,22
2015-12-13,Busia,21
2015-12-14,Busia,14
2015-12-15,Busia,42
2015-12-16,Busia,21
2015-12-17,Busia,37
2015-12-18,Busia,39
2015-12-19,Busia,12
2015-12-20,Busia,32
2015-12-21,Busia,45
2015-12-22,Busia,22
2015-12-23,Busia,24
2015-12-24,Busia,24
2015-12-25,Busia,8
2015-12-26,Busia,7
2015-12-27,Busia,27
2015-12-28,Busia,15
2015-12-29,Busia,27
2015-12-30,Busia,38
2015-12-31,Busia,13
2016-01-01,Busia,30
2016-01-02,Busia,30
2016-01-03,Busia,23
2016-01-04,Busia,34
2016-01-05,Busia,14
2016-01-06,Busia,24
2016-01-07,Busia,21
2016-01-08,Busia,19
2016-01-09,Busia,26
2016-01-10,Busia,23
2016-01-11,Busia,17
2016-01-12,Busia,35
2016-01-13,Busia,30
2016-01-14,Busia,34
2016-01-15,Busia,41
2016-01-16,Busia,30
2016-01-17,Busia,9
2016-01-18,Busia,26
2016-01-19,Busia,33
2016-01-20,Busia,7
2016-01-21,Busia,19
2016-01-22,Busia,44
2016-01-23,Busia,28
2016-01-24,Busia,25
2016-01-25,Busia,10
2016-01-26,Busia,34
2016-01-27,Busia,39
2016-01-28,Busia,34
2016-01-29,Busia,28
2016-01-30,Busia,16
2016-01-31,Busia,22
2016-02-01,Busia,44
2016-02-02,Busia,24
2016-02-03,Busia,15
2016-02-04,Busia,19
2016-02-05,Busia,47
2016-02-06,Busia,18
2016-02-07,Busia,22
2016-02-08,Busia,43
2016-02-09,Busia,21
2016-02-10,Busia,11
2016-02-11,Busia,29
2016-02-12,Busia,28
2016-02-13,Busia,19
2016-02-14,Busia,19
2016-02-15,Busia,36
2016-02-16,Busia,25
2016-02-17,Busia,32
2016-02-18,Busia,22
2016-02-19,Busia,19
2016-02-20,Busia,13
2016-02-21,Busia,27
2016-02-22,Busia,36
2016-02-23,Busia,25
2016-02-24,Busia,32
2016-02-25,Busia,44
2016-02-26,Busia,19
2016-02-27,Busia,20
2016-02-28,Busia,35
2016-02-29,Busia,32
2016-03-01,Busia,47
2016-03-02,Busia,39
2016-03-03,Busia,31
2016-03-04,Busia,27
2016-03-05,Busia,23
2016-03-06,Busia,38
2016-03-07,Busia,29
2016-03-08,Busia,46
2016-03-09,Busia,17
2016-03-10,Busia,24
2016-03-11,Busia,29
2016-03-12,Busia,24
2016-03-13,Busia,20
2016-03-14,Busia,20
2016-03-15,Busia,46
2016-03-16,Busia,29
2016-03-17,Busia,40
2016-03-18,Busia,27
2016-03-19,Busia,41
2016-03-20,Busia,42
2016-03-21,Busia,22
2016-03-22,Busia,25
2016-03-23,Busia,38
2016-03-24,Busia,25
2016-03-25,Busia,28
2016-03-26,Busia,47
2016-03-27,Busia,42
2016-03-28,Busia,30
2016-03-29,Busia,32
2016-03-30,Busia,28
2016-03-31,Busia,50
2016-04-01,Busia,42
2016-04-02,Busia,44
2016-04-03,Busia,22
2016-04-04,Busia,33
2016-04-05,Busia,48
2016-04-06,Busia,33
2016-04-07,Busia,27
2016-04-08,Busia,15
2016-04-09,Busia,34
2016-04-10,Busia,45
2016-04-11,Busia,21
2016-04-12,Busia,40
2016-04-13,Busia,30
2016-04-14,Busia,41
2016-04-15,Busia,17
2016-04-16,Busia,17
2016-04-17,Busia,30
2016-04-18,Busia,40
2016-04-19,Busia,19
2016-04-20,Busia,40
2016-04-21,Busia,48
2016-04-22,Busia,29
2016-04-23,Busia,37
2016-04-24,Busia,23
2016-04-25,Busia,38
2016-04-26,Busia,27
2016-04-27,Busia,33
2016-04-28,Busia,30
2016-04-29,Busia,47
2016-04-30,Busia,21
2016-05-01,Busia,29
2016-05-02,Busia,40
2016-05-03,Busia,35
2016-05-04,Busia,37
2016-05-05,Busia,24
2016-05-06,Busia,45
2016-05-07,Busia,25
2016-05-08,Busia,15
2016-05-09,Busia,32
2016-05-10,Busia,38
2016-05-11,Busia,32
2016-05-12,Busia,8
2016-05-13,Busia,30
2016-05-14,Busia,28
2016-05-15,Busia,49
2016-05-16,Busia,37
2016-05-17,Busia,21
2016-05-18,Busia,21
2016-05-19,Busia,48
2016-05-20,Busia,34
2016-05-21,Busia,29
2016-05-22,Busia,39
2016-05-23,Busia,28
2016-05-24,Busia,32
2016-05-25,Busia,37
2016-05-26,Busia,41
2016-05-27,Busia,24
2016-05-28,Busia,31
2016-05-29,Busia,51
2016-05-30,Busia,21
2016-05-31,Busia,26
2016-06-01,Busia,25
2016-06-02,Busia,24
2016-06-03,Busia,29
2016-06-04,Busia,28
2016-06-05,Busia,25
2016-06-06,Busia,18
2016-06-07,Busia,33
2016-06-08,Busia,41
2016-06-09,Busia,17
2016-06-10,Busia,27
2016-06-11,Busia,18
2016-06-12,Busia,21
2016-06-13,Busia,36
2016-06-14,Busia,17
2016-06-15,Busia,22
2016-06-16,Busia,33
2016-06-17,Busia,26
2016-06-18,Busia,36
2016-06-19,Busia,15
2016-06-20,Busia,27
2016-06-21,Busia,18
2016-06-22,Busia,26
2016-06-23,Busia,32
2016-06-24,Busia,32
2016-06-25,Busia,16
2016-06-26,Busia,25
2016-06-27,Busia,38
2016-06-28,Busia,17
2016-06-29,Busia,32
2016-06-30,Busia,24
2016-07-01,Busia,34
2016-07-02,Busia,11
2016-07-03,Busia,17
2016-07-04,Busia,24
2016-07-05,Busia,24
2016-07-06,Busia,18
2016-07-07,Busia,28
2016-07-08,Busia,31
2016-07-09,Busia,27
2016-07-10,Busia,0
2016-07-11,Busia,25
2016-07-12,Busia,31
2016-07-13,Busia,32
2016-07-14,Busia,24
2016-07-15,Busia,12
2016-07-16,Busia,18
2016-07-17,Busia,25
2016-07-18,Busia,24
2016-07-19,Busia,44
2016-07-20,Busia,38
2016-07-21,Busia,13
2016-07-22,Busia,39
2016-07-23,Busia,27
2016-07-24,Busia,28
2016-07-25,Busia,34
2016-07-26,Busia,29
2016-07-27,Busia,41
2016-07-28,Busia,24
2016-07-29,Busia,29
2016-07-30,Busia,2
2016-07-31,Busia,16
2016-08-01,Busia,20
2016-08-02,Busia,25
2016-08-03,Busia,16
2016-08-04,Busia,27
2016-08-05,Busia,27
2016-08-06,Busia,28
2016-08-07,Busia,20
2016-08-08,Busia,44
2016-08-09,Busia,19
2016-08-10,Busia,20
2016-08-11,Busia,35
2016-08-12,Busia,24
2016-08-13,Busia,13
2016-08-14,Busia,37
2016-08-15,Busia,42
2016-08-16,Busia,41
2016-08-17,Busia,0
2016-08-18,Busia,53
2016-08-19,Busia,17
2016-08-20,Busia,25
2016-08-21,Busia,27
2016-08-22,Busia,21
2016-08-23,Busia,30
2016-08-24,Busia,20
2016-08-25,Busia,16
2016-08-26,Busia,35
2016-08-27,Busia,38
2016-08-28,Busia,26
2016-08-29,Busia,25
2016-08-30,Busia,12
2016-08-31,Busia,22
2016-09-01,Busia,13
2016-09-02,Busia,21
2016-09-03,Busia,41
2016-09-04,Busia,29
2016-09-05,Busia,32
2016-09-06,Busia,35
2016-09-07,Busia,35
2016-09-08,Busia,20
2016-09-09,Busia,18
2016-09-10,Busia,23
2016-09-11,Busia,30
2016-09-12,Busia,25
2016-09-13,Busia,38
2016-09-14,Busia,24
2016-09-15,Busia,40
2016-09-16,Busia,27
2016-09-17,Busia,20
2016-09-18,Busia,33
2016-09-19,Busia,12
2016-09-20,Busia,32
2016-09-21,Busia,23
2016-09-22,Busia,22
2016-09-23,Busia,12
2016-09-24,Busia,16
2016-09-25,Busia,16
2016-09-26,Busia,28
2016-09-27,Busia,47
2016-09-28,Busia,44
2016-09-29,Busia,39
2016-09-30,Busia,45
2016-10-01,Busia,18
2015-01-01,Siaya,21
2015-01-02,Siaya,24
2015-01-03,Siaya,33
2015-01-04,Siaya,33
2015-01-05,Siaya,28
2015-01-06,Siaya,35
2015-01-07,Siaya,27
2015-01-08,Siaya,26
2015-01-09,Siaya,35
2015-01-10,Siaya,26
2015-01-11,Siaya,22
2015-01-12,Siaya,21
2015-01-13,Siaya,27
2015-01-14,Siaya,25
2015-01-15,Siaya,42
2015-01-16,Siaya,31
2015-01-17,Siaya,47
2015-01-18,Siaya,21
2015-01-19,Siaya,26
2015-01-20,Siaya,25
2015-01-21,Siaya,29
2015-01-22,Siaya,8
2015-01-23,Siaya,47
2015-01-24,Siaya,16
2015-01-25,Siaya,24
2015-01-26,Siaya,26
2015-01-27,Siaya,28
2015-01-28,Siaya,36
2015-01-29,Siaya,36
2015-01-30,Siaya,24
2015-01-31,Siaya,22
2015-02-01,Siaya,33
2015-02-02,Siaya,31
2015-02-03,Siaya,12
2015-02-04,Siaya,33
2015-02-05,Siaya,36
2015-02-06,Siaya,25
2015-02-07,Siaya,14
2015-02-08,Siaya,28
2015-02-09,Siaya,19
2015-02-10,Siaya,31
2015-02-11,Siaya,21
2015-02-12,Siaya,42
2015-02-13,Siaya,28
2015-02-14,Siaya,52
2015-02-15,Siaya,5
2015-02-16,Siaya,14
2015-02-17,Siaya,48
2015-02-18,Siaya,11
2015-02-19,Siaya,18
2015-02-20,Siaya,11
2015-02-21,Siaya,14
2015-02-22,Siaya,56
2015-02-23,Siaya,12
2015-02-24,Siaya,38
2015-02-25,Siaya,23
2015-02-26,Siaya,19
2015-02-27,Siaya,4
2015-02-28,Siaya,28
2015-03-01,Siaya,14
2015-03-02,Siaya,29
2015-03-03,Siaya,26
2015-03-04,Siaya,28
2015-03-05,Siaya,11
2015-03-06,Siaya,29
2015-03-07,Siaya,41
2015-03-08,Siaya,19
2015-03-09,Siaya,30
2015-03-10,Siaya,33
2015-03-11,Siaya,22
2015-03-12,Siaya,33
2015-03-13,Siaya,24
2015-03-14,Siaya,19
2015-03-15,Siaya,30
2015-03-16,Siaya,34
2015-03-17,Siaya,27
2015-03-18,Siaya,41
2015-03-19,Siaya,28
2015-03-20,Siaya,21
2015-03-21,Siaya,44
2015-03-22,Siaya,21
2015-03-23,Siaya,28
2015-03-24,Siaya,35
2015-03-25,Siaya,39
2015-03-26,Siaya,28
2015-03-27,Siaya,49
2015-03-28,Siaya,40
2015-03-29,Siaya,30
2015-03-30,Siaya,41
2015-03-31,Siaya,26
2015-04-01,Siaya,19
2015-04-02,Siaya,16
2015-04-03,Siaya,27
2015-04-04,Siaya,32
2015-04-05,Siaya,40
2015-04-06,Siaya,7
2015-04-07,Siaya,33
2015-04-08,Siaya,30
2015-04-09,Siaya,37
2015-04-10,Siaya,25
2015-04-11,Siaya,42
2015-04-12,Siaya,50
2015-04-13,Siaya,35
2015-04-14,Siaya,55
2015-04-15,Siaya,45
2015-04-16,Siaya,31
2015-04-17,Siaya,40
2015-04-18,Siaya,13
2015-04-19,Siaya,51
2015-04-20,Siaya,22
2015-04-21,Siaya,15
2015-04-22,Siaya,27
2015-04-23,Siaya,28
2015-04-24,Siaya,41
2015-04-25,Siaya,43
2015-04-26,Siaya,31
2015-04-27,Siaya,40
2015-04-28,Siaya,50
2015-04-29,Siaya,40
2015-04-30,Siaya,27
2015-05-01,Siaya,29
2015-05-02,Siaya,53
2015-05-03,Siaya,33
2015-05-04,Siaya,41
2015-05-05,Siaya,37
2015-05-06,Siaya,9
2015-05-07,Siaya,30
2015-05-08,Siaya,18
2015-05-09,Siaya,17
2015-05-10,Siaya,29
2015-05-11,Siaya,48
2015-05-12,Siaya,44
2015-05-13,Siaya,37
2015-05-14,Siaya,21
2015-05-15,Siaya,31
2015-05-16,Siaya,19
2015-05-17,Siaya,31
2015-05-18,Siaya,28
2015-05-19,Siaya,40
2015-05-20,Siaya,27
2015-05-21,Siaya,25
2015-05-22,Siaya,5
2015-05-23,Siaya,29
2015-05-24,Siaya,40
2015-05-25,Siaya,34
2015-05-26,Siaya,57
2015-05-27,Siaya,41
2015-05-28,Siaya,33
2015-05-29,Siaya,13
2015-05-30,Siaya,30
2015-05-31,Siaya,23
2015-06-01,Siaya,27
2015-06-02,Siaya,29
2015-06-03,Siaya,6
2015-06-04,Siaya,10
2015-06-05,Siaya,23
2015-06-06,Siaya,20
2015-06-07,Siaya,31
2015-06-08,Siaya,26
2015-06-09,Siaya,30
2015-06-10,Siaya,22
2015-06-11,Siaya,34
2015-06-12,Siaya,19
2015-06-13,Siaya,12
2015-06-14,Siaya,65
2015-06-15,Siaya,18
2015-06-16,Siaya,35
2015-06-17,Siaya,36
2015-06-18,Siaya,48
2015-06-19,Siaya,21
2015-06-20,Siaya,21
2015-06-21,Siaya,37
2015-06-22,Siaya,17
2015-06-23,Siaya,19
2015-06-24,Siaya,27
2015-06-25,Siaya,12
2015-06-26,Siaya,9
2015-06-27,Siaya,19
2015-06-28,Siaya,24
2015-06-29,Siaya,28
2015-06-30,Siaya,20
2015-07-01,Siaya,48
2015-07-02,Siaya,23
2015-07-03,Siaya,14
2015-07-04,Siaya,32
2015-07-05,Siaya,7
2015-07-06,Siaya,28
2015-07-07,Siaya,30
2015-07-08,Siaya,29
2015-07-09,Siaya,15
2015-07-10,Siaya,30
2015-07-11,Siaya,7
2015-07-12,Siaya,38
2015-07-13,Siaya,35
2015-07-14,Siaya,32
2015-07-15,Siaya,15
2015-07-16,Siaya,16
2015-07-17,Siaya,22
2015-07-18,Siaya,30
2015-07-19,Siaya,35
2015-07-20,Siaya,27
2015-07-21,Siaya,20
2015-07-22,Siaya,33
2015-07-23,Siaya,30
2015-07-24,Siaya,22
2015-07-25,Siaya,35
2015-07-26,Siaya,13
2015-07-27,Siaya,22
2015-07-28,Siaya,30
2015-07-29,Siaya,25
2015-07-30,Siaya,25
2015-07-31,Siaya,23
2015-08-01,Siaya,23
2015-08-02,Siaya,30
2015-08-03,Siaya,25
2015-08-04,Siaya,25
2015-08-05,Siaya,42
2015-08-06,Siaya,25
2015-08-07,Siaya,24
2015-08-08,Siaya,22
2015-08-09,Siaya,26
2015-08-10,Siaya,12
2015-08-11,Siaya,32
2015-08-12,Siaya,32
2015-08-13,Siaya,34
2015-08-14,Siaya,27
2015-08-15,Siaya,30
2015-08-16,Siaya,6
2015-08-17,Siaya,56
2015-08-18,Siaya,24
2015-08-19,Siaya,17
2015-08-20,Siaya,7
2015-08-21,Siaya,22
2015-08-22,Siaya,13
2015-08-23,Siaya,29
2015-08-24,Siaya,25
2015-08-25,Siaya,23
2015-08-26,Siaya,31
2015-08-27,Siaya,30
2015-08-28,Siaya,16
2015-08-29,Siaya,25
2015-08-30,Siaya,24
2015-08-31,Siaya,20
2015-09-01,Siaya,31
2015-09-02,Siaya,19
2015-09-03,Siaya,29
2015-09-04,Siaya,35
2015-09-05,Siaya,28
2015-09-06,Siaya,32
2015-09-07,Siaya,19
2015-09-08,Siaya,15
2015-09-09,Siaya,42
2015-09-10,Siaya,45
2015-09-11,Siaya,16
2015-09-12,Siaya,30
2015-09-13,Siaya,26
2015-09-14,Siaya,28
2015-09-15,Siaya,23
2015-09-16,Siaya,27
2015-09-17,Siaya,6
2015-09-18,Siaya,21
2015-09-19,Siaya,30
2015-09-20,Siaya,4
2015-09-21,Siaya,22
2015-09-22,Siaya,42
2015-09-23,Siaya,22
2015-09-24,Siaya,23
2015-09-25,Siaya,24
2015-09-26,Siaya,16
2015-09-27,Siaya,38
2015-09-28,Siaya,41
2015-09-29,Siaya,26
2015-09-30,Siaya,20
2015-10-01,Siaya,38
2015-10-02,Siaya,32
2015-10-03,Siaya,29
2015-10-04,Siaya,32
2015-10-05,Siaya,31
2015-10-06,Siaya,22
2015-10-07,Siaya,19
2015-10-08,Siaya,38
2015-10-09,Siaya,30
2015-10-10,Siaya,17
2015-10-11,Siaya,26
2015-10-12,Siaya,27
2015-10-13,Siaya,27
2015-10-14,Siaya,7
2015-10-15,Siaya,26
2015-10-16,Siaya,26
2015-10-17,Siaya,22
2015-10-18,Siaya,31
2015-10-19,Siaya,15
2015-10-20,Siaya,36
2015-10-21,Siaya,14
2015-10-22,Siaya,33
2015-10-23,Siaya,30
2015-10-24,Siaya,35
2015-10-25,Siaya,34
2015-10-26,Siaya,36
2015-10-27,Siaya,43
2015-10-28,Siaya,14
2015-10-29,Siaya,32
2015-10-30,Siaya,28
2015-10-31,Siaya,29
2015-11-01,Siaya,22
2015-11-02,Siaya,34
2015-11-03,Siaya,37
2015-11-04,Siaya,15
2015-11-05,Siaya,21
2015-11-06,Siaya,43
2015-11-07,Siaya,29
2015-11-08,Siaya,24
2015-11-09,Siaya,35
2015-11-10,Siaya,24
2015-11-11,Siaya,35
2015-11-12,Siaya,15
2015-11-13,Siaya,20
2015-11-14,Siaya,35
2015-11-15,Siaya,26
2015-11-16,Siaya,5
2015-11-17,Siaya,31
2015-11-18,Siaya,11
2015-11-19,Siaya,22
2015-11-20,Siaya,29
2015-11-21,Siaya,27
2015-11-22,Siaya,22
2015-11-23,Siaya,18
2015-11-24,Siaya,30
2015-11-25,Siaya,18
2015-11-26,Siaya,35
2015-11-27,Siaya,36
2015-11-28,Siaya,18
2015-11-29,Siaya,20
2015-11-30,Siaya,25
2015-12-01,Siaya,19
2015-12-02,Siaya,9
2015-12-03,Siaya,42
2015-12-04,Siaya,37
2015-12-05,Siaya,37
2015-12-06,Siaya,38
2015-12-07,Siaya,33
2015-12-08,Siaya,24
2015-12-09,Siaya,27
2015-12-10,Siaya,35
2015-12-11,Siaya,10
2015-12-12,Siaya,35
2015-12-13,Siaya,23
2015-12-14,Siaya,29
2015-12-15,Siaya,27
2015-12-16,Siaya,7
2015-12-17,Siaya,26
2015-12-18,Siaya,50
2015-12-19,Siaya,29
2015-12-20,Siaya,20
2015-12-21,Siaya,38
2015-12-22,Siaya,39
2015-12-23,Siaya,37
2015-12-24,Siaya,33
2015-12-25,Siaya,26
2015-12-26,Siaya,28
2015-12-27,Siaya,29
2015-12-28,Siaya,41
2015-12-29,Siaya,13
2015-12-30,Siaya,38
2015-12-31,Siaya,10
2016-01-01,Siaya,24
2016-01-02,Siaya,23
2016-01-03,Siaya,48
2016-01-04,Siaya,32
2016-01-05,Siaya,13
2016-01-06,Siaya,24
2016-01-07,Siaya,29
2016-01-08,Siaya,32
2016-01-09,Siaya,34
2016-01-10,Siaya,15
2016-01-11,Siaya,35
2016-01-12,Siaya,35
2016-01-13,Siaya,26
2016-01-14,Siaya,39
2016-01-15,Siaya,37
2016-01-16,Siaya,23
2016-01-17,Siaya,31
2016-01-18,Siaya,24
2016-01-19,Siaya,20
2016-01-20,Siaya,28
2016-01-21,Siaya,22
2016-01-22,Siaya,17
2016-01-23,Siaya,20
2016-01-24,Siaya,24
2016-01-25,Siaya,21
2016-01-26,Siaya,40
2016-01-27,Siaya,25
2016-01-28,Siaya,26
2016-01-29,Siaya,29
2016-01-30,Siaya,21
2016-01-31,Siaya,51
2016-02-01,Siaya,49
2016-02-02,Siaya,26
2016-02-03,Siaya,32
2016-02-04,Siaya,49
2016-02-05,Siaya,39
2016-02-06,Siaya,25
2016-02-07,Siaya,30
2016-02-08,Siaya,25
2016-02-09,Siaya,16
2016-02-10,Siaya,17
2016-02-11,Siaya,27
2016-02-12,Siaya,18
2016-02-13,Siaya,27
2016-02-14,Siaya,0
2016-02-15,Siaya,26
2016-02-16,Siaya,31
2016-02-17,Siaya,30
2016-02-18,Siaya,49
2016-02-19,Siaya,40
2016-02-20,Siaya,23
2016-02-21,Siaya,50
2016-02-22,Siaya,25
2016-02-23,Siaya,14
2016-02-24,Siaya,9
2016-02-25,Siaya,32
2016-02-26,Siaya,17
2016-02-27,Siaya,19
2016-02-28,Siaya,14
2016-02-29,Siaya,15
2016-03-01,Siaya,50
2016-03-02,Siaya,27
2016-03-03,Siaya,39
2016-03-04,Siaya,41
2016-03-05,Siaya,24
2016-03-06,Siaya,32
2016-03-07,Siaya,29
2016-03-08,Siaya,4
2016-03-09,Siaya,20
2016-03-10,Siaya,33
2016-03-11,Siaya,19
2016-03-12,Siaya,17
2016-03-13,Siaya,39
2016-03-14,Siaya,19
2016-03-15,Siaya,30
2016-03-16,Siaya,29
2016-03-17,Siaya,32
2016-03-18,Siaya,29
2016-03-19,Siaya,37
2016-03-20,Siaya,13
2016-03-21,Siaya,34
2016-03-22,Siaya,32
2016-03-23,Siaya,45
2016-03-24,Siaya,32
2016-03-25,Siaya,31
2016-03-26,Siaya,15
2016-03-27,Siaya,27
2016-03-28,Siaya,41
2016-03-29,Siaya,26
2016-03-30,Siaya,48
2016-03-31,Siaya,28
2016-04-01,Siaya,24
2016-04-02,Siaya,36
2016-04-03,Siaya,32
2016-04-04,Siaya,28
2016-04-05,Siaya,35
2016-04-06,Siaya,43
2016-04-07,Siaya,56
2016-04-08,Siaya,26
2016-04-09,Siaya,24
2016-04-10,Siaya,40
2016-04-11,Siaya,25
2016-04-12,Siaya,41
2016-04-13,Siaya,6
2016-04-14,Siaya,26
2016-04-15,Siaya,25
2016-04-16,Siaya,28
2016-04-17,Siaya,24
2016-04-18,Siaya,18
2016-04-19,Siaya,38
2016-04-20,Siaya,25
2016-04-21,Siaya,40
2016-04-22,Siaya,22
2016-04-23,Siaya,28
2016-04-24,Siaya,27
2016-04-25,Siaya,27
2016-04-26,Siaya,32
2016-04-27,Siaya,14
2016-04-28,Siaya,24
2016-04-29,Siaya,22
2016-04-30,Siaya,40
2016-05-01,Siaya,52
2016-05-02,Siaya,27
2016-05-03,Siaya,7
2016-05-04,Siaya,36
2016-05-05,Siaya,36
2016-05-06,Siaya,13
2016-05-07,Siaya,21
2016-05-08,Siaya,18
2016-05-09,Siaya,39
2016-05-10,Siaya,26
2016-05-11,Siaya,40
2016-05-12,Siaya,33
2016-05-13,Siaya,36
2016-05-14,Siaya,41
2016-05-15,Siaya,22
2016-05-16,Siaya,42
2016-05-17,Siaya,28
2016-05-18,Siaya,43
2016-05-19,Siaya,38
2016-05-20,Siaya,24
2016-05-21,Siaya,33
2016-05-22,Siaya,16
2016-05-23,Siaya,31
2016-05-24,Siaya,17
2016-05-25,Siaya,44
2016-05-26,Siaya,45
2016-05-27,Siaya,23
2016-05-28,Siaya,28
2016-05-29,Siaya,40
2016-05-30,Siaya,32
2016-05-31,Siaya,37
2016-06-01,Siaya,23
2016-06-02,Siaya,25
2016-06-03,Siaya,33
2016-06-04,Siaya,28
2016-06-05,Siaya,33
2016-06-06,Siaya,35
2016-06-07,Siaya,30
2016-06-08,Siaya,36
2016-06-09,Siaya,30
2016-06-10,Siaya,30
2016-06-11,Siaya,25
2016-06-12,Siaya,9
2016-06-13,Siaya,30
2016-06-14,Siaya,8
2016-06-15,Siaya,19
2016-06-16,Siaya,32
2016-06-17,Siaya,12
2016-06-18,Siaya,40
2016-06-19,Siaya,22
2016-06-20,Siaya,16
2016-06-21,Siaya,28
2016-06-22,Siaya,24
2016-06-23,Siaya,26
2016-06-24,Siaya,28
2016-06-25,Siaya,28
2016-06-26,Siaya,38
2016-06-27,Siaya,24
2016-06-28,Siaya,41
2016-06-29,Siaya,32
2016-06-30,Siaya,9
2016-07-01,Siaya,32
2016-07-02,Siaya,26
2016-07-03,Siaya,31
2016-07-04,Siaya,36
2016-07-05,Siaya,17
2016-07-06,Siaya,30
2016-07-07,Siaya,33
2016-07-08,Siaya,35
2016-07-09,Siaya,14
2016-07-10,Siaya,19
2016-07-11,Siaya,35
2016-07-12,Siaya,25
2016-07-13,Siaya,30
2016-07-14,Siaya,25
2016-07-15,Siaya,37
2016-07-16,Siaya,34
2016-07-17,Siaya,39
2016-07-18,Siaya,21
2016-07-19,Siaya,21
2016-07-20,Siaya,19
2016-07-21,Siaya,40
2016-07-22,Siaya,23
2016-07-23,Siaya,39
2016-07-24,Siaya,14
2016-07-25,Siaya,37
2016-07-26,Siaya,17
2016-07-27,Siaya,32
2016-07-28,Siaya,12
2016-07-29,Siaya,9
2016-07-30,Siaya,30
2016-07-31,Siaya,10
2016-08-01,Siaya,35
2016-08-02,Siaya,28
2016-08-03,Siaya,24
2016-08-04,Siaya,22
2016-08-05,Siaya,31
2016-08-06,Siaya,25
2016-08-07,Siaya,14
2016-08-08,Siaya,32
2016-08-09,Siaya,20
2016-08-10,Siaya,28
2016-08-11,Siaya,26
2016-08-12,Siaya,16
2016-08-13,Siaya,17
2016-08-14,Siaya,28
2016-08-15,Siaya,26
2016-08-16,Siaya,19
2016-08-17,Siaya,16
2016-08-18,Siaya,31
2016-08-19,Siaya,37
2016-08-20,Siaya,18
2016-08-21,Siaya,18
2016-08-22,Siaya,30
2016-08-23,Siaya,38
2016-08-24,Siaya,24
2016-08-25,Siaya,11
2016-08-26,Siaya,36
2016-08-27,Siaya,26
2016-08-28,Siaya,11
2016-08-29,Siaya,42
2016-08-30,Siaya,16
2016-08-31,Siaya,14
2016-09-01,Siaya,24
2016-09-02,Siaya,15
2016-09-03,Siaya,21
2016-09-04,Siaya,52
2016-09-05,Siaya,25
2016-09-06,Siaya,24
2016-09-07,Siaya,25
2016-09-08,Siaya,22
2016-09-09,Siaya,40
2016-09-10,Siaya,35
2016-09-11,Siaya,20
2016-09-12,Siaya,16
2016-09-13,Siaya,30
2016-09-14,Siaya,12
2016-09-15,Siaya,31
2016-09-16,Siaya,19
2016-09-17,Siaya,18
2016-09-18,Siaya,30
2016-09-19,Siaya,20
2016-09-20,Siaya,24
2016-09-21,Siaya,16
2016-09-22,Siaya,16
2016-09-23,Siaya,28
2016-09-24,Siaya,25
2016-09-25,Siaya,24
2016-09-26,Siaya,21
2016-09-27,Siaya,41
2016-09-28,Siaya,33
2016-09-29,Siaya,18
2016-09-30,Siaya,36
2016-10-01,Siaya,24
2015-01-01,Kisumu,23
2015-01-02,Kisumu,28
2015-01-03,Kisumu,34
2015-01-04,Kisumu,36
2015-01-05,Kisumu,25
2015-01-06,Kisumu,30
2015-01-07,Kisumu,34
2015-01-08,Kisumu,9
2015-01-09,Kisumu,22
2015-01-10,Kisumu,11
2015-01-11,Kisumu,13
2015-01-12,Kisumu,12
2015-01-13,Kisumu,8
2015-01-14,Kisumu,26
2015-01-15,Kisumu,21
2015-01-16,Kisumu,14
2015-01-17,Kisumu,19
2015-01-18,Kisumu,22
2015-01-19,Kisumu,29
2015-01-20,Kisumu,33
2015-01-21,Kisumu,44
2015-01-22,Kisumu,37
2015-01-23,Kisumu,23
2015-01-24,Kisumu,29
2015-01-25,Kisumu,5
2015-01-26,Kisumu,35
2015-01-27,Kisumu,32
2015-01-28,Kisumu,48
2015-01-29,Kisumu,26
2015-01-30,Kisumu,36
2015-01-31,Kisumu,29
2015-02-01,Kisumu,27
2015-02-02,Kisumu,14
2015-02-03,Kisumu,19
2015-02-04,Kisumu,32
2015-02-05,Kisumu,19
2015-02-06,Kisumu,13
2015-02-07,Kisumu,22
2015-02-08,Kisumu,18
2015-02-09,Kisumu,17
2015-02-10,Kisumu,15
2015-02-11,Kisumu,29
2015-02-12,Kisumu,30
2015-02-13,Kisumu,27
2015-02-14,Kisumu,39
2015-02-15,Kisumu,24
2015-02-16,Kisumu,19
2015-02-17,Kisumu,17
2015-02-18,Kisumu,26
2015-02-19,Kisumu,40
2015-02-20,Kisumu,25
2015-02-21,Kisumu,18
2015-02-22,Kisumu,13
2015-02-23,Kisumu,27
2015-02-24,Kisumu,36
2015-02-25,Kisumu,26
2015-02-26,Kisumu,27
2015-02-27,Kisumu,17
2015-02-28,Kisumu,13
2015-03-01,Kisumu,39
2015-03-02,Kisumu,31
2015-03-03,Kisumu,44
2015-03-04,Kisumu,43
2015-03-05,Kisumu,15
2015-03-06,Kisumu,43
2015-03-07,Kisumu,23
2015-03-08,Kisumu,35
2015-03-09,Kisumu,16
2015-03-10,Kisumu,33
2015-03-11,Kisumu,49
2015-03-12,Kisumu,20
2015-03-13,Kisumu,16
2015-03-14,Kisumu,26
2015-03-15,Kisumu,23
2015-03-16,Kisumu,35
2015-03-17,Kisumu,36
2015-03-18,Kisumu,27
2015-03-19,Kisumu,29
2015-03-20,Kisumu,41
2015-03-21,Kisumu,25
2015-03-22,Kisumu,26
2015-03-23,Kisumu,39
2015-03-24,Kisumu,40
2015-03-25,Kisumu,40
2015-03-26,Kisumu,18
2015-03-27,Kisumu,55
2015-03-28,Kisumu,27
2015-03-29,Kisumu,34
2015-03-30,Kisumu,59
2015-03-31,Kisumu,31
2015-04-01,Kisumu,25
2015-04-02,Kisumu,38
2015-04-03,Kisumu,34
2015-04-04,Kisumu,25
2015-04-05,Kisumu,36
2015-04-06,Kisumu,21
2015-04-07,Kisumu,29
2015-04-08,Kisumu,47
2015-04-09,Kisumu,27
2015-04-10,Kisumu,26
2015-04-11,Kisumu,27
2015-04-12,Kisumu,30
2015-04-13,Kisumu,34
2015-04-14,Kisumu,36
2015-04-15,Kisumu,31
2015-04-16,Kisumu,22
2015-04-17,Kisumu,31
2015-04-18,Kisumu,27
2015-04-19,Kisumu,48
2015-04-20,Kisumu,30
2015-04-21,Kisumu,40
2015-04-22,Kisumu,45
2015-04-23,Kisumu,42
2015-04-24,Kisumu,16
2015-04-25,Kisumu,25
2015-04-26,Kisumu,27
2015-04-27,Kisumu,12
2015-04-28,Kisumu,25
2015-04-29,Kisumu,43
2015-04-30,Kisumu,10
2015-05-01,Kisumu,42
2015-05-02,Kisumu,30
2015-05-03,Kisumu,24
2015-05-04,Kisumu,44
2015-05-05,Kisumu,15
2015-05-06,Kisumu,39
2015-05-07,Kisumu,24
2015-05-08,Kisumu,24
2015-05-09,Kisumu,46
2015-05-10,Kisumu,23
2015-05-11,Kisumu,20
2015-05-12,Kisumu,41
2015-05-13,Kisumu,21
2015-05-14,Kisumu,21
2015-05-15,Kisumu,30
2015-05-16,Kisumu,51
2015-05-17,Kisumu,48
2015-05-18,Kisumu,39
2015-05-19,Kisumu,47
2015-05-20,Kisumu,13
2015-05-21,Kisumu,23
2015-05-22,Kisumu,35
2015-05-23,Kisumu,36
2015-05-24,Kisumu,40
2015-05-25,Kisumu,39
2015-05-26,Kisumu,28
2015-05-27,Kisumu,32
2015-05-28,Kisumu,48
2015-05-29,Kisumu,53
2015-05-30,Kisumu,36
2015-05-31,Kisumu,22
2015-06-01,Kisumu,16
2015-06-02,Kisumu,28
2015-06-03,Kisumu,26
2015-06-04,Kisumu,38
2015-06-05,Kisumu,28
2015-06-06,Kisumu,19
2015-06-07,Kisumu,29
2015-06-08,Kisumu,14
2015-06-09,Kisumu,40
2015-06-10,Kisumu,17
2015-06-11,Kisumu,39
2015-06-12,Kisumu,0
2015-06-13,Kisumu,32
2015-06-14,Kisumu,20
2015-06-15,Kisumu,16
2015-06-16,Kisumu,38
2015-06-17,Kisumu,40
2015-06-18,Kisumu,19
2015-06-19,Kisumu,22
2015-06-20,Kisumu,25
2015-06-21,Kisumu,19
2015-06-22,Kisumu,34
2015-06-23,Kisumu,23
2015-06-24,Kisumu,14
2015-06-25,Kisumu,17
2015-06-26,Kisumu,31
2015-06-27,Kisumu,34
2015-06-28,Kisumu,19
2015-06-29,Kisumu,30
2015-06-30,Kisumu,45
2015-07-01,Kisumu,15
2015-07-02,Kisumu,9
2015-07-03,Kisumu,9
2015-07-04,Kisumu,15
2015-07-05,Kisumu,22
2015-07-06,Kisumu,28
2015-07-07,Kisumu,25
2015-07-08,Kisumu,21
2015-07-09,Kisumu,22
2015-07-10,Kisumu,29
2015-07-11,Kisumu,39
2015-07-12,Kisumu,36
2015-07-13,Kisumu,21
2015-07-14,Kisumu,21
2015-07-15,Kisumu,29
2015-07-16,Kisumu,42
2015-07-17,Kisumu,26
2015-07-18,Kisumu,25
2015-07-19,Kisumu,26
2015-07-20,Kisumu,43
2015-07-21,Kisumu,19
2015-07-22,Kisumu,25
2015-07-23,Kisumu,24
2015-07-24,Kisumu,19
2015-07-25,Kisumu,26
2015-07-26,Kisumu,15
2015-07-27,Kisumu,35
2015-07-28,Kisumu,12
2015-07-29,Kisumu,27
2015-07-30,Kisumu,30
2015-07-31,Kisumu,13
2015-08-01,Kisumu,41
2015-08-02,Kisumu,43
2015-08-03,Kisumu,31
2015-08-04,Kisumu,17
2015-08-05,Kisumu,25
2015-08-06,Kisumu,33
2015-08-07,Kisumu,30
2015-08-08,Kisumu,46
2015-08-09,Kisumu,25
2015-08-10,Kisumu,28
2015-08-11,Kisumu,33
2015-08-12,Kisumu,35
2015-08-13,Kisumu,23
2015-08-14,Kisumu,12
2015-08-15,Kisumu,28
2015-08-16,Kisumu,28
2015-08-17,Kisumu,32
2015-08-18,Kisumu,25
2015-08-19,Kisumu,33
2015-08-20,Kisumu,25
2015-08-21,Kisumu,14
2015-08-22,Kisumu,25
2015-08-23,Kisumu,34
2015-08-24,Kisumu,18
2015-08-25,Kisumu,24
2015-08-26,Kisumu,18
2015-08-27,Kisumu,31
2015-08-28,Kisumu,38
2015-08-29,Kisumu,33
2015-08-30,Kisumu,35
2015-08-31,Kisumu,0
2015-09-01,Kisumu,32
2015-09-02,Kisumu,17
2015-09-03,Kisumu,4
2015-09-04,Kisumu,45
2015-09-05,Kisumu,21
2015-09-06,Kisumu,38
2015-09-07,Kisumu,21
2015-09-08,Kisumu,21
2015-09-09,Kisumu,6
2015-09-10,Kisumu,25
2015-09-11,Kisumu,36
2015-09-12,Kisumu,26
2015-09-13,Kisumu,32
2015-09-14,Kisumu,8
2015-09-15,Kisumu,17
2015-09-16,Kisumu,6
2015-09-17,Kisumu,21
2015-09-18,Kisumu,0
2015-09-19,Kisumu,57
2015-09-20,Kisumu,22
2015-09-21,Kisumu,12
2015-09-22,Kisumu,11
2015-09-23,Kisumu,6
2015-09-24,Kisumu,28
2015-09-25,Kisumu,22
2015-09-26,Kisumu,5
2015-09-27,Kisumu,16
2015-09-28,Kisumu,26
2015-09-29,Kisumu,38
2015-09-30,Kisumu,16
2015-10-01,Kisumu,22
2015-10-02,Kisumu,32
2015-10-03,Kisumu,24
2015-10-04,Kisumu,22
2015-10-05,Kisumu,36
2015-10-06,Kisumu,17
2015-10-07,Kisumu,36
2015-10-08,Kisumu,30
2015-10-09,Kisumu,22
2015-10-10,Kisumu,26
2015-10-11,Kisumu,37
2015-10-12,Kisumu,47
2015-10-13,Kisumu,20
2015-10-14,Kisumu,41
2015-10-15,Kisumu,15
2015-10-16,Kisumu,26
2015-10-17,Kisumu,21
2015-10-18,Kisumu,49
2015-10-19,Kisumu,19
2015-10-20,Kisumu,28
2015-10-21,Kisumu,31
2015-10-22,Kisumu,9
2015-10-23,Kisumu,23
2015-10-24,Kisumu,35
2015-10-25,Kisumu,22
2015-10-26,Kisumu,48
2015-10-27,Kisumu,28
2015-10-28,Kisumu,30
2015-10-29,Kisumu,30
2015-10-30,Kisumu,27
2015-10-31,Kisumu,40
2015-11-01,Kisumu,13
2015-11-02,Kisumu,24
2015-11-03,Kisumu,18
2015-11-04,Kisumu,26
2015-11-05,Kisumu,25
2015-11-06,Kisumu,17
2015-11-07,Kisumu,28
2015-11-08,Kisumu,0
2015-11-09,Kisumu,20
2015-11-10,Kisumu,41
2015-11-11,Kisumu,29
2015-11-12,Kisumu,25
2015-11-13,Kisumu,40
2015-11-14,Kisumu,8
2015-11-15,Kisumu,36
2015-11-16,Kisumu,45
2015-11-17,Kisumu,35
2015-11-18,Kisumu,17
2015-11-19,Kisumu,31
2015-11-20,Kisumu,31
2015-11-21,Kisumu,30
2015-11-22,Kisumu,45
2015-11-23,Kisumu,1
2015-11-24,Kisumu,19
2015-11-25,Kisumu,49
2015-11-26,Kisumu,24
2015-11-27,Kisumu,32
2015-11-28,Kisumu,47
2015-11-29,Kisumu,8
2015-11-30,Kisumu,32
2015-12-01,Kisumu,25
2015-12-02,Kisumu,34
2015-12-03,Kisumu,20
2015-12-04,Kisumu,11
2015-12-05,Kisumu,18
2015-12-06,Kisumu,25
2015-12-07,Kisumu,32
2015-12-08,Kisumu,31
2015-12-09,Kisumu,16
2015-12-10,Kisumu,19
2015-12-11,Kisumu,33
2015-12-12,Kisumu,37
2015-12-13,Kisumu,29
2015-12-14,Kisumu,29
2015-12-15,Kisumu,10
2015-12-16,Kisumu,27
2015-12-17,Kisumu,23
2015-12-18,Kisumu,19
2015-12-19,Kisumu,2
2015-12-20,Kisumu,26
2015-12-21,Kisumu,27
2015-12-22,Kisumu,14
2015-12-23,Kisumu,23
2015-12-24,Kisumu,34
2015-12-25,Kisumu,9
2015-12-26,Kisumu,14
2015-12-27,Kisumu,40
2015-12-28,Kisumu,25
2015-12-29,Kisumu,27
2015-12-30,Kisumu,13
2015-12-31,Kisumu,22
2016-01-01,Kisumu,47
2016-01-02,Kisumu,24
2016-01-03,Kisumu,9
2016-01-04,Kisumu,31
2016-01-05,Kisumu,12
2016-01-06,Kisumu,42
2016-01-07,Kisumu,42
2016-01-08,Kisumu,21
2016-01-09,Kisumu,38
2016-01-10,Kisumu,38
2016-01-11,Kisumu,47
2016-01-12,Kisumu,19
2016-01-13,Kisumu,12
2016-01-14,Kisumu,32
2016-01-15,Kisumu,10
2016-01-16,Kisumu,33
2016-01-17,Kisumu,10
2016-01-18,Kisumu,24
2016-01-19,Kisumu,33
2016-01-20,Kisumu,39
2016-01-21,Kisumu,40
2016-01-22,Kisumu,0
2016-01-23,Kisumu,19
2016-01-24,Kisumu,11
2016-01-25,Kisumu,27
2016-01-26,Kisumu,42
2016-01-27,Kisumu,30
2016-01-28,Kisumu,25
2016-01-29,Kisumu,33
2016-01-30,Kisumu,41
2016-01-31,Kisumu,43
2016-02-01,Kisumu,36
2016-02-02,Kisumu,22
2016-02-03,Kisumu,23
2016-02-04,Kisumu,14
2016-02-05,Kisumu,18
2016-02-06,Kisumu,11
2016-02-07,Kisumu,20
2016-02-08,Kisumu,26
2016-02-09,Kisumu,23
2016-02-10,Kisumu,17
2016-02-11,Kisumu,29
2016-02-12,Kisumu,35
2016-02-13,Kisumu,9
2016-02-14,Kisumu,11
2016-02-15,Kisumu,17
2016-02-16,Kisumu,22
2016-02-17,Kisumu,13
2016-02-18,Kisumu,42
2016-02-19,Kisumu,15
2016-02-20,Kisumu,20
2016-02-21,Kisumu,17
2016-02-22,Kisumu,49
2016-02-23,Kisumu,37
2016-02-24,Kisumu,1
2016-02-25,Kisumu,18
2016-02-26,Kisumu,21
2016-02-27,Kisumu,25
2016-02-28,Kisumu,17
2016-02-29,Kisumu,26
2016-03-01,Kisumu,37
2016-03-02,Kisumu,29
2016-03-03,Kisumu,31
2016-03-04,Kisumu,31
2016-03-05,Kisumu,38
2016-03-06,Kisumu,28
2016-03-07,Kisumu,40
2016-03-08,Kisumu,37
2016-03-09,Kisumu,46
2016-03-10,Kisumu,16
2016-03-11,Kisumu,47
2016-03-12,Kisumu,30
2016-03-13,Kisumu,23
2016-03-14,Kisumu,43
2016-03-15,Kisumu,31
2016-03-16,Kisumu,41
2016-03-17,Kisumu,43
2016-03-18,Kisumu,22
2016-03-19,Kisumu,23
2016-03-20,Kisumu,28
2016-03-21,Kisumu,21
2016-03-22,Kisumu,15
2016-03-23,Kisumu,21
2016-03-24,Kisumu,15
2016-03-25,Kisumu,32
2016-03-26,Kisumu,29
2016-03-27,Kisumu,54
2016-03-28,Kisumu,26
2016-03-29,Kisumu,38
2016-03-30,Kisumu,30
2016-03-31,Kisumu,36
2016-04-01,Kisumu,32
2016-04-02,Kisumu,56
2016-04-03,Kisumu,30
2016-04-04,Kisumu,40
2016-04-05,Kisumu,36
2016-04-06,Kisumu,33
2016-04-07,Kisumu,51
2016-04-08,Kisumu,32
2016-04-09,Kisumu,34
2016-04-10,Kisumu,32
2016-04-11,Kisumu,39
2016-04-12,Kisumu,38
2016-04-13,Kisumu,35
2016-04-14,Kisumu,25
2016-04-15,Kisumu,35
2016-04-16,Kisumu,35
2016-04-17,Kisumu,41
2016-04-18,Kisumu,41
2016-04-19,Kisumu,40
2016-04-20,Kisumu,17
2016-04-21,Kisumu,31
2016-04-22,Kisumu,34
2016-04-23,Kisumu,22
2016-04-24,Kisumu,27
2016-04-25,Kisumu,27
2016-04-26,Kisumu,42
2016-04-27,Kisumu,39
2016-04-28,Kisumu,32
2016-04-29,Kisumu,23
2016-04-30,Kisumu,26
2016-05-01,Kisumu,59
2016-05-02,Kisumu,51
2016-05-03,Kisumu,38
2016-05-04,Kisumu,36
2016-05-05,Kisumu,39
2016-05-06,Kisumu,12
2016-05-07,Kisumu,23
2016-05-08,Kisumu,29
2016-05-09,Kisumu,31
2016-05-10,Kisumu,5
2016-05-11,Kisumu,23
2016-05-12,Kisumu,32
2016-05-13,Kisumu,46
2016-05-14,Kisumu,33
2016-05-15,Kisumu,28
2016-05-16,Kisumu,12
2016-05-17,Kisumu,37
2016-05-18,Kisumu,22
2016-05-19,Kisumu,31
2016-05-20,Kisumu,31
2016-05-21,Kisumu,35
2016-05-22,Kisumu,32
2016-05-23,Kisumu,30
2016-05-24,Kisumu,19
2016-05-25,Kisumu,24
2016-05-26,Kisumu,28
2016-05-27,Kisumu,32
2016-05-28,Kisumu,35
2016-05-29,Kisumu,35
2016-05-30,Kisumu,38
2016-05-31,Kisumu,24
2016-06-01,Kisumu,37
2016-06-02,Kisumu,21
2016-06-03,Kisumu,49
2016-06-04,Kisumu,20
2016-06-05,Kisumu,39
2016-06-06,Kisumu,17
2016-06-07,Kisumu,19
2016-06-08,Kisumu,25
2016-06-09,Kisumu,25
2016-06-10,Kisumu,28
2016-06-11,Kisumu,30
2016-06-12,Kisumu,25
2016-06-13,Kisumu,21
2016-06-14,Kisumu,28
2016-06-15,Kisumu,15
2016-06-16,Kisumu,9
2016-06-17,Kisumu,41
2016-06-18,Kisumu,37
2016-06-19,Kisumu,29
2016-06-20,Kisumu,29
2016-06-21,Kisumu,26
2016-06-22,Kisumu,17
2016-06-23,Kisumu,26
2016-06-24,Kisumu,26
2016-06-25,Kisumu,24
2016-06-26,Kisumu,12
2016-06-27,Kisumu,22
2016-06-28,Kisumu,21
2016-06-29,Kisumu,33
2016-06-30,Kisumu,28
2016-07-01,Kisumu,28
2016-07-02,Kisumu,43
2016-07-03,Kisumu,44
2016-07-04,Kisumu,23
2016-07-05,Kisumu,26
2016-07-06,Kisumu,36
2016-07-07,Kisumu,23
2016-07-08,Kisumu,10
2016-07-09,Kisumu,11
2016-07-10,Kisumu,41
2016-07-11,Kisumu,42
2016-07-12,Kisumu,26
2016-07-13,Kisumu,25
2016-07-14,Kisumu,12
2016-07-15,Kisumu,28
2016-07-16,Kisumu,39
2016-07-17,Kisumu,40
2016-07-18,Kisumu,32
2016-07-19,Kisumu,20
2016-07-20,Kisumu,21
2016-07-21,Kisumu,16
2016-07-22,Kisumu,15
2016-07-23,Kisumu,19
2016-07-24,Kisumu,24
2016-07-25,Kisumu,19
2016-07-26,Kisumu,38
2016-07-27,Kisumu,22
2016-07-28,Kisumu,37
2016-07-29,Kisumu,36
2016-07-30,Kisumu,35
2016-07-31,Kisumu,27
2016-08-01,Kisumu,38
2016-08-02,Kisumu,26
2016-08-03,Kisumu,32
2016-08-04,Kisumu,11
2016-08-05,Kisumu,24
2016-08-06,Kisumu,20
2016-08-07,Kisumu,42
2016-08-08,Kisumu,28
2016-08-09,Kisumu,28
2016-08-10,Kisumu,23
2016-08-11,Kisumu,11
2016-08-12,Kisumu,39
2016-08-13,Kisumu,31
2016-08-14,Kisumu,20
2016-08-15,Kisumu,28
2016-08-16,Kisumu,32
2016-08-17,Kisumu,17
2016-08-18,Kisumu,6
2016-08-19,Kisumu,32
2016-08-20,Kisumu,10
2016-08-21,Kisumu,44
2016-08-22,Kisumu,43
2016-08-23,Kisumu,41
2016-08-24,Kisumu,38
2016-08-25,Kisumu,10
2016-08-26,Kisumu,30
2016-08-27,Kisumu,15
2016-08-28,Kisumu,39
2016-08-29,Kisumu,22
2016-08-30,Kisumu,22
2016-08-31,Kisumu,29
2016-09-01,Kisumu,26
2016-09-02,Kisumu,23
2016-09-03,Kisumu,31
2016-09-04,Kisumu,25
2016-09-05,Kisumu,19
2016-09-06,Kisumu,44
2016-09-07,Kisumu,42
2016-09-08,Kisumu,23
2016-09-09,Kisumu,45
2016-09-10,Kisumu,22
2016-09-11,Kisumu,47
2016-09-12,Kisumu,21
2016-09-13,Kisumu,32
2016-09-14,Kisumu,19
2016-09-15,Kisumu,49
2016-09-16,Kisumu,23
2016-09-17,Kisumu,38
2016-09-18,Kisumu,29
2016-09-19,Kisumu,34
2016-09-20,Kisumu,28
2016-09-21,Kisumu,29
2016-09-22,Kisumu,31
2016-09-23,Kisumu,22
2016-09-24,Kisumu,20
2016-09-25,Kisumu,33
2016-09-26,Kisumu,51
2016-09-27,Kisumu,38
2016-09-28,Kisumu,32
2016-09-29,Kisumu,15
2016-09-30,Kisumu,24
2016-10-01,Kisumu,35
2015-01-01,Homa Bay,17
2015-01-02,Homa Bay,34
2015-01-03,Homa Bay,28
2015-01-04,Homa Bay,9
2015-01-05,Homa Bay,48
2015-01-06,Homa Bay,24
2015-01-07,Homa Bay,20
2015-01-08,Homa Bay,18
2015-01-09,Homa Bay,31
2015-01-10,Homa Bay,29
2015-01-11,Homa Bay,18
2015-01-12,Homa Bay,29
2015-01-13,Homa Bay,30
2015-01-14,Homa Bay,24
2015-01-15,Homa Bay,31
2015-01-16,Homa Bay,19
2015-01-17,Homa Bay,37
2015-01-18,Homa Bay,14
2015-01-19,Homa Bay,25
2015-01-20,Homa Bay,5
2015-01-21,Homa Bay,19
2015-01-22,Homa Bay,19
2015-01-23,Homa Bay,12
2015-01-24,Homa Bay,34
2015-01-25,Homa Bay,18
2015-01-26,Homa Bay,35
2015-01-27,Homa Bay,25
2015-01-28,Homa Bay,24
2015-01-29,Homa Bay,31
2015-01-30,Homa Bay,31
2015-01-31,Homa Bay,14
2015-02-01,Homa Bay,33
2015-02-02,Homa Bay,26
2015-02-03,Homa Bay,41
2015-02-04,Homa Bay,26
2015-02-05,Homa Bay,20
2015-02-06,Homa Bay,26
2015-02-07,Homa Bay,26
2015-02-08,Homa Bay,15
2015-02-09,Homa Bay,21
2015-02-10,Homa Bay,36
2015-02-11,Homa Bay,41
2015-02-12,Homa Bay,5
2015-02-13,Homa Bay,22
2015-02-14,Homa Bay,51
2015-02-15,Homa Bay,23
2015-02-16,Homa Bay,18
2015-02-17,Homa Bay,27
2015-02-18,Homa Bay,23
2015-02-19,Homa Bay,42
2015-02-20,Homa Bay,31
2015-02-21,Homa Bay,33
2015-02-22,Homa Bay,34
2015-02-23,Homa Bay,18
2015-02-24,Homa Bay,19
2015-02-25,Homa Bay,19
2015-02-26,Homa Bay,20
2015-02-27,Homa Bay,6
2015-02-28,Homa Bay,25
2015-03-01,Homa Bay,24
2015-03-02,Homa Bay,44
2015-03-03,Homa Bay,36
2015-03-04,Homa Bay,24
2015-03-05,Homa Bay,27
2015-03-06,Homa Bay,31
2015-03-07,Homa Bay,21
2015-03-08,Homa Bay,33
2015-03-09,Homa Bay,28
2015-03-10,Homa Bay,21
2015-03-11,Homa Bay,7
2015-03-12,Homa Bay,33
2015-03-13,Homa Bay,12
2015-03-14,Homa Bay,24
2015-03-15,Homa Bay,15
2015-03-16,Homa Bay,19
2015-03-17,Homa Bay,30
2015-03-18,Homa Bay,33
2015-03-19,Homa Bay,31
2015-03-20,Homa Bay,2
2015-03-21,Homa Bay,37
2015-03-22,Homa Bay,20
2015-03-23,Homa Bay,39
2015-03-24,Homa Bay,14
2015-03-25,Homa Bay,43
2015-03-26,Homa Bay,45
2015-03-27,Homa Bay,31
2015-03-28,Homa Bay,37
2015-03-29,Homa Bay,32
2015-03-30,Homa Bay,44
2015-03-31,Homa Bay,28
2015-04-01,Homa Bay,45
2015-04-02,Homa Bay,38
2015-04-03,Homa Bay,39
2015-04-04,Homa Bay,33
2015-04-05,Homa Bay,26
2015-04-06,Homa Bay,36
2015-04-07,Homa Bay,28
2015-04-08,Homa Bay,30
2015-04-09,Homa Bay,29
2015-04-10,Homa Bay,50
2015-04-11,Homa Bay,24
2015-04-12,Homa Bay,45
2015-04-13,Homa Bay,30
2015-04-14,Homa Bay,33
2015-04-15,Homa Bay,23
2015-04-16,Homa Bay,34
2015-04-17,Homa Bay,37
2015-04-18,Homa Bay,42
2015-04-19,Homa Bay,28
2015-04-20,Homa Bay,24
2015-04-21,Homa Bay,23
2015-04-22,Homa Bay,36
2015-04-23,Homa Bay,40
2015-04-24,Homa Bay,44
2015-04-25,Homa Bay,17
2015-04-26,Homa Bay,13
2015-04-27,Homa Bay,20
2015-04-28,Homa Bay,17
2015-04-29,Homa Bay,44
2015-04-30,Homa Bay,30
2015-05-01,Homa Bay,39
2015-05-02,Homa Bay,31
2015-05-03,Homa Bay,32
2015-05-04,Homa Bay,39
2015-05-05,Homa Bay,24
2015-05-06,Homa Bay,32
2015-05-07,Homa Bay,42
2015-05-08,Homa Bay,26
2015-05-09,Homa Bay,30
2015-05-10,Homa Bay,40
2015-05-11,Homa Bay,28
2015-05-12,Homa Bay,40
2015-05-13,Homa Bay,37
2015-05-14,Homa Bay,45
2015-05-15,Homa Bay,43
2015-05-16,Homa Bay,19
2015-05-17,Homa Bay,19
2015-05-18,Homa Bay,38
2015-05-19,Homa Bay,21
2015-05-20,Homa Bay,46
2015-05-21,Homa Bay,26
2015-05-22,Homa Bay,50
2015-05-23,Homa Bay,47
2015-05-24,Homa Bay,30
2015-05-25,Homa Bay,17
2015-05-26,Homa Bay,21
2015-05-27,Homa Bay,34
2015-05-28,Homa Bay,31
2015-05-29,Homa Bay,33
2015-05-30,Homa Bay,34
2015-05-31,Homa Bay,41
2015-06-01,Homa Bay,36
2015-06-02,Homa Bay,36
2015-06-03,Homa Bay,54
2015-06-04,Homa Bay,22
2015-06-05,Homa Bay,32
2015-06-06,Homa Bay,30
2015-06-07,Homa Bay,29
2015-06-08,Homa Bay,12
2015-06-09,Homa Bay,22
2015-06-10,Homa Bay,32
2015-06-11,Homa Bay,24
2015-06-12,Homa Bay,29
2015-06-13,Homa Bay,27
2015-06-14,Homa Bay,9
2015-06-15,Homa Bay,38
2015-06-16,Homa Bay,20
2015-06-17,Homa Bay,23
2015-06-18,Homa Bay,0
2015-06-19,Homa Bay,22
2015-06-20,Homa Bay,20
2015-06-21,Homa Bay,18
2015-06-22,Homa Bay,21
2015-06-23,Homa Bay,41
2015-06-24,Homa Bay,14
2015-06-25,Homa Bay,32
2015-06-26,Homa Bay,26
2015-06-27,Homa Bay,29
2015-06-28,Homa Bay,12
2015-06-29,Homa Bay,36
2015-06-30,Homa Bay,33
2015-07-01,Homa Bay,40
2015-07-02,Homa Bay,5
2015-07-03,Homa Bay,10
2015-07-04,Homa Bay,22
2015-07-05,Homa Bay,47
2015-07-06,Homa Bay,0
2015-07-07,Homa Bay,28
2015-07-08,Homa Bay,24
2015-07-09,Homa Bay,22
2015-07-10,Homa Bay,15
2015-07-11,Homa Bay,1
2015-07-12,Homa Bay,29
2015-07-13,Homa Bay,25
2015-07-14,Homa Bay,31
2015-07-15,Homa Bay,27
2015-07-16,Homa Bay,21
2015-07-17,Homa Bay,21
2015-07-18,Homa Bay,31
2015-07-19,Homa Bay,26
2015-07-20,Homa Bay,21
2015-07-21,Homa Bay,38
2015-07-22,Homa Bay,21
2015-07-23,Homa Bay,16
2015-07-24,Homa Bay,10
2015-07-25,Homa Bay,45
2015-07-26,Homa Bay,15
2015-07-27,Homa Bay,32
2015-07-28,Homa Bay,49
2015-07-29,Homa Bay,31
2015-07-30,Homa Bay,58
2015-07-31,Homa Bay,31
2015-08-01,Homa Bay,40
2015-08-02,Homa Bay,25
2015-08-03,Homa Bay,14
2015-08-04,Homa Bay,14
2015-08-05,Homa Bay,32
2015-08-06,Homa Bay,30
2015-08-07,Homa Bay,19
2015-08-08,Homa Bay,31
2015-08-09,Homa Bay,20
2015-08-10,Homa Bay,36
2015-08-11,Homa Bay,21
2015-08-12,Homa Bay,22
2015-08-13,Homa Bay,13
2015-08-14,Homa Bay,23
2015-08-15,Homa Bay,19
2015-08-16,Homa Bay,12
2015-08-17,Homa Bay,20
2015-08-18,Homa Bay,13
2015-08-19,Homa Bay,17
2015-08-20,Homa Bay,19
2015-08-21,Homa Bay,37
2015-08-22,Homa Bay,42
2015-08-23,Homa Bay,24
2015-08-24,Homa Bay,32
2015-08-25,Homa Bay,23
2015-08-26,Homa Bay,29
2015-08-27,Homa Bay,29
2015-08-28,Homa Bay,27
2015-08-29,Homa Bay,34
2015-08-30,Homa Bay,25
2015-08-31,Homa Bay,48
2015-09-01,Homa Bay,22
2015-09-02,Homa Bay,16
2015-09-03,Homa Bay,18
2015-09-04,Homa Bay,22
2015-09-05,Homa Bay,26
2015-09-06,Homa Bay,25
2015-09-07,Homa Bay,36
2015-09-08,Homa Bay,13
2015-09-09,Homa Bay,10
2015-09-10,Homa Bay,16
2015-09-11,Homa Bay,14
2015-09-12,Homa Bay,31
2015-09-13,Homa Bay,28
2015-09-14,Homa Bay,34
2015-09-15,Homa Bay,17
2015-09-16,Homa Bay,20
2015-09-17,Homa Bay,28
2015-09-18,Homa Bay,27
2015-09-19,Homa Bay,47
2015-09-20,Homa Bay,35
2015-09-21,Homa Bay,29
2015-09-22,Homa Bay,20
2015-09-23,Homa Bay,19
2015-09-24,Homa Bay,16
2015-09-25,Homa Bay,25
2015-09-26,Homa Bay,37
2015-09-27,Homa Bay,14
2015-09-28,Homa Bay,28
2015-09-29,Homa Bay,43
2015-09-30,Homa Bay,21
2015-10-01,Homa Bay,20
2015-10-02,Homa Bay,26
2015-10-03,Homa Bay,18
2015-10-04,Homa Bay,52
2015-10-05,Homa Bay,23
2015-10-06,Homa Bay,26
2015-10-07,Homa Bay,43
2015-10-08,Homa Bay,20
2015-10-09,Homa Bay,34
2015-10-10,Homa Bay,33
2015-10-11,Homa Bay,43
2015-10-12,Homa Bay,34
2015-10-13,Homa Bay,39
2015-10-14,Homa Bay,43
2015-10-15,Homa Bay,30
2015-10-16,Homa Bay,37
2015-10-17,Homa Bay,21
2015-10-18,Homa Bay,18
2015-10-19,Homa Bay,22
2015-10-20,Homa Bay,35
2015-10-21,Homa Bay,25
2015-10-22,Homa Bay,42
2015-10-23,Homa Bay,42
2015-10-24,Homa Bay,6
2015-10-25,Homa Bay,34
2015-10-26,Homa Bay,11
2015-10-27,Homa Bay,33
2015-10-28,Homa Bay,20
2015-10-29,Homa Bay,21
2015-10-30,Homa Bay,20
2015-10-31,Homa Bay,25
2015-11-01,Homa Bay,33
2015-11-02,Homa Bay,23
2015-11-03,Homa Bay,38
2015-11-04,Homa Bay,17
2015-11-05,Homa Bay,35
2015-11-06,Homa Bay,32
2015-11-07,Homa Bay,29
2015-11-08,Homa Bay,29
2015-11-09,Homa Bay,28
2015-11-10,Homa Bay,16
2015-11-11,Homa Bay,27
2015-11-12,Homa Bay,32
2015-11-13,Homa Bay,36
2015-11-14,Homa Bay,19
2015-11-15,Homa Bay,21
2015-11-16,Homa Bay,43
2015-11-17,Homa Bay,38
2015-11-18,Homa Bay,37
2015-11-19,Homa Bay,19
2015-11-20,Homa Bay,37
2015-11-21,Homa Bay,27
2015-11-22,Homa Bay,15
2015-11-23,Homa Bay,28
2015-11-24,Homa Bay,25
2015-11-25,Homa Bay,30
2015-11-26,Homa Bay,31
2015-11-27,Homa Bay,24
2015-11-28,Homa Bay,34
2015-11-29,Homa Bay,28
2015-11-30,Homa Bay,18
2015-12-01,Homa Bay,28
2015-12-02,Homa Bay,42
2015-12-03,Homa Bay,38
2015-12-04,Homa Bay,20
2015-12-05,Homa Bay,22
2015-12-06,Homa Bay,43
2015-12-07,Homa Bay,35
2015-12-08,Homa Bay,11
2015-12-09,Homa Bay,20
2015-12-10,Homa Bay,21
2015-12-11,Homa Bay,20
2015-12-12,Homa Bay,20
2015-12-13,Homa Bay,24
2015-12-14,Homa Bay,30
2015-12-15,Homa Bay,14
2015-12-16,Homa Bay,18
2015-12-17,Homa Bay,25
2015-12-18,Homa Bay,30
2015-12-19,Homa Bay,24
2015-12-20,Homa Bay,22
2015-12-21,Homa Bay,33
2015-12-22,Homa Bay,20
2015-12-23,Homa Bay,30
2015-12-24,Homa Bay,47
2015-12-25,Homa Bay,32
2015-12-26,Homa Bay,41
2015-12-27,Homa Bay,41
2015-12-28,Homa Bay,43
2015-12-29,Homa Bay,22
2015-12-30,Homa Bay,27
2015-12-31,Homa Bay,16
2016-01-01,Homa Bay,27
2016-01-02,Homa Bay,30
2016-01-03,Homa Bay,33
2016-01-04,Homa Bay,28
2016-01-05,Homa Bay,22
2016-01-06,Homa Bay,37
2016-01-07,Homa Bay,16
2016-01-08,Homa Bay,0
2016-01-09,Homa Bay,12
2016-01-10,Homa Bay,8
2016-01-11,Homa Bay,0
2016-01-12,Homa Bay,32
2016-01-13,Homa Bay,7
2016-01-14,Homa Bay,15
2016-01-15,Homa Bay,40
2016-01-16,Homa Bay,33
2016-01-17,Homa Bay,28
2016-01-18,Homa Bay,27
2016-01-19,Homa Bay,24
2016-01-20,Homa Bay,35
2016-01-21,Homa Bay,30
2016-01-22,Homa Bay,13
2016-01-23,Homa Bay,18
2016-01-24,Homa Bay,41
2016-01-25,Homa Bay,21
2016-01-26,Homa Bay,2
2016-01-27,Homa Bay,37
2016-01-28,Homa Bay,21
2016-01-29,Homa Bay,26
2016-01-30,Homa Bay,37
2016-01-31,Homa Bay,39
2016-02-01,Homa Bay,19
2016-02-02,Homa Bay,23
2016-02-03,Homa Bay,31
2016-02-04,Homa Bay,39
2016-02-05,Homa Bay,36
2016-02-06,Homa Bay,26
2016-02-07,Homa Bay,14
2016-02-08,Homa Bay,34
2016-02-09,Homa Bay,37
2016-02-10,Homa Bay,38
2016-02-11,Homa Bay,20
2016-02-12,Homa Bay,36
2016-02-13,Homa Bay,19
2016-02-14,Homa Bay,34
2016-02-15,Homa Bay,29
2016-02-16,Homa Bay,30
2016-02-17,Homa Bay,20
2016-02-18,Homa Bay,38
2016-02-19,Homa Bay,25
2016-02-20,Homa Bay,44
2016-02-21,Homa Bay,29
2016-02-22,Homa Bay,17
2016-02-23,Homa Bay,48
2016-02-24,Homa Bay,27
2016-02-25,Homa Bay,10
2016-02-26,Homa Bay,24
2016-02-27,Homa Bay,35
2016-02-28,Homa Bay,26
2016-02-29,Homa Bay,27
2016-03-01,Homa Bay,28
2016-03-02,Homa Bay,37
2016-03-03,Homa Bay,25
2016-03-04,Homa Bay,59
2016-03-05,Homa Bay,31
2016-03-06,Homa Bay,22
2016-03-07,Homa Bay,19
2016-03-08,Homa Bay,26
2016-03-09,Homa Bay,36
2016-03-10,Homa Bay,25
2016-03-11,Homa Bay,30
2016-03-12,Homa Bay,46
2016-03-13,Homa Bay,36
2016-03-14,Homa Bay,31
2016-03-15,Homa Bay,15
2016-03-16,Homa Bay,32
2016-03-17,Homa Bay,43
2016-03-18,Homa Bay,32
2016-03-19,Homa Bay,22
2016-03-20,Homa Bay,43
2016-03-21,Homa Bay,27
2016-03-22,Homa Bay,38
2016-03-23,Homa Bay,26
2016-03-24,Homa Bay,25
2016-03-25,Homa Bay,19
2016-03-26,Homa Bay,35
2016-03-27,Homa Bay,0
2016-03-28,Homa Bay,25
2016-03-29,Homa Bay,26
2016-03-30,Homa Bay,36
2016-03-31,Homa Bay,31
2016-04-01,Homa Bay,36
2016-04-02,Homa Bay,20
2016-04-03,Homa Bay,29
2016-04-04,Homa Bay,40
2016-04-05,Homa Bay,15
2016-04-06,Homa Bay,20
2016-04-07,Homa Bay,38
2016-04-08,Homa Bay,42
2016-04-09,Homa Bay,26
2016-04-10,Homa Bay,20
2016-04-11,Homa Bay,33
2016-04-12,Homa Bay,20
2016-04-13,Homa Bay,34
2016-04-14,Homa Bay,21
2016-04-15,Homa Bay,14
2016-04-16,Homa Bay,41
2016-04-17,Homa Bay,44
2016-04-18,Homa Bay,20
2016-04-19,Homa Bay,31
2016-04-20,Homa Bay,41
2016-04-21,Homa Bay,28
2016-04-22,Homa Bay,41
2016-04-23,Homa Bay,41
2016-04-24,Homa Bay,33
2016-04-25,Homa Bay,21
2016-04-26,Homa Bay,40
2016-04-27,Homa Bay,34
2016-04-28,Homa Bay,42
2016-04-29,Homa Bay,29
2016-04-30,Homa Bay,31
2016-05-01,Homa Bay,19
2016-05-02,Homa Bay,12
2016-05-03,Homa Bay,18
2016-05-04,Homa Bay,55
2016-05-05,Homa Bay,36
2016-05-06,Homa Bay,50
2016-05-07,Homa Bay,28
2016-05-08,Homa Bay,47
2016-05-09,Homa Bay,26
2016-05-10,Homa Bay,29
2016-05-11,Homa Bay,31
2016-05-12,Homa Bay,34
2016-05-13,Homa Bay,39
2016-05-14,Homa Bay,42
2016-05-15,Homa Bay,14
2016-05-16,Homa Bay,23
2016-05-17,Homa Bay,11
2016-05-18,Homa Bay,26
2016-05-19,Homa Bay,39
2016-05-20,Homa Bay,30
2016-05-21,Homa Bay,44
2016-05-22,Homa Bay,46
2016-05-23,Homa Bay,16
2016-05-24,Homa Bay,14
2016-05-25,Homa Bay,40
2016-05-26,Homa Bay,47
2016-05-27,Homa Bay,31
2016-05-28,Homa Bay,13
2016-05-29,Homa Bay,38
2016-05-30,Homa Bay,42
2016-05-31,Homa Bay,17
2016-06-01,Homa Bay,18
2016-06-02,Homa Bay,19
2016-06-03,Homa Bay,18
2016-06-04,Homa Bay,24
2016-06-05,Homa Bay,30
2016-06-06,Homa Bay,30
2016-06-07,Homa Bay,14
2016-06-08,Homa Bay,24
2016-06-09,Homa Bay,17
2016-06-10,Homa Bay,23
2016-06-11,Homa Bay,13
2016-06-12,Homa Bay,1
2016-06-13,Homa Bay,10
2016-06-14,Homa Bay,21
2016-06-15,Homa Bay,30
2016-06-16,Homa Bay,33
2016-06-17,Homa Bay,1
2016-06-18,Homa Bay,28
2016-06-19,Homa Bay,38
2016-06-20,Homa Bay,23
2016-06-21,Homa Bay,62
2016-06-22,Homa Bay,6
2016-06-23,Homa Bay,32
2016-06-24,Homa Bay,28
2016-06-25,Homa Bay,17
2016-06-26,Homa Bay,15
2016-06-27,Homa Bay,25
2016-06-28,Homa Bay,16
2016-06-29,Homa Bay,18
2016-06-30,Homa Bay,42
2016-07-01,Homa Bay,31
2016-07-02,Homa Bay,32
2016-07-03,Homa Bay,37
2016-07-04,Homa Bay,34
2016-07-05,Homa Bay,46
2016-07-06,Homa Bay,29
2016-07-07,Homa Bay,8
2016-07-08,Homa Bay,22
2016-07-09,Homa Bay,30
2016-07-10,Homa Bay,33
2016-07-11,Homa Bay,43
2016-07-12,Homa Bay,24
2016-07-13,Homa Bay,35
2016-07-14,Homa Bay,43
2016-07-15,Homa Bay,37
2016-07-16,Homa Bay,24
2016-07-17,Homa Bay,28
2016-07-18,Homa Bay,32
2016-07-19,Homa Bay,17
2016-07-20,Homa Bay,36
2016-07-21,Homa Bay,22
2016-07-22,Homa Bay,25
2016-07-23,Homa Bay,18
2016-07-24,Homa Bay,33
2016-07-25,Homa Bay,19
2016-07-26,Homa Bay,32
2016-07-27,Homa Bay,39
2016-07-28,Homa Bay,28
2016-07-29,Homa Bay,47
2016-07-30,Homa Bay,43
2016-07-31,Homa Bay,39
2016-08-01,Homa Bay,37
2016-08-02,Homa Bay,36
2016-08-03,Homa Bay,35
2016-08-04,Homa Bay,17
2016-08-05,Homa Bay,29
2016-08-06,Homa Bay,34
2016-08-07,Homa Bay,29
2016-08-08,Homa Bay,17
2016-08-09,Homa Bay,55
2016-08-10,Homa Bay,26
2016-08-11,Homa Bay,16
2016-08-12,Homa Bay,42
2016-08-13,Homa Bay,37
2016-08-14,Homa Bay,26
2016-08-15,Homa Bay,23
2016-08-16,Homa Bay,10
2016-08-17,Homa Bay,13
2016-08-18,Homa Bay,30
2016-08-19,Homa Bay,27
2016-08-20,Homa Bay,40
2016-08-21,Homa Bay,34
2016-08-22,Homa Bay,25
2016-08-23,Homa Bay,15
2016-08-24,Homa Bay,20
2016-08-25,Homa Bay,24
2016-08-26,Homa Bay,24
2016-08-27,Homa Bay,13
2016-08-28,Homa Bay,26
2016-08-29,Homa Bay,6
2016-08-30,Homa Bay,8
2016-08-31,Homa Bay,42
2016-09-01,Homa Bay,16
2016-09-02,Homa Bay,26
2016-09-03,Homa Bay,32
2016-09-04,Homa Bay,24
2016-09-05,Homa Bay,38
2016-09-06,Homa Bay,16
2016-09-07,Homa Bay,31
2016-09-08,Homa Bay,37
2016-09-09,Homa Bay,31
2016-09-10,Homa Bay,31
2016-09-11,Homa Bay,20
2016-09-12,Homa Bay,27
2016-09-13,Homa Bay,38
2016-09-14,Homa Bay,0
2016-09-15,Homa Bay,31
2016-09-16,Homa Bay,23
2016-09-17,Homa Bay,20
2016-09-18,Homa Bay,10
2016-09-19,Homa Bay,27
2016-09-20,Homa Bay,42
2016-09-21,Homa Bay,39
2016-09-22,Homa Bay,34
2016-09-23,Homa Bay,22
2016-09-24,Homa Bay,27
2016-09-25,Homa Bay,34
2016-09-26,Homa Bay,25
2016-09-27,Homa Bay,31
2016-09-28,Homa Bay,23
2016-09-29,Homa Bay,25
2016-09-30,Homa Bay,31
2016-10-01,Homa Bay,23
2015-01-01,Migori,30
2015-01-02,Migori,23
2015-01-03,Migori,29
2015-01-04,Migori,30
2015-01-05,Migori,19
2015-01-06,Migori,27
2015-01-07,Migori,20
2015-01-08,Migori,33
2015-01-09,Migori,0
2015-01-10,Migori,35
2015-01-11,Migori,25
2015-01-12,Migori,13
2015-01-13,Migori,47
2015-01-14,Migori,11
2015-01-15,Migori,23
2015-01-16,Migori,29
2015-01-17,Migori,21
2015-01-18,Migori,14
2015-01-19,Migori,24
2015-01-20,Migori,24
2015-01-21,Migori,19
2015-01-22,Migori,34
2015-01-23,Migori,13
2015-01-24,Migori,40
2015-01-25,Migori,35
2015-01-26,Migori,18
2015-01-27,Migori,15
2015-01-28,Migori,0
2015-01-29,Migori,30
2015-01-30,Migori,41
2015-01-31,Migori,27
2015-02-01,Migori,30
2015-02-02,Migori,32
2015-02-03,Migori,31
2015-02-04,Migori,27
2015-02-05,Migori,35
2015-02-06,Migori,32
2015-02-07,Migori,1
2015-02-08,Migori,23
2015-02-09,Migori,13
2015-02-10,Migori,14
2015-02-11,Migori,4
2015-02-12,Migori,18
2015-02-13,Migori,26
2015-02-14,Migori,24
2015-02-15,Migori,32
2015-02-16,Migori,31
2015-02-17,Migori,38
2015-02-18,Migori,18
2015-02-19,Migori,12
2015-02-20,Migori,24
2015-02-21,Migori,14
2015-02-22,Migori,29
2015-02-23,Migori,36
2015-02-24,Migori,36
2015-02-25,Migori,23
2015-02-26,Migori,28
2015-02-27,Migori,21
2015-02-28,Migori,30
2015-03-01,Migori,27
2015-03-02,Migori,16
2015-03-03,Migori,34
2015-03-04,Migori,35
2015-03-05,Migori,19
2015-03-06,Migori,35
2015-03-07,Migori,42
2015-03-08,Migori,41
2015-03-09,Migori,46
2015-03-10,Migori,47
2015-03-11,Migori,48
2015-03-12,Migori,44
2015-03-13,Migori,24
2015-03-14,Migori,48
2015-03-15,Migori,32
2015-03-16,Migori,23
2015-03-17,Migori,34
2015-03-18,Migori,29
2015-03-19,Migori,30
2015-03-20,Migori,44
2015-03-21,Migori,31
2015-03-22,Migori,38
2015-03-23,Migori,44
2015-03-24,Migori,21
2015-03-25,Migori,2
2015-03-26,Migori,36
2015-03-27,Migori,36
2015-03-28,Migori,32
2015-03-29,Migori,38
2015-03-30,Migori,11
2015-03-31,Migori,28
2015-04-01,Migori,29
2015-04-02,Migori,36
2015-04-03,Migori,49
2015-04-04,Migori,37
2015-04-05,Migori,30
2015-04-06,Migori,40
2015-04-07,Migori,25
2015-04-08,Migori,33
2015-04-09,Migori,32
2015-04-10,Migori,19
2015-04-11,Migori,26
2015-04-12,Migori,35
2015-04-13,Migori,42
2015-04-14,Migori,32
2015-04-15,Migori,30
2015-04-16,Migori,37
2015-04-17,Migori,45
2015-04-18,Migori,43
2015-04-19,Migori,29
2015-04-20,Migori,16
2015-04-21,Migori,25
2015-04-22,Migori,41
2015-04-23,Migori,25
2015-04-24,Migori,24
2015-04-25,Migori,21
2015-04-26,Migori,22
2015-04-27,Migori,34
2015-04-28,Migori,16
2015-04-29,Migori,36
2015-04-30,Migori,36
2015-05-01,Migori,23
2015-05-02,Migori,26
2015-05-03,Migori,23
2015-05-04,Migori,33
2015-05-05,Migori,32
2015-05-06,Migori,19
2015-05-07,Migori,22
2015-05-08,Migori,40
2015-05-09,Migori,23
2015-05-10,Migori,29
2015-05-11,Migori,32
2015-05-12,Migori,28
2015-05-13,Migori,31
2015-05-14,Migori,36
2015-05-15,Migori,28
2015-05-16,Migori,25
2015-05-17,Migori,36
2015-05-18,Migori,41
2015-05-19,Migori,29
2015-05-20,Migori,22
2015-05-21,Migori,21
2015-05-22,Migori,40
2015-05-23,Migori,22
2015-05-24,Migori,15
2015-05-25,Migori,8
2015-05-26,Migori,27
2015-05-27,Migori,27
2015-05-28,Migori,25
2015-05-29,Migori,39
2015-05-30,Migori,33
2015-05-31,Migori,42
2015-06-01,Migori,36
2015-06-02,Migori,23
2015-06-03,Migori,23
2015-06-04,Migori,35
2015-06-05,Migori,14
2015-06-06,Migori,9
2015-06-07,Migori,32
2015-06-08,Migori,18
2015-06-09,Migori,26
2015-06-10,Migori,8
2015-06-11,Migori,14
2015-06-12,Migori,40
2015-06-13,Migori,26
2015-06-14,Migori,15
2015-06-15,Migori,29
2015-06-16,Migori,22
2015-06-17,Migori,20
2015-06-18,Migori,36
2015-06-19,Migori,32
2015-06-20,Migori,29
2015-06-21,Migori,36
2015-06-22,Migori,27
2015-06-23,Migori,41
2015-06-24,Migori,28
2015-06-25,Migori,38
2015-06-26,Migori,9
2015-06-27,Migori,17
2015-06-28,Migori,37
2015-06-29,Migori,29
2015-06-30,Migori,24
2015-07-01,Migori,35
2015-07-02,Migori,33
2015-07-03,Migori,46
2015-07-04,Migori,29
2015-07-05,Migori,18
2015-07-06,Migori,30
2015-07-07,Migori,27
2015-07-08,Migori,34
2015-07-09,Migori,23
2015-07-10,Migori,51
2015-07-11,Migori,47
2015-07-12,Migori,7
2015-07-13,Migori,40
2015-07-14,Migori,36
2015-07-15,Migori,23
2015-07-16,Migori,16
2015-07-17,Migori,32
2015-07-18,Migori,2
2015-07-19,Migori,56
2015-07-20,Migori,25
2015-07-21,Migori,35
2015-07-22,Migori,16
2015-07-23,Migori,42
2015-07-24,Migori,36
2015-07-25,Migori,32
2015-07-26,Migori,34
2015-07-27,Migori,44
2015-07-28,Migori,19
2015-07-29,Migori,10
2015-07-30,Migori,25
2015-07-31,Migori,23
2015-08-01,Migori,23
2015-08-02,Migori,34
2015-08-03,Migori,28
2015-08-04,Migori,43
2015-08-05,Migori,38
2015-08-06,Migori,20
2015-08-07,Migori,31
2015-08-08,Migori,21
2015-08-09,Migori,30
2015-08-10,Migori,18
2015-08-11,Migori,31
2015-08-12,Migori,28
2015-08-13,Migori,20
2015-08-14,Migori,20
2015-08-15,Migori,19
2015-08-16,Migori,12
2015-08-17,Migori,32
2015-08-18,Migori,36
2015-08-19,Migori,26
2015-08-20,Migori,26
2015-08-21,Migori,30
2015-08-22,Migori,43
2015-08-23,Migori,23
2015-08-24,Migori,25
2015-08-25,Migori,22
2015-08-26,Migori,22
2015-08-27,Migori,16
2015-08-28,Migori,40
2015-08-29,Migori,18
2015-08-30,Migori,23
2015-08-31,Migori,21
2015-09-01,Migori,48
2015-09-02,Migori,7
2015-09-03,Migori,12
2015-09-04,Migori,17
2015-09-05,Migori,15
2015-09-06,Migori,28
2015-09-07,Migori,32
2015-09-08,Migori,37
2015-09-09,Migori,28
2015-09-10,Migori,10
2015-09-11,Migori,30
2015-09-12,Migori,34
2015-09-13,Migori,31
2015-09-14,Migori,26
2015-09-15,Migori,25
2015-09-16,Migori,28
2015-09-17,Migori,42
2015-09-18,Migori,25
2015-09-19,Migori,16
2015-09-20,Migori,32
2015-09-21,Migori,22
2015-09-22,Migori,21
2015-09-23,Migori,30
2015-09-24,Migori,43
2015-09-25,Migori,25
2015-09-26,Migori,23
2015-09-27,Migori,28
2015-09-28,Migori,15
2015-09-29,Migori,31
2015-09-30,Migori,36
2015-10-01,Migori,23
2015-10-02,Migori,18
2015-10-03,Migori,31
2015-10-04,Migori,23
2015-10-05,Migori,32
2015-10-06,Migori,42
2015-10-07,Migori,26
2015-10-08,Migori,34
2015-10-09,Migori,35
2015-10-10,Migori,23
2015-10-11,Migori,30
2015-10-12,Migori,14
2015-10-13,Migori,33
2015-10-14,Migori,30
2015-10-15,Migori,26
2015-10-16,Migori,27
2015-10-17,Migori,40
2015-10-18,Migori,29
2015-10-19,Migori,27
2015-10-20,Migori,58
2015-10-21,Migori,25
2015-10-22,Migori,45
2015-10-23,Migori,15
2015-10-24,Migori,42
2015-10-25,Migori,41
2015-10-26,Migori,41
2015-10-27,Migori,29
2015-10-28,Migori,28
2015-10-29,Migori,25
2015-10-30,Migori,36
2015-10-31,Migori,17
2015-11-01,Migori,17
2015-11-02,Migori,18
2015-11-03,Migori,22
2015-11-04,Migori,36
2015-11-05,Migori,48
2015-11-06,Migori,23
2015-11-07,Migori,8
2015-11-08,Migori,17
2015-11-09,Migori,20
2015-11-10,Migori,34
2015-11-11,Migori,28
2015-11-12,Migori,46
2015-11-13,Migori,19
2015-11-14,Migori,27
2015-11-15,Migori,51
2015-11-16,Migori,33
2015-11-17,Migori,13
2015-11-18,Migori,30
2015-11-19,Migori,21
2015-11-20,Migori,43
2015-11-21,Migori,20
2015-11-22,Migori,14
2015-11-23,Migori,40
2015-11-24,Migori,21
2015-11-25,Migori,32
2015-11-26,Migori,39
2015-11-27,Migori,26
2015-11-28,Migori,35
2015-11-29,Migori,17
2015-11-30,Migori,20
2015-12-01,Migori,8
2015-12-02,Migori,40
2015-12-03,Migori,30
2015-12-04,Migori,23
2015-12-05,Migori,34
2015-12-06,Migori,31
2015-12-07,Migori,21
2015-12-08,Migori,37
2015-12-09,Migori,48
2015-12-10,Migori,24
2015-12-11,Migori,11
2015-12-12,Migori,34
2015-12-13,Migori,19
2015-12-14,Migori,23
2015-12-15,Migori,24
2015-12-16,Migori,54
2015-12-17,Migori,0
2015-12-18,Migori,10
2015-12-19,Migori,39
2015-12-20,Migori,7
2015-12-21,Migori,8
2015-12-22,Migori,20
2015-12-23,Migori,15
2015-12-24,Migori,25
2015-12-25,Migori,27
2015-12-26,Migori,15
2015-12-27,Migori,29
2015-12-28,Migori,0
2015-12-29,Migori,32
2015-12-30,Migori,42
2015-12-31,Migori,13
2016-01-01,Migori,38
2016-01-02,Migori,23
2016-01-03,Migori,21
2016-01-04,Migori,36
2016-01-05,Migori,28
2016-01-06,Migori,26
2016-01-07,Migori,18
2016-01-08,Migori,9
2016-01-09,Migori,8
2016-01-10,Migori,22
2016-01-11,Migori,24
2016-01-12,Migori,38
2016-01-13,Migori,34
2016-01-14,Migori,57
2016-01-15,Migori,27
2016-01-16,Migori,12
2016-01-17,Migori,18
2016-01-18,Migori,26
2016-01-19,Migori,9
2016-01-20,Migori,42
2016-01-21,Migori,37
2016-01-22,Migori,29
2016-01-23,Migori,26
2016-01-24,Migori,33
2016-01-25,Migori,41
2016-01-26,Migori,18
2016-01-27,Migori,34
2016-01-28,Migori,38
2016-01-29,Migori,27
2016-01-30,Migori,14
2016-01-31,Migori,33
2016-02-01,Migori,36
2016-02-02,Migori,26
2016-02-03,Migori,28
2016-02-04,Migori,25
2016-02-05,Migori,17
2016-02-06,Migori,13
2016-02-07,Migori,36
2016-02-08,Migori,23
2016-02-09,Migori,22
2016-02-10,Migori,0
2016-02-11,Migori,17
2016-02-12,Migori,37
2016-02-13,Migori,50
2016-02-14,Migori,21
2016-02-15,Migori,25
2016-02-16,Migori,24
2016-02-17,Migori,30
2016-02-18,Migori,10
2016-02-19,Migori,6
2016-02-20,Migori,24
2016-02-21,Migori,32
2016-02-22,Migori,25
2016-02-23,Migori,29
2016-02-24,Migori,26
2016-02-25,Migori,14
2016-02-26,Migori,19
2016-02-27,Migori,13
2016-02-28,Migori,47
2016-02-29,Migori,43
2016-03-01,Migori,40
2016-03-02,Migori,36
2016-03-03,Migori,36
2016-03-04,Migori,32
2016-03-05,Migori,22
2016-03-06,Migori,34
2016-03-07,Migori,53
2016-03-08,Migori,36
2016-03-09,Migori,32
2016-03-10,Migori,34
2016-03-11,Migori,51
2016-03-12,Migori,28
2016-03-13,Migori,55
2016-03-14,Migori,26
2016-03-15,Migori,45
2016-03-16,Migori,38
2016-03-17,Migori,15
2016-03-18,Migori,20
2016-03-19,Migori,43
2016-03-20,Migori,41
2016-03-21,Migori,46
2016-03-22,Migori,56
2016-03-23,Migori,32
2016-03-24,Migori,26
2016-03-25,Migori,30
2016-03-26,Migori,17
2016-03-27,Migori,26
2016-03-28,Migori,7
2016-03-29,Migori,18
2016-03-30,Migori,47
2016-03-31,Migori,35
2016-04-01,Migori,36
2016-04-02,Migori,26
2016-04-03,Migori,20
2016-04-04,Migori,19
2016-04-05,Migori,28
2016-04-06,Migori,38
2016-04-07,Migori,32
2016-04-08,Migori,25
2016-04-09,Migori,24
2016-04-10,Migori,18
2016-04-11,Migori,35
2016-04-12,Migori,39
2016-04-13,Migori,19
2016-04-14,Migori,29
2016-04-15,Migori,24
2016-04-16,Migori,42
2016-04-17,Migori,20
2016-04-18,Migori,16
2016-04-19,Migori,28
2016-04-20,Migori,39
2016-04-21,Migori,38
2016-04-22,Migori,35
2016-04-23,Migori,34
2016-04-24,Migori,34
2016-04-25,Migori,20
2016-04-26,Migori,30
2016-04-27,Migori,20
2016-04-28,Migori,25
2016-04-29,Migori,35
2016-04-30,Migori,59
2016-05-01,Migori,20
2016-05-02,Migori,25
2016-05-03,Migori,48
2016-05-04,Migori,21
2016-05-05,Migori,45
2016-05-06,Migori,41
2016-05-07,Migori,34
2016-05-08,Migori,22
2016-05-09,Migori,12
2016-05-10,Migori,53
2016-05-11,Migori,36
2016-05-12,Migori,48
2016-05-13,Migori,36
2016-05-14,Migori,26
2016-05-15,Migori,29
2016-05-16,Migori,44
2016-05-17,Migori,44
2016-05-18,Migori,37
2016-05-19,Migori,19
2016-05-20,Migori,24
2016-05-21,Migori,38
2016-05-22,Migori,33
2016-05-23,Migori,33
2016-05-24,Migori,48
2016-05-25,Migori,26
2016-05-26,Migori,40
2016-05-27,Migori,21
2016-05-28,Migori,30
2016-05-29,Migori,15
2016-05-30,Migori,8
2016-05-31,Migori,39
2016-06-01,Migori,30
2016-06-02,Migori,34
2016-06-03,Migori,17
2016-06-04,Migori,8
2016-06-05,Migori,15
2016-06-06,Migori,0
2016-06-07,Migori,1
2016-06-08,Migori,23
2016-06-09,Migori,32
2016-06-10,Migori,33
2016-06-11,Migori,42
2016-06-12,Migori,28
2016-06-13,Migori,24
2016-06-14,Migori,16
2016-06-15,Migori,29
2016-06-16,Migori,27
2016-06-17,Migori,24
2016-06-18,Migori,39
2016-06-19,Migori,38
2016-06-20,Migori,41
2016-06-21,Migori,30
2016-06-22,Migori,1
2016-06-23,Migori,23
2016-06-24,Migori,24
2016-06-25,Migori,24
2016-06-26,Migori,35
2016-06-27,Migori,37
2016-06-28,Migori,23
2016-06-29,Migori,20
2016-06-30,Migori,32
2016-07-01,Migori,18
2016-07-02,Migori,28
2016-07-03,Migori,26
2016-07-04,Migori,33
2016-07-05,Migori,30
2016-07-06,Migori,19
2016-07-07,Migori,37
2016-07-08,Migori,22
2016-07-09,Migori,31
2016-07-10,Migori,21
2016-07-11,Migori,24
2016-07-12,Migori,21
2016-07-13,Migori,10
2016-07-14,Migori,31
2016-07-15,Migori,19
2016-07-16,Migori,22
2016-07-17,Migori,36
2016-07-18,Migori,42
2016-07-19,Migori,41
2016-07-20,Migori,20
2016-07-21,Migori,32
2016-07-22,Migori,32
2016-07-23,Migori,9
2016-07-24,Migori,21
2016-07-25,Migori,4
2016-07-26,Migori,35
2016-07-27,Migori,5
2016-07-28,Migori,0
2016-07-29,Migori,39
2016-07-30,Migori,19
2016-07-31,Migori,30
2016-08-01,Migori,35
2016-08-02,Migori,17
2016-08-03,Migori,32
2016-08-04,Migori,23
2016-08-05,Migori,18
2016-08-06,Migori,28
2016-08-07,Migori,26
2016-08-08,Migori,52
2016-08-09,Migori,27
2016-08-10,Migori,21
2016-08-11,Migori,42
2016-08-12,Migori,29
2016-08-13,Migori,32
2016-08-14,Migori,43
2016-08-15,Migori,27
2016-08-16,Migori,39
2016-08-17,Migori,30
2016-08-18,Migori,26
2016-08-19,Migori,47
2016-08-20,Migori,36
2016-08-21,Migori,20
2016-08-22,Migori,11
2016-08-23,Migori,20
2016-08-24,Migori,29
2016-08-25,Migori,30
2016-08-26,Migori,32
2016-08-27,Migori,37
2016-08-28,Migori,24
2016-08-29,Migori,31
2016-08-30,Migori,18
2016-08-31,Migori,30
2016-09-01,Migori,53
2016-09-02,Migori,9
2016-09-03,Migori,12
2016-09-04,Migori,29
2016-09-05,Migori,42
2016-09-06,Migori,64
2016-09-07,Migori,57
2016-09-08,Migori,26
2016-09-09,Migori,5
2016-09-10,Migori,28
2016-09-11,Migori,26
2016-09-12,Migori,17
2016-09-13,Migori,25
2016-09-14,Migori,14
2016-09-15,Migori,26
2016-09-16,Migori,32
2016-09-17,Migori,29
2016-09-18,Migori,50
2016-09-19,Migori,39
2016-09-20,Migori,17
2016-09-21,Migori,48
2016-09-22,Migori,45
2016-09-23,Migori,10
2016-09-24,Migori,32
2016-09-25,Migori,8
2016-09-26,Migori,12
2016-09-27,Migori,23
2016-09-28,Migori,5
2016-09-29,Migori,26
2016-09-30,Migori,23
2016-10-01,Migori,23
2015-01-01,Kisii,24
2015-01-02,Kisii,6
2015-01-03,Kisii,26
2015-01-04,Kisii,5
2015-01-05,Kisii,30
2015-01-06,Kisii,23
2015-01-07,Kisii,34
2015-01-08,Kisii,29
2015-01-09,Kisii,33
2015-01-10,Kisii,19
2015-01-11,Kisii,31
2015-01-12,Kisii,34
2015-01-13,Kisii,17
2015-01-14,Kisii,28
2015-01-15,Kisii,27
2015-01-16,Kisii,7
2015-01-17,Kisii,16
2015-01-18,Kisii,29
2015-01-19,Kisii,30
2015-01-20,Kisii,35
2015-01-21,Kisii,12
2015-01-22,Kisii,33
2015-01-23,Kisii,8
2015-01-24,Kisii,50
2015-01-25,Kisii,20
2015-01-26,Kisii,19
2015-01-27,Kisii,29
2015-01-28,Kisii,48
2015-01-29,Kisii,7
2015-01-30,Kisii,45
2015-01-31,Kisii,25
2015-02-01,Kisii,12
2015-02-02,Kisii,27
2015-02-03,Kisii,36
2015-02-04,Kisii,34
2015-02-05,Kisii,18
2015-02-06,Kisii,28
2015-02-07,Kisii,34
2015-02-08,Kisii,28
2015-02-09,Kisii,22
2015-02-10,Kisii,11
2015-02-11,Kisii,22
2015-02-12,Kisii,20
2015-02-13,Kisii,33
2015-02-14,Kisii,47
2015-02-15,Kisii,33
2015-02-16,Kisii,6
2015-02-17,Kisii,23
2015-02-18,Kisii,22
2015-02-19,Kisii,29
2015-02-20,Kisii,44
2015-02-21,Kisii,36
2015-02-22,Kisii,49
2015-02-23,Kisii,31
2015-02-24,Kisii,33
2015-02-25,Kisii,15
2015-02-26,Kisii,9
2015-02-27,Kisii,31
2015-02-28,Kisii,5
2015-03-01,Kisii,21
2015-03-02,Kisii,19
2015-03-03,Kisii,37
2015-03-04,Kisii,19
2015-03-05,Kisii,32
2015-03-06,Kisii,42
2015-03-07,Kisii,33
2015-03-08,Kisii,42
2015-03-09,Kisii,26
2015-03-10,Kisii,33
2015-03-11,Kisii,53
2015-03-12,Kisii,40
2015-03-13,Kisii,25
2015-03-14,Kisii,27
2015-03-15,Kisii,17
2015-03-16,Kisii,23
2015-03-17,Kisii,62
2015-03-18,Kisii,37
2015-03-19,Kisii,26
2015-03-20,Kisii,37
2015-03-21,Kisii,51
2015-03-22,Kisii,35
2015-03-23,Kisii,31
2015-03-24,Kisii,13
2015-03-25,Kisii,29
2015-03-26,Kisii,37
2015-03-27,Kisii,30
2015-03-28,Kisii,13
2015-03-29,Kisii,21
2015-03-30,Kisii,20
2015-03-31,Kisii,36
2015-04-01,Kisii,19
2015-04-02,Kisii,31
2015-04-03,Kisii,43
2015-04-04,Kisii,36
2015-04-05,Kisii,36
2015-04-06,Kisii,30
2015-04-07,Kisii,26
2015-04-08,Kisii,41
2015-04-09,Kisii,44
2015-04-10,Kisii,9
2015-04-11,Kisii,34
2015-04-12,Kisii,35
2015-04-13,Kisii,44
2015-04-14,Kisii,29
2015-04-15,Kisii,50
2015-04-16,Kisii,36
2015-04-17,Kisii,28
2015-04-18,Kisii,23
2015-04-19,Kisii,19
2015-04-20,Kisii,28
2015-04-21,Kisii,41
2015-04-22,Kisii,26
2015-04-23,Kisii,32
2015-04-24,Kisii,45
2015-04-25,Kisii,37
2015-04-26,Kisii,40
2015-04-27,Kisii,34
2015-04-28,Kisii,18
2015-04-29,Kisii,25
2015-04-30,Kisii,24
2015-05-01,Kisii,25
2015-05-02,Kisii,37
2015-05-03,Kisii,60
2015-05-04,Kisii,33
2015-05-05,Kisii,27
2015-05-06,Kisii,26
2015-05-07,Kisii,35
2015-05-08,Kisii,31
2015-05-09,Kisii,36
2015-05-10,Kisii,28
2015-05-11,Kisii,32
2015-05-12,Kisii,41
2015-05-13,Kisii,27
2015-05-14,Kisii,10
2015-05-15,Kisii,45
2015-05-16,Kisii,28
2015-05-17,Kisii,30
2015-05-18,Kisii,33
2015-05-19,Kisii,40
2015-05-20,Kisii,30
2015-05-21,Kisii,35
2015-05-22,Kisii,51
2015-05-23,Kisii,36
2015-05-24,Kisii,18
2015-05-25,Kisii,22
2015-05-26,Kisii,40
2015-05-27,Kisii,37
2015-05-28,Kisii,19
2015-05-29,Kisii,37
2015-05-30,Kisii,53
2015-05-31,Kisii,21
2015-06-01,Kisii,31
2015-06-02,Kisii,32
2015-06-03,Kisii,9
2015-06-04,Kisii,27
2015-06-05,Kisii,21
2015-06-06,Kisii,37
2015-06-07,Kisii,17
2015-06-08,Kisii,50
2015-06-09,Kisii,17
2015-06-10,Kisii,31
2015-06-11,Kisii,16
2015-06-12,Kisii,14
2015-06-13,Kisii,27
2015-06-14,Kisii,36
2015-06-15,Kisii,36
2015-06-16,Kisii,43
2015-06-17,Kisii,26
2015-06-18,Kisii,11
2015-06-19,Kisii,22
2015-06-20,Kisii,27
2015-06-21,Kisii,20
2015-06-22,Kisii,36
2015-06-23,Kisii,31
2015-06-24,Kisii,27
2015-06-25,Kisii,13
2015-06-26,Kisii,31
2015-06-27,Kisii,45
2015-06-28,Kisii,16
2015-06-29,Kisii,47
2015-06-30,Kisii,26
2015-07-01,Kisii,36
2015-07-02,Kisii,14
2015-07-03,Kisii,36
2015-07-04,Kisii,44
2015-07-05,Kisii,17
2015-07-06,Kisii,19
2015-07-07,Kisii,18
2015-07-08,Kisii,44
2015-07-09,Kisii,18
2015-07-10,Kisii,15
2015-07-11,Kisii,19
2015-07-12,Kisii,30
2015-07-13,Kisii,29
2015-07-14,Kisii,21
2015-07-15,Kisii,12
2015-07-16,Kisii,26
2015-07-17,Kisii,36
2015-07-18,Kisii,32
2015-07-19,Kisii,27
2015-07-20,Kisii,23
2015-07-21,Kisii,18
2015-07-22,Kisii,25
2015-07-23,Kisii,23
2015-07-24,Kisii,15
2015-07-25,Kisii,16
2015-07-26,Kisii,48
2015-07-27,Kisii,19
2015-07-28,Kisii,32
2015-07-29,Kisii,22
2015-07-30,Kisii,7
2015-07-31,Kisii,19
2015-08-01,Kisii,22
2015-08-02,Kisii,21
2015-08-03,Kisii,25
2015-08-04,Kisii,24
2015-08-05,Kisii,9
2015-08-06,Kisii,40
2015-08-07,Kisii,28
2015-08-08,Kisii,4
2015-08-09,Kisii,29
2015-08-10,Kisii,12
2015-08-11,Kisii,27
2015-08-12,Kisii,24
2015-08-13,Kisii,31
2015-08-14,Kisii,0
2015-08-15,Kisii,35
2015-08-16,Kisii,34
2015-08-17,Kisii,28
2015-08-18,Kisii,21
2015-08-19,Kisii,17
2015-08-20,Kisii,21
2015-08-21,Kisii,18
2015-08-22,Kisii,29
2015-08-23,Kisii,16
2015-08-24,Kisii,23
2015-08-25,Kisii,22
2015-08-26,Kisii,35
2015-08-27,Kisii,23
2015-08-28,Kisii,13
2015-08-29,Kisii,23
2015-08-30,Kisii,26
2015-08-31,Kisii,34
2015-09-01,Kisii,50
2015-09-02,Kisii,20
2015-09-03,Kisii,34
2015-09-04,Kisii,18
2015-09-05,Kisii,22
2015-09-06,Kisii,11
2015-09-07,Kisii,28
2015-09-08,Kisii,27
2015-09-09,Kisii,36
2015-09-10,Kisii,13
2015-09-11,Kisii,38
2015-09-12,Kisii,29
2015-09-13,Kisii,21
2015-09-14,Kisii,34
2015-09-15,Kisii,31
2015-09-16,Kisii,32
2015-09-17,Kisii,33
2015-09-18,Kisii,20
2015-09-19,Kisii,28
2015-09-20,Kisii,38
2015-09-21,Kisii,28
2015-09-22,Kisii,15
2015-09-23,Kisii,10
2015-09-24,Kisii,32
2015-09-25,Kisii,24
2015-09-26,Kisii,42
2015-09-27,Kisii,25
2015-09-28,Kisii,24
2015-09-29,Kisii,30
2015-09-30,Kisii,13
2015-10-01,Kisii,30
2015-10-02,Kisii,38
2015-10-03,Kisii,34
2015-10-04,Kisii,43
2015-10-05,Kisii,33
2015-10-06,Kisii,35
2015-10-07,Kisii,26
2015-10-08,Kisii,19
2015-10-09,Kisii,13
2015-10-10,Kisii,24
2015-10-11,Kisii,47
2015-10-12,Kisii,13
2015-10-13,Kisii,24
2015-10-14,Kisii,22
2015-10-15,Kisii,30
2015-10-16,Kisii,33
2015-10-17,Kisii,39
2015-10-18,Kisii,23
2015-10-19,Kisii,30
2015-10-20,Kisii,19
2015-10-21,Kisii,25
2015-10-22,Kisii,18
2015-10-23,Kisii,23
2015-10-24,Kisii,33
2015-10-25,Kisii,25
2015-10-26,Kisii,30
2015-10-27,Kisii,34
2015-10-28,Kisii,34
2015-10-29,Kisii,34
2015-10-30,Kisii,10
2015-10-31,Kisii,26
2015-11-01,Kisii,37
2015-11-02,Kisii,27
2015-11-03,Kisii,36
2015-11-04,Kisii,38
2015-11-05,Kisii,31
2015-11-06,Kisii,32
2015-11-07,Kisii,24
2015-11-08,Kisii,33
2015-11-09,Kisii,24
2015-11-10,Kisii,20
2015-11-11,Kisii,16
2015-11-12,Kisii,21
2015-11-13,Kisii,21
2015-11-14,Kisii,28
2015-11-15,Kisii,24
2015-11-16,Kisii,30
2015-11-17,Kisii,27
2015-11-18,Kisii,27
2015-11-19,Kisii,18
2015-11-20,Kisii,27
2015-11-21,Kisii,21
2015-11-22,Kisii,26
2015-11-23,Kisii,20
2015-11-24,Kisii,13
2015-11-25,Kisii,20
2015-11-26,Kisii,24
2015-11-27,Kisii,32
2015-11-28,Kisii,33
2015-11-29,Kisii,30
2015-11-30,Kisii,27
2015-12-01,Kisii,18
2015-12-02,Kisii,25
2015-12-03,Kisii,29
2015-12-04,Kisii,27
2015-12-05,Kisii,42
2015-12-06,Kisii,20
2015-12-07,Kisii,32
2015-12-08,Kisii,24
2015-12-09,Kisii,19
2015-12-10,Kisii,24
2015-12-11,Kisii,30
2015-12-12,Kisii,15
2015-12-13,Kisii,42
2015-12-14,Kisii,20
2015-12-15,Kisii,32
2015-12-16,Kisii,25
2015-12-17,Kisii,6
2015-12-18,Kisii,17
2015-12-19,Kisii,16
2015-12-20,Kisii,28
2015-12-21,Kisii,31
2015-12-22,Kisii,32
2015-12-23,Kisii,23
2015-12-24,Kisii,22
2015-12-25,Kisii,14
2015-12-26,Kisii,27
2015-12-27,Kisii,41
2015-12-28,Kisii,42
2015-12-29,Kisii,16
2015-12-30,Kisii,24
2015-12-31,Kisii,16
2016-01-01,Kisii,54
2016-01-02,Kisii,29
2016-01-03,Kisii,22
2016-01-04,Kisii,28
2016-01-05,Kisii,30
2016-01-06,Kisii,36
2016-01-07,Kisii,20
2016-01-08,Kisii,29
2016-01-09,Kisii,20
2016-01-10,Kisii,32
2016-01-11,Kisii,40
2016-01-12,Kisii,22
2016-01-13,Kisii,19
2016-01-14,Kisii,25
2016-01-15,Kisii,41
2016-01-16,Kisii,12
2016-01-17,Kisii,12
2016-01-18,Kisii,29
2016-01-19,Kisii,29
2016-01-20,Kisii,21
2016-01-21,Kisii,31
2016-01-22,Kisii,21
2016-01-23,Kisii,13
2016-01-24,Kisii,5
2016-01-25,Kisii,39
2016-01-26,Kisii,16
2016-01-27,Kisii,35
2016-01-28,Kisii,0
2016-01-29,Kisii,13
2016-01-30,Kisii,25
2016-01-31,Kisii,16
2016-02-01,Kisii,37
2016-02-02,Kisii,35
2016-02-03,Kisii,20
2016-02-04,Kisii,15
2016-02-05,Kisii,24
2016-02-06,Kisii,22
2016-02-07,Kisii,28
2016-02-08,Kisii,31
2016-02-09,Kisii,38
2016-02-10,Kisii,10
2016-02-11,Kisii,30
2016-02-12,Kisii,20
2016-02-13,Kisii,45
2016-02-14,Kisii,30
2016-02-15,Kisii,8
2016-02-16,Kisii,24
2016-02-17,Kisii,15
2016-02-18,Kisii,46
2016-02-19,Kisii,32
2016-02-20,Kisii,24
2016-02-21,Kisii,29
2016-02-22,Kisii,27
2016-02-23,Kisii,36
2016-02-24,Kisii,30
2016-02-25,Kisii,34
2016-02-26,Kisii,12
2016-02-27,Kisii,22
2016-02-28,Kisii,28
2016-02-29,Kisii,13
2016-03-01,Kisii,35
2016-03-02,Kisii,43
2016-03-03,Kisii,31
2016-03-04,Kisii,23
2016-03-05,Kisii,35
2016-03-06,Kisii,21
2016-03-07,Kisii,23
2016-03-08,Kisii,30
2016-03-09,Kisii,21
2016-03-10,Kisii,48
2016-03-11,Kisii,31
2016-03-12,Kisii,45
2016-03-13,Kisii,46
2016-03-14,Kisii,44
2016-03-15,Kisii,7
2016-03-16,Kisii,32
2016-03-17,Kisii,30
2016-03-18,Kisii,44
2016-03-19,Kisii,49
2016-03-20,Kisii,40
2016-03-21,Kisii,29
2016-03-22,Kisii,27
2016-03-23,Kisii,16
2016-03-24,Kisii,45
2016-03-25,Kisii,9
2016-03-26,Kisii,29
2016-03-27,Kisii,15
2016-03-28,Kisii,34
2016-03-29,Kisii,22
2016-03-30,Kisii,35
2016-03-31,Kisii,56
2016-04-01,Kisii,39
2016-04-02,Kisii,32
2016-04-03,Kisii,29
2016-04-04,Kisii,33
2016-04-05,Kisii,24
2016-04-06,Kisii,22
2016-04-07,Kisii,23
2016-04-08,Kisii,32
2016-04-09,Kisii,45
2016-04-10,Kisii,41
2016-04-11,Kisii,23
2016-04-12,Kisii,21
2016-04-13,Kisii,29
2016-04-14,Kisii,14
2016-04-15,Kisii,29
2016-04-16,Kisii,47
2016-04-17,Kisii,28
2016-04-18,Kisii,42
2016-04-19,Kisii,13
2016-04-20,Kisii,34
2016-04-21,Kisii,40
2016-04-22,Kisii,40
2016-04-23,Kisii,42
2016-04-24,Kisii,40
2016-04-25,Kisii,43
2016-04-26,Kisii,28
2016-04-27,Kisii,24
2016-04-28,Kisii,22
2016-04-29,Kisii,24
2016-04-30,Kisii,28
2016-05-01,Kisii,38
2016-05-02,Kisii,47
2016-05-03,Kisii,45
2016-05-04,Kisii,36
2016-05-05,Kisii,32
2016-05-06,Kisii,41
2016-05-07,Kisii,24
2016-05-08,Kisii,20
2016-05-09,Kisii,41
2016-05-10,Kisii,40
2016-05-11,Kisii,22
2016-05-12,Kisii,28
2016-05-13,Kisii,18
2016-05-14,Kisii,33
2016-05-15,Kisii,49
2016-05-16,Kisii,42
2016-05-17,Kisii,37
2016-05-18,Kisii,51
2016-05-19,Kisii,19
2016-05-20,Kisii,33
2016-05-21,Kisii,40
2016-05-22,Kisii,61
2016-05-23,Kisii,30
2016-05-24,Kisii,34
2016-05-25,Kisii,33
2016-05-26,Kisii,17
2016-05-27,Kisii,36
2016-05-28,Kisii,39
2016-05-29,Kisii,29
2016-05-30,Kisii,36
2016-05-31,Kisii,31
2016-06-01,Kisii,29
2016-06-02,Kisii,31
2016-06-03,Kisii,30
2016-06-04,Kisii,15
2016-06-05,Kisii,30
2016-06-06,Kisii,38
2016-06-07,Kisii,33
2016-06-08,Kisii,27
2016-06-09,Kisii,40
2016-06-10,Kisii,33
2016-06-11,Kisii,35
2016-06-12,Kisii,50
2016-06-13,Kisii,26
2016-06-14,Kisii,27
2016-06-15,Kisii,16
2016-06-16,Kisii,19
2016-06-17,Kisii,40
2016-06-18,Kisii,23
2016-06-19,Kisii,16
2016-06-20,Kisii,27
2016-06-21,Kisii,25
2016-06-22,Kisii,38
2016-06-23,Kisii,25
2016-06-24,Kisii,36
2016-06-25,Kisii,11
2016-06-26,Kisii,18
2016-06-27,Kisii,21
2016-06-28,Kisii,24
2016-06-29,Kisii,34
2016-06-30,Kisii,36
2016-07-01,Kisii,29
2016-07-02,Kisii,19
2016-07-03,Kisii,49
2016-07-04,Kisii,34
2016-07-05,Kisii,36
2016-07-06,Kisii,45
2016-07-07,Kisii,36
2016-07-08,Kisii,8
2016-07-09,Kisii,29
2016-07-10,Kisii,40
2016-07-11,Kisii,39
2016-07-12,Kisii,42
2016-07-13,Kisii,27
2016-07-14,Kisii,31
2016-07-15,Kisii,28
2016-07-16,Kisii,28
2016-07-17,Kisii,36
2016-07-18,Kisii,38
2016-07-19,Kisii,18
2016-07-20,Kisii,18
2016-07-21,Kisii,14
2016-07-22,Kisii,38
2016-07-23,Kisii,35
2016-07-24,Kisii,24
2016-07-25,Kisii,45
2016-07-26,Kisii,21
2016-07-27,Kisii,12
2016-07-28,Kisii,26
2016-07-29,Kisii,9
2016-07-30,Kisii,19
2016-07-31,Kisii,42
2016-08-01,Kisii,24
2016-08-02,Kisii,18
2016-08-03,Kisii,25
2016-08-04,Kisii,20
2016-08-05,Kisii,11
2016-08-06,Kisii,29
2016-08-07,Kisii,19
2016-08-08,Kisii,39
2016-08-09,Kisii,43
2016-08-10,Kisii,25
2016-08-11,Kisii,11
2016-08-12,Kisii,29
2016-08-13,Kisii,3
2016-08-14,Kisii,29
2016-08-15,Kisii,28
2016-08-16,Kisii,31
2016-08-17,Kisii,14
2016-08-18,Kisii,24
2016-08-19,Kisii,37
2016-08-20,Kisii,43
2016-08-21,Kisii,37
2016-08-22,Kisii,32
2016-08-23,Kisii,28
2016-08-24,Kisii,28
2016-08-25,Kisii,35
2016-08-26,Kisii,29
2016-08-27,Kisii,18
2016-08-28,Kisii,11
2016-08-29,Kisii,1
2016-08-30,Kisii,9
2016-08-31,Kisii,17
2016-09-01,Kisii,27
2016-09-02,Kisii,38
2016-09-03,Kisii,33
2016-09-04,Kisii,6
2016-09-05,Kisii,8
2016-09-06,Kisii,36
2016-09-07,Kisii,20
2016-09-08,Kisii,35
2016-09-09,Kisii,39
2016-09-10,Kisii,31
2016-09-11,Kisii,32
2016-09-12,Kisii,16
2016-09-13,Kisii,14
2016-09-14,Kisii,31
2016-09-15,Kisii,36
2016-09-16,Kisii,22
2016-09-17,Kisii,20
2016-09-18,Kisii,26
2016-09-19,Kisii,28
2016-09-20,Kisii,2
2016-09-21,Kisii,32
2016-09-22,Kisii,26
2016-09-23,Kisii,31
2016-09-24,Kisii,41
2016-09-25,Kisii,43
2016-09-26,Kisii,22
2016-09-27,Kisii,12
2016-09-28,Kisii,30
2016-09-29,Kisii,26
2016-09-30,Kisii,18
2016-10-01,Kisii,26
2015-01-01,Nyamira,18
2015-01-02,Nyamira,36
2015-01-03,Nyamira,22
2015-01-04,Nyamira,20
2015-01-05,Nyamira,15
2015-01-06,Nyamira,20
2015-01-07,Nyamira,17
2015-01-08,Nyamira,50
2015-01-09,Nyamira,13
2015-01-10,Nyamira,33
2015-01-11,Nyamira,16
2015-01-12,Nyamira,26
2015-01-13,Nyamira,33
2015-01-14,Nyamira,27
2015-01-15,Nyamira,31
2015-01-16,Nyamira,22
2015-01-17,Nyamira,32
2015-01-18,Nyamira,4
2015-01-19,Nyamira,29
2015-01-20,Nyamira,40
2015-01-21,Nyamira,36
2015-01-22,Nyamira,15
2015-01-23,Nyamira,22
2015-01-24,Nyamira,30
2015-01-25,Nyamira,23
2015-01-26,Nyamira,35
2015-01-27,Nyamira,37
2015-01-28,Nyamira,29
2015-01-29,Nyamira,20
2015-01-30,Nyamira,7
2015-01-31,Nyamira,23
2015-02-01,Nyamira,10
2015-02-02,Nyamira,22
2015-02-03,Nyamira,45
2015-02-04,Nyamira,36
2015-02-05,Nyamira,33
2015-02-06,Nyamira,25
2015-02-07,Nyamira,17
2015-02-08,Nyamira,32
2015-02-09,Nyamira,18
2015-02-10,Nyamira,16
2015-02-11,Nyamira,26
2015-02-12,Nyamira,27
2015-02-13,Nyamira,40
2015-02-14,Nyamira,34
2015-02-15,Nyamira,34
2015-02-16,Nyamira,10
2015-02-17,Nyamira,0
2015-02-18,Nyamira,9
2015-02-19,Nyamira,33
2015-02-20,Nyamira,29
2015-02-21,Nyamira,16
2015-02-22,Nyamira,21
2015-02-23,Nyamira,17
2015-02-24,Nyamira,42
2015-02-25,Nyamira,30
2015-02-26,Nyamira,14
2015-02-27,Nyamira,6
2015-02-28,Nyamira,35
2015-03-01,Nyamira,31
2015-03-02,Nyamira,24
2015-03-03,Nyamira,37
2015-03-04,Nyamira,36
2015-03-05,Nyamira,21
2015-03-06,Nyamira,22
2015-03-07,Nyamira,24
2015-03-08,Nyamira,39
2015-03-09,Nyamira,26
2015-03-10,Nyamira,40
2015-03-11,Nyamira,39
2015-03-12,Nyamira,44
2015-03-13,Nyamira,21
2015-03-14,Nyamira,42
2015-03-15,Nyamira,31
2015-03-16,Nyamira,31
2015-03-17,Nyamira,42
2015-03-18,Nyamira,46
2015-03-19,Nyamira,28
2015-03-20,Nyamira,26
2015-03-21,Nyamira,40
2015-03-22,Nyamira,33
2015-03-23,Nyamira,27
2015-03-24,Nyamira,26
2015-03-25,Nyamira,18
2015-03-26,Nyamira,34
2015-03-27,Nyamira,32
2015-03-28,Nyamira,19
2015-03-29,Nyamira,12
2015-03-30,Nyamira,30
2015-03-31,Nyamira,24
2015-04-01,Nyamira,34
2015-04-02,Nyamira,30
2015-04-03,Nyamira,24
2015-04-04,Nyamira,40
2015-04-05,Nyamira,24
2015-04-06,Nyamira,50
2015-04-07,Nyamira,47
2015-04-08,Nyamira,21
2015-04-09,Nyamira,30
2015-04-10,Nyamira,31
2015-04-11,Nyamira,26
2015-04-12,Nyamira,60
2015-04-13,Nyamira,24
2015-04-14,Nyamira,36
2015-04-15,Nyamira,8
2015-04-16,Nyamira,34
2015-04-17,Nyamira,15
2015-04-18,Nyamira,23
2015-04-19,Nyamira,44
2015-04-20,Nyamira,24
2015-04-21,Nyamira,24
2015-04-22,Nyamira,21
2015-04-23,Nyamira,31
2015-04-24,Nyamira,48
2015-04-25,Nyamira,31
2015-04-26,Nyamira,39
2015-04-27,Nyamira,52
2015-04-28,Nyamira,47
2015-04-29,Nyamira,30
2015-04-30,Nyamira,28
2015-05-01,Nyamira,45
2015-05-02,Nyamira,20
2015-05-03,Nyamira,43
2015-05-04,Nyamira,17
2015-05-05,Nyamira,18
2015-05-06,Nyamira,31
2015-05-07,Nyamira,28
2015-05-08,Nyamira,42
2015-05-09,Nyamira,27
2015-05-10,Nyamira,52
2015-05-11,Nyamira,36
2015-05-12,Nyamira,32
2015-05-13,Nyamira,30
2015-05-14,Nyamira,34
2015-05-15,Nyamira,20
2015-05-16,Nyamira,23
2015-05-17,Nyamira,35
2015-05-18,Nyamira,22
2015-05-19,Nyamira,17
2015-05-20,Nyamira,27
2015-05-21,Nyamira,10
2015-05-22,Nyamira,23
2015-05-23,Nyamira,30
2015-05-24,Nyamira,56
2015-05-25,Nyamira,40
2015-05-26,Nyamira,22
2015-05-27,Nyamira,11
2015-05-28,Nyamira,35
2015-05-29,Nyamira,35
2015-05-30,Nyamira,42
2015-05-31,Nyamira,53
2015-06-01,Nyamira,24
2015-06-02,Nyamira,29
2015-06-03,Nyamira,37
2015-06-04,Nyamira,11
2015-06-05,Nyamira,18
2015-06-06,Nyamira,26
2015-06-07,Nyamira,16
2015-06-08,Nyamira,21
2015-06-09,Nyamira,40
2015-06-10,Nyamira,19
2015-06-11,Nyamira,25
2015-06-12,Nyamira,32
2015-06-13,Nyamira,41
2015-06-14,Nyamira,34
2015-06-15,Nyamira,29
2015-06-16,Nyamira,27
2015-06-17,Nyamira,28
2015-06-18,Nyamira,37
2015-06-19,Nyamira,20
2015-06-20,Nyamira,25
2015-06-21,Nyamira,20
2015-06-22,Nyamira,32
2015-06-23,Nyamira,7
2015-06-24,Nyamira,32
2015-06-25,Nyamira,38
2015-06-26,Nyamira,23
2015-06-27,Nyamira,27
2015-06-28,Nyamira,17
2015-06-29,Nyamira,25
2015-06-30,Nyamira,40
2015-07-01,Nyamira,35
2015-07-02,Nyamira,31
2015-07-03,Nyamira,14
2015-07-04,Nyamira,31
2015-07-05,Nyamira,22
2015-07-06,Nyamira,46
2015-07-07,Nyamira,23
2015-07-08,Nyamira,38
2015-07-09,Nyamira,36
2015-07-10,Nyamira,14
2015-07-11,Nyamira,32
2015-07-12,Nyamira,37
2015-07-13,Nyamira,42
2015-07-14,Nyamira,18
2015-07-15,Nyamira,20
2015-07-16,Nyamira,17
2015-07-17,Nyamira,24
2015-07-18,Nyamira,25
2015-07-19,Nyamira,32
2015-07-20,Nyamira,22
2015-07-21,Nyamira,28
2015-07-22,Nyamira,29
2015-07-23,Nyamira,25
2015-07-24,Nyamira,21
2015-07-25,Nyamira,23
2015-07-26,Nyamira,26
2015-07-27,Nyamira,23
2015-07-28,Nyamira,31
2015-07-29,Nyamira,43
2015-07-30,Nyamira,29
2015-07-31,Nyamira,31
2015-08-01,Nyamira,36
2015-08-02,Nyamira,33
2015-08-03,Nyamira,13
2015-08-04,Nyamira,22
2015-08-05,Nyamira,24
2015-08-06,Nyamira,42
2015-08-07,Nyamira,45
2015-08-08,Nyamira,42
2015-08-09,Nyamira,37
2015-08-10,Nyamira,20
2015-08-11,Nyamira,23
2015-08-12,Nyamira,37
2015-08-13,Nyamira,36
2015-08-14,Nyamira,35
2015-08-15,Nyamira,45
2015-08-16,Nyamira,28
2015-08-17,Nyamira,16
2015-08-18,Nyamira,28
2015-08-19,Nyamira,27
2015-08-20,Nyamira,35
2015-08-21,Nyamira,17
2015-08-22,Nyamira,23
2015-08-23,Nyamira,32
2015-08-24,Nyamira,28
2015-08-25,Nyamira,29
2015-08-26,Nyamira,28
2015-08-27,Nyamira,19
2015-08-28,Nyamira,39
2015-08-29,Nyamira,30
2015-08-30,Nyamira,25
2015-08-31,Nyamira,28
2015-09-01,Nyamira,32
2015-09-02,Nyamira,26
2015-09-03,Nyamira,31
2015-09-04,Nyamira,31
2015-09-05,Nyamira,37
2015-09-06,Nyamira,36
2015-09-07,Nyamira,24
2015-09-08,Nyamira,33
2015-09-09,Nyamira,25
2015-09-10,Nyamira,35
2015-09-11,Nyamira,14
2015-09-12,Nyamira,38
2015-09-13,Nyamira,38
2015-09-14,Nyamira,44
2015-09-15,Nyamira,14
2015-09-16,Nyamira,26
2015-09-17,Nyamira,12
2015-09-18,Nyamira,28
2015-09-19,Nyamira,29
2015-09-20,Nyamira,31
2015-09-21,Nyamira,11
2015-09-22,Nyamira,19
2015-09-23,Nyamira,23
2015-09-24,Nyamira,23
2015-09-25,Nyamira,22
2015-09-26,Nyamira,8
2015-09-27,Nyamira,40
2015-09-28,Nyamira,22
2015-09-29,Nyamira,32
2015-09-30,Nyamira,12
2015-10-01,Nyamira,22
2015-10-02,Nyamira,46
2015-10-03,Nyamira,29
2015-10-04,Nyamira,11
2015-10-05,Nyamira,19
2015-10-06,Nyamira,5
2015-10-07,Nyamira,42
2015-10-08,Nyamira,27
2015-10-09,Nyamira,23
2015-10-10,Nyamira,33
2015-10-11,Nyamira,31
2015-10-12,Nyamira,23
2015-10-13,Nyamira,34
2015-10-14,Nyamira,21
2015-10-15,Nyamira,3
2015-10-16,Nyamira,35
2015-10-17,Nyamira,18
2015-10-18,Nyamira,24
2015-10-19,Nyamira,23
2015-10-20,Nyamira,21
2015-10-21,Nyamira,29
2015-10-22,Nyamira,24
2015-10-23,Nyamira,46
2015-10-24,Nyamira,23
2015-10-25,Nyamira,32
2015-10-26,Nyamira,37
2015-10-27,Nyamira,43
2015-10-28,Nyamira,11
2015-10-29,Nyamira,36
2015-10-30,Nyamira,38
2015-10-31,Nyamira,43
2015-11-01,Nyamira,27
2015-11-02,Nyamira,31
2015-11-03,Nyamira,24
2015-11-04,Nyamira,19
2015-11-05,Nyamira,25
2015-11-06,Nyamira,30
2015-11-07,Nyamira,45
2015-11-08,Nyamira,28
2015-11-09,Nyamira,24
2015-11-10,Nyamira,22
2015-11-11,Nyamira,32
2015-11-12,Nyamira,8
2015-11-13,Nyamira,32
2015-11-14,Nyamira,23
2015-11-15,Nyamira,25
2015-11-16,Nyamira,21
2015-11-17,Nyamira,13
2015-11-18,Nyamira,36
2015-11-19,Nyamira,30
2015-11-20,Nyamira,24
2015-11-21,Nyamira,33
2015-11-22,Nyamira,17
2015-11-23,Nyamira,29
2015-11-24,Nyamira,61
2015-11-25,Nyamira,32
2015-11-26,Nyamira,32
2015-11-27,Nyamira,47
2015-11-28,Nyamira,26
2015-11-29,Nyamira,38
2015-11-30,Nyamira,32
2015-12-01,Nyamira,20
2015-12-02,Nyamira,6
2015-12-03,Nyamira,23
2015-12-04,Nyamira,21
2015-12-05,Nyamira,31
2015-12-06,Nyamira,19
2015-12-07,Nyamira,23
2015-12-08,Nyamira,26
2015-12-09,Nyamira,26
2015-12-10,Nyamira,30
2015-12-11,Nyamira,25
2015-12-12,Nyamira,31
2015-12-13,Nyamira,40
2015-12-14,Nyamira,24
2015-12-15,Nyamira,29
2015-12-16,Nyamira,29
2015-12-17,Nyamira,29
2015-12-18,Nyamira,32
2015-12-19,Nyamira,28
2015-12-20,Nyamira,28
2015-12-21,Nyamira,36
2015-12-22,Nyamira,17
2015-12-23,Nyamira,25
2015-12-24,Nyamira,22
2015-12-25,Nyamira,29
2015-12-26,Nyamira,16
2015-12-27,Nyamira,13
2015-12-28,Nyamira,27
2015-12-29,Nyamira,39
2015-12-30,Nyamira,33
2015-12-31,Nyamira,24
2016-01-01,Nyamira,32
2016-01-02,Nyamira,45
2016-01-03,Nyamira,44
2016-01-04,Nyamira,26
2016-01-05,Nyamira,49
2016-01-06,Nyamira,38
2016-01-07,Nyamira,45
2016-01-08,Nyamira,23
2016-01-09,Nyamira,3
2016-01-10,Nyamira,15
2016-01-11,Nyamira,32
2016-01-12,Nyamira,50
2016-01-13,Nyamira,24
2016-01-14,Nyamira,22
2016-01-15,Nyamira,31
2016-01-16,Nyamira,28
2016-01-17,Nyamira,36
2016-01-18,Nyamira,20
2016-01-19,Nyamira,23
2016-01-20,Nyamira,26
2016-01-21,Nyamira,22
2016-01-22,Nyamira,31
2016-01-23,Nyamira,21
2016-01-24,Nyamira,25
2016-01-25,Nyamira,33
2016-01-26,Nyamira,30
2016-01-27,Nyamira,17
2016-01-28,Nyamira,31
2016-01-29,Nyamira,23
2016-01-30,Nyamira,27
2016-01-31,Nyamira,21
2016-02-01,Nyamira,21
2016-02-02,Nyamira,28
2016-02-03,Nyamira,24
2016-02-04,Nyamira,13
2016-02-05,Nyamira,45
2016-02-06,Nyamira,31
2016-02-07,Nyamira,40
2016-02-08,Nyamira,38
2016-02-09,Nyamira,33
2016-02-10,Nyamira,12
2016-02-11,Nyamira,12
2016-02-12,Nyamira,25
2016-02-13,Nyamira,27
2016-02-14,Nyamira,24
2016-02-15,Nyamira,45
2016-02-16,Nyamira,12
2016-02-17,Nyamira,16
2016-02-18,Nyamira,4
2016-02-19,Nyamira,13
2016-02-20,Nyamira,17
2016-02-21,Nyamira,27
2016-02-22,Nyamira,30
2016-02-23,Nyamira,38
2016-02-24,Nyamira,36
2016-02-25,Nyamira,37
2016-02-26,Nyamira,18
2016-02-27,Nyamira,39
2016-02-28,Nyamira,28
2016-02-29,Nyamira,35
2016-03-01,Nyamira,33
2016-03-02,Nyamira,43
2016-03-03,Nyamira,21
2016-03-04,Nyamira,18
2016-03-05,Nyamira,16
2016-03-06,Nyamira,28
2016-03-07,Nyamira,35
2016-03-08,Nyamira,50
2016-03-09,Nyamira,36
2016-03-10,Nyamira,43
2016-03-11,Nyamira,26
2016-03-12,Nyamira,33
2016-03-13,Nyamira,36
2016-03-14,Nyamira,38
2016-03-15,Nyamira,22
2016-03-16,Nyamira,48
2016-03-17,Nyamira,58
2016-03-18,Nyamira,42
2016-03-19,Nyamira,51
2016-03-20,Nyamira,30
2016-03-21,Nyamira,41
2016-03-22,Nyamira,40
2016-03-23,Nyamira,36
2016-03-24,Nyamira,29
2016-03-25,Nyamira,27
2016-03-26,Nyamira,30
2016-03-27,Nyamira,22
2016-03-28,Nyamira,48
2016-03-29,Nyamira,30
2016-03-30,Nyamira,44
2016-03-31,Nyamira,34
2016-04-01,Nyamira,25
2016-04-02,Nyamira,39
2016-04-03,Nyamira,51
2016-04-04,Nyamira,27
2016-04-05,Nyamira,25
2016-04-06,Nyamira,38
2016-04-07,Nyamira,42
2016-04-08,Nyamira,35
2016-04-09,Nyamira,9
2016-04-10,Nyamira,40
2016-04-11,Nyamira,39
2016-04-12,Nyamira,35
2016-04-13,Nyamira,7
2016-04-14,Nyamira,44
2016-04-15,Nyamira,29
2016-04-16,Nyamira,28
2016-04-17,Nyamira,39
2016-04-18,Nyamira,33
2016-04-19,Nyamira,37
2016-04-20,Nyamira,24
2016-04-21,Nyamira,39
2016-04-22,Nyamira,22
2016-04-23,Nyamira,19
2016-04-24,Nyamira,16
2016-04-25,Nyamira,23
2016-04-26,Nyamira,22
2016-04-27,Nyamira,22
2016-04-28,Nyamira,31
2016-04-29,Nyamira,25
2016-04-30,Nyamira,27
2016-05-01,Nyamira,32
2016-05-02,Nyamira,39
2016-05-03,Nyamira,26
2016-05-04,Nyamira,34
2016-05-05,Nyamira,29
2016-05-06,Nyamira,33
2016-05-07,Nyamira,31
2016-05-08,Nyamira,19
2016-05-09,Nyamira,32
2016-05-10,Nyamira,46
2016-05-11,Nyamira,29
2016-05-12,Nyamira,25
2016-05-13,Nyamira,12
2016-05-14,Nyamira,43
2016-05-15,Nyamira,34
2016-05-16,Nyamira,33
2016-05-17,Nyamira,19
2016-05-18,Nyamira,45
2016-05-19,Nyamira,32
2016-05-20,Nyamira,22
2016-05-21,Nyamira,19
2016-05-22,Nyamira,17
2016-05-23,Nyamira,3
2016-05-24,Nyamira,30
2016-05-25,Nyamira,44
2016-05-26,Nyamira,17
2016-05-27,Nyamira,6
2016-05-28,Nyamira,42
2016-05-29,Nyamira,36
2016-05-30,Nyamira,25
2016-05-31,Nyamira,13
2016-06-01,Nyamira,11
2016-06-02,Nyamira,35
2016-06-03,Nyamira,15
2016-06-04,Nyamira,31
2016-06-05,Nyamira,17
2016-06-06,Nyamira,30
2016-06-07,Nyamira,19
2016-06-08,Nyamira,27
2016-06-09,Nyamira,22
2016-06-10,Nyamira,28
2016-06-11,Nyamira,33
2016-06-12,Nyamira,29
2016-06-13,Nyamira,14
2016-06-14,Nyamira,20
2016-06-15,Nyamira,29
2016-06-16,Nyamira,12
2016-06-17,Nyamira,17
2016-06-18,Nyamira,39
2016-06-19,Nyamira,32
2016-06-20,Nyamira,25
2016-06-21,Nyamira,18
2016-06-22,Nyamira,19
2016-06-23,Nyamira,41
2016-06-24,Nyamira,21
2016-06-25,Nyamira,23
2016-06-26,Nyamira,19
2016-06-27,Nyamira,47
2016-06-28,Nyamira,33
2016-06-29,Nyamira,31
2016-06-30,Nyamira,27
2016-07-01,Nyamira,35
2016-07-02,Nyamira,23
2016-07-03,Nyamira,11
2016-07-04,Nyamira,38
2016-07-05,Nyamira,28
2016-07-06,Nyamira,35
2016-07-07,Nyamira,24
2016-07-08,Nyamira,17
2016-07-09,Nyamira,30
2016-07-10,Nyamira,34
2016-07-11,Nyamira,20
2016-07-12,Nyamira,27
2016-07-13,Nyamira,21
2016-07-14,Nyamira,12
2016-07-15,Nyamira,44
2016-07-16,Nyamira,15
2016-07-17,Nyamira,32
2016-07-18,Nyamira,28
2016-07-19,Nyamira,38
2016-07-20,Nyamira,30
2016-07-21,Nyamira,5
2016-07-22,Nyamira,31
2016-07-23,Nyamira,26
2016-07-24,Nyamira,39
2016-07-25,Nyamira,38
2016-07-26,Nyamira,6
2016-07-27,Nyamira,20
2016-07-28,Nyamira,20
2016-07-29,Nyamira,44
2016-07-30,Nyamira,36
2016-07-31,Nyamira,31
2016-08-01,Nyamira,35
2016-08-02,Nyamira,39
2016-08-03,Nyamira,31
2016-08-04,Nyamira,30
2016-08-05,Nyamira,16
2016-08-06,Nyamira,23
2016-08-07,Nyamira,44
2016-08-08,Nyamira,21
2016-08-09,Nyamira,30
2016-08-10,Nyamira,15
2016-08-11,Nyamira,30
2016-08-12,Nyamira,41
2016-08-13,Nyamira,44
2016-08-14,Nyamira,26
2016-08-15,Nyamira,19
2016-08-16,Nyamira,37
2016-08-17,Nyamira,9
2016-08-18,Nyamira,40
2016-08-19,Nyamira,30
2016-08-20,Nyamira,8
2016-08-21,Nyamira,46
2016-08-22,Nyamira,24
2016-08-23,Nyamira,27
2016-08-24,Nyamira,19
2016-08-25,Nyamira,49
2016-08-26,Nyamira,43
2016-08-27,Nyamira,9
2016-08-28,Nyamira,27
2016-08-29,Nyamira,19
2016-08-30,Nyamira,21
2016-08-31,Nyamira,34
2016-09-01,Nyamira,14
2016-09-02,Nyamira,24
2016-09-03,Nyamira,20
2016-09-04,Nyamira,21
2016-09-05,Nyamira,4
2016-09-06,Nyamira,30
2016-09-07,Nyamira,36
2016-09-08,Nyamira,24
2016-09-09,Nyamira,29
2016-09-10,Nyamira,23
2016-09-11,Nyamira,14
2016-09-12,Nyamira,31
2016-09-13,Nyamira,18
2016-09-14,Nyamira,23
2016-09-15,Nyamira,4
2016-09-16,Nyamira,42
2016-09-17,Nyamira,22
2016-09-18,Nyamira,2
2016-09-19,Nyamira,13
2016-09-20,Nyamira,16
2016-09-21,Nyamira,10
2016-09-22,Nyamira,29
2016-09-23,Nyamira,20
2016-09-24,Nyamira,10
2016-09-25,Nyamira,27
2016-09-26,Nyamira,29
2016-09-27,Nyamira,36
2016-09-28,Nyamira,31
2016-09-29,Nyamira,42
2016-09-30,Nyamira,8
2016-10-01,Nyamira,37
2015-01-01,Nairobi,18
2015-01-02,Nairobi,10
2015-01-03,Nairobi,0
2015-01-04,Nairobi,44
2015-01-05,Nairobi,8
2015-01-06,Nairobi,21
2015-01-07,Nairobi,38
2015-01-08,Nairobi,26
2015-01-09,Nairobi,44
2015-01-10,Nairobi,22
2015-01-11,Nairobi,49
2015-01-12,Nairobi,12
2015-01-13,Nairobi,26
2015-01-14,Nairobi,14
2015-01-15,Nairobi,11
2015-01-16,Nairobi,21
2015-01-17,Nairobi,37
2015-01-18,Nairobi,24
2015-01-19,Nairobi,13
2015-01-20,Nairobi,18
2015-01-21,Nairobi,13
2015-01-22,Nairobi,17
2015-01-23,Nairobi,42
2015-01-24,Nairobi,23
2015-01-25,Nairobi,24
2015-01-26,Nairobi,2
2015-01-27,Nairobi,19
2015-01-28,Nairobi,3
2015-01-29,Nairobi,30
2015-01-30,Nairobi,6
2015-01-31,Nairobi,24
2015-02-01,Nairobi,25
2015-02-02,Nairobi,31
2015-02-03,Nairobi,19
2015-02-04,Nairobi,22
2015-02-05,Nairobi,27
2015-02-06,Nairobi,41
2015-02-07,Nairobi,31
2015-02-08,Nairobi,31
2015-02-09,Nairobi,23
2015-02-10,Nairobi,28
2015-02-11,Nairobi,30
2015-02-12,Nairobi,15
2015-02-13,Nairobi,32
2015-02-14,Nairobi,33
2015-02-15,Nairobi,16
2015-02-16,Nairobi,16
2015-02-17,Nairobi,22
2015-02-18,Nairobi,24
2015-02-19,Nairobi,26
2015-02-20,Nairobi,21
2015-02-21,Nairobi,34
2015-02-22,Nairobi,19
2015-02-23,Nairobi,25
2015-02-24,Nairobi,8
2015-02-25,Nairobi,26
2015-02-26,Nairobi,32
2015-02-27,Nairobi,32
2015-02-28,Nairobi,13
2015-03-01,Nairobi,45
2015-03-02,Nairobi,22
2015-03-03,Nairobi,29
2015-03-04,Nairobi,43
2015-03-05,Nairobi,21
2015-03-06,Nairobi,31
2015-03-07,Nairobi,22
2015-03-08,Nairobi,21
2015-03-09,Nairobi,40
2015-03-10,Nairobi,34
2015-03-11,Nairobi,55
2015-03-12,Nairobi,20
2015-03-13,Nairobi,36
2015-03-14,Nairobi,14
2015-03-15,Nairobi,19
2015-03-16,Nairobi,24
2015-03-17,Nairobi,32
2015-03-18,Nairobi,39
2015-03-19,Nairobi,53
2015-03-20,Nairobi,36
2015-03-21,Nairobi,15
2015-03-22,Nairobi,26
2015-03-23,Nairobi,47
2015-03-24,Nairobi,41
2015-03-25,Nairobi,32
2015-03-26,Nairobi,11
2015-03-27,Nairobi,20
2015-03-28,Nairobi,23
2015-03-29,Nairobi,26
2015-03-30,Nairobi,41
2015-03-31,Nairobi,31
2015-04-01,Nairobi,28
2015-04-02,Nairobi,31
2015-04-03,Nairobi,43
2015-04-04,Nairobi,32
2015-04-05,Nairobi,30
2015-04-06,Nairobi,20
2015-04-07,Nairobi,29
2015-04-08,Nairobi,29
2015-04-09,Nairobi,32
2015-04-10,Nairobi,27
2015-04-11,Nairobi,12
2015-04-12,Nairobi,19
2015-04-13,Nairobi,25
2015-04-14,Nairobi,39
2015-04-15,Nairobi,14
2015-04-16,Nairobi,32
2015-04-17,Nairobi,21
2015-04-18,Nairobi,21
2015-04-19,Nairobi,26
2015-04-20,Nairobi,32
2015-04-21,Nairobi,14
2015-04-22,Nairobi,21
2015-04-23,Nairobi,27
2015-04-24,Nairobi,45
2015-04-25,Nairobi,37
2015-04-26,Nairobi,24
2015-04-27,Nairobi,38
2015-04-28,Nairobi,33
2015-04-29,Nairobi,23
2015-04-30,Nairobi,29
2015-05-01,Nairobi,29
2015-05-02,Nairobi,19
2015-05-03,Nairobi,31
2015-05-04,Nairobi,20
2015-05-05,Nairobi,48
2015-05-06,Nairobi,15
2015-05-07,Nairobi,42
2015-05-08,Nairobi,29
2015-05-09,Nairobi,21
2015-05-10,Nairobi,32
2015-05-11,Nairobi,29
2015-05-12,Nairobi,13
2015-05-13,Nairobi,20
2015-05-14,Nairobi,20
2015-05-15,Nairobi,7
2015-05-16,Nairobi,48
2015-05-17,Nairobi,28
2015-05-18,Nairobi,20
2015-05-19,Nairobi,7
2015-05-20,Nairobi,30
2015-05-21,Nairobi,18
2015-05-22,Nairobi,37
2015-05-23,Nairobi,19
2015-05-24,Nairobi,30
2015-05-25,Nairobi,19
2015-05-26,Nairobi,26
2015-05-27,Nairobi,12
2015-05-28,Nairobi,23
2015-05-29,Nairobi,48
2015-05-30,Nairobi,29
2015-05-31,Nairobi,17
2015-06-01,Nairobi,19
2015-06-02,Nairobi,26
2015-06-03,Nairobi,11
2015-06-04,Nairobi,21
2015-06-05,Nairobi,27
2015-06-06,Nairobi,21
2015-06-07,Nairobi,21
2015-06-08,Nairobi,21
2015-06-09,Nairobi,37
2015-06-10,Nairobi,13
2015-06-11,Nairobi,29
2015-06-12,Nairobi,11
2015-06-13,Nairobi,2
2015-06-14,Nairobi,37
2015-06-15,Nairobi,24
2015-06-16,Nairobi,0
2015-06-17,Nairobi,27
2015-06-18,Nairobi,19
2015-06-19,Nairobi,28
2015-06-20,Nairobi,40
2015-06-21,Nairobi,16
2015-06-22,Nairobi,8
2015-06-23,Nairobi,34
2015-06-24,Nairobi,16
2015-06-25,Nairobi,27
2015-06-26,Nairobi,22
2015-06-27,Nairobi,15
2015-06-28,Nairobi,26
2015-06-29,Nairobi,20
2015-06-30,Nairobi,6
2015-07-01,Nairobi,33
2015-07-02,Nairobi,25
2015-07-03,Nairobi,32
2015-07-04,Nairobi,15
2015-07-05,Nairobi,40
2015-07-06,Nairobi,29
2015-07-07,Nairobi,22
2015-07-08,Nairobi,22
2015-07-09,Nairobi,7
2015-07-10,Nairobi,33
2015-07-11,Nairobi,4
2015-07-12,Nairobi,33
2015-07-13,Nairobi,13
2015-07-14,Nairobi,13
2015-07-15,Nairobi,27
2015-07-16,Nairobi,17
2015-07-17,Nairobi,29
2015-07-18,Nairobi,14
2015-07-19,Nairobi,31
2015-07-20,Nairobi,9
2015-07-21,Nairobi,32
2015-07-22,Nairobi,15
2015-07-23,Nairobi,23
2015-07-24,Nairobi,13
2015-07-25,Nairobi,29
2015-07-26,Nairobi,31
2015-07-27,Nairobi,21
2015-07-28,Nairobi,24
2015-07-29,Nairobi,28
2015-07-30,Nairobi,54
2015-07-31,Nairobi,34
2015-08-01,Nairobi,21
2015-08-02,Nairobi,19
2015-08-03,Nairobi,28
2015-08-04,Nairobi,15
2015-08-05,Nairobi,25
2015-08-06,Nairobi,18
2015-08-07,Nairobi,24
2015-08-08,Nairobi,21
2015-08-09,Nairobi,4
2015-08-10,Nairobi,32
2015-08-11,Nairobi,14
2015-08-12,Nairobi,25
2015-08-13,Nairobi,9
2015-08-14,Nairobi,31
2015-08-15,Nairobi,39
2015-08-16,Nairobi,27
2015-08-17,Nairobi,13
2015-08-18,Nairobi,22
2015-08-19,Nairobi,26
2015-08-20,Nairobi,11
2015-08-21,Nairobi,19
2015-08-22,Nairobi,22
2015-08-23,Nairobi,36
2015-08-24,Nairobi,33
2015-08-25,Nairobi,29
2015-08-26,Nairobi,38
2015-08-27,Nairobi,28
2015-08-28,Nairobi,30
2015-08-29,Nairobi,33
2015-08-30,Nairobi,0
2015-08-31,Nairobi,29
2015-09-01,Nairobi,20
2015-09-02,Nairobi,14
2015-09-03,Nairobi,20
2015-09-04,Nairobi,33
2015-09-05,Nairobi,24
2015-09-06,Nairobi,27
2015-09-07,Nairobi,6
2015-09-08,Nairobi,13
2015-09-09,Nairobi,15
2015-09-10,Nairobi,30
2015-09-11,Nairobi,11
2015-09-12,Nairobi,33
2015-09-13,Nairobi,26
2015-09-14,Nairobi,28
2015-09-15,Nairobi,19
2015-09-16,Nairobi,15
2015-09-17,Nairobi,21
2015-09-18,Nairobi,13
2015-09-19,Nairobi,22
2015-09-20,Nairobi,23
2015-09-21,Nairobi,23
2015-09-22,Nairobi,28
2015-09-23,Nairobi,32
2015-09-24,Nairobi,17
2015-09-25,Nairobi,26
2015-09-26,Nairobi,21
2015-09-27,Nairobi,21
2015-09-28,Nairobi,20
2015-09-29,Nairobi,19
2015-09-30,Nairobi,8
2015-10-01,Nairobi,30
2015-10-02,Nairobi,40
2015-10-03,Nairobi,32
2015-10-04,Nairobi,19
2015-10-05,Nairobi,20
2015-10-06,Nairobi,35
2015-10-07,Nairobi,40
2015-10-08,Nairobi,16
2015-10-09,Nairobi,25
2015-10-10,Nairobi,19
2015-10-11,Nairobi,24
2015-10-12,Nairobi,23
2015-10-13,Nairobi,39
2015-10-14,Nairobi,39
2015-10-15,Nairobi,30
2015-10-16,Nairobi,27
2015-10-17,Nairobi,30
2015-10-18,Nairobi,13
2015-10-19,Nairobi,16
2015-10-20,Nairobi,24
2015-10-21,Nairobi,17
2015-10-22,Nairobi,24
2015-10-23,Nairobi,15
2015-10-24,Nairobi,31
2015-10-25,Nairobi,43
2015-10-26,Nairobi,27
2015-10-27,Nairobi,30
2015-10-28,Nairobi,33
2015-10-29,Nairobi,26
2015-10-30,Nairobi,24
2015-10-31,Nairobi,16
2015-11-01,Nairobi,18
2015-11-02,Nairobi,27
2015-11-03,Nairobi,10
2015-11-04,Nairobi,31
2015-11-05,Nairobi,26
2015-11-06,Nairobi,0
2015-11-07,Nairobi,38
2015-11-08,Nairobi,28
2015-11-09,Nairobi,31
2015-11-10,Nairobi,27
2015-11-11,Nairobi,27
2015-11-12,Nairobi,35
2015-11-13,Nairobi,34
2015-11-14,Nairobi,32
2015-11-15,Nairobi,15
2015-11-16,Nairobi,29
2015-11-17,Nairobi,20
2015-11-18,Nairobi,24
2015-11-19,Nairobi,19
2015-11-20,Nairobi,34
2015-11-21,Nairobi,9
2015-11-22,Nairobi,21
2015-11-23,Nairobi,30
2015-11-24,Nairobi,20
2015-11-25,Nairobi,40
2015-11-26,Nairobi,29
2015-11-27,Nairobi,39
2015-11-28,Nairobi,23
2015-11-29,Nairobi,32
2015-11-30,Nairobi,30
2015-12-01,Nairobi,47
2015-12-02,Nairobi,18
2015-12-03,Nairobi,24
2015-12-04,Nairobi,23
2015-12-05,Nairobi,15
2015-12-06,Nairobi,17
2015-12-07,Nairobi,33
2015-12-08,Nairobi,23
2015-12-09,Nairobi,26
2015-12-10,Nairobi,18
2015-12-11,Nairobi,13
2015-12-12,Nairobi,40
2015-12-13,Nairobi,36
2015-12-14,Nairobi,18
2015-12-15,Nairobi,39
2015-12-16,Nairobi,36
2015-12-17,Nairobi,27
2015-12-18,Nairobi,0
2015-12-19,Nairobi,13
2015-12-20,Nairobi,8
2015-12-21,Nairobi,19
2015-12-22,Nairobi,17
2015-12-23,Nairobi,33
2015-12-24,Nairobi,21
2015-12-25,Nairobi,12
2015-12-26,Nairobi,32
2015-12-27,Nairobi,8
2015-12-28,Nairobi,19
2015-12-29,Nairobi,26
2015-12-30,Nairobi,32
2015-12-31,Nairobi,27
2016-01-01,Nairobi,18
2016-01-02,Nairobi,13
2016-01-03,Nairobi,27
2016-01-04,Nairobi,27
2016-01-05,Nairobi,20
2016-01-06,Nairobi,21
2016-01-07,Nairobi,12
2016-01-08,Nairobi,24
2016-01-09,Nairobi,29
2016-01-10,Nairobi,18
2016-01-11,Nairobi,11
2016-01-12,Nairobi,10
2016-01-13,Nairobi,31
2016-01-14,Nairobi,20
2016-01-15,Nairobi,32
2016-01-16,Nairobi,18
2016-01-17,Nairobi,32
2016-01-18,Nairobi,21
2016-01-19,Nairobi,20
2016-01-20,Nairobi,29
2016-01-21,Nairobi,21
2016-01-22,Nairobi,16
2016-01-23,Nairobi,16
2016-01-24,Nairobi,21
2016-01-25,Nairobi,29
2016-01-26,Nairobi,26
2016-01-27,Nairobi,22
2016-01-28,Nairobi,28
2016-01-29,Nairobi,9
2016-01-30,Nairobi,26
2016-01-31,Nairobi,27
2016-02-01,Nairobi,32
2016-02-02,Nairobi,38
2016-02-03,Nairobi,32
2016-02-04,Nairobi,21
2016-02-05,Nairobi,4
2016-02-06,Nairobi,19
2016-02-07,Nairobi,38
2016-02-08,Nairobi,34
2016-02-09,Nairobi,20
2016-02-10,Nairobi,36
2016-02-11,Nairobi,23
2016-02-12,Nairobi,37
2016-02-13,Nairobi,33
2016-02-14,Nairobi,9
2016-02-15,Nairobi,28
2016-02-16,Nairobi,18
2016-02-17,Nairobi,7
2016-02-18,Nairobi,25
2016-02-19,Nairobi,13
2016-02-20,Nairobi,15
2016-02-21,Nairobi,31
2016-02-22,Nairobi,40
2016-02-23,Nairobi,20
2016-02-24,Nairobi,8
2016-02-25,Nairobi,9
2016-02-26,Nairobi,17
2016-02-27,Nairobi,16
2016-02-28,Nairobi,35
2016-02-29,Nairobi,11
2016-03-01,Nairobi,23
2016-03-02,Nairobi,40
2016-03-03,Nairobi,50
2016-03-04,Nairobi,27
2016-03-05,Nairobi,41
2016-03-06,Nairobi,34
2016-03-07,Nairobi,14
2016-03-08,Nairobi,43
2016-03-09,Nairobi,28
2016-03-10,Nairobi,22
2016-03-11,Nairobi,10
2016-03-12,Nairobi,52
2016-03-13,Nairobi,19
2016-03-14,Nairobi,24
2016-03-15,Nairobi,42
2016-03-16,Nairobi,41
2016-03-17,Nairobi,18
2016-03-18,Nairobi,5
2016-03-19,Nairobi,25
2016-03-20,Nairobi,26
2016-03-21,Nairobi,19
2016-03-22,Nairobi,26
2016-03-23,Nairobi,32
2016-03-24,Nairobi,36
2016-03-25,Nairobi,25
2016-03-26,Nairobi,28
2016-03-27,Nairobi,27
2016-03-28,Nairobi,7
2016-03-29,Nairobi,42
2016-03-30,Nairobi,31
2016-03-31,Nairobi,15
2016-04-01,Nairobi,13
2016-04-02,Nairobi,26
2016-04-03,Nairobi,23
2016-04-04,Nairobi,21
2016-04-05,Nairobi,25
2016-04-06,Nairobi,15
2016-04-07,Nairobi,25
2016-04-08,Nairobi,16
2016-04-09,Nairobi,22
2016-04-10,Nairobi,22
2016-04-11,Nairobi,32
2016-04-12,Nairobi,23
2016-04-13,Nairobi,37
2016-04-14,Nairobi,47
2016-04-15,Nairobi,20
2016-04-16,Nairobi,18
2016-04-17,Nairobi,38
2016-04-18,Nairobi,22
2016-04-19,Nairobi,19
2016-04-20,Nairobi,23
2016-04-21,Nairobi,31
2016-04-22,Nairobi,24
2016-04-23,Nairobi,35
2016-04-24,Nairobi,40
2016-04-25,Nairobi,32
2016-04-26,Nairobi,27
2016-04-27,Nairobi,19
2016-04-28,Nairobi,38
2016-04-29,Nairobi,37
2016-04-30,Nairobi,18
2016-05-01,Nairobi,23
2016-05-02,Nairobi,32
2016-05-03,Nairobi,55
2016-05-04,Nairobi,15
2016-05-05,Nairobi,23
2016-05-06,Nairobi,33
2016-05-07,Nairobi,29
2016-05-08,Nairobi,1
2016-05-09,Nairobi,19
2016-05-10,Nairobi,11
2016-05-11,Nairobi,31
2016-05-12,Nairobi,18
2016-05-13,Nairobi,20
2016-05-14,Nairobi,30
2016-05-15,Nairobi,40
2016-05-16,Nairobi,21
2016-05-17,Nairobi,45
2016-05-18,Nairobi,39
2016-05-19,Nairobi,56
2016-05-20,Nairobi,5
2016-05-21,Nairobi,12
2016-05-22,Nairobi,39
2016-05-23,Nairobi,36
2016-05-24,Nairobi,26
2016-05-25,Nairobi,23
2016-05-26,Nairobi,29
2016-05-27,Nairobi,26
2016-05-28,Nairobi,18
2016-05-29,Nairobi,35
2016-05-30,Nairobi,21
2016-05-31,Nairobi,42
2016-06-01,Nairobi,28
2016-06-02,Nairobi,8
2016-06-03,Nairobi,28
2016-06-04,Nairobi,35
2016-06-05,Nairobi,14
2016-06-06,Nairobi,26
2016-06-07,Nairobi,25
2016-06-08,Nairobi,30
2016-06-09,Nairobi,21
2016-06-10,Nairobi,36
2016-06-11,Nairobi,25
2016-06-12,Nairobi,16
2016-06-13,Nairobi,16
2016-06-14,Nairobi,33
2016-06-15,Nairobi,33
2016-06-16,Nairobi,30
2016-06-17,Nairobi,31
2016-06-18,Nairobi,19
2016-06-19,Nairobi,11
2016-06-20,Nairobi,16
2016-06-21,Nairobi,29
2016-06-22,Nairobi,41
2016-06-23,Nairobi,30
2016-06-24,Nairobi,35
2016-06-25,Nairobi,42
2016-06-26,Nairobi,13
2016-06-27,Nairobi,30
2016-06-28,Nairobi,26
2016-06-29,Nairobi,19
2016-06-30,Nairobi,22
2016-07-01,Nairobi,30
2016-07-02,Nairobi,28
2016-07-03,Nairobi,15
2016-07-04,Nairobi,34
2016-07-05,Nairobi,26
2016-07-06,Nairobi,17
2016-07-07,Nairobi,17
2016-07-08,Nairobi,18
2016-07-09,Nairobi,38
2016-07-10,Nairobi,25
2016-07-11,Nairobi,23
2016-07-12,Nairobi,25
2016-07-13,Nairobi,18
