date,county,rainfall_mm,avg_temp_c
2015-01-01,Mombasa,5.94,25.23
2015-01-02,Mombasa,4.42,29.09
2015-01-03,Mombasa,6.27,26.0
2015-01-04,Mombasa,1.33,27.27
2015-01-05,Mombasa,4.32,30.86
2015-01-06,Mombasa,5.27,29.78
2015-01-07,Mombasa,6.62,29.97
2015-01-08,Mombasa,8.01,26.49
2015-01-09,Mombasa,5.62,26.96
2015-01-10,Mombasa,5.11,26.77
2015-01-11,Mombasa,7.54,26.67
2015-01-12,Mombasa,3.84,25.45
2015-01-13,Mombasa,3.45,27.46
2015-01-14,Mombasa,3.98,24.24
2015-01-15,Mombasa,2.27,24.89
2015-01-16,Mombasa,6.74,28.92
2015-01-17,Mombasa,6.15,28.21
2015-01-18,Mombasa,4.78,26.89
2015-01-19,Mombasa,4.42,28.27
2015-01-20,Mombasa,9.57,28.73
2015-01-21,Mombasa,4.86,29.32
2015-01-22,Mombasa,8.16,25.73
2015-01-23,Mombasa,3.51,28.2
2015-01-24,Mombasa,3.53,27.12
2015-01-25,Mombasa,1.98,26.15
2015-01-26,Mombasa,6.02,27.1
2015-01-27,Mombasa,1.43,28.87
2015-01-28,Mombasa,6.88,29.34
2015-01-29,Mombasa,4.73,28.38
2015-01-30,Mombasa,4.99,26.44
2015-01-31,Mombasa,2.49,31.69
2015-02-01,Mombasa,1.04,24.09
2015-02-02,Mombasa,4.13,24.87
2015-02-03,Mombasa,6.06,27.94
2015-02-04,Mombasa,3.77,27.67
2015-02-05,Mombasa,6.53,29.78
2015-02-06,Mombasa,4.85,29.66
2015-02-07,Mombasa,3.35,24.22
2015-02-08,Mombasa,3.13,24.58
2015-02-09,Mombasa,8.25,26.57
2015-02-10,Mombasa,1.86,27.67
2015-02-11,Mombasa,6.2,27.34
2015-02-12,Mombasa,3.98,26.16
2015-02-13,Mombasa,1.43,30.53
2015-02-14,Mombasa,3.28,26.91
2015-02-15,Mombasa,4.43,25.59
2015-02-16,Mombasa,2.86,27.59
2015-02-17,Mombasa,2.36,28.66
2015-02-18,Mombasa,8.35,28.49
2015-02-19,Mombasa,7.0,29.07
2015-02-20,Mombasa,2.14,22.55
2015-02-21,Mombasa,4.22,25.85
2015-02-22,Mombasa,2.97,30.23
2015-02-23,Mombasa,2.66,30.61
2015-02-24,Mombasa,3.93,29.56
2015-02-25,Mombasa,9.21,30.11
2015-02-26,Mombasa,6.14,26.13
2015-02-27,Mombasa,1.72,27.77
2015-02-28,Mombasa,3.14,30.07
2015-03-01,Mombasa,9.51,25.71
2015-03-02,Mombasa,11.91,24.17
2015-03-03,Mombasa,8.16,29.65
2015-03-04,Mombasa,9.6,26.66
2015-03-05,Mombasa,7.96,27.61
2015-03-06,Mombasa,18.15,29.65
2015-03-07,Mombasa,13.83,28.57
2015-03-08,Mombasa,14.65,28.8
2015-03-09,Mombasa,16.62,30.16
2015-03-10,Mombasa,8.19,32.46
2015-03-11,Mombasa,15.21,27.4
2015-03-12,Mombasa,19.29,28.46
2015-03-13,Mombasa,16.79,28.38
2015-03-14,Mombasa,21.11,25.88
2015-03-15,Mombasa,13.82,28.46
2015-03-16,Mombasa,12.83,29.99
2015-03-17,Mombasa,18.95,29.51
2015-03-18,Mombasa,16.72,26.92
2015-03-19,Mombasa,16.09,27.69
2015-03-20,Mombasa,21.77,29.15
2015-03-21,Mombasa,8.75,28.41
2015-03-22,Mombasa,8.64,23.8
2015-03-23,Mombasa,12.75,28.39
2015-03-24,Mombasa,21.14,28.26
2015-03-25,Mombasa,14.53,29.38
2015-03-26,Mombasa,24.78,28.4
2015-03-27,Mombasa,22.99,27.19
2015-03-28,Mombasa,9.96,27.4
2015-03-29,Mombasa,16.76,27.7
2015-03-30,Mombasa,8.48,24.12
2015-03-31,Mombasa,7.7,27.72
2015-04-01,Mombasa,15.04,27.52
2015-04-02,Mombasa,13.14,28.05
2015-04-03,Mombasa,14.5,24.54
2015-04-04,Mombasa,20.61,29.82
2015-04-05,Mombasa,14.21,30.85
2015-04-06,Mombasa,25.98,26.97
2015-04-07,Mombasa,18.47,27.96
2015-04-08,Mombasa,11.71,27.93
2015-04-09,Mombasa,17.0,29.59
2015-04-10,Mombasa,19.08,30.33
2015-04-11,Mombasa,4.31,26.71
2015-04-12,Mombasa,12.69,29.37
2015-04-13,Mombasa,15.16,29.79
2015-04-14,Mombasa,17.02,29.46
2015-04-15,Mombasa,14.33,26.28
2015-04-16,Mombasa,25.16,26.95
2015-04-17,Mombasa,27.37,28.85
2015-04-18,Mombasa,18.82,29.4
2015-04-19,Mombasa,13.87,28.77
2015-04-20,Mombasa,14.15,27.32
2015-04-21,Mombasa,18.56,29.49
2015-04-22,Mombasa,4.62,30.57
2015-04-23,Mombasa,16.13,27.86
2015-04-24,Mombasa,16.38,31.23
2015-04-25,Mombasa,12.66,29.47
2015-04-26,Mombasa,13.6,24.27
2015-04-27,Mombasa,21.26,28.17
2015-04-28,Mombasa,24.81,29.69
2015-04-29,Mombasa,17.67,27.79
2015-04-30,Mombasa,10.58,29.17
2015-05-01,Mombasa,11.64,26.5
2015-05-02,Mombasa,9.91,24.46
2015-05-03,Mombasa,21.87,27.38
2015-05-04,Mombasa,20.26,29.09
2015-05-05,Mombasa,10.87,25.69
2015-05-06,Mombasa,17.63,26.56
2015-05-07,Mombasa,25.55,26.82
2015-05-08,Mombasa,12.9,23.2
2015-05-09,Mombasa,20.0,29.14
2015-05-10,Mombasa,17.78,26.71
2015-05-11,Mombasa,6.59,29.44
2015-05-12,Mombasa,16.73,26.9
2015-05-13,Mombasa,6.04,26.25
2015-05-14,Mombasa,14.47,27.97
2015-05-15,Mombasa,20.67,25.46
2015-05-16,Mombasa,22.01,25.36
2015-05-17,Mombasa,6.93,29.48
2015-05-18,Mombasa,5.34,29.23
2015-05-19,Mombasa,23.97,27.17
2015-05-20,Mombasa,11.66,25.38
2015-05-21,Mombasa,11.24,29.08
2015-05-22,Mombasa,15.18,25.87
2015-05-23,Mombasa,8.71,31.37
2015-05-24,Mombasa,18.08,25.52
2015-05-25,Mombasa,17.21,27.74
2015-05-26,Mombasa,19.61,26.66
2015-05-27,Mombasa,17.82,26.44
2015-05-28,Mombasa,6.98,27.46
2015-05-29,Mombasa,13.21,27.44
2015-05-30,Mombasa,11.2,29.39
2015-05-31,Mombasa,14.65,30.31
2015-06-01,Mombasa,2.93,25.62
2015-06-02,Mombasa,8.49,27.86
2015-06-03,Mombasa,5.64,25.91
2015-06-04,Mombasa,6.24,24.53
2015-06-05,Mombasa,2.91,29.48
2015-06-06,Mombasa,7.62,29.26
2015-06-07,Mombasa,5.52,28.87
2015-06-08,Mombasa,4.91,29.83
2015-06-09,Mombasa,3.3,28.42
2015-06-10,Mombasa,5.09,28.66
2015-06-11,Mombasa,3.75,24.79
2015-06-12,Mombasa,5.61,29.27
2015-06-13,Mombasa,3.6,27.75
2015-06-14,Mombasa,9.29,26.44
2015-06-15,Mombasa,4.59,30.63
2015-06-16,Mombasa,6.04,29.71
2015-06-17,Mombasa,8.01,25.56
2015-06-18,Mombasa,2.07,29.99
2015-06-19,Mombasa,4.23,27.79
2015-06-20,Mombasa,6.23,30.1
2015-06-21,Mombasa,6.05,30.8
2015-06-22,Mombasa,9.19,29.57
2015-06-23,Mombasa,6.68,27.93
2015-06-24,Mombasa,3.05,29.53
2015-06-25,Mombasa,3.88,28.94
2015-06-26,Mombasa,6.66,27.48
2015-06-27,Mombasa,9.25,28.51
2015-06-28,Mombasa,5.36,25.96
2015-06-29,Mombasa,7.04,28.38
2015-06-30,Mombasa,1.52,27.58
2015-07-01,Mombasa,6.32,27.07
2015-07-02,Mombasa,4.6,25.08
2015-07-03,Mombasa,2.73,27.52
2015-07-04,Mombasa,5.8,25.28
2015-07-05,Mombasa,3.93,30.56
2015-07-06,Mombasa,3.28,31.41
2015-07-07,Mombasa,4.07,24.56
2015-07-08,Mombasa,4.69,27.91
2015-07-09,Mombasa,6.39,28.85
2015-07-10,Mombasa,8.41,28.63
2015-07-11,Mombasa,5.88,31.69
2015-07-12,Mombasa,7.17,27.42
2015-07-13,Mombasa,9.3,29.65
2015-07-14,Mombasa,5.16,26.34
2015-07-15,Mombasa,5.18,31.21
2015-07-16,Mombasa,5.22,28.37
2015-07-17,Mombasa,3.73,26.43
2015-07-18,Mombasa,3.2,27.06
2015-07-19,Mombasa,8.95,28.65
2015-07-20,Mombasa,3.32,29.2
2015-07-21,Mombasa,6.11,26.29
2015-07-22,Mombasa,6.06,29.26
2015-07-23,Mombasa,5.18,29.67
2015-07-24,Mombasa,4.08,25.99
2015-07-25,Mombasa,7.53,27.4
2015-07-26,Mombasa,6.47,30.53
2015-07-27,Mombasa,3.13,25.79
2015-07-28,Mombasa,3.48,28.78
2015-07-29,Mombasa,6.98,29.94
2015-07-30,Mombasa,3.9,28.07
2015-07-31,Mombasa,5.79,27.83
2015-08-01,Mombasa,6.57,30.17
2015-08-02,Mombasa,2.86,26.47
2015-08-03,Mombasa,4.67,29.63
2015-08-04,Mombasa,1.92,30.72
2015-08-05,Mombasa,5.03,31.8
2015-08-06,Mombasa,5.11,25.97
2015-08-07,Mombasa,5.03,28.26
2015-08-08,Mombasa,2.78,26.98
2015-08-09,Mombasa,5.9,26.67
2015-08-10,Mombasa,5.71,26.41
2015-08-11,Mombasa,3.37,28.83
2015-08-12,Mombasa,4.09,29.39
2015-08-13,Mombasa,3.65,27.24
2015-08-14,Mombasa,10.68,28.74
2015-08-15,Mombasa,0.99,32.6
2015-08-16,Mombasa,4.49,28.16
2015-08-17,Mombasa,2.97,29.15
2015-08-18,Mombasa,3.32,30.88
2015-08-19,Mombasa,5.32,25.32
2015-08-20,Mombasa,3.7,27.47
2015-08-21,Mombasa,4.7,26.17
2015-08-22,Mombasa,5.31,26.64
2015-08-23,Mombasa,3.72,29.11
2015-08-24,Mombasa,4.63,26.26
2015-08-25,Mombasa,8.57,26.28
2015-08-26,Mombasa,5.4,27.65
2015-08-27,Mombasa,5.08,28.43
2015-08-28,Mombasa,6.12,28.16
2015-08-29,Mombasa,6.78,25.72
2015-08-30,Mombasa,6.88,27.62
2015-08-31,Mombasa,3.82,30.25
2015-09-01,Mombasa,4.6,26.2
2015-09-02,Mombasa,4.55,25.29
2015-09-03,Mombasa,3.28,25.38
2015-09-04,Mombasa,7.69,29.1
2015-09-05,Mombasa,5.6,27.65
2015-09-06,Mombasa,3.65,26.87
2015-09-07,Mombasa,5.8,27.41
2015-09-08,Mombasa,5.17,27.71
2015-09-09,Mombasa,2.46,28.21
2015-09-10,Mombasa,6.8,28.81
2015-09-11,Mombasa,7.77,26.12
2015-09-12,Mombasa,3.13,27.33
2015-09-13,Mombasa,2.89,28.52
2015-09-14,Mombasa,4.86,25.83
2015-09-15,Mombasa,3.54,29.13
2015-09-16,Mombasa,4.92,28.41
2015-09-17,Mombasa,4.26,27.39
2015-09-18,Mombasa,6.54,29.42
2015-09-19,Mombasa,2.49,30.49
2015-09-20,Mombasa,3.9,28.26
2015-09-21,Mombasa,3.48,25.41
2015-09-22,Mombasa,5.74,27.89
2015-09-23,Mombasa,6.55,32.9
2015-09-24,Mombasa,7.34,29.13
2015-09-25,Mombasa,5.45,26.31
2015-09-26,Mombasa,2.58,27.32
2015-09-27,Mombasa,6.71,29.5
2015-09-28,Mombasa,5.44,28.98
2015-09-29,Mombasa,6.34,23.7
2015-09-30,Mombasa,2.53,24.97
2015-10-01,Mombasa,9.45,31.8
2015-10-02,Mombasa,11.97,28.25
2015-10-03,Mombasa,8.63,26.73
2015-10-04,Mombasa,10.86,31.48
2015-10-05,Mombasa,12.9,30.81
2015-10-06,Mombasa,8.66,29.46
2015-10-07,Mombasa,6.61,30.33
2015-10-08,Mombasa,8.08,25.43
2015-10-09,Mombasa,8.27,26.04
2015-10-10,Mombasa,11.38,27.1
2015-10-11,Mombasa,5.98,26.22
2015-10-12,Mombasa,6.76,26.39
2015-10-13,Mombasa,9.11,26.93
2015-10-14,Mombasa,12.22,28.18
2015-10-15,Mombasa,9.37,24.21
2015-10-16,Mombasa,10.97,29.93
2015-10-17,Mombasa,13.27,30.43
2015-10-18,Mombasa,7.73,29.49
2015-10-19,Mombasa,16.1,30.31
2015-10-20,Mombasa,6.29,29.1
2015-10-21,Mombasa,11.34,27.79
2015-10-22,Mombasa,9.27,27.72
2015-10-23,Mombasa,6.79,29.81
2015-10-24,Mombasa,13.87,29.83
2015-10-25,Mombasa,14.39,26.47
2015-10-26,Mombasa,14.26,29.34
2015-10-27,Mombasa,5.59,28.17
2015-10-28,Mombasa,9.94,27.98
2015-10-29,Mombasa,5.14,26.75
2015-10-30,Mombasa,5.35,28.29
2015-10-31,Mombasa,13.73,30.45
2015-11-01,Mombasa,7.95,24.84
2015-11-02,Mombasa,12.17,30.82
2015-11-03,Mombasa,11.11,29.33
2015-11-04,Mombasa,11.19,22.61
2015-11-05,Mombasa,6.55,27.53
2015-11-06,Mombasa,12.01,28.01
2015-11-07,Mombasa,14.12,30.73
2015-11-08,Mombasa,1.02,26.08
2015-11-09,Mombasa,18.42,23.61
2015-11-10,Mombasa,12.42,28.16
2015-11-11,Mombasa,14.93,25.73
2015-11-12,Mombasa,5.85,28.14
2015-11-13,Mombasa,13.24,29.54
2015-11-14,Mombasa,12.74,28.9
2015-11-15,Mombasa,17.99,26.96
2015-11-16,Mombasa,11.13,25.7
2015-11-17,Mombasa,3.69,27.38
2015-11-18,Mombasa,7.45,30.6
2015-11-19,Mombasa,13.83,27.14
2015-11-20,Mombasa,5.85,28.52
2015-11-21,Mombasa,12.84,32.27
2015-11-22,Mombasa,18.54,25.99
2015-11-23,Mombasa,5.78,29.84
2015-11-24,Mombasa,11.66,24.29
2015-11-25,Mombasa,9.0,31.5
2015-11-26,Mombasa,8.59,26.6
2015-11-27,Mombasa,12.94,27.65
2015-11-28,Mombasa,11.84,32.07
2015-11-29,Mombasa,4.43,24.69
2015-11-30,Mombasa,12.47,28.82
2015-12-01,Mombasa,6.17,27.67
2015-12-02,Mombasa,4.22,27.2
2015-12-03,Mombasa,7.62,27.56
2015-12-04,Mombasa,4.17,28.95
2015-12-05,Mombasa,4.27,26.05
2015-12-06,Mombasa,4.31,29.87
2015-12-07,Mombasa,5.05,29.51
2015-12-08,Mombasa,3.92,26.91
2015-12-09,Mombasa,3.02,24.01
2015-12-10,Mombasa,8.81,25.83
2015-12-11,Mombasa,4.43,28.62
2015-12-12,Mombasa,10.2,26.95
2015-12-13,Mombasa,6.77,31.26
2015-12-14,Mombasa,4.81,26.04
2015-12-15,Mombasa,6.33,25.07
2015-12-16,Mombasa,2.65,28.99
2015-12-17,Mombasa,8.66,28.97
2015-12-18,Mombasa,3.46,26.96
2015-12-19,Mombasa,5.11,29.13
2015-12-20,Mombasa,3.58,24.99
2015-12-21,Mombasa,3.74,29.29
2015-12-22,Mombasa,4.4,26.52
2015-12-23,Mombasa,1.46,28.17
2015-12-24,Mombasa,4.66,26.05
2015-12-25,Mombasa,5.67,27.29
2015-12-26,Mombasa,5.41,26.99
2015-12-27,Mombasa,7.17,29.43
2015-12-28,Mombasa,4.77,28.03
2015-12-29,Mombasa,4.46,24.94
2015-12-30,Mombasa,4.98,27.16
2015-12-31,Mombasa,10.49,26.85
2016-01-01,Mombasa,2.12,31.16
2016-01-02,Mombasa,0.68,26.66
2016-01-03,Mombasa,7.33,29.95
2016-01-04,Mombasa,3.51,26.06
2016-01-05,Mombasa,0.0,27.18
2016-01-06,Mombasa,6.27,29.32
2016-01-07,Mombasa,6.22,27.92
2016-01-08,Mombasa,6.96,30.91
2016-01-09,Mombasa,3.75,27.46
2016-01-10,Mombasa,1.96,28.6
2016-01-11,Mombasa,1.05,25.71
2016-01-12,Mombasa,10.27,25.32
2016-01-13,Mombasa,7.48,27.53
2016-01-14,Mombasa,3.24,28.0
2016-01-15,Mombasa,5.24,25.3
2016-01-16,Mombasa,8.12,32.1
2016-01-17,Mombasa,5.07,25.51
2016-01-18,Mombasa,0.0,28.71
2016-01-19,Mombasa,3.25,31.65
2016-01-20,Mombasa,6.92,30.44
2016-01-21,Mombasa,4.96,28.88
2016-01-22,Mombasa,3.65,28.1
2016-01-23,Mombasa,4.28,26.21
2016-01-24,Mombasa,7.66,30.21
2016-01-25,Mombasa,4.09,28.61
2016-01-26,Mombasa,6.47,29.08
2016-01-27,Mombasa,3.06,30.1
2016-01-28,Mombasa,6.18,27.25
2016-01-29,Mombasa,6.68,27.88
2016-01-30,Mombasa,7.93,28.48
2016-01-31,Mombasa,2.63,26.53
2016-02-01,Mombasa,3.54,28.68
2016-02-02,Mombasa,7.89,26.35
2016-02-03,Mombasa,6.25,30.93
2016-02-04,Mombasa,4.18,25.65
2016-02-05,Mombasa,3.95,25.36
2016-02-06,Mombasa,7.26,29.59
2016-02-07,Mombasa,8.27,26.64
2016-02-08,Mombasa,3.75,26.16
2016-02-09,Mombasa,7.44,25.71
2016-02-10,Mombasa,7.45,28.54
2016-02-11,Mombasa,4.45,31.27
2016-02-12,Mombasa,5.25,22.91
2016-02-13,Mombasa,6.37,28.25
2016-02-14,Mombasa,4.8,28.57
2016-02-15,Mombasa,5.3,30.26
2016-02-16,Mombasa,7.3,27.49
2016-02-17,Mombasa,4.09,29.46
2016-02-18,Mombasa,4.76,28.34
2016-02-19,Mombasa,3.47,25.25
2016-02-20,Mombasa,5.39,26.7
2016-02-21,Mombasa,5.36,28.67
2016-02-22,Mombasa,1.91,28.36
2016-02-23,Mombasa,4.44,26.9
2016-02-24,Mombasa,2.49,25.91
2016-02-25,Mombasa,2.21,25.63
2016-02-26,Mombasa,7.7,27.57
2016-02-27,Mombasa,4.04,30.54
2016-02-28,Mombasa,4.22,25.82
2016-02-29,Mombasa,2.74,27.82
2016-03-01,Mombasa,18.44,26.68
2016-03-02,Mombasa,12.89,28.26
2016-03-03,Mombasa,19.78,25.34
2016-03-04,Mombasa,16.09,31.04
2016-03-05,Mombasa,5.19,26.1
2016-03-06,Mombasa,13.37,29.27
2016-03-07,Mombasa,18.16,25.16
2016-03-08,Mombasa,13.99,24.02
2016-03-09,Mombasa,14.68,29.38
2016-03-10,Mombasa,16.52,28.57
2016-03-11,Mombasa,23.19,26.83
2016-03-12,Mombasa,8.03,29.07
2016-03-13,Mombasa,14.28,26.51
2016-03-14,Mombasa,19.46,29.25
2016-03-15,Mombasa,12.03,28.32
2016-03-16,Mombasa,8.79,28.59
2016-03-17,Mombasa,20.8,26.07
2016-03-18,Mombasa,13.51,27.48
2016-03-19,Mombasa,22.24,25.99
2016-03-20,Mombasa,21.04,27.19
2016-03-21,Mombasa,5.75,29.74
2016-03-22,Mombasa,12.78,29.67
2016-03-23,Mombasa,21.52,28.17
2016-03-24,Mombasa,16.06,26.28
2016-03-25,Mombasa,11.55,27.87
2016-03-26,Mombasa,14.26,29.96
2016-03-27,Mombasa,13.18,29.59
2016-03-28,Mombasa,11.84,29.4
2016-03-29,Mombasa,16.29,28.38
2016-03-30,Mombasa,2.57,28.73
2016-03-31,Mombasa,9.11,28.25
2016-04-01,Mombasa,11.8,29.73
2016-04-02,Mombasa,13.12,26.52
2016-04-03,Mombasa,16.78,28.55
2016-04-04,Mombasa,14.56,26.41
2016-04-05,Mombasa,9.73,25.97
2016-04-06,Mombasa,9.94,29.27
2016-04-07,Mombasa,6.01,31.09
2016-04-08,Mombasa,10.86,31.45
2016-04-09,Mombasa,16.34,25.39
2016-04-10,Mombasa,23.23,30.18
2016-04-11,Mombasa,18.92,29.92
2016-04-12,Mombasa,19.85,25.62
2016-04-13,Mombasa,11.32,25.43
2016-04-14,Mombasa,12.92,28.11
2016-04-15,Mombasa,15.44,25.1
2016-04-16,Mombasa,6.6,26.77
2016-04-17,Mombasa,8.4,27.69
2016-04-18,Mombasa,16.63,25.67
2016-04-19,Mombasa,22.3,28.57
2016-04-20,Mombasa,8.56,29.61
2016-04-21,Mombasa,11.47,28.45
2016-04-22,Mombasa,17.55,32.24
2016-04-23,Mombasa,20.5,25.87
2016-04-24,Mombasa,11.33,30.37
2016-04-25,Mombasa,24.39,28.05
2016-04-26,Mombasa,16.87,29.36
2016-04-27,Mombasa,13.84,29.21
2016-04-28,Mombasa,16.55,30.61
2016-04-29,Mombasa,19.4,30.65
2016-04-30,Mombasa,18.77,31.24
2016-05-01,Mombasa,15.34,29.31
2016-05-02,Mombasa,9.85,30.41
2016-05-03,Mombasa,16.18,26.48
2016-05-04,Mombasa,14.37,27.65
2016-05-05,Mombasa,10.83,27.53
2016-05-06,Mombasa,16.7,28.0
2016-05-07,Mombasa,20.5,28.37
2016-05-08,Mombasa,16.65,30.98
2016-05-09,Mombasa,15.35,23.37
2016-05-10,Mombasa,7.23,27.72
2016-05-11,Mombasa,17.32,25.68
2016-05-12,Mombasa,14.52,25.36
2016-05-13,Mombasa,19.42,27.38
2016-05-14,Mombasa,25.92,30.46
2016-05-15,Mombasa,15.77,25.33
2016-05-16,Mombasa,20.18,23.86
2016-05-17,Mombasa,12.59,27.28
2016-05-18,Mombasa,12.14,28.47
2016-05-19,Mombasa,0.0,31.78
2016-05-20,Mombasa,7.27,30.64
2016-05-21,Mombasa,14.12,26.12
2016-05-22,Mombasa,17.35,27.49
2016-05-23,Mombasa,21.3,27.04
2016-05-24,Mombasa,27.85,26.54
2016-05-25,Mombasa,12.33,30.84
2016-05-26,Mombasa,19.59,29.19
2016-05-27,Mombasa,10.54,32.08
2016-05-28,Mombasa,20.8,30.09
2016-05-29,Mombasa,19.93,28.98
2016-05-30,Mombasa,21.91,27.82
2016-05-31,Mombasa,22.54,29.18
2016-06-01,Mombasa,9.22,25.54
2016-06-02,Mombasa,3.07,25.92
2016-06-03,Mombasa,6.84,31.37
2016-06-04,Mombasa,5.87,30.84
2016-06-05,Mombasa,2.77,30.63
2016-06-06,Mombasa,8.47,27.46
2016-06-07,Mombasa,5.58,30.2
2016-06-08,Mombasa,3.7,29.35
2016-06-09,Mombasa,4.49,26.58
2016-06-10,Mombasa,7.54,29.34
2016-06-11,Mombasa,4.82,26.49
2016-06-12,Mombasa,4.56,33.11
2016-06-13,Mombasa,4.56,25.22
2016-06-14,Mombasa,2.38,27.35
2016-06-15,Mombasa,4.55,26.09
2016-06-16,Mombasa,2.61,31.02
2016-06-17,Mombasa,6.24,30.99
2016-06-18,Mombasa,4.92,28.85
2016-06-19,Mombasa,4.96,30.43
2016-06-20,Mombasa,2.67,26.58
2016-06-21,Mombasa,5.19,26.77
2016-06-22,Mombasa,5.54,24.28
2016-06-23,Mombasa,0.77,24.97
2016-06-24,Mombasa,6.56,25.38
2016-06-25,Mombasa,7.63,29.31
2016-06-26,Mombasa,5.88,26.42
2016-06-27,Mombasa,4.1,27.85
2016-06-28,Mombasa,2.47,31.18
2016-06-29,Mombasa,1.83,25.2
2016-06-30,Mombasa,7.0,31.41
2016-07-01,Mombasa,5.25,29.49
2016-07-02,Mombasa,2.29,28.27
2016-07-03,Mombasa,2.74,29.33
2016-07-04,Mombasa,6.11,28.95
2016-07-05,Mombasa,4.01,27.27
2016-07-06,Mombasa,5.25,26.35
2016-07-07,Mombasa,3.43,27.6
2016-07-08,Mombasa,4.95,28.13
2016-07-09,Mombasa,5.45,26.49
2016-07-10,Mombasa,4.66,23.12
2016-07-11,Mombasa,6.31,26.52
2016-07-12,Mombasa,4.91,30.36
2016-07-13,Mombasa,5.31,33.34
2016-07-14,Mombasa,9.45,31.53
2016-07-15,Mombasa,2.76,25.94
2016-07-16,Mombasa,5.77,26.24
2016-07-17,Mombasa,3.2,27.94
2016-07-18,Mombasa,3.26,30.03
2016-07-19,Mombasa,2.55,28.99
2016-07-20,Mombasa,4.17,24.99
2016-07-21,Mombasa,9.09,28.45
2016-07-22,Mombasa,4.19,26.83
2016-07-23,Mombasa,4.85,30.19
2016-07-24,Mombasa,5.6,24.27
2016-07-25,Mombasa,1.83,29.49
2016-07-26,Mombasa,6.37,25.78
2016-07-27,Mombasa,2.97,27.71
2016-07-28,Mombasa,5.74,29.11
2016-07-29,Mombasa,6.61,26.17
2016-07-30,Mombasa,3.9,30.33
2016-07-31,Mombasa,1.54,30.11
2016-08-01,Mombasa,4.42,27.32
2016-08-02,Mombasa,3.9,30.02
2016-08-03,Mombasa,2.92,27.94
2016-08-04,Mombasa,3.93,31.0
2016-08-05,Mombasa,5.39,30.87
2016-08-06,Mombasa,7.09,27.81
2016-08-07,Mombasa,4.8,30.23
2016-08-08,Mombasa,3.44,28.69
2016-08-09,Mombasa,4.45,27.03
2016-08-10,Mombasa,3.21,28.3
2016-08-11,Mombasa,1.55,27.7
2016-08-12,Mombasa,4.2,27.02
2016-08-13,Mombasa,5.86,29.84
2016-08-14,Mombasa,8.81,32.44
2016-08-15,Mombasa,6.22,26.59
2016-08-16,Mombasa,5.84,26.46
2016-08-17,Mombasa,4.85,27.05
2016-08-18,Mombasa,6.4,28.62
2016-08-19,Mombasa,4.24,28.93
2016-08-20,Mombasa,5.69,29.75
2016-08-21,Mombasa,8.2,31.84
2016-08-22,Mombasa,3.89,26.42
2016-08-23,Mombasa,3.34,23.73
2016-08-24,Mombasa,4.47,27.57
2016-08-25,Mombasa,7.1,29.79
2016-08-26,Mombasa,0.77,28.61
2016-08-27,Mombasa,3.92,30.82
2016-08-28,Mombasa,4.08,29.77
2016-08-29,Mombasa,7.17,25.77
2016-08-30,Mombasa,4.76,29.89
2016-08-31,Mombasa,3.27,29.13
2016-09-01,Mombasa,2.86,28.86
2016-09-02,Mombasa,4.81,28.83
2016-09-03,Mombasa,4.59,27.32
2016-09-04,Mombasa,5.59,30.75
2016-09-05,Mombasa,3.32,28.6
2016-09-06,Mombasa,7.09,24.81
2016-09-07,Mombasa,2.92,27.68
2016-09-08,Mombasa,6.76,30.89
2016-09-09,Mombasa,6.23,27.32
2016-09-10,Mombasa,3.85,28.77
2016-09-11,Mombasa,5.14,28.15
2016-09-12,Mombasa,5.88,30.05
2016-09-13,Mombasa,3.56,32.29
2016-09-14,Mombasa,5.31,27.11
2016-09-15,Mombasa,7.21,24.54
2016-09-16,Mombasa,5.88,29.11
2016-09-17,Mombasa,4.89,27.82
2016-09-18,Mombasa,2.92,25.96
2016-09-19,Mombasa,3.8,28.8
2016-09-20,Mombasa,4.06,26.25
2016-09-21,Mombasa,1.17,29.72
2016-09-22,Mombasa,5.66,27.97
2016-09-23,Mombasa,7.53,29.1
2016-09-24,Mombasa,6.5,27.16
2016-09-25,Mombasa,1.46,29.61
2016-09-26,Mombasa,4.98,26.21
2016-09-27,Mombasa,6.97,27.82
2016-09-28,Mombasa,5.1,30.91
2016-09-29,Mombasa,2.46,26.72
2016-09-30,Mombasa,5.08,31.4
2016-10-01,Mombasa,9.08,26.42
2015-01-01,Kwale,6.74,29.14
2015-01-02,Kwale,1.79,27.04
2015-01-03,Kwale,5.76,27.11
2015-01-04,Kwale,3.05,29.25
2015-01-05,Kwale,3.92,27.66
2015-01-06,Kwale,3.05,27.81
2015-01-07,Kwale,7.7,30.51
2015-01-08,Kwale,5.96,28.05
2015-01-09,Kwale,4.09,29.66
2015-01-10,Kwale,7.15,31.58
2015-01-11,Kwale,4.95,28.71
2015-01-12,Kwale,5.71,28.85
2015-01-13,Kwale,5.99,27.74
2015-01-14,Kwale,4.44,27.43
2015-01-15,Kwale,4.66,29.05
2015-01-16,Kwale,5.31,26.94
2015-01-17,Kwale,7.05,27.83
2015-01-18,Kwale,3.84,27.34
2015-01-19,Kwale,4.82,28.15
2015-01-20,Kwale,6.51,29.92
2015-01-21,Kwale,5.85,28.88
2015-01-22,Kwale,6.9,26.09
2015-01-23,Kwale,5.12,28.23
2015-01-24,Kwale,6.06,27.48
2015-01-25,Kwale,5.3,28.6
2015-01-26,Kwale,4.08,26.39
2015-01-27,Kwale,1.02,26.12
2015-01-28,Kwale,4.82,29.08
2015-01-29,Kwale,4.23,28.08
2015-01-30,Kwale,7.48,32.07
2015-01-31,Kwale,5.68,27.42
2015-02-01,Kwale,7.64,31.36
2015-02-02,Kwale,7.65,26.43
2015-02-03,Kwale,6.74,28.99
2015-02-04,Kwale,6.37,24.83
2015-02-05,Kwale,6.89,30.18
2015-02-06,Kwale,4.71,29.41
2015-02-07,Kwale,7.72,24.85
2015-02-08,Kwale,4.72,30.69
2015-02-09,Kwale,3.14,26.4
2015-02-10,Kwale,3.88,26.41
2015-02-11,Kwale,3.76,26.73
2015-02-12,Kwale,10.36,28.98
2015-02-13,Kwale,6.78,27.17
2015-02-14,Kwale,3.07,27.48
2015-02-15,Kwale,2.87,30.44
2015-02-16,Kwale,3.59,27.15
2015-02-17,Kwale,6.44,29.41
2015-02-18,Kwale,5.39,30.41
2015-02-19,Kwale,0.79,28.4
2015-02-20,Kwale,6.93,25.39
2015-02-21,Kwale,5.39,26.05
2015-02-22,Kwale,3.46,29.63
2015-02-23,Kwale,5.73,29.53
2015-02-24,Kwale,9.62,24.65
2015-02-25,Kwale,4.59,24.52
2015-02-26,Kwale,4.76,26.97
2015-02-27,Kwale,4.91,29.38
2015-02-28,Kwale,4.89,29.92
2015-03-01,Kwale,23.92,26.49
2015-03-02,Kwale,22.95,28.43
2015-03-03,Kwale,8.24,27.72
2015-03-04,Kwale,17.04,25.42
2015-03-05,Kwale,24.07,28.02
2015-03-06,Kwale,19.85,28.72
2015-03-07,Kwale,9.66,27.57
2015-03-08,Kwale,11.6,28.03
2015-03-09,Kwale,7.29,28.11
2015-03-10,Kwale,20.04,29.36
2015-03-11,Kwale,20.27,28.71
2015-03-12,Kwale,10.62,26.76
2015-03-13,Kwale,13.8,27.03
2015-03-14,Kwale,19.32,30.06
2015-03-15,Kwale,16.54,27.9
2015-03-16,Kwale,8.46,28.89
2015-03-17,Kwale,19.25,26.36
2015-03-18,Kwale,15.19,31.63
2015-03-19,Kwale,22.6,27.5
2015-03-20,Kwale,18.95,29.72
2015-03-21,Kwale,9.01,27.44
2015-03-22,Kwale,6.18,30.45
2015-03-23,Kwale,9.51,26.75
2015-03-24,Kwale,26.34,28.61
2015-03-25,Kwale,9.08,31.12
2015-03-26,Kwale,17.13,27.76
2015-03-27,Kwale,10.63,28.93
2015-03-28,Kwale,23.09,28.98
2015-03-29,Kwale,13.36,24.29
2015-03-30,Kwale,21.25,29.5
2015-03-31,Kwale,8.56,25.24
2015-04-01,Kwale,12.3,27.68
2015-04-02,Kwale,8.37,27.53
2015-04-03,Kwale,11.78,26.62
2015-04-04,Kwale,16.87,30.15
2015-04-05,Kwale,7.51,28.69
2015-04-06,Kwale,14.75,25.99
2015-04-07,Kwale,7.24,25.09
2015-04-08,Kwale,12.72,32.87
2015-04-09,Kwale,23.67,31.93
2015-04-10,Kwale,14.82,28.84
2015-04-11,Kwale,18.0,28.73
2015-04-12,Kwale,19.88,24.68
2015-04-13,Kwale,15.11,26.55
2015-04-14,Kwale,12.61,27.84
2015-04-15,Kwale,28.96,29.66
2015-04-16,Kwale,4.55,28.06
2015-04-17,Kwale,17.99,30.69
2015-04-18,Kwale,11.73,28.27
2015-04-19,Kwale,16.21,28.56
2015-04-20,Kwale,13.66,26.9
2015-04-21,Kwale,24.42,24.35
2015-04-22,Kwale,16.51,29.76
2015-04-23,Kwale,18.46,28.81
2015-04-24,Kwale,6.1,26.86
2015-04-25,Kwale,18.6,28.13
2015-04-26,Kwale,11.34,28.87
2015-04-27,Kwale,19.75,26.43
2015-04-28,Kwale,15.9,27.35
2015-04-29,Kwale,8.46,29.59
2015-04-30,Kwale,7.37,30.21
2015-05-01,Kwale,20.03,32.27
2015-05-02,Kwale,27.71,29.7
2015-05-03,Kwale,17.63,28.55
2015-05-04,Kwale,16.05,29.68
2015-05-05,Kwale,17.03,27.51
2015-05-06,Kwale,14.99,33.48
2015-05-07,Kwale,11.58,26.44
2015-05-08,Kwale,5.67,30.25
2015-05-09,Kwale,12.55,29.61
2015-05-10,Kwale,28.81,32.44
2015-05-11,Kwale,8.14,29.76
2015-05-12,Kwale,14.72,28.77
2015-05-13,Kwale,15.8,30.21
2015-05-14,Kwale,11.32,28.07
2015-05-15,Kwale,16.22,25.85
2015-05-16,Kwale,17.64,29.17
2015-05-17,Kwale,13.88,28.27
2015-05-18,Kwale,13.34,28.31
2015-05-19,Kwale,9.6,26.82
2015-05-20,Kwale,19.95,26.82
2015-05-21,Kwale,9.9,27.39
2015-05-22,Kwale,14.81,28.45
2015-05-23,Kwale,15.4,28.5
2015-05-24,Kwale,24.06,25.31
2015-05-25,Kwale,10.15,31.73
2015-05-26,Kwale,22.81,26.03
2015-05-27,Kwale,17.72,27.24
2015-05-28,Kwale,8.96,28.44
2015-05-29,Kwale,13.52,29.2
2015-05-30,Kwale,14.84,28.15
2015-05-31,Kwale,15.11,28.31
2015-06-01,Kwale,4.68,29.68
2015-06-02,Kwale,4.97,28.27
2015-06-03,Kwale,3.15,23.65
2015-06-04,Kwale,7.09,29.09
2015-06-05,Kwale,5.43,27.98
2015-06-06,Kwale,6.23,27.85
2015-06-07,Kwale,5.3,28.8
2015-06-08,Kwale,3.88,24.62
2015-06-09,Kwale,3.52,29.68
2015-06-10,Kwale,7.39,28.95
2015-06-11,Kwale,6.13,28.31
2015-06-12,Kwale,4.44,25.83
2015-06-13,Kwale,6.98,28.02
2015-06-14,Kwale,5.35,25.66
2015-06-15,Kwale,6.09,27.4
2015-06-16,Kwale,5.86,26.32
2015-06-17,Kwale,1.65,26.81
2015-06-18,Kwale,6.77,27.88
2015-06-19,Kwale,5.68,29.08
2015-06-20,Kwale,6.71,25.44
2015-06-21,Kwale,8.75,29.22
2015-06-22,Kwale,0.66,26.82
2015-06-23,Kwale,6.54,29.04
2015-06-24,Kwale,4.95,25.71
2015-06-25,Kwale,5.97,24.26
2015-06-26,Kwale,4.15,25.09
2015-06-27,Kwale,4.29,26.96
2015-06-28,Kwale,2.98,28.31
2015-06-29,Kwale,9.5,27.85
2015-06-30,Kwale,6.19,28.24
2015-07-01,Kwale,6.09,26.81
2015-07-02,Kwale,0.0,27.29
2015-07-03,Kwale,7.31,24.77
2015-07-04,Kwale,4.08,29.7
2015-07-05,Kwale,8.62,28.27
2015-07-06,Kwale,6.74,26.74
2015-07-07,Kwale,4.06,29.26
2015-07-08,Kwale,7.92,24.38
2015-07-09,Kwale,2.34,25.62
2015-07-10,Kwale,7.83,27.47
2015-07-11,Kwale,4.54,29.53
2015-07-12,Kwale,4.0,29.46
2015-07-13,Kwale,5.59,26.39
2015-07-14,Kwale,3.37,27.88
2015-07-15,Kwale,1.51,27.99
2015-07-16,Kwale,5.86,28.88
2015-07-17,Kwale,2.89,25.79
2015-07-18,Kwale,5.55,27.84
2015-07-19,Kwale,4.89,24.55
2015-07-20,Kwale,5.91,30.61
2015-07-21,Kwale,7.48,26.49
2015-07-22,Kwale,4.37,31.14
2015-07-23,Kwale,5.75,27.23
2015-07-24,Kwale,3.93,26.9
2015-07-25,Kwale,6.42,30.53
2015-07-26,Kwale,4.95,27.05
2015-07-27,Kwale,10.56,26.06
2015-07-28,Kwale,5.76,27.42
2015-07-29,Kwale,6.92,30.17
2015-07-30,Kwale,4.79,29.71
2015-07-31,Kwale,8.73,27.66
2015-08-01,Kwale,4.1,26.85
2015-08-02,Kwale,2.71,27.96
2015-08-03,Kwale,4.59,29.07
2015-08-04,Kwale,6.62,24.84
2015-08-05,Kwale,5.33,25.7
2015-08-06,Kwale,6.29,27.61
2015-08-07,Kwale,3.01,30.23
2015-08-08,Kwale,2.03,30.06
2015-08-09,Kwale,6.18,29.68
2015-08-10,Kwale,6.15,25.48
2015-08-11,Kwale,3.97,28.9
2015-08-12,Kwale,1.61,25.05
2015-08-13,Kwale,7.56,27.46
2015-08-14,Kwale,8.5,29.0
2015-08-15,Kwale,3.78,29.66
2015-08-16,Kwale,8.93,27.26
2015-08-17,Kwale,3.74,26.78
2015-08-18,Kwale,6.59,31.4
2015-08-19,Kwale,6.46,25.46
2015-08-20,Kwale,4.62,26.18
2015-08-21,Kwale,4.41,25.7
2015-08-22,Kwale,5.64,27.97
2015-08-23,Kwale,3.94,29.14
2015-08-24,Kwale,7.0,29.12
2015-08-25,Kwale,3.66,25.32
2015-08-26,Kwale,2.95,29.42
2015-08-27,Kwale,7.55,30.48
2015-08-28,Kwale,7.28,31.74
2015-08-29,Kwale,4.63,27.39
2015-08-30,Kwale,4.11,26.65
2015-08-31,Kwale,6.25,26.58
2015-09-01,Kwale,2.93,29.42
2015-09-02,Kwale,3.11,26.34
2015-09-03,Kwale,2.91,27.89
2015-09-04,Kwale,6.28,31.65
2015-09-05,Kwale,2.33,27.66
2015-09-06,Kwale,6.76,27.61
2015-09-07,Kwale,7.07,27.02
2015-09-08,Kwale,7.13,27.67
2015-09-09,Kwale,0.8,26.57
2015-09-10,Kwale,5.06,25.71
2015-09-11,Kwale,7.27,29.15
2015-09-12,Kwale,3.43,28.46
2015-09-13,Kwale,2.22,29.24
2015-09-14,Kwale,5.71,31.49
2015-09-15,Kwale,7.21,28.54
2015-09-16,Kwale,5.2,27.76
2015-09-17,Kwale,5.42,30.37
2015-09-18,Kwale,3.43,29.42
2015-09-19,Kwale,5.15,31.04
2015-09-20,Kwale,8.57,30.34
2015-09-21,Kwale,4.81,26.78
2015-09-22,Kwale,5.23,27.44
2015-09-23,Kwale,4.0,26.89
2015-09-24,Kwale,4.62,28.56
2015-09-25,Kwale,3.19,27.43
2015-09-26,Kwale,3.58,29.29
2015-09-27,Kwale,3.87,28.98
2015-09-28,Kwale,5.23,29.82
2015-09-29,Kwale,4.01,26.27
2015-09-30,Kwale,3.57,25.41
2015-10-01,Kwale,13.17,27.29
2015-10-02,Kwale,3.91,25.96
2015-10-03,Kwale,15.56,27.81
2015-10-04,Kwale,8.08,27.5
2015-10-05,Kwale,7.29,30.06
2015-10-06,Kwale,9.98,28.67
2015-10-07,Kwale,6.28,25.61
2015-10-08,Kwale,5.14,28.38
2015-10-09,Kwale,9.89,25.31
2015-10-10,Kwale,13.32,29.73
2015-10-11,Kwale,8.28,23.96
2015-10-12,Kwale,5.72,26.86
2015-10-13,Kwale,11.06,25.96
2015-10-14,Kwale,19.05,28.16
2015-10-15,Kwale,9.98,31.81
2015-10-16,Kwale,10.92,30.46
2015-10-17,Kwale,14.34,27.48
2015-10-18,Kwale,13.7,29.2
2015-10-19,Kwale,9.38,27.48
2015-10-20,Kwale,8.97,29.1
2015-10-21,Kwale,9.1,26.97
2015-10-22,Kwale,9.1,26.06
2015-10-23,Kwale,14.26,27.13
2015-10-24,Kwale,14.05,28.16
2015-10-25,Kwale,9.88,26.74
2015-10-26,Kwale,8.21,26.77
2015-10-27,Kwale,6.9,27.04
2015-10-28,Kwale,10.77,23.56
2015-10-29,Kwale,12.5,28.79
2015-10-30,Kwale,7.67,26.0
2015-10-31,Kwale,10.28,29.01
2015-11-01,Kwale,8.33,28.32
2015-11-02,Kwale,15.64,27.4
2015-11-03,Kwale,4.07,26.63
2015-11-04,Kwale,8.21,27.15
2015-11-05,Kwale,13.57,24.78
2015-11-06,Kwale,13.87,27.58
2015-11-07,Kwale,10.19,29.48
2015-11-08,Kwale,7.7,23.08
2015-11-09,Kwale,12.26,30.94
2015-11-10,Kwale,8.33,26.68
2015-11-11,Kwale,12.7,26.17
2015-11-12,Kwale,8.29,31.22
2015-11-13,Kwale,13.88,25.18
2015-11-14,Kwale,13.9,29.67
2015-11-15,Kwale,15.96,32.21
2015-11-16,Kwale,6.87,27.53
2015-11-17,Kwale,3.7,26.02
2015-11-18,Kwale,10.43,26.79
2015-11-19,Kwale,7.28,30.22
2015-11-20,Kwale,10.59,25.47
2015-11-21,Kwale,4.0,25.77
2015-11-22,Kwale,16.02,26.9
2015-11-23,Kwale,11.98,28.82
2015-11-24,Kwale,7.37,26.51
2015-11-25,Kwale,7.14,30.01
2015-11-26,Kwale,17.91,27.71
2015-11-27,Kwale,4.25,28.23
2015-11-28,Kwale,12.62,26.78
2015-11-29,Kwale,8.66,28.57
2015-11-30,Kwale,6.75,26.77
2015-12-01,Kwale,3.85,30.6
2015-12-02,Kwale,2.87,25.02
2015-12-03,Kwale,3.81,27.27
2015-12-04,Kwale,6.01,29.19
2015-12-05,Kwale,5.36,30.05
2015-12-06,Kwale,4.82,30.67
2015-12-07,Kwale,6.75,25.16
2015-12-08,Kwale,4.69,27.9
2015-12-09,Kwale,4.99,27.9
2015-12-10,Kwale,3.19,29.09
2015-12-11,Kwale,2.8,27.37
2015-12-12,Kwale,1.72,27.92
2015-12-13,Kwale,1.42,22.98
2015-12-14,Kwale,3.61,27.3
2015-12-15,Kwale,4.38,28.01
2015-12-16,Kwale,4.8,29.11
2015-12-17,Kwale,6.54,24.62
2015-12-18,Kwale,4.22,28.05
2015-12-19,Kwale,3.03,30.7
2015-12-20,Kwale,2.15,27.79
2015-12-21,Kwale,5.22,27.55
2015-12-22,Kwale,5.03,29.58
2015-12-23,Kwale,5.23,27.34
2015-12-24,Kwale,4.09,26.73
2015-12-25,Kwale,6.15,28.51
2015-12-26,Kwale,8.28,22.31
2015-12-27,Kwale,7.99,27.44
2015-12-28,Kwale,5.2,28.05
2015-12-29,Kwale,6.92,29.03
2015-12-30,Kwale,6.25,26.28
2015-12-31,Kwale,3.68,29.03
2016-01-01,Kwale,4.18,28.47
2016-01-02,Kwale,2.55,29.66
2016-01-03,Kwale,3.26,26.98
2016-01-04,Kwale,4.23,29.81
2016-01-05,Kwale,3.72,29.32
2016-01-06,Kwale,6.84,26.68
2016-01-07,Kwale,5.32,30.45
2016-01-08,Kwale,6.79,29.8
2016-01-09,Kwale,4.68,32.64
2016-01-10,Kwale,7.9,25.32
2016-01-11,Kwale,4.02,27.91
2016-01-12,Kwale,5.45,25.58
2016-01-13,Kwale,4.56,24.1
2016-01-14,Kwale,1.84,26.28
2016-01-15,Kwale,3.73,26.8
2016-01-16,Kwale,5.92,30.89
2016-01-17,Kwale,3.23,26.15
2016-01-18,Kwale,0.0,27.18
2016-01-19,Kwale,6.13,29.54
2016-01-20,Kwale,2.07,24.65
2016-01-21,Kwale,5.38,28.2
2016-01-22,Kwale,2.01,29.74
2016-01-23,Kwale,5.37,26.81
2016-01-24,Kwale,3.73,28.45
2016-01-25,Kwale,5.81,29.95
2016-01-26,Kwale,3.62,31.57
2016-01-27,Kwale,6.06,27.84
2016-01-28,Kwale,4.46,26.99
2016-01-29,Kwale,6.78,29.5
2016-01-30,Kwale,6.03,29.37
2016-01-31,Kwale,4.45,28.29
2016-02-01,Kwale,6.48,28.93
2016-02-02,Kwale,3.56,25.56
2016-02-03,Kwale,3.09,25.65
2016-02-04,Kwale,6.68,23.33
2016-02-05,Kwale,1.71,25.29
2016-02-06,Kwale,4.6,29.27
2016-02-07,Kwale,8.94,28.14
2016-02-08,Kwale,3.36,26.96
2016-02-09,Kwale,2.63,30.43
2016-02-10,Kwale,0.0,25.68
2016-02-11,Kwale,6.39,25.49
2016-02-12,Kwale,9.04,24.95
2016-02-13,Kwale,6.42,28.08
2016-02-14,Kwale,6.82,27.69
2016-02-15,Kwale,2.94,24.78
2016-02-16,Kwale,0.24,27.88
2016-02-17,Kwale,1.38,30.76
2016-02-18,Kwale,3.68,28.75
2016-02-19,Kwale,2.29,31.6
2016-02-20,Kwale,4.02,25.58
2016-02-21,Kwale,3.15,28.56
2016-02-22,Kwale,4.51,26.5
2016-02-23,Kwale,5.87,28.45
2016-02-24,Kwale,4.84,24.9
2016-02-25,Kwale,4.3,28.65
2016-02-26,Kwale,4.41,25.44
2016-02-27,Kwale,2.83,25.09
2016-02-28,Kwale,2.87,25.82
2016-02-29,Kwale,4.47,27.8
2016-03-01,Kwale,28.29,26.53
2016-03-02,Kwale,22.02,27.36
2016-03-03,Kwale,13.27,30.03
2016-03-04,Kwale,14.7,27.65
2016-03-05,Kwale,8.85,27.03
2016-03-06,Kwale,16.66,26.98
2016-03-07,Kwale,11.03,27.39
2016-03-08,Kwale,10.65,29.24
2016-03-09,Kwale,22.52,26.11
2016-03-10,Kwale,11.43,26.8
2016-03-11,Kwale,14.47,27.45
2016-03-12,Kwale,24.85,27.46
2016-03-13,Kwale,6.97,25.6
2016-03-14,Kwale,7.45,27.1
2016-03-15,Kwale,10.86,26.86
2016-03-16,Kwale,15.59,29.31
2016-03-17,Kwale,18.26,29.84
2016-03-18,Kwale,14.87,29.61
2016-03-19,Kwale,18.07,27.71
2016-03-20,Kwale,8.17,29.93
2016-03-21,Kwale,19.26,25.48
2016-03-22,Kwale,8.55,30.07
2016-03-23,Kwale,9.01,26.18
2016-03-24,Kwale,14.81,29.13
2016-03-25,Kwale,23.5,27.21
2016-03-26,Kwale,26.34,24.71
2016-03-27,Kwale,14.65,29.21
2016-03-28,Kwale,7.21,25.81
2016-03-29,Kwale,12.78,25.21
2016-03-30,Kwale,2.32,28.12
2016-03-31,Kwale,24.31,28.3
2016-04-01,Kwale,11.3,26.37
2016-04-02,Kwale,19.74,27.16
2016-04-03,Kwale,18.84,31.73
2016-04-04,Kwale,11.05,23.67
2016-04-05,Kwale,7.74,28.38
2016-04-06,Kwale,15.56,30.25
2016-04-07,Kwale,16.01,23.51
2016-04-08,Kwale,14.94,28.12
2016-04-09,Kwale,13.52,26.57
2016-04-10,Kwale,17.87,25.78
2016-04-11,Kwale,10.09,27.91
2016-04-12,Kwale,11.01,29.44
2016-04-13,Kwale,18.45,26.7
2016-04-14,Kwale,10.16,24.12
2016-04-15,Kwale,14.25,31.41
2016-04-16,Kwale,15.96,24.3
2016-04-17,Kwale,14.99,25.5
2016-04-18,Kwale,26.73,28.8
2016-04-19,Kwale,16.08,31.42
2016-04-20,Kwale,16.01,26.68
2016-04-21,Kwale,21.83,27.49
2016-04-22,Kwale,7.93,27.8
2016-04-23,Kwale,26.1,28.69
2016-04-24,Kwale,14.62,29.69
2016-04-25,Kwale,9.6,26.92
2016-04-26,Kwale,13.35,25.88
2016-04-27,Kwale,18.86,27.97
2016-04-28,Kwale,17.24,27.87
2016-04-29,Kwale,8.31,26.56
2016-04-30,Kwale,21.74,30.03
2016-05-01,Kwale,6.42,23.06
2016-05-02,Kwale,11.64,30.25
2016-05-03,Kwale,14.64,27.17
2016-05-04,Kwale,18.59,28.36
2016-05-05,Kwale,11.12,30.06
2016-05-06,Kwale,14.03,29.69
2016-05-07,Kwale,16.82,29.74
2016-05-08,Kwale,11.73,26.54
2016-05-09,Kwale,15.79,29.64
2016-05-10,Kwale,16.59,31.96
2016-05-11,Kwale,5.37,27.43
2016-05-12,Kwale,4.09,28.33
2016-05-13,Kwale,12.77,26.88
2016-05-14,Kwale,18.9,28.35
2016-05-15,Kwale,20.42,28.17
2016-05-16,Kwale,8.11,28.59
2016-05-17,Kwale,13.69,26.7
2016-05-18,Kwale,11.48,31.39
2016-05-19,Kwale,23.18,27.77
2016-05-20,Kwale,19.18,28.62
2016-05-21,Kwale,27.59,31.44
2016-05-22,Kwale,12.9,31.15
2016-05-23,Kwale,17.61,29.22
2016-05-24,Kwale,6.93,31.91
2016-05-25,Kwale,9.78,26.26
2016-05-26,Kwale,6.49,29.18
2016-05-27,Kwale,16.31,30.92
2016-05-28,Kwale,7.78,24.06
2016-05-29,Kwale,14.44,30.48
2016-05-30,Kwale,19.68,29.93
2016-05-31,Kwale,19.0,28.9
2016-06-01,Kwale,5.05,30.74
2016-06-02,Kwale,1.66,27.94
2016-06-03,Kwale,8.6,27.43
2016-06-04,Kwale,2.5,30.83
2016-06-05,Kwale,1.44,27.54
2016-06-06,Kwale,5.93,26.61
2016-06-07,Kwale,3.92,30.95
2016-06-08,Kwale,2.22,24.5
2016-06-09,Kwale,5.51,33.47
2016-06-10,Kwale,4.33,26.86
2016-06-11,Kwale,6.74,26.29
2016-06-12,Kwale,4.74,32.47
2016-06-13,Kwale,7.7,28.88
2016-06-14,Kwale,4.41,28.45
2016-06-15,Kwale,5.44,28.81
2016-06-16,Kwale,5.93,32.23
2016-06-17,Kwale,9.37,26.85
2016-06-18,Kwale,6.38,27.78
2016-06-19,Kwale,8.05,31.58
2016-06-20,Kwale,3.37,28.24
2016-06-21,Kwale,6.21,29.46
2016-06-22,Kwale,6.15,29.12
2016-06-23,Kwale,1.81,28.09
2016-06-24,Kwale,5.56,28.82
2016-06-25,Kwale,5.86,25.2
2016-06-26,Kwale,4.41,28.37
2016-06-27,Kwale,3.55,29.08
2016-06-28,Kwale,6.48,30.6
2016-06-29,Kwale,6.0,30.19
2016-06-30,Kwale,7.3,26.75
2016-07-01,Kwale,6.59,29.96
2016-07-02,Kwale,4.34,28.22
2016-07-03,Kwale,2.7,25.52
2016-07-04,Kwale,1.38,27.7
2016-07-05,Kwale,1.72,25.04
2016-07-06,Kwale,4.26,26.35
2016-07-07,Kwale,5.39,28.13
2016-07-08,Kwale,7.04,25.12
2016-07-09,Kwale,5.42,28.71
2016-07-10,Kwale,5.36,29.91
2016-07-11,Kwale,2.2,26.61
2016-07-12,Kwale,5.56,29.98
2016-07-13,Kwale,7.21,29.46
2016-07-14,Kwale,4.87,26.85
2016-07-15,Kwale,3.15,26.23
2016-07-16,Kwale,6.4,27.36
2016-07-17,Kwale,10.56,27.41
2016-07-18,Kwale,7.83,26.14
2016-07-19,Kwale,3.1,23.36
2016-07-20,Kwale,3.73,29.89
2016-07-21,Kwale,8.46,24.34
2016-07-22,Kwale,3.3,25.58
2016-07-23,Kwale,2.27,28.9
2016-07-24,Kwale,5.59,24.65
2016-07-25,Kwale,5.43,32.32
2016-07-26,Kwale,4.43,25.67
2016-07-27,Kwale,6.38,27.37
2016-07-28,Kwale,2.31,26.75
2016-07-29,Kwale,5.95,28.07
2016-07-30,Kwale,2.7,27.86
2016-07-31,Kwale,5.06,32.14
2016-08-01,Kwale,4.95,29.25
2016-08-02,Kwale,6.21,29.87
2016-08-03,Kwale,4.41,28.97
2016-08-04,Kwale,5.48,27.73
2016-08-05,Kwale,3.75,29.63
2016-08-06,Kwale,6.75,26.61
2016-08-07,Kwale,4.57,27.83
2016-08-08,Kwale,3.52,26.13
2016-08-09,Kwale,5.02,30.15
2016-08-10,Kwale,6.6,26.77
2016-08-11,Kwale,6.56,28.01
2016-08-12,Kwale,4.81,27.18
2016-08-13,Kwale,1.05,28.11
2016-08-14,Kwale,9.65,29.29
2016-08-15,Kwale,3.58,28.7
2016-08-16,Kwale,7.76,26.68
2016-08-17,Kwale,4.48,29.29
2016-08-18,Kwale,7.8,26.89
2016-08-19,Kwale,5.56,26.42
2016-08-20,Kwale,2.0,26.64
2016-08-21,Kwale,3.67,30.79
2016-08-22,Kwale,2.5,27.8
2016-08-23,Kwale,2.13,30.44
2016-08-24,Kwale,2.98,26.93
2016-08-25,Kwale,5.77,27.97
2016-08-26,Kwale,8.82,27.68
2016-08-27,Kwale,3.51,28.17
2016-08-28,Kwale,7.27,28.04
2016-08-29,Kwale,0.0,26.73
2016-08-30,Kwale,6.06,28.56
2016-08-31,Kwale,6.78,30.52
2016-09-01,Kwale,4.32,29.94
2016-09-02,Kwale,4.15,25.64
2016-09-03,Kwale,3.95,25.08
2016-09-04,Kwale,6.53,29.04
2016-09-05,Kwale,0.92,30.71
2016-09-06,Kwale,2.01,28.19
2016-09-07,Kwale,6.55,28.86
2016-09-08,Kwale,4.4,24.56
2016-09-09,Kwale,6.06,25.61
2016-09-10,Kwale,6.06,29.34
2016-09-11,Kwale,4.92,31.17
2016-09-12,Kwale,2.59,27.17
2016-09-13,Kwale,1.47,28.19
2016-09-14,Kwale,7.69,28.85
2016-09-15,Kwale,3.29,29.23
2016-09-16,Kwale,3.78,27.67
2016-09-17,Kwale,4.92,29.17
2016-09-18,Kwale,9.12,25.82
2016-09-19,Kwale,2.14,27.83
2016-09-20,Kwale,8.13,26.16
2016-09-21,Kwale,1.39,28.48
2016-09-22,Kwale,5.73,34.17
2016-09-23,Kwale,3.83,28.83
2016-09-24,Kwale,3.06,27.7
2016-09-25,Kwale,3.26,28.84
2016-09-26,Kwale,8.3,28.98
2016-09-27,Kwale,8.02,27.31
2016-09-28,Kwale,2.99,27.29
2016-09-29,Kwale,4.09,27.89
2016-09-30,Kwale,4.11,28.96
2016-10-01,Kwale,7.87,28.51
2015-01-01,Kilifi,3.25,34.19
2015-01-02,Kilifi,7.01,24.11
2015-01-03,Kilifi,3.95,29.69
2015-01-04,Kilifi,3.83,31.19
2015-01-05,Kilifi,4.51,27.91
2015-01-06,Kilifi,3.13,25.99
2015-01-07,Kilifi,5.5,33.39
2015-01-08,Kilifi,3.97,23.43
2015-01-09,Kilifi,4.47,26.18
2015-01-10,Kilifi,6.57,31.59
2015-01-11,Kilifi,3.04,27.01
2015-01-12,Kilifi,6.37,31.8
2015-01-13,Kilifi,5.25,28.72
2015-01-14,Kilifi,2.83,29.88
2015-01-15,Kilifi,4.32,32.55
2015-01-16,Kilifi,6.23,28.01
2015-01-17,Kilifi,2.86,27.5
2015-01-18,Kilifi,3.44,26.05
2015-01-19,Kilifi,4.9,27.93
2015-01-20,Kilifi,0.98,28.14
2015-01-21,Kilifi,3.62,31.11
2015-01-22,Kilifi,5.44,24.75
2015-01-23,Kilifi,5.0,26.41
2015-01-24,Kilifi,4.58,27.74
2015-01-25,Kilifi,6.49,30.29
2015-01-26,Kilifi,4.45,29.81
2015-01-27,Kilifi,5.24,28.12
2015-01-28,Kilifi,4.17,31.77
2015-01-29,Kilifi,3.41,27.86
2015-01-30,Kilifi,4.68,30.28
2015-01-31,Kilifi,5.36,24.31
2015-02-01,Kilifi,6.69,25.94
2015-02-02,Kilifi,2.82,30.54
2015-02-03,Kilifi,4.5,26.65
2015-02-04,Kilifi,4.58,31.51
2015-02-05,Kilifi,2.74,26.83
2015-02-06,Kilifi,10.01,29.87
2015-02-07,Kilifi,3.81,24.86
2015-02-08,Kilifi,2.55,25.47
2015-02-09,Kilifi,0.3,25.83
2015-02-10,Kilifi,4.11,23.36
2015-02-11,Kilifi,6.82,25.76
2015-02-12,Kilifi,5.15,24.49
2015-02-13,Kilifi,3.49,28.95
2015-02-14,Kilifi,7.92,25.05
2015-02-15,Kilifi,5.51,28.88
2015-02-16,Kilifi,2.75,25.03
2015-02-17,Kilifi,3.68,28.37
2015-02-18,Kilifi,4.87,29.57
2015-02-19,Kilifi,4.69,27.3
2015-02-20,Kilifi,2.48,23.87
2015-02-21,Kilifi,5.44,25.86
2015-02-22,Kilifi,8.71,23.31
2015-02-23,Kilifi,4.28,27.45
2015-02-24,Kilifi,4.73,25.88
2015-02-25,Kilifi,4.25,29.18
2015-02-26,Kilifi,4.64,27.98
2015-02-27,Kilifi,4.36,22.8
2015-02-28,Kilifi,6.55,26.24
2015-03-01,Kilifi,19.59,27.39
2015-03-02,Kilifi,8.19,27.42
2015-03-03,Kilifi,21.53,25.4
2015-03-04,Kilifi,12.9,32.12
2015-03-05,Kilifi,17.58,28.51
2015-03-06,Kilifi,19.95,28.84
2015-03-07,Kilifi,15.33,25.46
2015-03-08,Kilifi,8.72,29.2
2015-03-09,Kilifi,17.05,29.44
2015-03-10,Kilifi,20.65,27.13
2015-03-11,Kilifi,23.27,29.62
2015-03-12,Kilifi,15.74,30.27
2015-03-13,Kilifi,15.79,26.18
2015-03-14,Kilifi,15.44,26.84
2015-03-15,Kilifi,22.48,28.62
2015-03-16,Kilifi,14.4,28.74
2015-03-17,Kilifi,13.06,25.31
2015-03-18,Kilifi,16.43,30.56
2015-03-19,Kilifi,7.62,26.73
2015-03-20,Kilifi,26.65,27.35
2015-03-21,Kilifi,8.84,25.45
2015-03-22,Kilifi,11.61,26.15
2015-03-23,Kilifi,9.55,27.28
2015-03-24,Kilifi,24.7,26.61
2015-03-25,Kilifi,26.11,29.98
2015-03-26,Kilifi,24.07,25.16
2015-03-27,Kilifi,6.11,29.42
2015-03-28,Kilifi,23.33,24.44
2015-03-29,Kilifi,17.87,28.14
2015-03-30,Kilifi,16.02,26.24
2015-03-31,Kilifi,9.85,27.12
2015-04-01,Kilifi,14.96,27.96
2015-04-02,Kilifi,15.99,26.6
2015-04-03,Kilifi,20.23,29.72
2015-04-04,Kilifi,22.56,23.94
2015-04-05,Kilifi,21.39,27.13
2015-04-06,Kilifi,13.55,30.25
2015-04-07,Kilifi,13.09,29.77
2015-04-08,Kilifi,7.46,26.98
2015-04-09,Kilifi,9.74,28.24
2015-04-10,Kilifi,17.22,29.71
2015-04-11,Kilifi,7.63,28.03
2015-04-12,Kilifi,7.54,30.02
2015-04-13,Kilifi,22.76,27.24
2015-04-14,Kilifi,4.0,28.92
2015-04-15,Kilifi,20.88,28.36
2015-04-16,Kilifi,11.24,28.16
2015-04-17,Kilifi,2.56,30.52
2015-04-18,Kilifi,17.78,29.51
2015-04-19,Kilifi,20.17,25.68
2015-04-20,Kilifi,18.58,27.53
2015-04-21,Kilifi,15.14,33.37
2015-04-22,Kilifi,12.74,27.98
2015-04-23,Kilifi,10.14,30.4
2015-04-24,Kilifi,21.12,30.88
2015-04-25,Kilifi,14.62,29.4
2015-04-26,Kilifi,13.85,29.14
2015-04-27,Kilifi,9.34,31.67
2015-04-28,Kilifi,23.57,29.32
2015-04-29,Kilifi,19.23,25.99
2015-04-30,Kilifi,18.02,25.49
2015-05-01,Kilifi,16.65,26.23
2015-05-02,Kilifi,14.19,26.03
2015-05-03,Kilifi,8.78,28.64
2015-05-04,Kilifi,15.11,29.5
2015-05-05,Kilifi,11.74,25.26
2015-05-06,Kilifi,16.3,28.19
2015-05-07,Kilifi,18.27,24.47
2015-05-08,Kilifi,30.0,27.64
2015-05-09,Kilifi,9.24,28.29
2015-05-10,Kilifi,24.57,29.99
2015-05-11,Kilifi,16.12,27.79
2015-05-12,Kilifi,4.35,29.62
2015-05-13,Kilifi,17.0,28.66
2015-05-14,Kilifi,27.01,29.89
2015-05-15,Kilifi,11.31,29.18
2015-05-16,Kilifi,13.62,27.93
2015-05-17,Kilifi,13.5,28.33
2015-05-18,Kilifi,9.2,25.74
2015-05-19,Kilifi,5.72,24.98
2015-05-20,Kilifi,31.94,26.03
2015-05-21,Kilifi,6.72,32.11
2015-05-22,Kilifi,19.07,31.31
2015-05-23,Kilifi,14.62,27.13
2015-05-24,Kilifi,10.47,27.42
2015-05-25,Kilifi,12.35,26.81
2015-05-26,Kilifi,18.46,27.46
2015-05-27,Kilifi,14.23,26.54
2015-05-28,Kilifi,16.73,28.03
2015-05-29,Kilifi,18.22,30.03
2015-05-30,Kilifi,23.22,25.13
2015-05-31,Kilifi,13.75,26.95
2015-06-01,Kilifi,5.56,24.16
2015-06-02,Kilifi,4.16,29.73
2015-06-03,Kilifi,5.39,29.1
2015-06-04,Kilifi,4.79,26.81
2015-06-05,Kilifi,4.3,27.4
2015-06-06,Kilifi,3.42,25.32
2015-06-07,Kilifi,4.9,28.31
2015-06-08,Kilifi,4.87,29.24
2015-06-09,Kilifi,6.38,23.85
2015-06-10,Kilifi,3.43,27.91
2015-06-11,Kilifi,6.46,30.01
2015-06-12,Kilifi,8.54,28.77
2015-06-13,Kilifi,0.88,28.04
2015-06-14,Kilifi,3.8,29.69
2015-06-15,Kilifi,4.02,28.57
2015-06-16,Kilifi,10.62,29.48
2015-06-17,Kilifi,5.5,29.33
2015-06-18,Kilifi,0.0,27.93
2015-06-19,Kilifi,3.99,25.73
2015-06-20,Kilifi,1.56,29.95
2015-06-21,Kilifi,7.28,27.39
2015-06-22,Kilifi,7.3,29.6
2015-06-23,Kilifi,1.17,29.52
2015-06-24,Kilifi,3.11,29.39
2015-06-25,Kilifi,0.63,29.15
2015-06-26,Kilifi,6.94,29.94
2015-06-27,Kilifi,4.4,26.62
2015-06-28,Kilifi,3.4,24.31
2015-06-29,Kilifi,5.95,27.52
2015-06-30,Kilifi,7.12,28.93
2015-07-01,Kilifi,6.32,27.45
2015-07-02,Kilifi,6.95,27.98
2015-07-03,Kilifi,3.07,28.05
2015-07-04,Kilifi,5.16,28.23
2015-07-05,Kilifi,5.79,27.65
2015-07-06,Kilifi,5.3,26.08
2015-07-07,Kilifi,1.84,27.69
2015-07-08,Kilifi,4.47,25.45
2015-07-09,Kilifi,3.36,25.36
2015-07-10,Kilifi,6.03,30.1
2015-07-11,Kilifi,3.68,28.81
2015-07-12,Kilifi,4.7,30.12
2015-07-13,Kilifi,5.13,27.62
2015-07-14,Kilifi,8.18,26.42
2015-07-15,Kilifi,5.13,27.74
2015-07-16,Kilifi,8.5,30.14
2015-07-17,Kilifi,3.44,27.95
2015-07-18,Kilifi,2.7,29.04
2015-07-19,Kilifi,6.85,25.96
2015-07-20,Kilifi,5.02,30.37
2015-07-21,Kilifi,4.63,29.42
2015-07-22,Kilifi,6.02,30.62
2015-07-23,Kilifi,5.44,30.59
2015-07-24,Kilifi,2.59,26.52
2015-07-25,Kilifi,2.56,28.91
2015-07-26,Kilifi,5.01,29.84
2015-07-27,Kilifi,2.85,27.74
2015-07-28,Kilifi,5.48,29.56
2015-07-29,Kilifi,4.2,28.1
2015-07-30,Kilifi,5.4,27.31
2015-07-31,Kilifi,3.81,28.16
2015-08-01,Kilifi,8.18,27.15
2015-08-02,Kilifi,5.2,32.5
2015-08-03,Kilifi,4.11,28.34
2015-08-04,Kilifi,2.25,24.82
2015-08-05,Kilifi,7.79,29.13
2015-08-06,Kilifi,5.96,28.57
2015-08-07,Kilifi,4.65,25.61
2015-08-08,Kilifi,5.0,28.71
2015-08-09,Kilifi,5.08,27.1
2015-08-10,Kilifi,4.36,27.14
2015-08-11,Kilifi,4.1,28.81
2015-08-12,Kilifi,7.15,27.3
2015-08-13,Kilifi,6.91,28.9
2015-08-14,Kilifi,3.92,30.56
2015-08-15,Kilifi,3.78,32.02
2015-08-16,Kilifi,4.53,28.39
2015-08-17,Kilifi,7.94,30.44
2015-08-18,Kilifi,9.34,26.54
2015-08-19,Kilifi,5.23,28.1
2015-08-20,Kilifi,4.26,27.97
2015-08-21,Kilifi,6.52,28.68
2015-08-22,Kilifi,8.8,30.29
2015-08-23,Kilifi,2.74,30.81
2015-08-24,Kilifi,4.37,30.01
2015-08-25,Kilifi,7.32,29.33
2015-08-26,Kilifi,2.49,25.24
2015-08-27,Kilifi,4.73,24.5
2015-08-28,Kilifi,5.41,23.63
2015-08-29,Kilifi,6.71,28.82
2015-08-30,Kilifi,5.64,24.69
2015-08-31,Kilifi,4.71,26.32
2015-09-01,Kilifi,5.8,27.0
2015-09-02,Kilifi,8.2,30.88
2015-09-03,Kilifi,3.08,29.69
2015-09-04,Kilifi,6.1,26.44
2015-09-05,Kilifi,4.52,27.6
2015-09-06,Kilifi,6.43,26.65
2015-09-07,Kilifi,3.83,29.67
2015-09-08,Kilifi,3.18,28.06
2015-09-09,Kilifi,0.94,25.67
2015-09-10,Kilifi,4.78,29.58
2015-09-11,Kilifi,7.7,28.01
2015-09-12,Kilifi,1.44,29.9
2015-09-13,Kilifi,4.71,26.82
2015-09-14,Kilifi,4.57,24.99
2015-09-15,Kilifi,4.96,23.57
2015-09-16,Kilifi,6.0,27.38
2015-09-17,Kilifi,6.17,28.55
2015-09-18,Kilifi,8.31,29.92
2015-09-19,Kilifi,7.54,28.47
2015-09-20,Kilifi,4.01,28.56
2015-09-21,Kilifi,4.41,25.87
2015-09-22,Kilifi,9.73,30.36
2015-09-23,Kilifi,4.67,29.78
2015-09-24,Kilifi,6.86,26.38
2015-09-25,Kilifi,6.0,26.28
2015-09-26,Kilifi,3.38,25.9
2015-09-27,Kilifi,3.01,27.03
2015-09-28,Kilifi,5.98,28.32
2015-09-29,Kilifi,8.48,26.91
2015-09-30,Kilifi,2.55,30.97
2015-10-01,Kilifi,7.69,29.24
2015-10-02,Kilifi,9.73,27.45
2015-10-03,Kilifi,9.43,28.38
2015-10-04,Kilifi,5.8,26.88
2015-10-05,Kilifi,7.94,24.17
2015-10-06,Kilifi,19.03,28.45
2015-10-07,Kilifi,11.75,30.1
2015-10-08,Kilifi,6.47,27.64
2015-10-09,Kilifi,11.62,26.42
2015-10-10,Kilifi,12.16,27.78
2015-10-11,Kilifi,7.67,28.08
2015-10-12,Kilifi,12.21,29.17
2015-10-13,Kilifi,17.49,31.77
2015-10-14,Kilifi,10.24,28.69
2015-10-15,Kilifi,5.88,29.26
2015-10-16,Kilifi,7.29,27.46
2015-10-17,Kilifi,11.34,27.01
2015-10-18,Kilifi,5.34,24.56
2015-10-19,Kilifi,10.77,27.39
2015-10-20,Kilifi,3.63,30.23
2015-10-21,Kilifi,4.01,28.45
2015-10-22,Kilifi,12.74,30.76
2015-10-23,Kilifi,7.72,27.6
2015-10-24,Kilifi,11.1,26.18
2015-10-25,Kilifi,6.82,29.29
2015-10-26,Kilifi,12.89,31.21
2015-10-27,Kilifi,7.82,29.21
2015-10-28,Kilifi,12.84,28.7
2015-10-29,Kilifi,13.43,27.41
2015-10-30,Kilifi,12.23,32.86
2015-10-31,Kilifi,12.1,29.28
2015-11-01,Kilifi,15.64,28.63
2015-11-02,Kilifi,7.27,29.36
2015-11-03,Kilifi,10.81,27.82
2015-11-04,Kilifi,12.7,27.74
2015-11-05,Kilifi,9.35,27.91
2015-11-06,Kilifi,9.17,31.53
2015-11-07,Kilifi,10.89,23.43
2015-11-08,Kilifi,10.83,26.62
2015-11-09,Kilifi,14.97,26.55
2015-11-10,Kilifi,8.29,26.8
2015-11-11,Kilifi,6.92,27.2
2015-11-12,Kilifi,10.8,26.88
2015-11-13,Kilifi,10.06,28.84
2015-11-14,Kilifi,12.44,26.38
2015-11-15,Kilifi,7.97,26.08
2015-11-16,Kilifi,9.17,29.17
2015-11-17,Kilifi,6.48,32.54
2015-11-18,Kilifi,14.15,28.1
2015-11-19,Kilifi,7.74,27.93
2015-11-20,Kilifi,11.49,30.04
2015-11-21,Kilifi,12.57,26.25
2015-11-22,Kilifi,11.25,31.04
2015-11-23,Kilifi,9.5,26.04
2015-11-24,Kilifi,13.17,29.45
2015-11-25,Kilifi,4.25,28.88
2015-11-26,Kilifi,3.16,29.29
2015-11-27,Kilifi,19.28,25.26
2015-11-28,Kilifi,12.16,30.52
2015-11-29,Kilifi,7.04,29.54
2015-11-30,Kilifi,9.64,26.97
2015-12-01,Kilifi,3.24,30.68
2015-12-02,Kilifi,3.52,34.91
2015-12-03,Kilifi,6.69,29.59
2015-12-04,Kilifi,6.12,31.29
2015-12-05,Kilifi,7.41,30.76
2015-12-06,Kilifi,0.0,27.67
2015-12-07,Kilifi,2.11,28.63
2015-12-08,Kilifi,4.13,30.19
2015-12-09,Kilifi,2.32,24.26
2015-12-10,Kilifi,1.06,26.96
2015-12-11,Kilifi,7.44,23.29
2015-12-12,Kilifi,5.14,28.86
2015-12-13,Kilifi,0.0,29.96
2015-12-14,Kilifi,3.29,29.54
2015-12-15,Kilifi,5.43,28.34
2015-12-16,Kilifi,5.21,28.85
2015-12-17,Kilifi,5.09,26.44
2015-12-18,Kilifi,4.05,29.74
2015-12-19,Kilifi,3.58,28.12
2015-12-20,Kilifi,7.19,28.91
2015-12-21,Kilifi,4.29,26.41
2015-12-22,Kilifi,7.86,25.08
2015-12-23,Kilifi,1.82,30.69
2015-12-24,Kilifi,7.96,22.72
2015-12-25,Kilifi,7.32,31.25
2015-12-26,Kilifi,5.19,28.28
2015-12-27,Kilifi,3.85,29.1
2015-12-28,Kilifi,3.88,25.77
2015-12-29,Kilifi,4.76,29.78
2015-12-30,Kilifi,8.08,25.41
2015-12-31,Kilifi,5.95,26.86
2016-01-01,Kilifi,6.3,29.19
2016-01-02,Kilifi,2.39,25.69
2016-01-03,Kilifi,4.37,29.12
2016-01-04,Kilifi,7.76,28.63
2016-01-05,Kilifi,3.74,24.39
2016-01-06,Kilifi,7.36,27.44
2016-01-07,Kilifi,4.49,24.52
2016-01-08,Kilifi,4.35,29.11
2016-01-09,Kilifi,4.49,28.64
2016-01-10,Kilifi,4.76,29.48
2016-01-11,Kilifi,6.85,27.61
2016-01-12,Kilifi,5.42,26.53
2016-01-13,Kilifi,3.11,27.53
2016-01-14,Kilifi,3.83,25.56
2016-01-15,Kilifi,3.92,23.74
2016-01-16,Kilifi,8.28,25.1
2016-01-17,Kilifi,5.27,26.93
2016-01-18,Kilifi,5.9,28.51
2016-01-19,Kilifi,5.68,25.22
2016-01-20,Kilifi,4.23,32.57
2016-01-21,Kilifi,7.29,28.87
2016-01-22,Kilifi,6.03,25.52
2016-01-23,Kilifi,5.56,26.45
2016-01-24,Kilifi,3.74,28.0
2016-01-25,Kilifi,5.87,29.87
2016-01-26,Kilifi,2.21,26.86
2016-01-27,Kilifi,3.85,28.43
2016-01-28,Kilifi,2.74,25.31
2016-01-29,Kilifi,4.17,29.24
2016-01-30,Kilifi,3.82,29.5
2016-01-31,Kilifi,4.86,27.14
2016-02-01,Kilifi,3.61,29.52
2016-02-02,Kilifi,0.27,28.54
2016-02-03,Kilifi,7.09,27.01
2016-02-04,Kilifi,8.73,27.68
2016-02-05,Kilifi,1.54,26.64
2016-02-06,Kilifi,5.55,28.09
2016-02-07,Kilifi,4.73,26.83
2016-02-08,Kilifi,5.05,26.47
2016-02-09,Kilifi,4.61,28.5
2016-02-10,Kilifi,5.74,27.0
2016-02-11,Kilifi,6.57,26.99
2016-02-12,Kilifi,4.11,28.22
2016-02-13,Kilifi,7.47,30.15
2016-02-14,Kilifi,5.7,30.49
2016-02-15,Kilifi,6.95,27.75
2016-02-16,Kilifi,1.66,27.17
2016-02-17,Kilifi,5.29,27.97
2016-02-18,Kilifi,2.34,25.83
2016-02-19,Kilifi,2.57,27.94
2016-02-20,Kilifi,5.0,25.54
2016-02-21,Kilifi,9.16,27.52
2016-02-22,Kilifi,4.82,28.85
2016-02-23,Kilifi,8.3,27.0
2016-02-24,Kilifi,6.87,26.55
2016-02-25,Kilifi,7.5,29.35
2016-02-26,Kilifi,7.4,26.72
2016-02-27,Kilifi,5.94,26.54
2016-02-28,Kilifi,5.3,27.36
2016-02-29,Kilifi,7.65,26.32
2016-03-01,Kilifi,16.46,30.02
2016-03-02,Kilifi,15.89,31.53
2016-03-03,Kilifi,15.08,29.38
2016-03-04,Kilifi,19.22,27.41
2016-03-05,Kilifi,10.26,24.48
2016-03-06,Kilifi,19.11,26.89
2016-03-07,Kilifi,16.73,28.41
2016-03-08,Kilifi,10.7,30.13
2016-03-09,Kilifi,18.13,28.89
2016-03-10,Kilifi,18.6,30.24
2016-03-11,Kilifi,10.08,27.87
2016-03-12,Kilifi,6.98,27.27
2016-03-13,Kilifi,11.76,29.04
2016-03-14,Kilifi,15.14,27.87
2016-03-15,Kilifi,11.11,26.51
2016-03-16,Kilifi,16.09,27.63
2016-03-17,Kilifi,14.29,24.75
2016-03-18,Kilifi,25.14,27.29
2016-03-19,Kilifi,9.4,23.88
2016-03-20,Kilifi,3.76,28.08
2016-03-21,Kilifi,15.67,29.24
2016-03-22,Kilifi,15.22,27.68
2016-03-23,Kilifi,9.63,26.85
2016-03-24,Kilifi,19.0,28.05
2016-03-25,Kilifi,29.34,22.49
2016-03-26,Kilifi,1.78,30.5
2016-03-27,Kilifi,14.77,21.71
2016-03-28,Kilifi,10.83,27.92
2016-03-29,Kilifi,21.97,30.45
2016-03-30,Kilifi,12.43,28.62
2016-03-31,Kilifi,20.71,25.21
2016-04-01,Kilifi,8.94,29.73
2016-04-02,Kilifi,21.7,27.83
2016-04-03,Kilifi,15.74,31.22
2016-04-04,Kilifi,13.61,25.82
2016-04-05,Kilifi,25.79,25.07
2016-04-06,Kilifi,22.59,29.52
2016-04-07,Kilifi,22.69,27.75
2016-04-08,Kilifi,21.71,27.34
2016-04-09,Kilifi,14.85,29.41
2016-04-10,Kilifi,20.57,28.37
2016-04-11,Kilifi,17.96,27.96
2016-04-12,Kilifi,11.91,26.1
2016-04-13,Kilifi,24.23,31.28
2016-04-14,Kilifi,14.17,25.7
2016-04-15,Kilifi,13.75,28.08
2016-04-16,Kilifi,10.92,29.0
2016-04-17,Kilifi,3.82,29.17
2016-04-18,Kilifi,23.78,33.51
2016-04-19,Kilifi,17.37,26.06
2016-04-20,Kilifi,15.35,31.34
2016-04-21,Kilifi,8.78,26.08
2016-04-22,Kilifi,20.17,24.14
2016-04-23,Kilifi,19.12,26.19
2016-04-24,Kilifi,14.48,28.81
2016-04-25,Kilifi,15.75,28.96
2016-04-26,Kilifi,14.93,28.29
2016-04-27,Kilifi,17.71,31.65
2016-04-28,Kilifi,14.08,26.76
2016-04-29,Kilifi,1.11,26.1
2016-04-30,Kilifi,13.07,25.97
2016-05-01,Kilifi,6.21,23.36
2016-05-02,Kilifi,11.74,25.38
2016-05-03,Kilifi,7.71,29.63
2016-05-04,Kilifi,18.61,27.6
2016-05-05,Kilifi,14.04,29.28
2016-05-06,Kilifi,20.64,28.4
2016-05-07,Kilifi,9.89,29.23
2016-05-08,Kilifi,11.93,29.1
2016-05-09,Kilifi,11.65,28.92
2016-05-10,Kilifi,26.85,25.71
2016-05-11,Kilifi,9.93,26.48
2016-05-12,Kilifi,17.27,27.24
2016-05-13,Kilifi,20.93,27.89
2016-05-14,Kilifi,10.19,27.04
2016-05-15,Kilifi,25.06,29.36
2016-05-16,Kilifi,6.41,29.91
2016-05-17,Kilifi,13.91,31.0
2016-05-18,Kilifi,24.1,24.72
2016-05-19,Kilifi,13.31,28.42
2016-05-20,Kilifi,16.56,32.31
2016-05-21,Kilifi,20.46,26.91
2016-05-22,Kilifi,14.8,29.03
2016-05-23,Kilifi,16.12,30.97
2016-05-24,Kilifi,11.09,29.52
2016-05-25,Kilifi,16.6,26.88
2016-05-26,Kilifi,13.3,27.34
2016-05-27,Kilifi,15.34,29.37
2016-05-28,Kilifi,8.16,27.04
2016-05-29,Kilifi,11.09,27.38
2016-05-30,Kilifi,24.04,26.98
2016-05-31,Kilifi,10.56,26.72
2016-06-01,Kilifi,3.3,31.43
2016-06-02,Kilifi,3.37,29.17
2016-06-03,Kilifi,3.01,27.59
2016-06-04,Kilifi,1.46,28.14
2016-06-05,Kilifi,5.78,26.76
2016-06-06,Kilifi,7.24,30.06
2016-06-07,Kilifi,5.98,28.22
2016-06-08,Kilifi,3.72,28.02
2016-06-09,Kilifi,0.0,26.92
2016-06-10,Kilifi,1.37,28.77
2016-06-11,Kilifi,6.39,26.57
2016-06-12,Kilifi,2.4,28.37
2016-06-13,Kilifi,6.12,26.85
2016-06-14,Kilifi,5.23,25.8
2016-06-15,Kilifi,5.25,24.62
2016-06-16,Kilifi,6.12,25.0
2016-06-17,Kilifi,4.85,29.4
2016-06-18,Kilifi,6.81,26.15
2016-06-19,Kilifi,4.94,33.34
2016-06-20,Kilifi,4.53,28.95
2016-06-21,Kilifi,8.33,28.29
2016-06-22,Kilifi,8.19,26.67
2016-06-23,Kilifi,5.92,29.85
2016-06-24,Kilifi,6.59,25.3
2016-06-25,Kilifi,3.44,30.18
2016-06-26,Kilifi,6.03,27.53
2016-06-27,Kilifi,5.01,28.12
2016-06-28,Kilifi,5.57,27.4
2016-06-29,Kilifi,8.02,31.45
2016-06-30,Kilifi,4.28,22.53
2016-07-01,Kilifi,9.04,28.39
2016-07-02,Kilifi,0.03,27.85
2016-07-03,Kilifi,3.26,31.0
2016-07-04,Kilifi,9.75,28.64
2016-07-05,Kilifi,5.06,29.76
2016-07-06,Kilifi,6.43,28.68
2016-07-07,Kilifi,6.36,28.45
2016-07-08,Kilifi,6.63,26.83
2016-07-09,Kilifi,9.5,28.82
2016-07-10,Kilifi,6.76,23.73
2016-07-11,Kilifi,8.25,28.19
2016-07-12,Kilifi,1.6,28.45
2016-07-13,Kilifi,3.32,26.94
2016-07-14,Kilifi,5.33,24.45
2016-07-15,Kilifi,6.56,26.31
2016-07-16,Kilifi,4.31,30.32
2016-07-17,Kilifi,2.54,28.36
2016-07-18,Kilifi,6.0,30.37
2016-07-19,Kilifi,7.34,28.32
2016-07-20,Kilifi,2.39,31.29
2016-07-21,Kilifi,3.61,26.43
2016-07-22,Kilifi,3.79,28.51
2016-07-23,Kilifi,6.47,24.29
2016-07-24,Kilifi,5.09,32.52
2016-07-25,Kilifi,5.71,27.51
2016-07-26,Kilifi,4.8,25.22
2016-07-27,Kilifi,4.61,27.87
2016-07-28,Kilifi,5.48,31.32
2016-07-29,Kilifi,3.03,27.98
2016-07-30,Kilifi,6.25,28.0
2016-07-31,Kilifi,7.68,26.83
2016-08-01,Kilifi,6.96,27.02
2016-08-02,Kilifi,2.82,26.7
2016-08-03,Kilifi,7.26,27.75
2016-08-04,Kilifi,3.71,25.89
2016-08-05,Kilifi,6.38,25.82
2016-08-06,Kilifi,2.15,28.76
2016-08-07,Kilifi,5.05,29.03
2016-08-08,Kilifi,8.56,24.17
2016-08-09,Kilifi,3.96,28.72
2016-08-10,Kilifi,6.62,31.31
2016-08-11,Kilifi,7.18,30.79
2016-08-12,Kilifi,6.17,27.13
2016-08-13,Kilifi,3.89,27.24
2016-08-14,Kilifi,5.59,26.94
2016-08-15,Kilifi,6.85,28.99
2016-08-16,Kilifi,8.31,29.94
2016-08-17,Kilifi,3.89,29.05
2016-08-18,Kilifi,5.31,26.59
2016-08-19,Kilifi,5.23,26.45
2016-08-20,Kilifi,10.42,30.46
2016-08-21,Kilifi,3.63,26.17
2016-08-22,Kilifi,4.64,29.56
2016-08-23,Kilifi,4.99,26.22
2016-08-24,Kilifi,3.07,27.84
2016-08-25,Kilifi,4.94,27.77
2016-08-26,Kilifi,3.66,26.64
2016-08-27,Kilifi,6.82,31.59
2016-08-28,Kilifi,8.07,31.44
2016-08-29,Kilifi,4.43,27.08
2016-08-30,Kilifi,3.18,28.56
2016-08-31,Kilifi,6.27,30.43
2016-09-01,Kilifi,6.03,28.52
2016-09-02,Kilifi,6.32,29.22
2016-09-03,Kilifi,3.36,28.04
2016-09-04,Kilifi,7.41,26.34
2016-09-05,Kilifi,5.66,25.84
2016-09-06,Kilifi,3.75,31.03
2016-09-07,Kilifi,3.28,24.46
2016-09-08,Kilifi,6.92,28.5
2016-09-09,Kilifi,6.33,28.3
2016-09-10,Kilifi,1.56,28.97
2016-09-11,Kilifi,4.4,28.52
2016-09-12,Kilifi,1.2,29.51
2016-09-13,Kilifi,6.63,26.03
2016-09-14,Kilifi,6.2,26.37
2016-09-15,Kilifi,3.59,27.92
2016-09-16,Kilifi,4.37,28.52
2016-09-17,Kilifi,4.94,27.19
2016-09-18,Kilifi,2.86,27.89
2016-09-19,Kilifi,6.08,28.23
2016-09-20,Kilifi,4.08,27.25
2016-09-21,Kilifi,3.32,25.7
2016-09-22,Kilifi,4.84,27.51
2016-09-23,Kilifi,4.59,29.02
2016-09-24,Kilifi,6.94,25.13
2016-09-25,Kilifi,1.08,27.61
2016-09-26,Kilifi,5.67,26.68
2016-09-27,Kilifi,2.53,28.45
2016-09-28,Kilifi,3.38,26.4
2016-09-29,Kilifi,4.32,31.04
2016-09-30,Kilifi,3.57,26.16
2016-10-01,Kilifi,10.03,31.15
2015-01-01,Tana River,1.8,21.59
2015-01-02,Tana River,5.79,23.83
2015-01-03,Tana River,2.13,24.68
2015-01-04,Tana River,3.8,29.5
2015-01-05,Tana River,7.57,23.98
2015-01-06,Tana River,7.25,22.89
2015-01-07,Tana River,5.16,30.21
2015-01-08,Tana River,6.09,31.71
2015-01-09,Tana River,3.4,20.57
2015-01-10,Tana River,7.15,19.88
2015-01-11,Tana River,7.19,28.5
2015-01-12,Tana River,3.08,26.43
2015-01-13,Tana River,6.03,28.55
2015-01-14,Tana River,1.46,20.68
2015-01-15,Tana River,2.85,24.05
2015-01-16,Tana River,3.77,16.8
2015-01-17,Tana River,5.13,22.37
2015-01-18,Tana River,7.81,26.1
2015-01-19,Tana River,4.12,31.55
2015-01-20,Tana River,4.95,23.71
2015-01-21,Tana River,2.71,22.28
2015-01-22,Tana River,2.34,25.94
2015-01-23,Tana River,2.14,28.56
2015-01-24,Tana River,5.08,24.31
2015-01-25,Tana River,7.91,28.83
2015-01-26,Tana River,5.56,21.91
2015-01-27,Tana River,6.97,22.72
2015-01-28,Tana River,6.62,25.82
2015-01-29,Tana River,6.04,25.47
2015-01-30,Tana River,4.82,26.55
2015-01-31,Tana River,4.43,25.6
2015-02-01,Tana River,4.65,21.85
2015-02-02,Tana River,3.77,24.56
2015-02-03,Tana River,3.37,27.27
2015-02-04,Tana River,6.62,21.3
2015-02-05,Tana River,2.87,22.3
2015-02-06,Tana River,6.78,22.96
2015-02-07,Tana River,6.26,26.32
2015-02-08,Tana River,7.0,19.73
2015-02-09,Tana River,3.36,23.0
2015-02-10,Tana River,2.62,25.63
2015-02-11,Tana River,7.07,21.86
2015-02-12,Tana River,4.81,26.56
2015-02-13,Tana River,8.21,24.47
2015-02-14,Tana River,3.49,21.48
2015-02-15,Tana River,4.53,21.06
2015-02-16,Tana River,3.49,22.07
2015-02-17,Tana River,4.36,27.62
2015-02-18,Tana River,4.91,24.26
2015-02-19,Tana River,5.97,17.8
2015-02-20,Tana River,3.08,27.75
2015-02-21,Tana River,4.35,22.6
2015-02-22,Tana River,4.44,21.41
2015-02-23,Tana River,4.69,24.37
2015-02-24,Tana River,2.35,27.64
2015-02-25,Tana River,4.35,24.84
2015-02-26,Tana River,5.71,25.01
2015-02-27,Tana River,6.55,17.07
2015-02-28,Tana River,5.85,19.07
2015-03-01,Tana River,11.52,19.96
2015-03-02,Tana River,23.0,24.56
2015-03-03,Tana River,27.04,21.54
2015-03-04,Tana River,21.37,22.27
2015-03-05,Tana River,13.57,24.85
2015-03-06,Tana River,13.99,22.02
2015-03-07,Tana River,8.33,24.12
2015-03-08,Tana River,14.14,22.42
2015-03-09,Tana River,18.01,18.5
2015-03-10,Tana River,21.6,26.41
2015-03-11,Tana River,11.1,25.56
2015-03-12,Tana River,14.63,24.47
2015-03-13,Tana River,16.32,24.5
2015-03-14,Tana River,18.99,26.35
2015-03-15,Tana River,10.51,26.28
2015-03-16,Tana River,14.37,24.68
2015-03-17,Tana River,11.26,24.71
2015-03-18,Tana River,21.94,25.78
2015-03-19,Tana River,15.52,25.64
2015-03-20,Tana River,15.1,27.19
2015-03-21,Tana River,17.14,20.24
2015-03-22,Tana River,21.71,27.98
2015-03-23,Tana River,13.36,26.5
2015-03-24,Tana River,22.2,22.29
2015-03-25,Tana River,14.76,25.53
2015-03-26,Tana River,18.84,18.31
2015-03-27,Tana River,19.76,22.19
2015-03-28,Tana River,10.79,25.69
2015-03-29,Tana River,27.0,19.71
2015-03-30,Tana River,10.15,22.56
2015-03-31,Tana River,21.02,24.4
2015-04-01,Tana River,16.3,24.99
2015-04-02,Tana River,16.66,27.52
2015-04-03,Tana River,13.39,25.87
2015-04-04,Tana River,20.24,28.5
2015-04-05,Tana River,11.13,17.55
2015-04-06,Tana River,21.92,25.63
2015-04-07,Tana River,13.05,24.89
2015-04-08,Tana River,14.69,18.79
2015-04-09,Tana River,15.66,21.28
2015-04-10,Tana River,14.4,22.67
2015-04-11,Tana River,11.21,21.59
2015-04-12,Tana River,10.91,23.18
2015-04-13,Tana River,5.84,25.25
2015-04-14,Tana River,14.46,21.04
2015-04-15,Tana River,10.5,17.41
2015-04-16,Tana River,18.85,27.69
2015-04-17,Tana River,18.86,21.77
2015-04-18,Tana River,10.71,24.9
2015-04-19,Tana River,23.73,21.91
2015-04-20,Tana River,4.6,24.49
2015-04-21,Tana River,9.78,24.32
2015-04-22,Tana River,14.2,19.52
2015-04-23,Tana River,16.4,21.75
2015-04-24,Tana River,14.73,21.01
2015-04-25,Tana River,15.83,28.14
2015-04-26,Tana River,7.4,27.93
2015-04-27,Tana River,13.05,27.48
2015-04-28,Tana River,26.74,17.15
2015-04-29,Tana River,15.94,20.61
2015-04-30,Tana River,17.67,26.48
2015-05-01,Tana River,10.25,28.94
2015-05-02,Tana River,10.8,25.58
2015-05-03,Tana River,13.1,28.77
2015-05-04,Tana River,11.63,24.59
2015-05-05,Tana River,18.19,24.31
2015-05-06,Tana River,16.95,22.94
2015-05-07,Tana River,11.8,23.14
2015-05-08,Tana River,12.8,16.46
2015-05-09,Tana River,12.46,21.99
2015-05-10,Tana River,15.17,23.3
2015-05-11,Tana River,19.53,23.6
2015-05-12,Tana River,19.19,24.14
2015-05-13,Tana River,12.88,19.27
2015-05-14,Tana River,18.52,20.61
2015-05-15,Tana River,27.38,21.29
2015-05-16,Tana River,21.94,28.07
2015-05-17,Tana River,13.92,28.52
2015-05-18,Tana River,15.24,20.02
2015-05-19,Tana River,16.37,25.82
2015-05-20,Tana River,24.55,28.32
2015-05-21,Tana River,23.4,25.31
2015-05-22,Tana River,20.87,26.94
2015-05-23,Tana River,8.65,28.52
2015-05-24,Tana River,13.16,23.89
2015-05-25,Tana River,14.18,24.23
2015-05-26,Tana River,24.33,22.4
2015-05-27,Tana River,9.57,21.01
2015-05-28,Tana River,14.43,28.04
2015-05-29,Tana River,17.48,23.14
2015-05-30,Tana River,13.81,24.22
2015-05-31,Tana River,21.53,22.54
2015-06-01,Tana River,2.49,16.58
2015-06-02,Tana River,4.3,22.29
2015-06-03,Tana River,2.2,23.26
2015-06-04,Tana River,3.61,24.11
2015-06-05,Tana River,0.52,23.94
2015-06-06,Tana River,4.43,28.98
2015-06-07,Tana River,4.7,24.51
2015-06-08,Tana River,7.65,24.49
2015-06-09,Tana River,4.93,17.95
2015-06-10,Tana River,4.79,20.74
2015-06-11,Tana River,5.65,27.05
2015-06-12,Tana River,4.08,24.53
2015-06-13,Tana River,4.13,25.15
2015-06-14,Tana River,6.54,24.04
2015-06-15,Tana River,7.32,22.15
2015-06-16,Tana River,4.24,22.88
2015-06-17,Tana River,5.35,23.32
2015-06-18,Tana River,4.32,23.99
2015-06-19,Tana River,6.47,27.69
2015-06-20,Tana River,7.89,24.99
2015-06-21,Tana River,6.56,21.92
2015-06-22,Tana River,7.08,27.35
2015-06-23,Tana River,5.22,24.59
2015-06-24,Tana River,7.19,26.03
2015-06-25,Tana River,3.08,19.11
2015-06-26,Tana River,7.38,24.19
2015-06-27,Tana River,4.16,26.51
2015-06-28,Tana River,7.94,24.11
2015-06-29,Tana River,4.1,24.42
2015-06-30,Tana River,2.53,25.78
2015-07-01,Tana River,5.91,19.03
2015-07-02,Tana River,7.9,23.38
2015-07-03,Tana River,5.59,28.45
2015-07-04,Tana River,5.03,23.37
2015-07-05,Tana River,2.16,23.9
2015-07-06,Tana River,5.03,23.84
2015-07-07,Tana River,2.84,24.23
2015-07-08,Tana River,4.02,29.16
2015-07-09,Tana River,4.23,27.56
2015-07-10,Tana River,7.72,27.21
2015-07-11,Tana River,5.79,26.53
2015-07-12,Tana River,6.35,21.97
2015-07-13,Tana River,2.99,21.22
2015-07-14,Tana River,3.47,29.24
2015-07-15,Tana River,4.55,21.33
2015-07-16,Tana River,7.11,20.18
2015-07-17,Tana River,7.17,21.87
2015-07-18,Tana River,7.07,25.16
2015-07-19,Tana River,3.19,24.39
2015-07-20,Tana River,7.69,25.43
2015-07-21,Tana River,6.61,26.98
2015-07-22,Tana River,11.54,18.9
2015-07-23,Tana River,5.71,20.95
2015-07-24,Tana River,8.09,26.54
2015-07-25,Tana River,8.15,27.3
2015-07-26,Tana River,7.54,23.98
2015-07-27,Tana River,0.87,23.45
2015-07-28,Tana River,6.73,24.54
2015-07-29,Tana River,4.67,24.48
2015-07-30,Tana River,5.29,26.44
2015-07-31,Tana River,1.5,29.14
2015-08-01,Tana River,6.65,22.09
2015-08-02,Tana River,3.58,19.08
2015-08-03,Tana River,4.65,25.6
2015-08-04,Tana River,3.4,25.31
2015-08-05,Tana River,6.58,20.7
2015-08-06,Tana River,5.09,24.86
2015-08-07,Tana River,4.28,23.01
2015-08-08,Tana River,4.71,22.59
2015-08-09,Tana River,8.81,24.5
2015-08-10,Tana River,1.66,22.54
2015-08-11,Tana River,4.51,28.78
2015-08-12,Tana River,8.35,21.55
2015-08-13,Tana River,3.77,26.92
2015-08-14,Tana River,3.64,27.81
2015-08-15,Tana River,2.62,22.03
2015-08-16,Tana River,5.56,22.24
2015-08-17,Tana River,7.98,21.45
2015-08-18,Tana River,5.68,23.32
2015-08-19,Tana River,4.16,23.34
2015-08-20,Tana River,6.04,22.71
2015-08-21,Tana River,5.26,27.15
2015-08-22,Tana River,2.8,25.36
2015-08-23,Tana River,5.94,24.65
2015-08-24,Tana River,5.58,25.36
2015-08-25,Tana River,4.79,22.97
2015-08-26,Tana River,1.72,21.73
2015-08-27,Tana River,3.25,20.48
2015-08-28,Tana River,0.51,19.68
2015-08-29,Tana River,6.01,21.56
2015-08-30,Tana River,4.92,26.35
2015-08-31,Tana River,3.59,25.08
2015-09-01,Tana River,8.38,24.91
2015-09-02,Tana River,2.75,20.67
2015-09-03,Tana River,1.99,21.36
2015-09-04,Tana River,7.11,24.91
2015-09-05,Tana River,4.89,22.93
2015-09-06,Tana River,2.05,25.64
2015-09-07,Tana River,3.86,25.73
2015-09-08,Tana River,1.65,24.88
2015-09-09,Tana River,5.78,22.33
2015-09-10,Tana River,2.4,21.49
2015-09-11,Tana River,4.94,20.48
2015-09-12,Tana River,8.29,25.69
2015-09-13,Tana River,5.62,20.7
2015-09-14,Tana River,7.44,22.49
2015-09-15,Tana River,3.84,22.15
2015-09-16,Tana River,6.19,20.93
2015-09-17,Tana River,8.99,22.88
2015-09-18,Tana River,4.14,17.76
2015-09-19,Tana River,6.29,26.38
2015-09-20,Tana River,4.66,18.15
2015-09-21,Tana River,3.54,20.43
2015-09-22,Tana River,6.59,20.19
2015-09-23,Tana River,4.69,21.75
2015-09-24,Tana River,6.98,21.42
2015-09-25,Tana River,3.97,22.68
2015-09-26,Tana River,1.93,20.25
2015-09-27,Tana River,8.9,24.63
2015-09-28,Tana River,2.7,35.42
2015-09-29,Tana River,5.73,28.93
2015-09-30,Tana River,2.34,20.28
2015-10-01,Tana River,5.55,22.13
2015-10-02,Tana River,10.9,23.79
2015-10-03,Tana River,10.99,19.14
2015-10-04,Tana River,7.1,22.51
2015-10-05,Tana River,8.51,26.74
2015-10-06,Tana River,7.47,23.02
2015-10-07,Tana River,5.93,22.89
2015-10-08,Tana River,12.84,20.4
2015-10-09,Tana River,4.33,18.19
2015-10-10,Tana River,9.07,20.4
2015-10-11,Tana River,15.04,24.88
2015-10-12,Tana River,15.39,25.8
2015-10-13,Tana River,16.28,25.44
2015-10-14,Tana River,8.24,25.17
2015-10-15,Tana River,7.98,31.34
2015-10-16,Tana River,5.87,22.95
2015-10-17,Tana River,4.37,24.4
2015-10-18,Tana River,5.6,25.35
2015-10-19,Tana River,10.33,23.25
2015-10-20,Tana River,10.55,21.02
2015-10-21,Tana River,6.8,21.79
2015-10-22,Tana River,8.02,29.49
2015-10-23,Tana River,7.7,18.41
2015-10-24,Tana River,9.91,24.29
2015-10-25,Tana River,8.33,23.48
2015-10-26,Tana River,6.33,20.21
2015-10-27,Tana River,14.64,22.5
2015-10-28,Tana River,8.35,24.75
2015-10-29,Tana River,8.14,22.12
2015-10-30,Tana River,11.41,34.61
2015-10-31,Tana River,10.89,31.86
2015-11-01,Tana River,16.82,30.84
2015-11-02,Tana River,14.97,30.01
2015-11-03,Tana River,9.09,25.68
2015-11-04,Tana River,10.48,29.76
2015-11-05,Tana River,8.32,22.37
2015-11-06,Tana River,15.23,20.27
2015-11-07,Tana River,12.89,21.77
2015-11-08,Tana River,9.33,27.16
2015-11-09,Tana River,12.11,18.27
2015-11-10,Tana River,11.9,24.89
2015-11-11,Tana River,12.03,25.44
2015-11-12,Tana River,9.14,20.9
2015-11-13,Tana River,11.03,25.08
2015-11-14,Tana River,10.08,23.44
2015-11-15,Tana River,11.16,21.6
2015-11-16,Tana River,11.38,26.01
2015-11-17,Tana River,16.83,24.17
2015-11-18,Tana River,15.41,24.14
2015-11-19,Tana River,13.67,26.17
2015-11-20,Tana River,2.36,22.93
2015-11-21,Tana River,6.34,22.2
2015-11-22,Tana River,12.89,23.3
2015-11-23,Tana River,12.59,23.81
2015-11-24,Tana River,8.78,24.36
2015-11-25,Tana River,11.65,21.65
2015-11-26,Tana River,7.4,19.61
2015-11-27,Tana River,16.39,18.27
2015-11-28,Tana River,8.75,25.49
2015-11-29,Tana River,10.24,22.28
2015-11-30,Tana River,10.93,29.1
2015-12-01,Tana River,7.12,25.49
2015-12-02,Tana River,4.44,23.29
2015-12-03,Tana River,5.78,20.67
2015-12-04,Tana River,3.67,26.45
2015-12-05,Tana River,7.28,29.74
2015-12-06,Tana River,4.27,23.61
2015-12-07,Tana River,3.72,23.59
2015-12-08,Tana River,6.22,26.0
2015-12-09,Tana River,5.63,21.7
2015-12-10,Tana River,6.18,25.86
2015-12-11,Tana River,8.79,26.68
2015-12-12,Tana River,4.75,25.16
2015-12-13,Tana River,5.83,23.97
2015-12-14,Tana River,8.26,22.34
2015-12-15,Tana River,3.83,26.42
2015-12-16,Tana River,5.32,29.11
2015-12-17,Tana River,4.41,25.37
2015-12-18,Tana River,3.85,28.6
2015-12-19,Tana River,3.69,21.51
2015-12-20,Tana River,3.41,27.23
2015-12-21,Tana River,5.49,24.96
2015-12-22,Tana River,3.17,29.74
2015-12-23,Tana River,2.58,27.97
2015-12-24,Tana River,4.79,23.42
2015-12-25,Tana River,5.48,24.31
2015-12-26,Tana River,5.4,17.88
2015-12-27,Tana River,3.87,24.63
2015-12-28,Tana River,6.19,27.26
2015-12-29,Tana River,4.49,25.9
2015-12-30,Tana River,6.56,20.03
2015-12-31,Tana River,5.06,23.12
2016-01-01,Tana River,6.87,23.95
2016-01-02,Tana River,4.17,21.32
2016-01-03,Tana River,5.0,20.93
2016-01-04,Tana River,5.1,24.0
2016-01-05,Tana River,3.21,26.57
2016-01-06,Tana River,7.09,24.86
2016-01-07,Tana River,2.21,21.93
2016-01-08,Tana River,4.61,24.07
2016-01-09,Tana River,6.96,21.08
2016-01-10,Tana River,4.51,23.64
2016-01-11,Tana River,6.82,21.96
2016-01-12,Tana River,7.03,26.47
2016-01-13,Tana River,5.5,22.46
2016-01-14,Tana River,5.62,25.01
2016-01-15,Tana River,5.98,24.15
2016-01-16,Tana River,1.45,23.92
2016-01-17,Tana River,6.28,20.02
2016-01-18,Tana River,5.44,25.84
2016-01-19,Tana River,6.13,27.79
2016-01-20,Tana River,4.13,22.95
2016-01-21,Tana River,4.55,21.66
2016-01-22,Tana River,0.96,21.77
2016-01-23,Tana River,4.35,26.16
2016-01-24,Tana River,8.21,27.61
2016-01-25,Tana River,6.13,29.01
2016-01-26,Tana River,3.6,23.39
2016-01-27,Tana River,3.07,20.53
2016-01-28,Tana River,6.69,28.01
2016-01-29,Tana River,3.66,22.18
2016-01-30,Tana River,4.93,21.53
2016-01-31,Tana River,4.36,23.86
2016-02-01,Tana River,8.01,26.73
2016-02-02,Tana River,4.64,30.0
2016-02-03,Tana River,5.45,28.49
2016-02-04,Tana River,1.5,25.61
2016-02-05,Tana River,8.98,24.22
2016-02-06,Tana River,6.21,22.79
2016-02-07,Tana River,2.14,20.33
2016-02-08,Tana River,4.95,24.24
2016-02-09,Tana River,4.06,22.85
2016-02-10,Tana River,4.02,20.22
2016-02-11,Tana River,1.62,24.01
2016-02-12,Tana River,0.97,24.12
2016-02-13,Tana River,6.04,22.92
2016-02-14,Tana River,4.76,23.48
2016-02-15,Tana River,2.75,25.6
2016-02-16,Tana River,3.97,18.11
2016-02-17,Tana River,6.41,25.18
2016-02-18,Tana River,5.79,25.28
2016-02-19,Tana River,5.73,24.04
2016-02-20,Tana River,7.81,24.63
2016-02-21,Tana River,5.17,23.33
2016-02-22,Tana River,0.95,26.13
2016-02-23,Tana River,4.05,25.8
2016-02-24,Tana River,1.65,23.28
2016-02-25,Tana River,2.42,25.7
2016-02-26,Tana River,5.28,24.31
2016-02-27,Tana River,5.28,22.88
2016-02-28,Tana River,7.48,21.69
2016-02-29,Tana River,4.45,22.87
2016-03-01,Tana River,18.6,28.54
2016-03-02,Tana River,17.12,21.63
2016-03-03,Tana River,22.74,25.76
2016-03-04,Tana River,14.17,22.49
2016-03-05,Tana River,18.08,21.18
2016-03-06,Tana River,21.58,22.97
2016-03-07,Tana River,15.29,31.18
2016-03-08,Tana River,20.42,18.6
2016-03-09,Tana River,14.43,23.65
2016-03-10,Tana River,17.46,22.34
2016-03-11,Tana River,28.89,20.35
2016-03-12,Tana River,18.32,23.15
2016-03-13,Tana River,19.84,25.64
2016-03-14,Tana River,16.32,23.64
2016-03-15,Tana River,21.83,21.22
2016-03-16,Tana River,15.88,26.87
2016-03-17,Tana River,19.31,21.21
2016-03-18,Tana River,18.22,29.04
2016-03-19,Tana River,22.78,27.12
2016-03-20,Tana River,18.8,23.48
2016-03-21,Tana River,17.36,27.39
2016-03-22,Tana River,12.4,24.05
2016-03-23,Tana River,17.16,19.25
2016-03-24,Tana River,12.92,22.18
2016-03-25,Tana River,29.14,23.47
2016-03-26,Tana River,20.97,19.89
2016-03-27,Tana River,16.13,21.76
2016-03-28,Tana River,14.13,25.23
2016-03-29,Tana River,13.1,22.14
2016-03-30,Tana River,8.58,24.88
2016-03-31,Tana River,11.77,24.3
2016-04-01,Tana River,22.45,22.43
2016-04-02,Tana River,14.62,29.17
2016-04-03,Tana River,13.61,17.66
2016-04-04,Tana River,12.58,22.52
2016-04-05,Tana River,18.75,30.43
2016-04-06,Tana River,7.49,27.44
2016-04-07,Tana River,11.02,25.28
2016-04-08,Tana River,17.17,19.39
2016-04-09,Tana River,25.19,20.77
2016-04-10,Tana River,10.86,24.41
2016-04-11,Tana River,15.27,19.73
2016-04-12,Tana River,12.29,24.18
2016-04-13,Tana River,25.34,26.45
2016-04-14,Tana River,19.18,25.01
2016-04-15,Tana River,10.18,20.49
2016-04-16,Tana River,11.77,22.38
2016-04-17,Tana River,15.42,19.99
2016-04-18,Tana River,8.11,28.45
2016-04-19,Tana River,12.57,26.89
2016-04-20,Tana River,33.7,25.8
2016-04-21,Tana River,19.37,25.8
2016-04-22,Tana River,10.51,26.6
2016-04-23,Tana River,21.17,24.75
2016-04-24,Tana River,6.54,19.51
2016-04-25,Tana River,11.54,27.53
2016-04-26,Tana River,23.0,29.48
2016-04-27,Tana River,22.31,25.8
2016-04-28,Tana River,18.14,27.08
2016-04-29,Tana River,14.37,22.97
2016-04-30,Tana River,11.35,12.44
2016-05-01,Tana River,12.68,19.6
2016-05-02,Tana River,26.32,28.69
2016-05-03,Tana River,17.33,23.96
2016-05-04,Tana River,12.85,24.38
2016-05-05,Tana River,4.69,26.71
2016-05-06,Tana River,14.53,27.75
2016-05-07,Tana River,14.77,26.74
2016-05-08,Tana River,12.18,28.38
2016-05-09,Tana River,22.12,27.55
2016-05-10,Tana River,21.27,16.78
2016-05-11,Tana River,22.88,20.98
2016-05-12,Tana River,10.83,26.58
2016-05-13,Tana River,17.74,23.54
2016-05-14,Tana River,17.06,25.14
2016-05-15,Tana River,11.02,26.88
2016-05-16,Tana River,12.18,28.44
2016-05-17,Tana River,16.55,21.8
2016-05-18,Tana River,6.57,30.78
2016-05-19,Tana River,21.12,27.19
2016-05-20,Tana River,7.86,27.08
2016-05-21,Tana River,11.47,26.27
2016-05-22,Tana River,5.72,20.16
2016-05-23,Tana River,15.77,28.32
2016-05-24,Tana River,17.49,23.09
2016-05-25,Tana River,10.96,24.85
2016-05-26,Tana River,15.6,23.04
2016-05-27,Tana River,16.56,20.69
2016-05-28,Tana River,15.78,23.75
2016-05-29,Tana River,15.34,24.47
2016-05-30,Tana River,0.87,19.77
2016-05-31,Tana River,14.89,20.2
2016-06-01,Tana River,6.13,22.41
2016-06-02,Tana River,1.09,22.08
2016-06-03,Tana River,7.35,24.59
2016-06-04,Tana River,5.2,22.92
2016-06-05,Tana River,6.02,21.42
2016-06-06,Tana River,4.44,27.18
2016-06-07,Tana River,2.34,25.68
2016-06-08,Tana River,6.78,16.68
2016-06-09,Tana River,9.13,26.27
2016-06-10,Tana River,5.33,23.98
2016-06-11,Tana River,3.32,21.21
2016-06-12,Tana River,8.16,17.55
2016-06-13,Tana River,7.28,29.24
2016-06-14,Tana River,3.82,26.38
2016-06-15,Tana River,6.54,24.26
2016-06-16,Tana River,4.47,31.82
2016-06-17,Tana River,5.94,24.67
2016-06-18,Tana River,6.67,29.43
2016-06-19,Tana River,3.47,22.51
2016-06-20,Tana River,5.61,27.78
2016-06-21,Tana River,5.0,24.61
2016-06-22,Tana River,4.68,24.41
2016-06-23,Tana River,3.56,26.08
2016-06-24,Tana River,6.83,27.9
2016-06-25,Tana River,7.04,23.51
2016-06-26,Tana River,7.9,23.11
2016-06-27,Tana River,3.35,22.48
2016-06-28,Tana River,5.02,25.91
2016-06-29,Tana River,7.49,23.38
2016-06-30,Tana River,5.62,18.0
2016-07-01,Tana River,3.41,19.56
2016-07-02,Tana River,5.6,20.62
2016-07-03,Tana River,4.49,23.29
2016-07-04,Tana River,5.75,27.77
2016-07-05,Tana River,7.9,22.67
2016-07-06,Tana River,3.24,25.36
2016-07-07,Tana River,5.98,23.81
2016-07-08,Tana River,2.52,23.33
2016-07-09,Tana River,6.36,28.79
2016-07-10,Tana River,6.96,23.67
2016-07-11,Tana River,6.58,18.29
2016-07-12,Tana River,4.82,18.0
2016-07-13,Tana River,4.39,23.18
2016-07-14,Tana River,1.65,27.23
2016-07-15,Tana River,3.16,25.24
2016-07-16,Tana River,1.43,24.43
2016-07-17,Tana River,7.6,17.09
2016-07-18,Tana River,5.5,23.52
2016-07-19,Tana River,6.21,19.18
2016-07-20,Tana River,4.73,27.94
2016-07-21,Tana River,4.52,21.65
2016-07-22,Tana River,6.6,22.82
2016-07-23,Tana River,5.93,28.22
2016-07-24,Tana River,6.01,20.9
2016-07-25,Tana River,3.94,19.91
2016-07-26,Tana River,6.65,24.24
2016-07-27,Tana River,3.82,24.9
2016-07-28,Tana River,8.73,28.28
2016-07-29,Tana River,4.5,21.06
2016-07-30,Tana River,3.12,27.71
2016-07-31,Tana River,5.51,29.64
2016-08-01,Tana River,5.12,27.19
2016-08-02,Tana River,4.07,26.27
2016-08-03,Tana River,3.97,20.39
2016-08-04,Tana River,4.73,28.41
2016-08-05,Tana River,4.22,27.82
2016-08-06,Tana River,6.73,19.75
2016-08-07,Tana River,3.0,26.3
2016-08-08,Tana River,4.96,22.6
2016-08-09,Tana River,5.01,25.84
2016-08-10,Tana River,5.86,24.51
2016-08-11,Tana River,7.03,20.71
2016-08-12,Tana River,1.21,25.77
2016-08-13,Tana River,5.58,20.75
2016-08-14,Tana River,5.67,25.17
2016-08-15,Tana River,7.45,26.91
2016-08-16,Tana River,4.06,26.5
2016-08-17,Tana River,5.92,23.6
2016-08-18,Tana River,3.07,23.08
2016-08-19,Tana River,5.35,21.3
2016-08-20,Tana River,4.54,21.76
2016-08-21,Tana River,7.15,23.18
2016-08-22,Tana River,7.15,27.13
2016-08-23,Tana River,3.7,23.92
2016-08-24,Tana River,6.37,21.71
2016-08-25,Tana River,8.17,27.42
2016-08-26,Tana River,2.11,22.65
2016-08-27,Tana River,7.85,23.49
2016-08-28,Tana River,5.34,16.58
2016-08-29,Tana River,4.02,24.43
2016-08-30,Tana River,6.45,22.76
2016-08-31,Tana River,6.48,29.13
2016-09-01,Tana River,3.98,26.8
2016-09-02,Tana River,0.55,28.86
2016-09-03,Tana River,3.61,28.4
2016-09-04,Tana River,6.54,23.19
2016-09-05,Tana River,0.0,26.78
2016-09-06,Tana River,2.38,21.19
2016-09-07,Tana River,2.73,26.32
2016-09-08,Tana River,2.81,25.44
2016-09-09,Tana River,5.07,27.81
2016-09-10,Tana River,5.44,20.32
2016-09-11,Tana River,2.52,31.68
2016-09-12,Tana River,6.73,24.86
2016-09-13,Tana River,5.15,23.61
2016-09-14,Tana River,6.77,24.7
2016-09-15,Tana River,2.76,19.93
2016-09-16,Tana River,3.96,26.51
2016-09-17,Tana River,5.09,19.67
2016-09-18,Tana River,4.69,24.15
2016-09-19,Tana River,8.71,24.38
2016-09-20,Tana River,5.74,24.97
2016-09-21,Tana River,5.76,18.72
2016-09-22,Tana River,9.25,30.7
2016-09-23,Tana River,3.28,27.84
2016-09-24,Tana River,3.5,25.36
2016-09-25,Tana River,3.47,20.79
2016-09-26,Tana River,3.96,24.03
2016-09-27,Tana River,5.76,23.44
2016-09-28,Tana River,6.04,22.64
2016-09-29,Tana River,6.3,25.58
2016-09-30,Tana River,4.18,17.92
2016-10-01,Tana River,9.93,22.33
2015-01-01,Lamu,4.75,29.54
2015-01-02,Lamu,5.49,24.87
2015-01-03,Lamu,3.89,26.97
2015-01-04,Lamu,2.26,29.24
2015-01-05,Lamu,7.05,33.32
2015-01-06,Lamu,11.45,25.71
2015-01-07,Lamu,1.1,25.95
2015-01-08,Lamu,5.33,30.69
2015-01-09,Lamu,5.26,27.67
2015-01-10,Lamu,7.55,32.3
2015-01-11,Lamu,7.71,26.75
2015-01-12,Lamu,5.23,28.6
2015-01-13,Lamu,5.38,25.36
2015-01-14,Lamu,2.3,32.28
2015-01-15,Lamu,4.32,28.81
2015-01-16,Lamu,4.9,31.12
2015-01-17,Lamu,6.99,25.57
2015-01-18,Lamu,0.98,24.63
2015-01-19,Lamu,6.37,31.78
2015-01-20,Lamu,6.58,29.7
2015-01-21,Lamu,3.24,29.6
2015-01-22,Lamu,4.07,26.3
2015-01-23,Lamu,8.46,27.85
2015-01-24,Lamu,3.4,28.82
2015-01-25,Lamu,6.64,27.57
2015-01-26,Lamu,6.16,30.77
2015-01-27,Lamu,1.53,27.4
2015-01-28,Lamu,7.91,27.75
2015-01-29,Lamu,6.09,28.78
2015-01-30,Lamu,3.68,27.91
2015-01-31,Lamu,5.46,29.08
2015-02-01,Lamu,9.51,29.74
2015-02-02,Lamu,2.92,25.88
2015-02-03,Lamu,4.14,29.69
2015-02-04,Lamu,3.56,28.16
2015-02-05,Lamu,5.22,30.25
2015-02-06,Lamu,4.88,27.02
2015-02-07,Lamu,3.1,27.92
2015-02-08,Lamu,5.39,30.78
2015-02-09,Lamu,2.42,27.08
2015-02-10,Lamu,7.11,26.15
2015-02-11,Lamu,4.26,24.75
2015-02-12,Lamu,3.53,27.25
2015-02-13,Lamu,6.53,29.13
2015-02-14,Lamu,5.45,29.38
2015-02-15,Lamu,6.83,28.92
2015-02-16,Lamu,4.24,32.11
2015-02-17,Lamu,4.82,30.45
2015-02-18,Lamu,3.97,32.13
2015-02-19,Lamu,3.28,25.69
2015-02-20,Lamu,6.48,30.95
2015-02-21,Lamu,9.35,25.46
2015-02-22,Lamu,4.48,23.84
2015-02-23,Lamu,5.48,25.37
2015-02-24,Lamu,6.28,28.59
2015-02-25,Lamu,4.07,28.26
2015-02-26,Lamu,3.1,28.03
2015-02-27,Lamu,6.93,29.0
2015-02-28,Lamu,5.42,28.37
2015-03-01,Lamu,14.1,30.76
2015-03-02,Lamu,11.58,27.38
2015-03-03,Lamu,8.5,26.95
2015-03-04,Lamu,13.15,26.9
2015-03-05,Lamu,19.32,31.18
2015-03-06,Lamu,23.2,28.8
2015-03-07,Lamu,7.49,27.38
2015-03-08,Lamu,9.58,29.25
2015-03-09,Lamu,23.3,28.14
2015-03-10,Lamu,3.81,23.96
2015-03-11,Lamu,10.22,27.1
2015-03-12,Lamu,12.25,25.35
2015-03-13,Lamu,16.56,27.73
2015-03-14,Lamu,15.85,28.19
2015-03-15,Lamu,23.03,27.98
2015-03-16,Lamu,18.1,31.48
2015-03-17,Lamu,15.36,28.64
2015-03-18,Lamu,18.32,28.75
2015-03-19,Lamu,14.91,32.14
2015-03-20,Lamu,12.13,25.45
2015-03-21,Lamu,18.57,31.8
2015-03-22,Lamu,19.53,28.54
2015-03-23,Lamu,9.44,30.78
2015-03-24,Lamu,14.22,29.53
2015-03-25,Lamu,22.28,27.92
2015-03-26,Lamu,20.17,28.57
2015-03-27,Lamu,24.46,28.36
2015-03-28,Lamu,19.44,26.38
2015-03-29,Lamu,10.73,32.75
2015-03-30,Lamu,26.1,30.03
2015-03-31,Lamu,27.75,30.63
2015-04-01,Lamu,18.05,29.41
2015-04-02,Lamu,11.99,31.21
2015-04-03,Lamu,2.47,25.42
2015-04-04,Lamu,13.26,25.32
2015-04-05,Lamu,11.3,27.03
2015-04-06,Lamu,18.88,29.88
2015-04-07,Lamu,24.79,28.73
2015-04-08,Lamu,16.33,26.48
2015-04-09,Lamu,18.0,27.66
2015-04-10,Lamu,12.57,23.27
2015-04-11,Lamu,21.98,28.4
2015-04-12,Lamu,10.9,26.13
2015-04-13,Lamu,25.86,27.19
2015-04-14,Lamu,18.71,27.04
2015-04-15,Lamu,14.35,26.53
2015-04-16,Lamu,17.09,29.82
2015-04-17,Lamu,15.83,28.98
2015-04-18,Lamu,15.42,29.74
2015-04-19,Lamu,19.37,29.89
2015-04-20,Lamu,19.8,29.4
2015-04-21,Lamu,15.26,28.28
2015-04-22,Lamu,10.22,29.39
2015-04-23,Lamu,5.85,28.26
2015-04-24,Lamu,21.44,29.5
2015-04-25,Lamu,17.91,25.98
2015-04-26,Lamu,13.26,25.23
2015-04-27,Lamu,11.5,28.65
2015-04-28,Lamu,13.78,27.98
2015-04-29,Lamu,16.43,30.35
2015-04-30,Lamu,12.7,27.82
2015-05-01,Lamu,14.64,25.39
2015-05-02,Lamu,16.37,23.89
2015-05-03,Lamu,10.55,27.64
2015-05-04,Lamu,22.87,27.99
2015-05-05,Lamu,18.11,27.43
2015-05-06,Lamu,18.47,27.89
2015-05-07,Lamu,12.93,27.04
2015-05-08,Lamu,18.09,28.45
2015-05-09,Lamu,27.6,29.1
2015-05-10,Lamu,4.73,27.98
2015-05-11,Lamu,23.63,24.23
2015-05-12,Lamu,11.29,30.72
2015-05-13,Lamu,17.89,32.42
2015-05-14,Lamu,22.9,29.1
2015-05-15,Lamu,8.43,31.91
2015-05-16,Lamu,19.22,27.41
2015-05-17,Lamu,12.92,28.87
2015-05-18,Lamu,17.98,32.08
2015-05-19,Lamu,14.81,29.77
2015-05-20,Lamu,19.14,28.58
2015-05-21,Lamu,13.39,28.6
2015-05-22,Lamu,14.46,28.8
2015-05-23,Lamu,11.45,27.59
2015-05-24,Lamu,27.97,28.72
2015-05-25,Lamu,22.04,28.47
2015-05-26,Lamu,20.25,23.92
2015-05-27,Lamu,15.24,25.47
2015-05-28,Lamu,12.81,29.8
2015-05-29,Lamu,9.38,29.02
2015-05-30,Lamu,9.45,26.23
2015-05-31,Lamu,2.7,24.6
2015-06-01,Lamu,8.74,25.11
2015-06-02,Lamu,4.11,25.36
2015-06-03,Lamu,5.52,28.34
2015-06-04,Lamu,8.93,29.33
2015-06-05,Lamu,7.5,31.11
2015-06-06,Lamu,5.28,28.7
2015-06-07,Lamu,4.93,28.87
2015-06-08,Lamu,3.82,30.83
2015-06-09,Lamu,4.57,25.02
2015-06-10,Lamu,6.89,32.34
2015-06-11,Lamu,7.63,25.18
2015-06-12,Lamu,1.79,27.59
2015-06-13,Lamu,5.7,27.44
2015-06-14,Lamu,4.43,31.89
2015-06-15,Lamu,6.05,26.43
2015-06-16,Lamu,5.47,27.96
2015-06-17,Lamu,5.12,25.31
2015-06-18,Lamu,2.52,28.27
2015-06-19,Lamu,2.81,27.17
2015-06-20,Lamu,3.37,26.24
2015-06-21,Lamu,5.03,26.9
2015-06-22,Lamu,5.7,28.35
2015-06-23,Lamu,4.74,23.94
2015-06-24,Lamu,7.85,29.87
2015-06-25,Lamu,3.74,25.61
2015-06-26,Lamu,2.45,25.84
2015-06-27,Lamu,7.45,27.63
2015-06-28,Lamu,3.79,26.69
2015-06-29,Lamu,2.88,28.92
2015-06-30,Lamu,5.93,27.39
2015-07-01,Lamu,3.11,26.92
2015-07-02,Lamu,7.36,28.43
2015-07-03,Lamu,6.69,31.01
2015-07-04,Lamu,1.87,25.79
2015-07-05,Lamu,0.05,23.34
2015-07-06,Lamu,2.15,26.4
2015-07-07,Lamu,7.83,28.21
2015-07-08,Lamu,5.83,27.34
2015-07-09,Lamu,5.15,27.4
2015-07-10,Lamu,3.46,25.99
2015-07-11,Lamu,7.41,29.39
2015-07-12,Lamu,5.15,25.42
2015-07-13,Lamu,5.56,26.6
2015-07-14,Lamu,6.4,29.85
2015-07-15,Lamu,6.24,28.77
2015-07-16,Lamu,4.76,27.19
2015-07-17,Lamu,6.12,29.74
2015-07-18,Lamu,2.35,30.01
2015-07-19,Lamu,2.28,28.09
2015-07-20,Lamu,8.39,28.12
2015-07-21,Lamu,5.57,25.15
2015-07-22,Lamu,2.75,25.47
2015-07-23,Lamu,9.31,30.2
2015-07-24,Lamu,5.55,26.78
2015-07-25,Lamu,5.03,27.14
2015-07-26,Lamu,4.22,30.59
2015-07-27,Lamu,2.27,27.19
2015-07-28,Lamu,7.01,24.52
2015-07-29,Lamu,7.51,25.78
2015-07-30,Lamu,5.86,24.76
2015-07-31,Lamu,3.98,26.72
2015-08-01,Lamu,6.51,28.3
2015-08-02,Lamu,4.4,26.97
2015-08-03,Lamu,3.66,29.02
2015-08-04,Lamu,0.97,25.73
2015-08-05,Lamu,4.26,27.66
2015-08-06,Lamu,5.42,30.15
2015-08-07,Lamu,8.04,32.39
2015-08-08,Lamu,4.79,27.51
2015-08-09,Lamu,7.19,30.8
2015-08-10,Lamu,4.4,27.97
2015-08-11,Lamu,2.22,26.78
2015-08-12,Lamu,6.91,26.36
2015-08-13,Lamu,4.03,27.52
2015-08-14,Lamu,4.74,25.81
2015-08-15,Lamu,3.94,28.72
2015-08-16,Lamu,5.73,27.97
2015-08-17,Lamu,4.3,25.8
2015-08-18,Lamu,4.64,26.77
2015-08-19,Lamu,2.81,26.57
2015-08-20,Lamu,5.3,27.67
2015-08-21,Lamu,4.04,27.17
2015-08-22,Lamu,8.54,29.29
2015-08-23,Lamu,7.85,25.48
2015-08-24,Lamu,2.25,24.47
2015-08-25,Lamu,5.39,31.66
2015-08-26,Lamu,3.74,29.7
2015-08-27,Lamu,3.3,29.76
2015-08-28,Lamu,6.09,30.2
2015-08-29,Lamu,3.99,31.92
2015-08-30,Lamu,2.65,26.8
2015-08-31,Lamu,6.56,28.26
2015-09-01,Lamu,5.24,31.46
2015-09-02,Lamu,3.12,29.42
2015-09-03,Lamu,4.09,25.74
2015-09-04,Lamu,6.39,27.22
2015-09-05,Lamu,0.55,27.93
2015-09-06,Lamu,6.29,28.03
2015-09-07,Lamu,2.86,28.93
2015-09-08,Lamu,5.16,28.4
2015-09-09,Lamu,5.68,28.59
2015-09-10,Lamu,4.34,29.05
2015-09-11,Lamu,2.68,25.64
2015-09-12,Lamu,4.75,29.07
2015-09-13,Lamu,3.78,26.17
2015-09-14,Lamu,7.49,29.72
2015-09-15,Lamu,4.31,30.62
2015-09-16,Lamu,3.56,27.84
2015-09-17,Lamu,3.67,28.13
2015-09-18,Lamu,6.33,23.33
2015-09-19,Lamu,5.56,26.59
2015-09-20,Lamu,5.67,25.82
2015-09-21,Lamu,2.9,26.78
2015-09-22,Lamu,5.2,27.83
2015-09-23,Lamu,4.23,24.84
2015-09-24,Lamu,5.48,27.53
2015-09-25,Lamu,5.63,27.93
2015-09-26,Lamu,8.42,24.56
2015-09-27,Lamu,6.5,25.42
2015-09-28,Lamu,5.82,28.75
2015-09-29,Lamu,0.82,28.18
2015-09-30,Lamu,8.04,26.23
2015-10-01,Lamu,9.88,28.84
2015-10-02,Lamu,13.62,32.01
2015-10-03,Lamu,9.9,28.24
2015-10-04,Lamu,9.44,25.25
2015-10-05,Lamu,8.24,29.29
2015-10-06,Lamu,9.06,24.22
2015-10-07,Lamu,14.18,28.14
2015-10-08,Lamu,9.89,25.94
2015-10-09,Lamu,16.13,29.36
2015-10-10,Lamu,9.66,29.73
2015-10-11,Lamu,11.61,26.99
2015-10-12,Lamu,3.78,30.74
2015-10-13,Lamu,17.73,27.81
2015-10-14,Lamu,8.84,26.42
2015-10-15,Lamu,14.08,28.97
2015-10-16,Lamu,11.16,26.71
2015-10-17,Lamu,14.94,26.83
2015-10-18,Lamu,6.45,28.32
2015-10-19,Lamu,6.25,28.78
2015-10-20,Lamu,10.91,24.87
2015-10-21,Lamu,14.73,30.47
2015-10-22,Lamu,10.22,30.3
2015-10-23,Lamu,2.14,27.67
2015-10-24,Lamu,13.65,27.29
2015-10-25,Lamu,2.83,27.89
2015-10-26,Lamu,13.1,30.62
2015-10-27,Lamu,9.12,28.06
2015-10-28,Lamu,12.6,31.08
2015-10-29,Lamu,9.69,29.22
2015-10-30,Lamu,7.17,29.2
2015-10-31,Lamu,8.4,29.73
2015-11-01,Lamu,13.66,27.36
2015-11-02,Lamu,11.8,26.09
2015-11-03,Lamu,6.0,26.77
2015-11-04,Lamu,14.43,31.55
2015-11-05,Lamu,12.25,27.45
2015-11-06,Lamu,8.02,31.55
2015-11-07,Lamu,0.0,27.99
2015-11-08,Lamu,9.64,28.84
2015-11-09,Lamu,14.77,25.53
2015-11-10,Lamu,9.42,26.56
2015-11-11,Lamu,11.13,31.23
2015-11-12,Lamu,15.89,28.17
2015-11-13,Lamu,16.75,27.23
2015-11-14,Lamu,7.01,27.95
2015-11-15,Lamu,12.42,24.55
2015-11-16,Lamu,7.93,24.97
2015-11-17,Lamu,9.4,27.68
2015-11-18,Lamu,9.44,30.48
2015-11-19,Lamu,8.48,29.56
2015-11-20,Lamu,9.22,27.22
2015-11-21,Lamu,14.79,26.2
2015-11-22,Lamu,10.7,30.28
2015-11-23,Lamu,10.91,27.25
2015-11-24,Lamu,9.72,24.07
2015-11-25,Lamu,4.94,26.44
2015-11-26,Lamu,5.85,25.41
2015-11-27,Lamu,10.31,27.08
2015-11-28,Lamu,6.1,27.06
2015-11-29,Lamu,12.36,29.86
2015-11-30,Lamu,10.69,27.95
2015-12-01,Lamu,4.71,30.44
2015-12-02,Lamu,6.53,29.88
2015-12-03,Lamu,1.82,29.13
2015-12-04,Lamu,2.33,31.74
2015-12-05,Lamu,5.78,23.79
2015-12-06,Lamu,2.9,29.58
2015-12-07,Lamu,7.51,27.01
2015-12-08,Lamu,7.34,28.21
2015-12-09,Lamu,4.95,33.4
2015-12-10,Lamu,4.5,28.28
2015-12-11,Lamu,0.93,29.1
2015-12-12,Lamu,5.88,24.65
2015-12-13,Lamu,8.11,24.42
2015-12-14,Lamu,10.53,31.33
2015-12-15,Lamu,6.3,28.73
2015-12-16,Lamu,4.38,30.38
2015-12-17,Lamu,4.17,24.98
2015-12-18,Lamu,7.4,26.44
2015-12-19,Lamu,2.19,29.22
2015-12-20,Lamu,7.25,31.17
2015-12-21,Lamu,4.73,26.02
2015-12-22,Lamu,5.82,32.29
2015-12-23,Lamu,2.3,28.82
2015-12-24,Lamu,4.34,25.73
2015-12-25,Lamu,2.45,27.22
2015-12-26,Lamu,3.74,30.67
2015-12-27,Lamu,5.61,27.46
2015-12-28,Lamu,5.09,24.11
2015-12-29,Lamu,1.76,27.15
2015-12-30,Lamu,8.19,28.35
2015-12-31,Lamu,3.58,27.03
2016-01-01,Lamu,4.92,28.86
2016-01-02,Lamu,5.25,26.79
2016-01-03,Lamu,5.94,26.78
2016-01-04,Lamu,2.28,28.21
2016-01-05,Lamu,5.05,29.47
2016-01-06,Lamu,10.55,29.54
2016-01-07,Lamu,2.31,28.72
2016-01-08,Lamu,8.97,25.58
2016-01-09,Lamu,2.4,27.36
2016-01-10,Lamu,5.46,25.91
2016-01-11,Lamu,2.95,27.69
2016-01-12,Lamu,6.58,31.11
2016-01-13,Lamu,6.88,24.35
2016-01-14,Lamu,3.84,27.06
2016-01-15,Lamu,5.39,27.49
2016-01-16,Lamu,9.87,26.4
2016-01-17,Lamu,2.45,30.94
2016-01-18,Lamu,4.18,27.27
2016-01-19,Lamu,3.89,28.22
2016-01-20,Lamu,7.92,31.14
2016-01-21,Lamu,4.34,25.35
2016-01-22,Lamu,6.55,28.43
2016-01-23,Lamu,10.24,27.15
2016-01-24,Lamu,6.52,28.62
2016-01-25,Lamu,4.47,27.38
2016-01-26,Lamu,6.39,27.31
2016-01-27,Lamu,2.2,30.0
2016-01-28,Lamu,6.5,24.58
2016-01-29,Lamu,4.59,24.99
2016-01-30,Lamu,4.32,26.92
2016-01-31,Lamu,5.03,29.0
2016-02-01,Lamu,5.05,28.29
2016-02-02,Lamu,4.15,28.57
2016-02-03,Lamu,5.9,30.81
2016-02-04,Lamu,6.86,25.71
2016-02-05,Lamu,2.48,27.84
2016-02-06,Lamu,2.24,29.25
2016-02-07,Lamu,5.77,32.12
2016-02-08,Lamu,4.32,29.13
2016-02-09,Lamu,8.1,27.61
2016-02-10,Lamu,2.87,29.86
2016-02-11,Lamu,6.12,24.74
2016-02-12,Lamu,3.17,30.35
2016-02-13,Lamu,3.65,27.63
2016-02-14,Lamu,4.37,27.85
2016-02-15,Lamu,3.9,28.8
2016-02-16,Lamu,4.61,29.53
2016-02-17,Lamu,3.81,29.93
2016-02-18,Lamu,5.42,24.56
2016-02-19,Lamu,5.46,26.34
2016-02-20,Lamu,9.74,27.56
2016-02-21,Lamu,3.54,27.3
2016-02-22,Lamu,8.07,27.43
2016-02-23,Lamu,6.18,28.64
2016-02-24,Lamu,7.34,26.25
2016-02-25,Lamu,5.89,27.02
2016-02-26,Lamu,5.45,28.28
2016-02-27,Lamu,7.01,27.98
2016-02-28,Lamu,6.5,29.56
2016-02-29,Lamu,6.48,29.0
2016-03-01,Lamu,15.06,27.57
2016-03-02,Lamu,20.63,28.21
2016-03-03,Lamu,14.29,24.71
2016-03-04,Lamu,9.85,27.71
2016-03-05,Lamu,25.83,27.14
2016-03-06,Lamu,20.01,25.32
2016-03-07,Lamu,8.84,29.79
2016-03-08,Lamu,23.04,27.5
2016-03-09,Lamu,9.35,30.66
2016-03-10,Lamu,12.47,24.19
2016-03-11,Lamu,8.35,28.16
2016-03-12,Lamu,14.15,27.76
2016-03-13,Lamu,14.43,27.59
2016-03-14,Lamu,10.02,29.36
2016-03-15,Lamu,11.02,28.61
2016-03-16,Lamu,18.46,27.28
2016-03-17,Lamu,20.26,27.79
2016-03-18,Lamu,23.11,28.46
2016-03-19,Lamu,20.74,29.34
2016-03-20,Lamu,12.24,27.13
2016-03-21,Lamu,12.36,27.49
2016-03-22,Lamu,12.12,25.67
2016-03-23,Lamu,6.12,27.39
2016-03-24,Lamu,15.58,27.66
2016-03-25,Lamu,19.05,29.47
2016-03-26,Lamu,16.7,27.61
2016-03-27,Lamu,12.67,26.12
2016-03-28,Lamu,14.26,32.7
2016-03-29,Lamu,10.95,28.9
2016-03-30,Lamu,11.62,26.48
2016-03-31,Lamu,14.02,29.33
2016-04-01,Lamu,15.0,27.9
2016-04-02,Lamu,19.04,29.53
2016-04-03,Lamu,15.21,30.39
2016-04-04,Lamu,21.05,29.57
2016-04-05,Lamu,12.73,24.61
2016-04-06,Lamu,19.74,26.32
2016-04-07,Lamu,14.53,27.54
2016-04-08,Lamu,16.23,27.83
2016-04-09,Lamu,17.06,31.74
2016-04-10,Lamu,18.71,29.29
2016-04-11,Lamu,5.98,23.58
2016-04-12,Lamu,9.01,29.03
2016-04-13,Lamu,16.94,30.08
2016-04-14,Lamu,14.53,27.42
2016-04-15,Lamu,19.53,29.12
2016-04-16,Lamu,15.13,29.72
2016-04-17,Lamu,3.68,26.35
2016-04-18,Lamu,16.05,27.68
2016-04-19,Lamu,14.36,28.01
2016-04-20,Lamu,26.68,25.26
2016-04-21,Lamu,14.27,29.75
2016-04-22,Lamu,15.58,30.43
2016-04-23,Lamu,20.84,28.67
2016-04-24,Lamu,13.3,23.5
2016-04-25,Lamu,15.04,24.88
2016-04-26,Lamu,18.17,32.54
2016-04-27,Lamu,12.03,28.05
2016-04-28,Lamu,5.64,27.41
2016-04-29,Lamu,14.73,23.11
2016-04-30,Lamu,11.66,29.32
2016-05-01,Lamu,20.46,30.26
2016-05-02,Lamu,23.17,25.88
2016-05-03,Lamu,14.7,28.01
2016-05-04,Lamu,12.57,27.82
2016-05-05,Lamu,16.36,27.12
2016-05-06,Lamu,18.39,27.76
2016-05-07,Lamu,17.95,28.94
2016-05-08,Lamu,17.53,23.85
2016-05-09,Lamu,22.08,27.29
2016-05-10,Lamu,11.93,32.08
2016-05-11,Lamu,16.92,25.45
2016-05-12,Lamu,8.93,25.01
2016-05-13,Lamu,23.66,29.88
2016-05-14,Lamu,6.64,28.22
2016-05-15,Lamu,8.42,26.79
2016-05-16,Lamu,8.84,31.42
2016-05-17,Lamu,11.8,27.26
2016-05-18,Lamu,24.36,29.6
2016-05-19,Lamu,12.5,28.99
2016-05-20,Lamu,8.89,27.69
2016-05-21,Lamu,22.18,27.04
2016-05-22,Lamu,20.71,27.37
2016-05-23,Lamu,10.77,29.0
2016-05-24,Lamu,7.8,29.75
2016-05-25,Lamu,10.6,31.23
2016-05-26,Lamu,8.77,28.15
2016-05-27,Lamu,8.79,28.54
2016-05-28,Lamu,18.61,29.07
2016-05-29,Lamu,17.9,28.84
2016-05-30,Lamu,15.24,28.29
2016-05-31,Lamu,13.95,26.63
2016-06-01,Lamu,2.69,28.27
2016-06-02,Lamu,5.26,28.58
2016-06-03,Lamu,2.47,27.28
2016-06-04,Lamu,1.65,28.23
2016-06-05,Lamu,3.83,29.22
2016-06-06,Lamu,2.8,27.94
2016-06-07,Lamu,3.69,29.81
2016-06-08,Lamu,7.66,27.4
2016-06-09,Lamu,5.96,30.47
2016-06-10,Lamu,2.96,23.45
2016-06-11,Lamu,4.0,26.41
2016-06-12,Lamu,8.37,28.95
2016-06-13,Lamu,7.45,29.39
2016-06-14,Lamu,4.93,30.75
2016-06-15,Lamu,2.7,28.71
2016-06-16,Lamu,6.65,29.53
2016-06-17,Lamu,4.96,29.63
2016-06-18,Lamu,6.74,25.58
2016-06-19,Lamu,9.55,28.28
2016-06-20,Lamu,2.17,25.71
2016-06-21,Lamu,6.18,29.64
2016-06-22,Lamu,2.89,26.41
2016-06-23,Lamu,4.59,26.04
2016-06-24,Lamu,1.1,26.29
2016-06-25,Lamu,5.42,29.44
2016-06-26,Lamu,6.7,27.9
2016-06-27,Lamu,5.44,29.84
2016-06-28,Lamu,3.03,32.03
2016-06-29,Lamu,8.57,28.33
2016-06-30,Lamu,8.8,28.22
2016-07-01,Lamu,5.02,25.47
2016-07-02,Lamu,2.7,27.23
2016-07-03,Lamu,7.83,25.16
2016-07-04,Lamu,1.87,26.12
2016-07-05,Lamu,5.05,26.66
2016-07-06,Lamu,7.89,29.69
2016-07-07,Lamu,6.84,28.16
2016-07-08,Lamu,4.58,27.02
2016-07-09,Lamu,6.53,28.49
2016-07-10,Lamu,5.69,26.65
2016-07-11,Lamu,7.35,27.93
2016-07-12,Lamu,2.38,26.79
2016-07-13,Lamu,2.26,26.71
2016-07-14,Lamu,5.04,24.29
2016-07-15,Lamu,3.86,25.03
2016-07-16,Lamu,3.59,29.95
2016-07-17,Lamu,6.82,23.04
2016-07-18,Lamu,9.05,29.2
2016-07-19,Lamu,5.16,25.88
2016-07-20,Lamu,3.23,27.51
2016-07-21,Lamu,5.48,30.93
2016-07-22,Lamu,4.3,29.26
2016-07-23,Lamu,4.62,26.84
2016-07-24,Lamu,7.52,27.02
2016-07-25,Lamu,5.04,29.48
2016-07-26,Lamu,4.78,27.49
2016-07-27,Lamu,4.2,28.52
2016-07-28,Lamu,6.48,28.71
2016-07-29,Lamu,3.2,28.95
2016-07-30,Lamu,0.0,26.41
2016-07-31,Lamu,6.28,30.35
2016-08-01,Lamu,7.47,27.58
2016-08-02,Lamu,1.21,28.9
2016-08-03,Lamu,4.46,24.09
2016-08-04,Lamu,4.41,25.89
2016-08-05,Lamu,6.18,28.1
2016-08-06,Lamu,2.56,32.58
2016-08-07,Lamu,5.4,29.78
2016-08-08,Lamu,7.72,28.18
2016-08-09,Lamu,4.33,27.14
2016-08-10,Lamu,1.28,32.13
2016-08-11,Lamu,8.89,30.54
2016-08-12,Lamu,5.56,25.72
2016-08-13,Lamu,5.14,28.14
2016-08-14,Lamu,4.89,27.92
2016-08-15,Lamu,5.24,25.43
2016-08-16,Lamu,3.58,29.27
2016-08-17,Lamu,8.58,30.9
2016-08-18,Lamu,4.06,26.87
2016-08-19,Lamu,3.0,25.77
2016-08-20,Lamu,4.67,27.36
2016-08-21,Lamu,3.91,29.18
2016-08-22,Lamu,2.18,32.04
2016-08-23,Lamu,4.64,26.32
2016-08-24,Lamu,4.77,28.53
2016-08-25,Lamu,3.65,26.82
2016-08-26,Lamu,6.83,27.72
2016-08-27,Lamu,2.19,30.0
2016-08-28,Lamu,6.86,28.31
2016-08-29,Lamu,1.74,28.1
2016-08-30,Lamu,5.92,28.62
2016-08-31,Lamu,5.25,29.38
2016-09-01,Lamu,4.46,24.63
2016-09-02,Lamu,2.72,27.0
2016-09-03,Lamu,3.87,32.39
2016-09-04,Lamu,6.02,31.38
2016-09-05,Lamu,5.01,26.24
2016-09-06,Lamu,6.61,28.09
2016-09-07,Lamu,6.0,28.47
2016-09-08,Lamu,5.71,26.79
2016-09-09,Lamu,6.27,27.17
2016-09-10,Lamu,5.96,29.42
2016-09-11,Lamu,2.07,29.3
2016-09-12,Lamu,5.47,30.96
2016-09-13,Lamu,9.19,28.63
2016-09-14,Lamu,6.26,28.35
2016-09-15,Lamu,3.32,32.04
2016-09-16,Lamu,6.87,26.5
2016-09-17,Lamu,1.85,24.78
2016-09-18,Lamu,3.41,30.55
2016-09-19,Lamu,8.96,29.21
2016-09-20,Lamu,6.44,27.97
2016-09-21,Lamu,3.16,30.89
2016-09-22,Lamu,0.3,27.74
2016-09-23,Lamu,3.59,28.69
2016-09-24,Lamu,6.51,26.11
2016-09-25,Lamu,4.71,28.77
2016-09-26,Lamu,3.2,27.21
2016-09-27,Lamu,2.81,31.31
2016-09-28,Lamu,6.77,30.29
2016-09-29,Lamu,7.38,23.9
2016-09-30,Lamu,4.24,26.47
2016-10-01,Lamu,10.39,25.09
2015-01-01,Taita Taveta,4.23,20.49
2015-01-02,Taita Taveta,4.31,25.41
2015-01-03,Taita Taveta,1.8,25.06
2015-01-04,Taita Taveta,6.6,22.54
2015-01-05,Taita Taveta,2.25,24.3
2015-01-06,Taita Taveta,2.88,23.09
2015-01-07,Taita Taveta,6.07,18.87
2015-01-08,Taita Taveta,3.85,22.59
2015-01-09,Taita Taveta,5.26,23.1
2015-01-10,Taita Taveta,4.5,21.15
2015-01-11,Taita Taveta,4.97,22.24
2015-01-12,Taita Taveta,6.62,25.52
2015-01-13,Taita Taveta,5.12,21.36
2015-01-14,Taita Taveta,3.38,24.23
2015-01-15,Taita Taveta,5.21,27.91
2015-01-16,Taita Taveta,2.22,21.93
2015-01-17,Taita Taveta,5.25,25.32
2015-01-18,Taita Taveta,3.94,21.03
2015-01-19,Taita Taveta,6.76,22.69
2015-01-20,Taita Taveta,3.78,21.78
2015-01-21,Taita Taveta,4.92,23.05
2015-01-22,Taita Taveta,3.67,25.89
2015-01-23,Taita Taveta,5.64,20.65
2015-01-24,Taita Taveta,3.03,26.02
2015-01-25,Taita Taveta,6.3,30.06
2015-01-26,Taita Taveta,7.33,20.05
2015-01-27,Taita Taveta,6.66,24.38
2015-01-28,Taita Taveta,6.31,22.78
2015-01-29,Taita Taveta,5.48,24.08
2015-01-30,Taita Taveta,5.62,18.81
2015-01-31,Taita Taveta,7.65,23.02
2015-02-01,Taita Taveta,6.49,23.52
2015-02-02,Taita Taveta,4.39,25.97
2015-02-03,Taita Taveta,7.78,24.93
2015-02-04,Taita Taveta,7.63,26.6
2015-02-05,Taita Taveta,7.28,31.07
2015-02-06,Taita Taveta,9.22,22.92
2015-02-07,Taita Taveta,6.52,22.35
2015-02-08,Taita Taveta,4.17,26.84
2015-02-09,Taita Taveta,3.46,20.05
2015-02-10,Taita Taveta,2.19,19.29
2015-02-11,Taita Taveta,2.59,24.74
2015-02-12,Taita Taveta,4.63,24.18
2015-02-13,Taita Taveta,4.77,19.94
2015-02-14,Taita Taveta,3.49,27.85
2015-02-15,Taita Taveta,4.49,25.31
2015-02-16,Taita Taveta,10.1,23.25
2015-02-17,Taita Taveta,4.39,19.92
2015-02-18,Taita Taveta,3.33,23.35
2015-02-19,Taita Taveta,8.8,25.86
2015-02-20,Taita Taveta,3.63,26.09
2015-02-21,Taita Taveta,4.62,28.1
2015-02-22,Taita Taveta,3.06,21.09
2015-02-23,Taita Taveta,7.41,24.46
2015-02-24,Taita Taveta,7.59,22.36
2015-02-25,Taita Taveta,4.4,24.94
2015-02-26,Taita Taveta,7.21,20.94
2015-02-27,Taita Taveta,4.72,23.96
2015-02-28,Taita Taveta,4.18,22.95
2015-03-01,Taita Taveta,13.47,22.24
2015-03-02,Taita Taveta,25.17,21.81
2015-03-03,Taita Taveta,10.02,23.25
2015-03-04,Taita Taveta,15.88,25.57
2015-03-05,Taita Taveta,21.28,26.2
2015-03-06,Taita Taveta,16.78,30.25
2015-03-07,Taita Taveta,17.73,23.07
2015-03-08,Taita Taveta,10.48,19.68
2015-03-09,Taita Taveta,22.1,21.03
2015-03-10,Taita Taveta,7.1,26.21
2015-03-11,Taita Taveta,9.79,21.87
2015-03-12,Taita Taveta,9.09,30.74
2015-03-13,Taita Taveta,16.14,21.69
2015-03-14,Taita Taveta,7.18,19.23
2015-03-15,Taita Taveta,8.51,25.95
2015-03-16,Taita Taveta,2.37,21.24
2015-03-17,Taita Taveta,14.15,24.06
2015-03-18,Taita Taveta,14.58,26.59
2015-03-19,Taita Taveta,5.87,28.39
2015-03-20,Taita Taveta,14.44,16.54
2015-03-21,Taita Taveta,21.46,20.69
2015-03-22,Taita Taveta,17.5,25.26
2015-03-23,Taita Taveta,9.92,22.71
2015-03-24,Taita Taveta,4.19,19.77
2015-03-25,Taita Taveta,15.24,26.97
2015-03-26,Taita Taveta,8.02,30.69
2015-03-27,Taita Taveta,17.16,24.46
2015-03-28,Taita Taveta,15.37,19.99
2015-03-29,Taita Taveta,16.28,24.99
2015-03-30,Taita Taveta,13.28,25.22
2015-03-31,Taita Taveta,21.15,24.96
2015-04-01,Taita Taveta,14.5,21.08
2015-04-02,Taita Taveta,13.31,24.88
2015-04-03,Taita Taveta,9.47,24.18
2015-04-04,Taita Taveta,9.4,28.64
2015-04-05,Taita Taveta,26.56,22.68
2015-04-06,Taita Taveta,7.28,21.75
2015-04-07,Taita Taveta,8.56,22.63
2015-04-08,Taita Taveta,4.45,23.64
2015-04-09,Taita Taveta,13.72,24.72
2015-04-10,Taita Taveta,18.3,20.12
2015-04-11,Taita Taveta,19.22,24.38
2015-04-12,Taita Taveta,26.05,26.16
2015-04-13,Taita Taveta,19.53,18.23
2015-04-14,Taita Taveta,10.86,25.79
2015-04-15,Taita Taveta,27.14,28.25
2015-04-16,Taita Taveta,9.59,26.7
2015-04-17,Taita Taveta,12.48,23.19
2015-04-18,Taita Taveta,15.98,22.49
2015-04-19,Taita Taveta,15.33,23.74
2015-04-20,Taita Taveta,13.16,28.17
2015-04-21,Taita Taveta,17.26,21.42
2015-04-22,Taita Taveta,9.48,23.5
2015-04-23,Taita Taveta,12.72,26.99
2015-04-24,Taita Taveta,11.32,24.19
2015-04-25,Taita Taveta,8.86,27.5
2015-04-26,Taita Taveta,12.66,29.37
2015-04-27,Taita Taveta,22.68,20.76
2015-04-28,Taita Taveta,25.88,29.01
2015-04-29,Taita Taveta,15.44,17.38
2015-04-30,Taita Taveta,15.02,22.65
2015-05-01,Taita Taveta,19.47,26.66
2015-05-02,Taita Taveta,20.63,29.55
2015-05-03,Taita Taveta,19.98,24.29
2015-05-04,Taita Taveta,15.71,19.28
2015-05-05,Taita Taveta,14.56,25.26
2015-05-06,Taita Taveta,17.09,19.58
2015-05-07,Taita Taveta,11.44,25.46
2015-05-08,Taita Taveta,12.48,25.53
2015-05-09,Taita Taveta,13.67,26.96
2015-05-10,Taita Taveta,11.2,19.6
2015-05-11,Taita Taveta,12.97,28.67
2015-05-12,Taita Taveta,12.53,25.62
2015-05-13,Taita Taveta,10.19,21.73
2015-05-14,Taita Taveta,15.04,18.45
2015-05-15,Taita Taveta,11.07,20.3
2015-05-16,Taita Taveta,6.21,27.64
2015-05-17,Taita Taveta,10.99,24.77
2015-05-18,Taita Taveta,13.26,21.3
2015-05-19,Taita Taveta,9.75,25.07
2015-05-20,Taita Taveta,10.56,25.98
2015-05-21,Taita Taveta,12.82,24.83
2015-05-22,Taita Taveta,11.24,30.49
2015-05-23,Taita Taveta,15.86,23.36
2015-05-24,Taita Taveta,22.3,22.88
2015-05-25,Taita Taveta,23.72,24.72
2015-05-26,Taita Taveta,24.01,22.33
2015-05-27,Taita Taveta,10.69,22.72
2015-05-28,Taita Taveta,9.91,29.25
2015-05-29,Taita Taveta,23.94,25.82
2015-05-30,Taita Taveta,17.75,20.63
2015-05-31,Taita Taveta,15.07,21.3
2015-06-01,Taita Taveta,3.72,24.05
2015-06-02,Taita Taveta,2.97,17.69
2015-06-03,Taita Taveta,4.23,28.63
2015-06-04,Taita Taveta,4.19,24.42
2015-06-05,Taita Taveta,6.79,28.69
2015-06-06,Taita Taveta,8.36,28.14
2015-06-07,Taita Taveta,4.13,25.51
2015-06-08,Taita Taveta,7.19,21.12
2015-06-09,Taita Taveta,5.66,24.6
2015-06-10,Taita Taveta,2.81,24.25
2015-06-11,Taita Taveta,5.12,28.21
2015-06-12,Taita Taveta,6.5,23.59
2015-06-13,Taita Taveta,2.56,25.0
2015-06-14,Taita Taveta,4.06,19.03
2015-06-15,Taita Taveta,4.9,19.29
2015-06-16,Taita Taveta,4.59,22.98
2015-06-17,Taita Taveta,5.88,23.33
2015-06-18,Taita Taveta,7.03,24.99
2015-06-19,Taita Taveta,5.04,23.93
2015-06-20,Taita Taveta,4.99,23.94
2015-06-21,Taita Taveta,5.72,20.04
2015-06-22,Taita Taveta,7.61,21.36
2015-06-23,Taita Taveta,5.16,21.77
2015-06-24,Taita Taveta,5.23,27.71
2015-06-25,Taita Taveta,4.94,14.58
2015-06-26,Taita Taveta,5.34,21.39
2015-06-27,Taita Taveta,5.19,26.97
2015-06-28,Taita Taveta,3.11,18.88
2015-06-29,Taita Taveta,4.8,20.51
2015-06-30,Taita Taveta,2.36,20.25
2015-07-01,Taita Taveta,7.47,26.47
2015-07-02,Taita Taveta,3.89,22.87
2015-07-03,Taita Taveta,4.39,21.82
2015-07-04,Taita Taveta,2.76,28.04
2015-07-05,Taita Taveta,4.98,25.22
2015-07-06,Taita Taveta,7.03,27.15
2015-07-07,Taita Taveta,4.67,23.9
2015-07-08,Taita Taveta,5.54,21.57
2015-07-09,Taita Taveta,5.38,18.07
2015-07-10,Taita Taveta,4.62,20.73
2015-07-11,Taita Taveta,3.87,26.87
2015-07-12,Taita Taveta,2.44,27.04
2015-07-13,Taita Taveta,5.12,20.66
2015-07-14,Taita Taveta,2.25,24.65
2015-07-15,Taita Taveta,4.21,27.81
2015-07-16,Taita Taveta,7.91,24.07
2015-07-17,Taita Taveta,5.13,28.36
2015-07-18,Taita Taveta,6.28,22.55
2015-07-19,Taita Taveta,5.53,29.32
2015-07-20,Taita Taveta,6.58,24.11
2015-07-21,Taita Taveta,3.91,27.92
2015-07-22,Taita Taveta,7.15,25.19
2015-07-23,Taita Taveta,2.85,21.72
2015-07-24,Taita Taveta,6.93,22.09
2015-07-25,Taita Taveta,3.15,21.9
2015-07-26,Taita Taveta,5.76,19.62
2015-07-27,Taita Taveta,7.22,23.74
2015-07-28,Taita Taveta,2.44,22.54
2015-07-29,Taita Taveta,7.24,28.29
2015-07-30,Taita Taveta,3.0,20.9
2015-07-31,Taita Taveta,5.66,24.99
2015-08-01,Taita Taveta,6.34,19.86
2015-08-02,Taita Taveta,8.66,24.02
2015-08-03,Taita Taveta,7.44,19.32
2015-08-04,Taita Taveta,4.89,23.73
2015-08-05,Taita Taveta,4.08,19.2
2015-08-06,Taita Taveta,2.13,23.78
2015-08-07,Taita Taveta,4.48,23.91
2015-08-08,Taita Taveta,8.47,25.95
2015-08-09,Taita Taveta,5.67,21.41
2015-08-10,Taita Taveta,4.14,26.66
2015-08-11,Taita Taveta,5.95,25.86
2015-08-12,Taita Taveta,1.62,21.64
2015-08-13,Taita Taveta,2.33,29.48
2015-08-14,Taita Taveta,5.04,25.62
2015-08-15,Taita Taveta,7.97,25.17
2015-08-16,Taita Taveta,4.2,24.25
2015-08-17,Taita Taveta,8.04,19.84
2015-08-18,Taita Taveta,1.61,25.97
2015-08-19,Taita Taveta,5.71,21.12
2015-08-20,Taita Taveta,7.31,25.15
2015-08-21,Taita Taveta,3.32,22.51
2015-08-22,Taita Taveta,0.73,28.84
2015-08-23,Taita Taveta,6.39,21.25
2015-08-24,Taita Taveta,4.22,22.99
2015-08-25,Taita Taveta,7.58,22.93
2015-08-26,Taita Taveta,3.88,26.28
2015-08-27,Taita Taveta,3.84,26.16
2015-08-28,Taita Taveta,6.31,26.92
2015-08-29,Taita Taveta,1.97,23.17
2015-08-30,Taita Taveta,3.08,21.52
2015-08-31,Taita Taveta,4.73,24.57
2015-09-01,Taita Taveta,4.24,24.03
2015-09-02,Taita Taveta,0.0,22.71
2015-09-03,Taita Taveta,3.78,19.95
2015-09-04,Taita Taveta,7.52,27.56
2015-09-05,Taita Taveta,2.86,26.07
2015-09-06,Taita Taveta,6.36,20.15
2015-09-07,Taita Taveta,5.58,23.37
2015-09-08,Taita Taveta,6.2,23.23
2015-09-09,Taita Taveta,3.49,24.1
2015-09-10,Taita Taveta,3.92,26.81
2015-09-11,Taita Taveta,3.37,22.94
2015-09-12,Taita Taveta,4.62,24.11
2015-09-13,Taita Taveta,5.28,23.07
2015-09-14,Taita Taveta,2.3,24.41
2015-09-15,Taita Taveta,6.7,25.39
2015-09-16,Taita Taveta,6.49,24.71
2015-09-17,Taita Taveta,5.52,16.69
2015-09-18,Taita Taveta,4.99,22.79
2015-09-19,Taita Taveta,6.11,28.85
2015-09-20,Taita Taveta,5.66,23.66
2015-09-21,Taita Taveta,0.62,28.41
2015-09-22,Taita Taveta,3.94,19.25
2015-09-23,Taita Taveta,4.97,24.93
2015-09-24,Taita Taveta,7.23,24.83
2015-09-25,Taita Taveta,4.22,25.17
2015-09-26,Taita Taveta,4.33,28.62
2015-09-27,Taita Taveta,5.97,23.5
2015-09-28,Taita Taveta,5.03,20.47
2015-09-29,Taita Taveta,4.53,26.69
2015-09-30,Taita Taveta,7.56,21.33
2015-10-01,Taita Taveta,12.76,23.52
2015-10-02,Taita Taveta,2.47,21.82
2015-10-03,Taita Taveta,9.08,23.0
2015-10-04,Taita Taveta,12.3,23.18
2015-10-05,Taita Taveta,0.69,25.25
2015-10-06,Taita Taveta,4.39,26.2
2015-10-07,Taita Taveta,10.27,22.08
2015-10-08,Taita Taveta,8.61,25.09
2015-10-09,Taita Taveta,8.23,26.13
2015-10-10,Taita Taveta,13.5,23.54
2015-10-11,Taita Taveta,10.39,19.4
2015-10-12,Taita Taveta,11.13,20.16
2015-10-13,Taita Taveta,1.97,26.57
2015-10-14,Taita Taveta,13.86,21.08
2015-10-15,Taita Taveta,12.38,23.35
2015-10-16,Taita Taveta,9.73,23.75
2015-10-17,Taita Taveta,7.32,24.73
2015-10-18,Taita Taveta,9.63,22.7
2015-10-19,Taita Taveta,17.14,26.23
2015-10-20,Taita Taveta,10.92,29.92
2015-10-21,Taita Taveta,10.61,26.52
2015-10-22,Taita Taveta,10.09,17.68
2015-10-23,Taita Taveta,11.8,23.37
2015-10-24,Taita Taveta,8.5,24.77
2015-10-25,Taita Taveta,12.49,27.07
2015-10-26,Taita Taveta,9.9,20.97
2015-10-27,Taita Taveta,11.38,23.45
2015-10-28,Taita Taveta,2.14,27.91
2015-10-29,Taita Taveta,15.95,17.66
2015-10-30,Taita Taveta,11.2,25.99
2015-10-31,Taita Taveta,4.89,26.16
2015-11-01,Taita Taveta,11.2,27.53
2015-11-02,Taita Taveta,8.95,27.8
2015-11-03,Taita Taveta,12.71,24.55
2015-11-04,Taita Taveta,7.95,26.64
2015-11-05,Taita Taveta,9.45,25.26
2015-11-06,Taita Taveta,8.79,32.41
2015-11-07,Taita Taveta,15.04,27.89
2015-11-08,Taita Taveta,12.72,25.23
2015-11-09,Taita Taveta,6.56,20.61
2015-11-10,Taita Taveta,9.08,21.77
2015-11-11,Taita Taveta,10.89,28.9
2015-11-12,Taita Taveta,10.48,22.23
2015-11-13,Taita Taveta,13.72,24.02
2015-11-14,Taita Taveta,11.73,22.68
2015-11-15,Taita Taveta,13.88,23.45
2015-11-16,Taita Taveta,17.07,23.93
2015-11-17,Taita Taveta,11.05,18.94
2015-11-18,Taita Taveta,11.01,15.86
2015-11-19,Taita Taveta,3.23,27.54
2015-11-20,Taita Taveta,11.63,21.25
2015-11-21,Taita Taveta,8.9,23.22
2015-11-22,Taita Taveta,13.5,24.24
2015-11-23,Taita Taveta,10.24,24.61
2015-11-24,Taita Taveta,7.47,27.54
2015-11-25,Taita Taveta,11.23,28.82
2015-11-26,Taita Taveta,13.59,24.42
2015-11-27,Taita Taveta,9.25,21.19
2015-11-28,Taita Taveta,5.19,23.21
2015-11-29,Taita Taveta,15.36,22.08
2015-11-30,Taita Taveta,11.21,25.38
2015-12-01,Taita Taveta,3.67,21.27
2015-12-02,Taita Taveta,5.86,23.24
2015-12-03,Taita Taveta,4.68,29.62
2015-12-04,Taita Taveta,6.61,19.99
2015-12-05,Taita Taveta,6.77,22.05
2015-12-06,Taita Taveta,7.81,25.06
2015-12-07,Taita Taveta,5.15,26.42
2015-12-08,Taita Taveta,8.22,25.82
2015-12-09,Taita Taveta,4.77,20.07
2015-12-10,Taita Taveta,4.05,22.84
2015-12-11,Taita Taveta,4.49,22.27
2015-12-12,Taita Taveta,10.26,27.92
2015-12-13,Taita Taveta,6.71,22.91
2015-12-14,Taita Taveta,5.33,25.93
2015-12-15,Taita Taveta,2.58,22.86
2015-12-16,Taita Taveta,9.46,20.82
2015-12-17,Taita Taveta,4.05,21.93
2015-12-18,Taita Taveta,3.8,22.32
2015-12-19,Taita Taveta,4.67,22.06
2015-12-20,Taita Taveta,10.1,21.36
2015-12-21,Taita Taveta,4.56,25.59
2015-12-22,Taita Taveta,7.72,20.63
2015-12-23,Taita Taveta,6.53,18.4
2015-12-24,Taita Taveta,4.79,24.35
2015-12-25,Taita Taveta,4.92,21.21
2015-12-26,Taita Taveta,6.79,24.28
2015-12-27,Taita Taveta,1.48,25.53
2015-12-28,Taita Taveta,7.0,26.16
2015-12-29,Taita Taveta,5.49,22.7
2015-12-30,Taita Taveta,6.13,23.62
2015-12-31,Taita Taveta,3.12,24.22
2016-01-01,Taita Taveta,6.7,25.58
2016-01-02,Taita Taveta,2.4,29.87
2016-01-03,Taita Taveta,5.22,21.53
2016-01-04,Taita Taveta,5.2,20.8
2016-01-05,Taita Taveta,2.7,24.14
2016-01-06,Taita Taveta,5.85,19.61
2016-01-07,Taita Taveta,1.06,24.92
2016-01-08,Taita Taveta,6.08,25.48
2016-01-09,Taita Taveta,7.13,21.47
2016-01-10,Taita Taveta,5.5,24.77
2016-01-11,Taita Taveta,6.72,23.38
2016-01-12,Taita Taveta,4.29,23.85
2016-01-13,Taita Taveta,5.26,21.36
2016-01-14,Taita Taveta,4.67,23.85
2016-01-15,Taita Taveta,3.47,23.6
2016-01-16,Taita Taveta,3.89,23.15
2016-01-17,Taita Taveta,6.35,23.17
2016-01-18,Taita Taveta,2.46,23.57
2016-01-19,Taita Taveta,6.36,24.15
2016-01-20,Taita Taveta,1.81,22.4
2016-01-21,Taita Taveta,4.08,24.89
2016-01-22,Taita Taveta,6.76,20.28
2016-01-23,Taita Taveta,7.31,25.18
2016-01-24,Taita Taveta,3.94,21.41
2016-01-25,Taita Taveta,4.72,23.47
2016-01-26,Taita Taveta,4.28,21.24
2016-01-27,Taita Taveta,7.81,21.21
2016-01-28,Taita Taveta,5.47,25.88
2016-01-29,Taita Taveta,7.16,30.43
2016-01-30,Taita Taveta,4.59,23.27
2016-01-31,Taita Taveta,6.44,26.76
2016-02-01,Taita Taveta,5.44,24.29
2016-02-02,Taita Taveta,9.74,26.12
2016-02-03,Taita Taveta,4.02,24.79
2016-02-04,Taita Taveta,6.4,21.39
2016-02-05,Taita Taveta,6.87,24.51
2016-02-06,Taita Taveta,3.9,25.75
2016-02-07,Taita Taveta,6.65,25.05
2016-02-08,Taita Taveta,2.06,24.12
2016-02-09,Taita Taveta,1.93,21.95
2016-02-10,Taita Taveta,7.61,22.05
2016-02-11,Taita Taveta,6.5,25.5
2016-02-12,Taita Taveta,6.84,25.77
2016-02-13,Taita Taveta,5.0,23.84
2016-02-14,Taita Taveta,6.84,23.16
2016-02-15,Taita Taveta,6.6,25.54
2016-02-16,Taita Taveta,4.64,25.02
2016-02-17,Taita Taveta,6.46,27.12
2016-02-18,Taita Taveta,6.03,24.8
2016-02-19,Taita Taveta,7.21,17.69
2016-02-20,Taita Taveta,3.55,25.28
2016-02-21,Taita Taveta,3.21,26.97
2016-02-22,Taita Taveta,10.86,21.94
2016-02-23,Taita Taveta,4.49,20.08
2016-02-24,Taita Taveta,5.44,25.87
2016-02-25,Taita Taveta,1.73,22.2
2016-02-26,Taita Taveta,5.7,26.1
2016-02-27,Taita Taveta,7.92,20.58
2016-02-28,Taita Taveta,4.3,23.78
2016-02-29,Taita Taveta,2.42,28.3
2016-03-01,Taita Taveta,18.94,25.02
2016-03-02,Taita Taveta,12.76,20.42
2016-03-03,Taita Taveta,14.59,22.34
2016-03-04,Taita Taveta,12.4,20.53
2016-03-05,Taita Taveta,17.06,24.31
2016-03-06,Taita Taveta,10.89,24.36
2016-03-07,Taita Taveta,23.9,23.12
2016-03-08,Taita Taveta,8.48,24.93
2016-03-09,Taita Taveta,19.09,26.89
2016-03-10,Taita Taveta,18.51,27.47
2016-03-11,Taita Taveta,21.46,24.57
2016-03-12,Taita Taveta,16.41,25.75
2016-03-13,Taita Taveta,15.01,21.46
2016-03-14,Taita Taveta,14.11,24.14
2016-03-15,Taita Taveta,14.45,20.2
2016-03-16,Taita Taveta,16.25,24.3
2016-03-17,Taita Taveta,10.07,25.07
2016-03-18,Taita Taveta,12.63,16.75
2016-03-19,Taita Taveta,5.61,23.35
2016-03-20,Taita Taveta,17.56,27.3
2016-03-21,Taita Taveta,29.29,25.48
2016-03-22,Taita Taveta,16.89,26.47
2016-03-23,Taita Taveta,18.42,21.59
2016-03-24,Taita Taveta,10.36,25.02
2016-03-25,Taita Taveta,15.25,20.67
2016-03-26,Taita Taveta,14.41,24.96
2016-03-27,Taita Taveta,18.83,24.25
2016-03-28,Taita Taveta,14.72,24.09
2016-03-29,Taita Taveta,18.43,23.32
2016-03-30,Taita Taveta,12.84,25.83
2016-03-31,Taita Taveta,7.28,24.17
2016-04-01,Taita Taveta,15.96,23.95
2016-04-02,Taita Taveta,24.45,25.92
2016-04-03,Taita Taveta,23.8,23.43
2016-04-04,Taita Taveta,7.95,21.86
2016-04-05,Taita Taveta,14.48,23.66
2016-04-06,Taita Taveta,9.23,28.02
2016-04-07,Taita Taveta,18.64,21.93
2016-04-08,Taita Taveta,14.63,22.58
2016-04-09,Taita Taveta,5.35,20.43
2016-04-10,Taita Taveta,5.68,20.63
2016-04-11,Taita Taveta,5.06,21.6
2016-04-12,Taita Taveta,21.95,24.78
2016-04-13,Taita Taveta,17.91,24.8
2016-04-14,Taita Taveta,7.66,27.06
2016-04-15,Taita Taveta,20.16,26.22
2016-04-16,Taita Taveta,3.38,22.5
2016-04-17,Taita Taveta,11.96,24.11
2016-04-18,Taita Taveta,6.05,23.59
2016-04-19,Taita Taveta,22.67,25.42
2016-04-20,Taita Taveta,15.1,27.77
2016-04-21,Taita Taveta,18.23,23.68
2016-04-22,Taita Taveta,12.3,14.31
2016-04-23,Taita Taveta,6.45,20.86
2016-04-24,Taita Taveta,12.75,22.52
2016-04-25,Taita Taveta,19.23,27.4
2016-04-26,Taita Taveta,28.6,22.84
2016-04-27,Taita Taveta,11.37,23.73
2016-04-28,Taita Taveta,12.59,24.27
2016-04-29,Taita Taveta,26.36,29.64
2016-04-30,Taita Taveta,17.55,19.59
2016-05-01,Taita Taveta,19.02,24.45
2016-05-02,Taita Taveta,14.43,26.42
2016-05-03,Taita Taveta,10.62,23.64
2016-05-04,Taita Taveta,16.33,21.27
2016-05-05,Taita Taveta,23.65,22.9
2016-05-06,Taita Taveta,9.32,21.5
2016-05-07,Taita Taveta,16.83,24.28
2016-05-08,Taita Taveta,24.09,22.76
2016-05-09,Taita Taveta,3.78,22.01
2016-05-10,Taita Taveta,16.94,22.44
2016-05-11,Taita Taveta,17.9,21.28
2016-05-12,Taita Taveta,20.12,29.12
2016-05-13,Taita Taveta,19.97,17.83
2016-05-14,Taita Taveta,13.71,19.31
2016-05-15,Taita Taveta,16.04,22.35
2016-05-16,Taita Taveta,14.06,23.76
2016-05-17,Taita Taveta,12.42,29.83
2016-05-18,Taita Taveta,21.27,23.63
2016-05-19,Taita Taveta,8.38,25.9
2016-05-20,Taita Taveta,14.93,27.54
2016-05-21,Taita Taveta,13.62,23.77
2016-05-22,Taita Taveta,11.61,22.77
2016-05-23,Taita Taveta,7.96,17.4
2016-05-24,Taita Taveta,16.07,19.42
2016-05-25,Taita Taveta,15.56,25.24
2016-05-26,Taita Taveta,19.42,23.73
2016-05-27,Taita Taveta,24.08,21.74
2016-05-28,Taita Taveta,7.39,23.96
2016-05-29,Taita Taveta,7.94,23.65
2016-05-30,Taita Taveta,9.19,24.26
2016-05-31,Taita Taveta,14.39,20.94
2016-06-01,Taita Taveta,8.56,22.64
2016-06-02,Taita Taveta,1.97,22.38
2016-06-03,Taita Taveta,7.54,22.49
2016-06-04,Taita Taveta,3.52,27.98
2016-06-05,Taita Taveta,5.41,21.43
2016-06-06,Taita Taveta,3.98,27.99
2016-06-07,Taita Taveta,9.16,27.38
2016-06-08,Taita Taveta,3.42,23.88
2016-06-09,Taita Taveta,12.31,22.18
2016-06-10,Taita Taveta,8.01,31.6
2016-06-11,Taita Taveta,2.31,21.57
2016-06-12,Taita Taveta,5.8,24.79
2016-06-13,Taita Taveta,8.75,28.06
2016-06-14,Taita Taveta,6.23,25.71
2016-06-15,Taita Taveta,6.2,26.49
2016-06-16,Taita Taveta,0.58,19.1
2016-06-17,Taita Taveta,1.37,23.68
2016-06-18,Taita Taveta,5.62,27.42
2016-06-19,Taita Taveta,4.77,19.31
2016-06-20,Taita Taveta,6.63,20.51
2016-06-21,Taita Taveta,5.37,25.82
2016-06-22,Taita Taveta,2.72,26.16
2016-06-23,Taita Taveta,1.18,25.93
2016-06-24,Taita Taveta,4.5,22.77
2016-06-25,Taita Taveta,2.7,28.54
2016-06-26,Taita Taveta,4.96,25.27
2016-06-27,Taita Taveta,1.13,24.89
2016-06-28,Taita Taveta,6.39,20.51
2016-06-29,Taita Taveta,5.14,20.14
2016-06-30,Taita Taveta,6.58,21.65
2016-07-01,Taita Taveta,6.78,16.12
2016-07-02,Taita Taveta,7.0,22.64
2016-07-03,Taita Taveta,6.0,22.62
2016-07-04,Taita Taveta,5.47,23.95
2016-07-05,Taita Taveta,4.63,22.92
2016-07-06,Taita Taveta,5.0,25.53
2016-07-07,Taita Taveta,2.07,26.49
2016-07-08,Taita Taveta,6.28,23.75
2016-07-09,Taita Taveta,2.45,23.85
2016-07-10,Taita Taveta,4.3,23.28
2016-07-11,Taita Taveta,2.31,27.31
2016-07-12,Taita Taveta,6.46,17.58
2016-07-13,Taita Taveta,8.83,20.42
2016-07-14,Taita Taveta,5.58,26.75
2016-07-15,Taita Taveta,0.0,21.7
2016-07-16,Taita Taveta,3.97,24.31
2016-07-17,Taita Taveta,3.9,29.81
2016-07-18,Taita Taveta,5.85,26.78
2016-07-19,Taita Taveta,6.37,20.54
2016-07-20,Taita Taveta,7.64,26.01
2016-07-21,Taita Taveta,6.44,23.78
2016-07-22,Taita Taveta,5.23,29.55
2016-07-23,Taita Taveta,5.93,24.34
2016-07-24,Taita Taveta,4.53,28.26
2016-07-25,Taita Taveta,7.15,26.93
2016-07-26,Taita Taveta,5.11,24.48
2016-07-27,Taita Taveta,2.58,25.19
2016-07-28,Taita Taveta,6.53,25.86
2016-07-29,Taita Taveta,3.4,22.63
2016-07-30,Taita Taveta,4.9,26.83
2016-07-31,Taita Taveta,7.49,27.38
2016-08-01,Taita Taveta,4.71,20.23
2016-08-02,Taita Taveta,5.26,22.24
2016-08-03,Taita Taveta,4.75,26.39
2016-08-04,Taita Taveta,7.2,24.53
2016-08-05,Taita Taveta,5.1,22.38
2016-08-06,Taita Taveta,3.31,21.9
2016-08-07,Taita Taveta,4.2,22.35
2016-08-08,Taita Taveta,5.5,23.2
2016-08-09,Taita Taveta,6.98,25.23
2016-08-10,Taita Taveta,6.21,23.43
2016-08-11,Taita Taveta,3.9,26.26
2016-08-12,Taita Taveta,5.56,22.03
2016-08-13,Taita Taveta,5.83,25.5
2016-08-14,Taita Taveta,7.14,23.78
2016-08-15,Taita Taveta,4.95,26.13
2016-08-16,Taita Taveta,8.33,24.56
2016-08-17,Taita Taveta,2.01,27.42
2016-08-18,Taita Taveta,5.09,22.93
2016-08-19,Taita Taveta,2.82,24.44
2016-08-20,Taita Taveta,3.11,28.12
2016-08-21,Taita Taveta,5.32,30.94
2016-08-22,Taita Taveta,6.0,22.07
2016-08-23,Taita Taveta,7.36,22.3
2016-08-24,Taita Taveta,7.19,23.81
2016-08-25,Taita Taveta,2.76,25.2
2016-08-26,Taita Taveta,0.0,26.66
2016-08-27,Taita Taveta,5.51,19.69
2016-08-28,Taita Taveta,0.51,23.15
2016-08-29,Taita Taveta,2.1,26.82
2016-08-30,Taita Taveta,7.75,23.07
2016-08-31,Taita Taveta,2.56,28.05
2016-09-01,Taita Taveta,3.31,23.23
2016-09-02,Taita Taveta,2.91,19.24
2016-09-03,Taita Taveta,2.89,27.69
2016-09-04,Taita Taveta,5.52,24.17
2016-09-05,Taita Taveta,2.63,21.5
2016-09-06,Taita Taveta,2.29,20.31
2016-09-07,Taita Taveta,1.5,20.76
2016-09-08,Taita Taveta,6.07,19.23
2016-09-09,Taita Taveta,4.57,29.56
2016-09-10,Taita Taveta,4.71,20.47
2016-09-11,Taita Taveta,4.96,25.49
2016-09-12,Taita Taveta,5.83,19.8
2016-09-13,Taita Taveta,4.98,27.25
2016-09-14,Taita Taveta,3.19,19.04
2016-09-15,Taita Taveta,3.08,23.68
2016-09-16,Taita Taveta,4.67,22.25
2016-09-17,Taita Taveta,7.11,23.82
2016-09-18,Taita Taveta,7.33,23.31
2016-09-19,Taita Taveta,5.12,26.1
2016-09-20,Taita Taveta,2.58,24.76
2016-09-21,Taita Taveta,0.0,21.97
2016-09-22,Taita Taveta,5.19,29.62
2016-09-23,Taita Taveta,5.35,24.07
2016-09-24,Taita Taveta,2.33,24.56
2016-09-25,Taita Taveta,0.98,26.69
2016-09-26,Taita Taveta,4.45,19.85
2016-09-27,Taita Taveta,1.32,24.08
2016-09-28,Taita Taveta,1.93,20.72
2016-09-29,Taita Taveta,7.45,26.23
2016-09-30,Taita Taveta,2.93,24.47
2016-10-01,Taita Taveta,5.85,18.67
2015-01-01,Garissa,7.63,29.26
2015-01-02,Garissa,6.36,18.2
2015-01-03,Garissa,3.82,23.61
2015-01-04,Garissa,5.95,22.4
2015-01-05,Garissa,6.47,21.21
2015-01-06,Garissa,3.43,25.54
2015-01-07,Garissa,4.95,21.44
2015-01-08,Garissa,3.98,21.43
2015-01-09,Garissa,4.0,28.87
2015-01-10,Garissa,6.71,30.78
2015-01-11,Garissa,4.69,25.11
2015-01-12,Garissa,1.55,29.11
2015-01-13,Garissa,4.83,26.4
2015-01-14,Garissa,5.01,30.22
2015-01-15,Garissa,6.5,27.72
2015-01-16,Garissa,3.19,25.59
2015-01-17,Garissa,3.57,27.08
2015-01-18,Garissa,7.11,27.07
2015-01-19,Garissa,2.95,21.68
2015-01-20,Garissa,5.83,23.53
2015-01-21,Garissa,4.69,24.3
2015-01-22,Garissa,7.74,28.24
2015-01-23,Garissa,10.9,17.93
2015-01-24,Garissa,3.27,22.96
2015-01-25,Garissa,2.39,30.61
2015-01-26,Garissa,0.32,22.8
2015-01-27,Garissa,6.6,19.41
2015-01-28,Garissa,1.11,24.45
2015-01-29,Garissa,11.32,21.08
2015-01-30,Garissa,5.13,22.26
2015-01-31,Garissa,6.48,21.8
2015-02-01,Garissa,4.1,27.79
2015-02-02,Garissa,9.15,24.57
2015-02-03,Garissa,5.62,26.04
2015-02-04,Garissa,3.89,24.1
2015-02-05,Garissa,6.3,21.11
2015-02-06,Garissa,7.84,24.53
2015-02-07,Garissa,5.69,22.32
2015-02-08,Garissa,4.21,23.98
2015-02-09,Garissa,5.06,28.26
2015-02-10,Garissa,5.18,25.6
2015-02-11,Garissa,3.59,23.75
2015-02-12,Garissa,4.58,24.09
2015-02-13,Garissa,4.59,22.04
2015-02-14,Garissa,4.15,21.12
2015-02-15,Garissa,2.4,30.28
2015-02-16,Garissa,4.74,27.0
2015-02-17,Garissa,6.2,22.84
2015-02-18,Garissa,3.13,23.72
2015-02-19,Garissa,3.69,25.15
2015-02-20,Garissa,6.79,19.22
2015-02-21,Garissa,7.52,24.93
2015-02-22,Garissa,1.98,20.26
2015-02-23,Garissa,1.41,23.51
2015-02-24,Garissa,7.7,27.43
2015-02-25,Garissa,2.28,23.03
2015-02-26,Garissa,4.37,26.05
2015-02-27,Garissa,6.7,21.1
2015-02-28,Garissa,5.47,29.69
2015-03-01,Garissa,19.38,21.45
2015-03-02,Garissa,12.65,20.46
2015-03-03,Garissa,15.14,26.68
2015-03-04,Garissa,2.5,17.43
2015-03-05,Garissa,21.55,24.03
2015-03-06,Garissa,15.92,16.27
2015-03-07,Garissa,12.12,23.64
2015-03-08,Garissa,12.3,22.83
2015-03-09,Garissa,22.43,22.11
2015-03-10,Garissa,15.19,23.81
2015-03-11,Garissa,10.72,25.23
2015-03-12,Garissa,22.95,24.73
2015-03-13,Garissa,10.66,23.03
2015-03-14,Garissa,12.43,23.42
2015-03-15,Garissa,14.87,27.1
2015-03-16,Garissa,8.67,25.0
2015-03-17,Garissa,14.73,24.74
2015-03-18,Garissa,17.46,22.8
2015-03-19,Garissa,3.02,18.98
2015-03-20,Garissa,15.61,23.53
2015-03-21,Garissa,15.24,27.01
2015-03-22,Garissa,17.93,19.7
2015-03-23,Garissa,23.2,23.55
2015-03-24,Garissa,20.81,26.05
2015-03-25,Garissa,15.91,25.32
2015-03-26,Garissa,15.61,19.9
2015-03-27,Garissa,22.61,24.16
2015-03-28,Garissa,15.78,25.09
2015-03-29,Garissa,23.34,22.51
2015-03-30,Garissa,18.85,21.05
2015-03-31,Garissa,13.88,26.39
2015-04-01,Garissa,19.7,23.2
2015-04-02,Garissa,21.62,23.42
2015-04-03,Garissa,15.35,17.67
2015-04-04,Garissa,16.21,26.85
2015-04-05,Garissa,17.35,22.49
2015-04-06,Garissa,16.26,24.06
2015-04-07,Garissa,21.73,20.93
2015-04-08,Garissa,13.06,25.71
2015-04-09,Garissa,25.24,25.66
2015-04-10,Garissa,10.63,20.43
2015-04-11,Garissa,11.56,23.01
2015-04-12,Garissa,16.75,28.42
2015-04-13,Garissa,16.93,21.71
2015-04-14,Garissa,25.39,25.02
2015-04-15,Garissa,16.4,26.65
2015-04-16,Garissa,17.17,29.72
2015-04-17,Garissa,17.04,22.06
2015-04-18,Garissa,8.75,22.61
2015-04-19,Garissa,15.87,23.09
2015-04-20,Garissa,20.1,23.12
2015-04-21,Garissa,9.42,23.4
2015-04-22,Garissa,14.47,23.91
2015-04-23,Garissa,15.24,25.62
2015-04-24,Garissa,12.38,26.09
2015-04-25,Garissa,6.45,27.47
2015-04-26,Garissa,18.14,30.87
2015-04-27,Garissa,26.42,24.0
2015-04-28,Garissa,14.27,20.62
2015-04-29,Garissa,14.62,18.9
2015-04-30,Garissa,14.98,20.94
2015-05-01,Garissa,18.72,24.74
2015-05-02,Garissa,19.09,28.71
2015-05-03,Garissa,7.96,25.75
2015-05-04,Garissa,15.44,25.24
2015-05-05,Garissa,20.64,20.61
2015-05-06,Garissa,11.78,22.61
2015-05-07,Garissa,24.65,22.55
2015-05-08,Garissa,13.95,28.64
2015-05-09,Garissa,5.93,27.13
2015-05-10,Garissa,11.36,19.1
2015-05-11,Garissa,7.5,21.46
2015-05-12,Garissa,12.6,25.9
2015-05-13,Garissa,15.76,18.42
2015-05-14,Garissa,14.09,21.63
2015-05-15,Garissa,17.09,24.65
2015-05-16,Garissa,19.82,20.53
2015-05-17,Garissa,8.99,23.75
2015-05-18,Garissa,9.52,23.98
2015-05-19,Garissa,12.18,25.48
2015-05-20,Garissa,19.89,25.88
2015-05-21,Garissa,14.39,20.49
2015-05-22,Garissa,16.6,25.01
2015-05-23,Garissa,26.34,24.17
2015-05-24,Garissa,12.94,24.73
2015-05-25,Garissa,15.98,23.73
2015-05-26,Garissa,13.39,23.29
2015-05-27,Garissa,7.55,22.55
2015-05-28,Garissa,19.86,23.6
2015-05-29,Garissa,15.88,30.19
2015-05-30,Garissa,10.54,19.88
2015-05-31,Garissa,8.82,26.51
2015-06-01,Garissa,5.69,19.92
2015-06-02,Garissa,2.5,28.46
2015-06-03,Garissa,7.69,19.18
2015-06-04,Garissa,6.4,25.64
2015-06-05,Garissa,7.22,31.94
2015-06-06,Garissa,3.87,22.11
2015-06-07,Garissa,3.32,27.48
2015-06-08,Garissa,7.25,23.5
2015-06-09,Garissa,6.34,21.34
2015-06-10,Garissa,6.34,26.42
2015-06-11,Garissa,5.27,26.52
2015-06-12,Garissa,4.71,22.13
2015-06-13,Garissa,5.32,21.72
2015-06-14,Garissa,4.32,22.92
2015-06-15,Garissa,6.92,23.97
2015-06-16,Garissa,0.0,18.16
2015-06-17,Garissa,4.94,19.04
2015-06-18,Garissa,7.49,21.59
2015-06-19,Garissa,4.41,23.36
2015-06-20,Garissa,6.88,21.45
2015-06-21,Garissa,1.72,22.31
2015-06-22,Garissa,7.28,28.35
2015-06-23,Garissa,5.71,28.46
2015-06-24,Garissa,6.29,26.16
2015-06-25,Garissa,6.39,25.57
2015-06-26,Garissa,6.21,21.06
2015-06-27,Garissa,6.06,27.45
2015-06-28,Garissa,7.8,22.03
2015-06-29,Garissa,5.68,23.4
2015-06-30,Garissa,4.82,20.43
2015-07-01,Garissa,5.13,28.05
2015-07-02,Garissa,4.92,29.79
2015-07-03,Garissa,5.78,24.21
2015-07-04,Garissa,2.89,25.87
2015-07-05,Garissa,2.41,24.12
2015-07-06,Garissa,4.77,27.6
2015-07-07,Garissa,5.38,21.29
2015-07-08,Garissa,9.03,23.65
2015-07-09,Garissa,5.18,18.48
2015-07-10,Garissa,5.52,22.6
2015-07-11,Garissa,6.2,26.04
2015-07-12,Garissa,4.8,28.0
2015-07-13,Garissa,8.3,22.28
2015-07-14,Garissa,7.26,19.36
2015-07-15,Garissa,6.85,25.74
2015-07-16,Garissa,6.5,18.88
2015-07-17,Garissa,6.57,23.31
2015-07-18,Garissa,6.74,22.91
2015-07-19,Garissa,5.74,27.15
2015-07-20,Garissa,4.59,25.49
2015-07-21,Garissa,6.63,30.89
2015-07-22,Garissa,3.35,20.53
2015-07-23,Garissa,3.79,22.04
2015-07-24,Garissa,6.66,23.14
2015-07-25,Garissa,4.01,28.82
2015-07-26,Garissa,3.14,31.07
2015-07-27,Garissa,8.83,24.11
2015-07-28,Garissa,8.17,20.91
2015-07-29,Garissa,4.93,24.03
2015-07-30,Garissa,0.86,28.0
2015-07-31,Garissa,5.82,24.78
2015-08-01,Garissa,8.96,25.81
2015-08-02,Garissa,5.21,22.41
2015-08-03,Garissa,6.27,23.51
2015-08-04,Garissa,1.9,22.01
2015-08-05,Garissa,1.6,23.06
2015-08-06,Garissa,3.18,28.87
2015-08-07,Garissa,5.87,23.86
2015-08-08,Garissa,5.07,25.4
2015-08-09,Garissa,3.29,25.13
2015-08-10,Garissa,1.89,22.33
2015-08-11,Garissa,11.09,21.5
2015-08-12,Garissa,6.19,26.18
2015-08-13,Garissa,4.5,23.69
2015-08-14,Garissa,5.46,24.11
2015-08-15,Garissa,3.22,23.07
2015-08-16,Garissa,2.6,24.94
2015-08-17,Garissa,5.95,23.0
2015-08-18,Garissa,8.3,24.81
2015-08-19,Garissa,6.8,26.84
2015-08-20,Garissa,6.82,24.01
2015-08-21,Garissa,1.58,30.36
2015-08-22,Garissa,3.64,27.34
2015-08-23,Garissa,3.7,20.52
2015-08-24,Garissa,5.37,29.03
2015-08-25,Garissa,2.23,20.91
2015-08-26,Garissa,8.46,28.04
2015-08-27,Garissa,9.52,25.94
2015-08-28,Garissa,8.62,28.21
2015-08-29,Garissa,7.1,21.3
2015-08-30,Garissa,5.89,23.53
2015-08-31,Garissa,4.31,21.44
2015-09-01,Garissa,1.7,28.06
2015-09-02,Garissa,4.61,23.27
2015-09-03,Garissa,4.12,22.73
2015-09-04,Garissa,5.18,19.98
2015-09-05,Garissa,2.85,23.23
2015-09-06,Garissa,4.77,21.75
2015-09-07,Garissa,5.99,15.47
2015-09-08,Garissa,6.0,25.03
2015-09-09,Garissa,4.6,28.78
2015-09-10,Garissa,4.26,21.98
2015-09-11,Garissa,7.09,24.99
2015-09-12,Garissa,1.87,18.44
2015-09-13,Garissa,5.5,21.04
2015-09-14,Garissa,5.45,17.57
2015-09-15,Garissa,4.32,27.6
2015-09-16,Garissa,4.09,24.63
2015-09-17,Garissa,7.01,22.94
2015-09-18,Garissa,2.93,25.09
2015-09-19,Garissa,2.94,24.6
2015-09-20,Garissa,0.83,19.72
2015-09-21,Garissa,7.59,23.59
2015-09-22,Garissa,4.55,27.22
2015-09-23,Garissa,5.04,18.86
2015-09-24,Garissa,4.86,20.44
2015-09-25,Garissa,5.97,20.35
2015-09-26,Garissa,4.92,27.76
2015-09-27,Garissa,1.72,20.89
2015-09-28,Garissa,0.28,24.19
2015-09-29,Garissa,6.58,23.28
2015-09-30,Garissa,5.38,28.98
2015-10-01,Garissa,5.67,20.89
2015-10-02,Garissa,12.07,26.08
2015-10-03,Garissa,15.8,21.03
2015-10-04,Garissa,7.67,20.43
2015-10-05,Garissa,16.01,26.08
2015-10-06,Garissa,9.84,21.96
2015-10-07,Garissa,9.18,21.39
2015-10-08,Garissa,6.75,28.38
2015-10-09,Garissa,7.93,26.94
2015-10-10,Garissa,9.33,29.57
2015-10-11,Garissa,5.24,25.62
2015-10-12,Garissa,9.62,24.56
2015-10-13,Garissa,12.33,26.01
2015-10-14,Garissa,6.68,21.29
2015-10-15,Garissa,8.48,26.14
2015-10-16,Garissa,13.29,23.42
2015-10-17,Garissa,5.76,26.74
2015-10-18,Garissa,13.8,24.39
2015-10-19,Garissa,11.11,27.62
2015-10-20,Garissa,4.6,26.23
2015-10-21,Garissa,8.98,23.56
2015-10-22,Garissa,9.53,21.55
2015-10-23,Garissa,12.07,19.14
2015-10-24,Garissa,8.04,31.52
2015-10-25,Garissa,14.65,26.49
2015-10-26,Garissa,10.73,28.78
2015-10-27,Garissa,16.77,27.56
2015-10-28,Garissa,1.44,28.3
2015-10-29,Garissa,11.19,22.33
2015-10-30,Garissa,11.34,28.7
2015-10-31,Garissa,8.81,22.94
2015-11-01,Garissa,13.87,23.11
2015-11-02,Garissa,12.22,26.41
2015-11-03,Garissa,9.12,25.55
2015-11-04,Garissa,9.4,20.25
2015-11-05,Garissa,18.1,20.29
2015-11-06,Garissa,9.06,24.1
2015-11-07,Garissa,7.33,23.44
2015-11-08,Garissa,11.64,25.75
2015-11-09,Garissa,11.0,24.37
2015-11-10,Garissa,9.48,24.11
2015-11-11,Garissa,11.85,23.58
2015-11-12,Garissa,11.96,25.01
2015-11-13,Garissa,9.61,25.14
2015-11-14,Garissa,9.29,22.05
2015-11-15,Garissa,11.56,23.7
2015-11-16,Garissa,8.61,23.51
2015-11-17,Garissa,11.59,24.66
2015-11-18,Garissa,8.24,21.1
2015-11-19,Garissa,4.46,26.67
2015-11-20,Garissa,9.33,27.89
2015-11-21,Garissa,8.56,22.06
2015-11-22,Garissa,9.37,27.93
2015-11-23,Garissa,8.13,22.2
2015-11-24,Garissa,6.61,24.94
2015-11-25,Garissa,8.1,23.11
2015-11-26,Garissa,5.2,23.05
2015-11-27,Garissa,6.89,23.2
2015-11-28,Garissa,10.28,24.82
2015-11-29,Garissa,10.02,23.98
2015-11-30,Garissa,7.69,24.0
2015-12-01,Garissa,3.91,20.16
2015-12-02,Garissa,7.4,27.2
2015-12-03,Garissa,5.8,26.3
2015-12-04,Garissa,7.45,21.12
2015-12-05,Garissa,6.52,26.29
2015-12-06,Garissa,2.82,27.26
2015-12-07,Garissa,3.8,20.17
2015-12-08,Garissa,1.59,18.08
2015-12-09,Garissa,1.98,25.23
2015-12-10,Garissa,7.28,24.11
2015-12-11,Garissa,4.61,27.03
2015-12-12,Garissa,5.94,26.91
2015-12-13,Garissa,4.2,22.35
2015-12-14,Garissa,5.96,23.84
2015-12-15,Garissa,6.01,24.93
2015-12-16,Garissa,5.34,25.41
2015-12-17,Garissa,4.92,26.6
2015-12-18,Garissa,5.17,19.13
2015-12-19,Garissa,4.84,21.79
2015-12-20,Garissa,4.91,28.89
2015-12-21,Garissa,0.71,23.45
2015-12-22,Garissa,5.73,24.29
2015-12-23,Garissa,3.41,21.88
2015-12-24,Garissa,3.09,22.7
2015-12-25,Garissa,5.27,24.18
2015-12-26,Garissa,7.59,23.46
2015-12-27,Garissa,4.56,24.04
2015-12-28,Garissa,3.6,23.59
2015-12-29,Garissa,5.06,25.87
2015-12-30,Garissa,3.32,28.47
2015-12-31,Garissa,7.14,26.53
2016-01-01,Garissa,9.55,24.4
2016-01-02,Garissa,6.48,25.96
2016-01-03,Garissa,4.11,22.64
2016-01-04,Garissa,6.87,23.84
2016-01-05,Garissa,6.68,27.21
2016-01-06,Garissa,0.17,25.31
2016-01-07,Garissa,2.95,20.49
2016-01-08,Garissa,5.75,21.76
2016-01-09,Garissa,5.55,26.06
2016-01-10,Garissa,6.43,26.91
2016-01-11,Garissa,4.97,21.92
2016-01-12,Garissa,5.58,27.21
2016-01-13,Garissa,5.23,29.28
2016-01-14,Garissa,7.24,19.91
2016-01-15,Garissa,7.59,19.85
2016-01-16,Garissa,6.67,28.66
2016-01-17,Garissa,9.13,21.38
2016-01-18,Garissa,5.14,23.66
2016-01-19,Garissa,3.29,22.25
2016-01-20,Garissa,5.82,23.42
2016-01-21,Garissa,3.08,28.69
2016-01-22,Garissa,5.11,25.92
2016-01-23,Garissa,4.8,27.31
2016-01-24,Garissa,7.32,19.86
2016-01-25,Garissa,5.03,20.78
2016-01-26,Garissa,4.69,25.85
2016-01-27,Garissa,2.46,28.09
2016-01-28,Garissa,5.23,26.43
2016-01-29,Garissa,0.0,24.4
2016-01-30,Garissa,0.24,24.0
2016-01-31,Garissa,4.06,27.57
2016-02-01,Garissa,5.59,24.55
2016-02-02,Garissa,4.62,22.43
2016-02-03,Garissa,4.53,25.58
2016-02-04,Garissa,3.7,21.69
2016-02-05,Garissa,1.89,29.01
2016-02-06,Garissa,3.96,25.04
2016-02-07,Garissa,3.28,20.06
2016-02-08,Garissa,6.95,27.97
2016-02-09,Garissa,5.65,19.76
2016-02-10,Garissa,8.89,26.18
2016-02-11,Garissa,3.28,29.17
2016-02-12,Garissa,4.44,23.24
2016-02-13,Garissa,5.5,29.21
2016-02-14,Garissa,6.94,22.0
2016-02-15,Garissa,6.13,27.73
2016-02-16,Garissa,2.99,24.74
2016-02-17,Garissa,4.95,29.16
2016-02-18,Garissa,7.24,26.05
2016-02-19,Garissa,5.85,26.05
2016-02-20,Garissa,4.03,19.76
2016-02-21,Garissa,3.64,26.12
2016-02-22,Garissa,3.99,24.22
2016-02-23,Garissa,6.79,25.21
2016-02-24,Garissa,4.86,21.66
2016-02-25,Garissa,6.99,21.54
2016-02-26,Garissa,7.27,20.85
2016-02-27,Garissa,8.23,27.51
2016-02-28,Garissa,4.94,25.03
2016-02-29,Garissa,5.8,27.88
2016-03-01,Garissa,20.22,18.05
2016-03-02,Garissa,4.2,21.42
2016-03-03,Garissa,5.33,20.89
2016-03-04,Garissa,18.79,20.95
2016-03-05,Garissa,19.6,21.29
2016-03-06,Garissa,21.44,21.93
2016-03-07,Garissa,15.34,23.3
2016-03-08,Garissa,14.99,21.55
2016-03-09,Garissa,19.71,21.84
2016-03-10,Garissa,16.33,22.53
2016-03-11,Garissa,19.94,25.1
2016-03-12,Garissa,21.83,23.15
2016-03-13,Garissa,9.36,24.82
2016-03-14,Garissa,11.25,25.95
2016-03-15,Garissa,12.22,27.23
2016-03-16,Garissa,9.34,19.52
2016-03-17,Garissa,0.18,21.7
2016-03-18,Garissa,16.08,23.18
2016-03-19,Garissa,5.97,21.01
2016-03-20,Garissa,20.3,23.6
2016-03-21,Garissa,11.61,25.72
2016-03-22,Garissa,11.29,21.99
2016-03-23,Garissa,4.81,22.19
2016-03-24,Garissa,10.62,19.16
2016-03-25,Garissa,12.98,25.15
2016-03-26,Garissa,13.17,18.03
2016-03-27,Garissa,11.47,28.32
2016-03-28,Garissa,15.43,24.04
2016-03-29,Garissa,5.67,19.95
2016-03-30,Garissa,18.67,22.81
2016-03-31,Garissa,20.25,24.94
2016-04-01,Garissa,8.78,28.47
2016-04-02,Garissa,13.08,20.58
2016-04-03,Garissa,15.96,22.92
2016-04-04,Garissa,16.52,26.68
2016-04-05,Garissa,11.62,25.98
2016-04-06,Garissa,16.13,25.61
2016-04-07,Garissa,14.3,27.48
2016-04-08,Garissa,24.86,28.63
2016-04-09,Garissa,19.75,15.87
2016-04-10,Garissa,16.39,22.82
2016-04-11,Garissa,25.47,22.62
2016-04-12,Garissa,6.95,27.4
2016-04-13,Garissa,26.19,25.0
2016-04-14,Garissa,13.82,28.59
2016-04-15,Garissa,23.12,27.43
2016-04-16,Garissa,21.25,22.73
2016-04-17,Garissa,6.74,28.12
2016-04-18,Garissa,10.89,28.23
2016-04-19,Garissa,5.24,29.89
2016-04-20,Garissa,21.3,24.28
2016-04-21,Garissa,21.97,20.8
2016-04-22,Garissa,13.59,25.91
2016-04-23,Garissa,12.6,21.35
2016-04-24,Garissa,17.79,20.94
2016-04-25,Garissa,16.43,21.03
2016-04-26,Garissa,6.9,28.11
2016-04-27,Garissa,8.7,21.55
2016-04-28,Garissa,15.86,25.93
2016-04-29,Garissa,8.15,23.5
2016-04-30,Garissa,8.44,25.45
2016-05-01,Garissa,26.18,28.95
2016-05-02,Garissa,13.56,23.96
2016-05-03,Garissa,8.71,28.48
2016-05-04,Garissa,14.2,23.51
2016-05-05,Garissa,15.16,23.13
2016-05-06,Garissa,23.19,24.35
2016-05-07,Garissa,16.96,25.5
2016-05-08,Garissa,10.79,24.85
2016-05-09,Garissa,14.16,26.41
2016-05-10,Garissa,15.9,26.53
2016-05-11,Garissa,25.22,24.09
2016-05-12,Garissa,11.16,24.92
2016-05-13,Garissa,14.39,21.48
2016-05-14,Garissa,24.21,26.13
2016-05-15,Garissa,19.97,24.56
2016-05-16,Garissa,14.87,25.82
2016-05-17,Garissa,14.55,26.03
2016-05-18,Garissa,22.08,25.93
2016-05-19,Garissa,3.74,21.95
2016-05-20,Garissa,16.33,24.2
2016-05-21,Garissa,18.88,19.57
2016-05-22,Garissa,9.16,26.99
2016-05-23,Garissa,21.3,21.95
2016-05-24,Garissa,17.61,23.09
2016-05-25,Garissa,16.31,22.84
2016-05-26,Garissa,8.87,27.59
2016-05-27,Garissa,7.01,20.44
2016-05-28,Garissa,21.77,26.16
2016-05-29,Garissa,6.22,24.21
2016-05-30,Garissa,11.24,29.29
2016-05-31,Garissa,9.11,17.26
2016-06-01,Garissa,8.45,24.57
2016-06-02,Garissa,6.43,30.56
2016-06-03,Garissa,7.81,23.82
2016-06-04,Garissa,8.78,24.47
2016-06-05,Garissa,3.82,23.89
2016-06-06,Garissa,6.73,26.68
2016-06-07,Garissa,6.22,25.92
2016-06-08,Garissa,3.68,28.41
2016-06-09,Garissa,6.43,24.69
2016-06-10,Garissa,4.97,26.78
2016-06-11,Garissa,4.55,23.43
2016-06-12,Garissa,5.5,28.7
2016-06-13,Garissa,3.56,22.03
2016-06-14,Garissa,8.24,26.58
2016-06-15,Garissa,9.23,26.18
2016-06-16,Garissa,3.21,22.55
2016-06-17,Garissa,5.66,23.48
2016-06-18,Garissa,1.67,26.73
2016-06-19,Garissa,4.78,21.71
2016-06-20,Garissa,4.77,21.86
2016-06-21,Garissa,3.83,22.26
2016-06-22,Garissa,7.25,23.09
2016-06-23,Garissa,6.35,22.09
2016-06-24,Garissa,3.35,25.4
2016-06-25,Garissa,4.76,27.88
2016-06-26,Garissa,4.78,19.96
2016-06-27,Garissa,5.16,24.94
2016-06-28,Garissa,5.37,20.41
2016-06-29,Garissa,4.61,20.6
2016-06-30,Garissa,4.63,24.75
2016-07-01,Garissa,5.53,31.19
2016-07-02,Garissa,4.46,27.35
2016-07-03,Garissa,3.99,20.21
2016-07-04,Garissa,5.83,24.44
2016-07-05,Garissa,4.82,21.82
2016-07-06,Garissa,3.39,24.65
2016-07-07,Garissa,7.57,26.23
2016-07-08,Garissa,2.72,25.11
2016-07-09,Garissa,2.74,22.88
2016-07-10,Garissa,2.9,24.02
2016-07-11,Garissa,4.93,23.8
2016-07-12,Garissa,3.97,27.81
2016-07-13,Garissa,5.16,20.71
2016-07-14,Garissa,3.08,24.09
2016-07-15,Garissa,7.21,21.51
2016-07-16,Garissa,9.44,18.84
2016-07-17,Garissa,2.55,22.43
2016-07-18,Garissa,8.81,24.88
2016-07-19,Garissa,0.83,25.69
2016-07-20,Garissa,0.0,25.5
2016-07-21,Garissa,3.86,23.28
2016-07-22,Garissa,6.69,27.87
2016-07-23,Garissa,4.6,25.12
2016-07-24,Garissa,7.91,20.92
2016-07-25,Garissa,2.09,20.38
2016-07-26,Garissa,2.18,22.34
2016-07-27,Garissa,4.73,23.3
2016-07-28,Garissa,6.17,22.02
2016-07-29,Garissa,4.11,20.77
2016-07-30,Garissa,4.47,24.57
2016-07-31,Garissa,3.03,27.41
2016-08-01,Garissa,3.15,26.32
2016-08-02,Garissa,4.1,25.08
2016-08-03,Garissa,5.85,22.43
2016-08-04,Garissa,5.7,22.76
2016-08-05,Garissa,0.0,21.48
2016-08-06,Garissa,3.01,25.39
2016-08-07,Garissa,1.9,22.89
2016-08-08,Garissa,3.78,24.0
2016-08-09,Garissa,4.47,23.06
2016-08-10,Garissa,4.63,27.45
2016-08-11,Garissa,6.12,26.06
2016-08-12,Garissa,3.65,26.02
2016-08-13,Garissa,6.54,23.79
2016-08-14,Garissa,6.06,22.35
2016-08-15,Garissa,4.84,28.42
2016-08-16,Garissa,6.85,19.44
2016-08-17,Garissa,5.1,23.42
2016-08-18,Garissa,5.82,24.14
2016-08-19,Garissa,4.34,23.66
2016-08-20,Garissa,4.94,22.14
2016-08-21,Garissa,8.99,22.39
2016-08-22,Garissa,9.62,26.25
2016-08-23,Garissa,5.96,22.6
2016-08-24,Garissa,6.11,21.27
2016-08-25,Garissa,7.12,27.0
2016-08-26,Garissa,3.77,25.04
2016-08-27,Garissa,4.53,19.05
2016-08-28,Garissa,7.8,27.0
2016-08-29,Garissa,5.24,21.18
2016-08-30,Garissa,5.45,31.19
2016-08-31,Garissa,1.28,25.16
2016-09-01,Garissa,9.84,23.67
2016-09-02,Garissa,8.57,22.07
2016-09-03,Garissa,5.52,26.43
2016-09-04,Garissa,6.17,26.53
2016-09-05,Garissa,5.16,22.87
2016-09-06,Garissa,6.73,25.83
2016-09-07,Garissa,5.06,26.31
2016-09-08,Garissa,5.41,21.62
2016-09-09,Garissa,3.35,23.87
2016-09-10,Garissa,5.39,24.24
2016-09-11,Garissa,6.67,25.88
2016-09-12,Garissa,4.02,28.02
2016-09-13,Garissa,4.54,28.99
2016-09-14,Garissa,4.79,22.63
2016-09-15,Garissa,5.42,24.49
2016-09-16,Garissa,3.55,23.41
2016-09-17,Garissa,3.37,25.3
2016-09-18,Garissa,6.58,22.61
2016-09-19,Garissa,4.23,25.16
2016-09-20,Garissa,5.04,30.4
2016-09-21,Garissa,7.61,24.35
2016-09-22,Garissa,6.48,18.7
2016-09-23,Garissa,7.21,29.18
2016-09-24,Garissa,2.9,27.78
2016-09-25,Garissa,3.57,24.21
2016-09-26,Garissa,8.15,30.19
2016-09-27,Garissa,3.49,21.0
2016-09-28,Garissa,6.28,26.82
2016-09-29,Garissa,6.6,25.96
2016-09-30,Garissa,6.63,25.76
2016-10-01,Garissa,5.06,22.06
2015-01-01,Wajir,6.52,22.82
2015-01-02,Wajir,4.22,25.14
2015-01-03,Wajir,5.71,27.55
2015-01-04,Wajir,10.05,23.37
2015-01-05,Wajir,4.45,17.23
2015-01-06,Wajir,3.76,24.06
2015-01-07,Wajir,6.49,22.96
2015-01-08,Wajir,7.54,17.45
2015-01-09,Wajir,5.94,26.45
2015-01-10,Wajir,4.78,25.4
2015-01-11,Wajir,2.31,25.39
2015-01-12,Wajir,3.78,21.3
2015-01-13,Wajir,1.28,20.25
2015-01-14,Wajir,8.11,22.08
2015-01-15,Wajir,4.96,19.61
2015-01-16,Wajir,2.63,23.04
2015-01-17,Wajir,7.46,24.99
2015-01-18,Wajir,4.62,23.6
2015-01-19,Wajir,6.01,31.03
2015-01-20,Wajir,5.88,24.71
2015-01-21,Wajir,5.94,21.48
2015-01-22,Wajir,5.68,25.4
2015-01-23,Wajir,5.04,23.46
2015-01-24,Wajir,5.43,23.04
2015-01-25,Wajir,2.17,24.59
2015-01-26,Wajir,1.97,27.21
2015-01-27,Wajir,5.83,22.47
2015-01-28,Wajir,4.64,23.58
2015-01-29,Wajir,5.43,30.58
2015-01-30,Wajir,5.48,28.94
2015-01-31,Wajir,5.83,20.33
2015-02-01,Wajir,0.27,21.4
2015-02-02,Wajir,3.54,22.02
2015-02-03,Wajir,7.25,22.86
2015-02-04,Wajir,4.3,30.99
2015-02-05,Wajir,3.17,21.57
2015-02-06,Wajir,3.99,24.7
2015-02-07,Wajir,2.8,30.52
2015-02-08,Wajir,3.26,26.88
2015-02-09,Wajir,8.62,18.23
2015-02-10,Wajir,7.63,27.4
2015-02-11,Wajir,2.64,23.13
2015-02-12,Wajir,4.11,20.81
2015-02-13,Wajir,7.06,23.82
2015-02-14,Wajir,4.02,24.92
2015-02-15,Wajir,8.12,19.81
2015-02-16,Wajir,7.65,28.78
2015-02-17,Wajir,7.16,27.13
2015-02-18,Wajir,2.35,21.52
2015-02-19,Wajir,7.98,27.36
2015-02-20,Wajir,4.54,25.04
2015-02-21,Wajir,0.96,28.91
2015-02-22,Wajir,6.54,22.75
2015-02-23,Wajir,2.8,25.47
2015-02-24,Wajir,6.15,24.86
2015-02-25,Wajir,3.71,27.45
2015-02-26,Wajir,4.97,19.02
2015-02-27,Wajir,7.18,27.62
2015-02-28,Wajir,5.86,22.97
2015-03-01,Wajir,13.43,24.33
2015-03-02,Wajir,20.79,27.8
2015-03-03,Wajir,4.93,22.85
2015-03-04,Wajir,19.58,22.0
2015-03-05,Wajir,15.91,22.35
2015-03-06,Wajir,13.86,21.89
2015-03-07,Wajir,21.39,19.86
2015-03-08,Wajir,13.82,29.42
2015-03-09,Wajir,12.21,21.4
2015-03-10,Wajir,17.68,26.06
2015-03-11,Wajir,14.66,23.21
2015-03-12,Wajir,23.25,26.19
2015-03-13,Wajir,12.82,25.38
2015-03-14,Wajir,16.32,19.7
2015-03-15,Wajir,22.33,22.81
2015-03-16,Wajir,15.68,24.28
2015-03-17,Wajir,7.66,22.73
2015-03-18,Wajir,13.58,21.97
2015-03-19,Wajir,10.19,30.91
2015-03-20,Wajir,22.02,27.39
2015-03-21,Wajir,12.71,20.8
2015-03-22,Wajir,17.89,20.42
2015-03-23,Wajir,20.59,25.94
2015-03-24,Wajir,22.6,23.73
2015-03-25,Wajir,17.86,20.17
2015-03-26,Wajir,14.64,26.13
2015-03-27,Wajir,17.02,20.48
2015-03-28,Wajir,20.72,20.81
2015-03-29,Wajir,11.45,19.62
2015-03-30,Wajir,11.38,29.18
2015-03-31,Wajir,8.52,25.57
2015-04-01,Wajir,22.65,22.18
2015-04-02,Wajir,13.25,21.3
2015-04-03,Wajir,9.03,20.94
2015-04-04,Wajir,9.44,24.84
2015-04-05,Wajir,12.76,24.07
2015-04-06,Wajir,9.6,24.7
2015-04-07,Wajir,20.98,22.34
2015-04-08,Wajir,17.98,22.53
2015-04-09,Wajir,15.77,21.86
2015-04-10,Wajir,22.09,26.49
2015-04-11,Wajir,32.31,23.79
2015-04-12,Wajir,9.59,27.37
2015-04-13,Wajir,8.94,21.78
2015-04-14,Wajir,21.55,29.43
2015-04-15,Wajir,14.22,24.92
2015-04-16,Wajir,16.25,26.69
2015-04-17,Wajir,7.69,28.22
2015-04-18,Wajir,14.61,27.54
2015-04-19,Wajir,12.84,24.88
2015-04-20,Wajir,19.66,24.72
2015-04-21,Wajir,15.23,28.54
2015-04-22,Wajir,7.84,30.88
2015-04-23,Wajir,21.85,22.67
2015-04-24,Wajir,16.6,24.56
2015-04-25,Wajir,17.18,20.44
2015-04-26,Wajir,16.21,29.91
2015-04-27,Wajir,21.24,18.75
2015-04-28,Wajir,11.45,22.38
2015-04-29,Wajir,8.82,28.19
2015-04-30,Wajir,18.24,26.61
2015-05-01,Wajir,24.85,23.25
2015-05-02,Wajir,21.48,19.84
2015-05-03,Wajir,21.2,31.55
2015-05-04,Wajir,22.26,26.15
2015-05-05,Wajir,19.56,25.02
2015-05-06,Wajir,15.78,20.46
2015-05-07,Wajir,13.89,25.69
2015-05-08,Wajir,12.51,21.01
2015-05-09,Wajir,12.07,23.91
2015-05-10,Wajir,20.89,22.62
2015-05-11,Wajir,16.16,23.89
2015-05-12,Wajir,15.35,28.0
2015-05-13,Wajir,17.02,24.22
2015-05-14,Wajir,16.42,28.9
2015-05-15,Wajir,9.31,22.18
2015-05-16,Wajir,17.04,28.81
2015-05-17,Wajir,19.51,29.9
2015-05-18,Wajir,7.77,24.29
2015-05-19,Wajir,17.44,28.22
2015-05-20,Wajir,13.69,27.88
2015-05-21,Wajir,21.19,25.46
2015-05-22,Wajir,16.09,23.64
2015-05-23,Wajir,14.04,22.01
2015-05-24,Wajir,23.32,25.73
2015-05-25,Wajir,24.27,25.41
2015-05-26,Wajir,24.74,22.78
2015-05-27,Wajir,13.47,28.37
2015-05-28,Wajir,19.26,24.37
2015-05-29,Wajir,13.32,22.05
2015-05-30,Wajir,17.03,20.66
2015-05-31,Wajir,18.54,25.12
2015-06-01,Wajir,5.24,19.12
2015-06-02,Wajir,9.84,24.95
2015-06-03,Wajir,5.22,26.14
2015-06-04,Wajir,4.37,23.23
2015-06-05,Wajir,7.83,28.12
2015-06-06,Wajir,3.18,23.02
2015-06-07,Wajir,6.66,19.52
2015-06-08,Wajir,5.82,26.6
2015-06-09,Wajir,3.92,21.18
2015-06-10,Wajir,5.47,24.7
2015-06-11,Wajir,4.48,24.96
2015-06-12,Wajir,5.56,24.59
2015-06-13,Wajir,7.24,23.96
2015-06-14,Wajir,4.34,24.86
2015-06-15,Wajir,4.24,27.06
2015-06-16,Wajir,7.3,20.04
2015-06-17,Wajir,2.34,22.42
2015-06-18,Wajir,1.89,23.21
2015-06-19,Wajir,1.76,24.78
2015-06-20,Wajir,2.99,25.05
2015-06-21,Wajir,4.7,23.06
2015-06-22,Wajir,4.1,21.46
2015-06-23,Wajir,2.93,22.18
2015-06-24,Wajir,0.96,26.41
2015-06-25,Wajir,7.7,24.91
2015-06-26,Wajir,7.31,26.22
2015-06-27,Wajir,3.78,25.25
2015-06-28,Wajir,5.14,28.35
2015-06-29,Wajir,2.3,22.89
2015-06-30,Wajir,4.0,17.67
2015-07-01,Wajir,3.38,24.27
2015-07-02,Wajir,3.61,25.78
2015-07-03,Wajir,4.87,19.78
2015-07-04,Wajir,4.37,25.41
2015-07-05,Wajir,7.65,21.56
2015-07-06,Wajir,1.34,23.9
2015-07-07,Wajir,1.5,23.59
2015-07-08,Wajir,0.0,23.59
2015-07-09,Wajir,6.0,26.35
2015-07-10,Wajir,3.99,23.62
2015-07-11,Wajir,2.94,24.82
2015-07-12,Wajir,7.09,22.56
2015-07-13,Wajir,6.79,30.85
2015-07-14,Wajir,4.52,27.03
2015-07-15,Wajir,6.89,25.96
2015-07-16,Wajir,3.0,27.98
2015-07-17,Wajir,2.41,25.61
2015-07-18,Wajir,3.47,25.35
2015-07-19,Wajir,7.64,25.97
2015-07-20,Wajir,4.55,28.61
2015-07-21,Wajir,3.28,17.96
2015-07-22,Wajir,4.58,21.0
2015-07-23,Wajir,1.98,24.35
2015-07-24,Wajir,3.72,28.83
2015-07-25,Wajir,9.61,23.25
2015-07-26,Wajir,9.26,28.07
2015-07-27,Wajir,4.09,24.15
2015-07-28,Wajir,6.05,23.76
2015-07-29,Wajir,7.7,22.12
2015-07-30,Wajir,3.41,23.62
2015-07-31,Wajir,2.78,28.24
2015-08-01,Wajir,3.91,27.92
2015-08-02,Wajir,6.79,25.7
2015-08-03,Wajir,1.15,25.5
2015-08-04,Wajir,4.56,26.65
2015-08-05,Wajir,5.91,23.65
2015-08-06,Wajir,2.49,28.86
2015-08-07,Wajir,2.95,16.92
2015-08-08,Wajir,4.58,25.14
2015-08-09,Wajir,4.24,24.2
2015-08-10,Wajir,2.84,22.46
2015-08-11,Wajir,4.54,24.01
2015-08-12,Wajir,5.32,22.73
2015-08-13,Wajir,4.41,26.23
2015-08-14,Wajir,5.01,19.31
2015-08-15,Wajir,5.62,24.83
2015-08-16,Wajir,5.66,18.24
2015-08-17,Wajir,6.04,25.26
2015-08-18,Wajir,4.16,32.23
2015-08-19,Wajir,6.55,27.59
2015-08-20,Wajir,5.21,24.16
2015-08-21,Wajir,3.88,25.94
2015-08-22,Wajir,7.41,28.24
2015-08-23,Wajir,8.91,21.39
2015-08-24,Wajir,5.03,21.63
2015-08-25,Wajir,6.64,25.55
2015-08-26,Wajir,7.42,20.76
2015-08-27,Wajir,3.69,26.15
2015-08-28,Wajir,5.64,21.34
2015-08-29,Wajir,5.45,25.31
2015-08-30,Wajir,6.74,17.81
2015-08-31,Wajir,5.12,23.35
2015-09-01,Wajir,1.65,19.19
2015-09-02,Wajir,7.51,30.16
2015-09-03,Wajir,8.31,22.59
2015-09-04,Wajir,0.0,25.61
2015-09-05,Wajir,5.45,24.59
2015-09-06,Wajir,4.16,20.04
2015-09-07,Wajir,5.3,28.73
2015-09-08,Wajir,4.93,29.0
2015-09-09,Wajir,2.12,22.14
2015-09-10,Wajir,3.52,20.29
2015-09-11,Wajir,4.24,26.27
2015-09-12,Wajir,10.12,22.24
2015-09-13,Wajir,3.83,29.15
2015-09-14,Wajir,6.76,20.57
2015-09-15,Wajir,4.16,25.43
2015-09-16,Wajir,4.87,23.75
2015-09-17,Wajir,4.83,21.9
2015-09-18,Wajir,3.83,20.25
2015-09-19,Wajir,6.01,24.73
2015-09-20,Wajir,8.5,24.03
2015-09-21,Wajir,2.8,19.73
2015-09-22,Wajir,6.42,19.5
2015-09-23,Wajir,5.43,24.5
2015-09-24,Wajir,6.64,23.99
2015-09-25,Wajir,7.97,30.15
2015-09-26,Wajir,6.55,24.18
2015-09-27,Wajir,6.73,24.13
2015-09-28,Wajir,4.84,28.51
2015-09-29,Wajir,4.64,26.14
2015-09-30,Wajir,4.19,22.78
2015-10-01,Wajir,7.12,22.81
2015-10-02,Wajir,11.51,24.87
2015-10-03,Wajir,12.95,24.66
2015-10-04,Wajir,12.1,20.68
2015-10-05,Wajir,8.42,21.96
2015-10-06,Wajir,6.54,25.79
2015-10-07,Wajir,5.82,24.28
2015-10-08,Wajir,10.42,24.66
2015-10-09,Wajir,10.7,20.34
2015-10-10,Wajir,6.92,22.0
2015-10-11,Wajir,10.73,27.0
2015-10-12,Wajir,12.21,21.95
2015-10-13,Wajir,8.72,25.05
2015-10-14,Wajir,10.4,24.59
2015-10-15,Wajir,14.82,29.69
2015-10-16,Wajir,10.65,21.67
2015-10-17,Wajir,16.82,30.55
2015-10-18,Wajir,14.66,23.75
2015-10-19,Wajir,9.54,23.61
2015-10-20,Wajir,10.0,22.43
2015-10-21,Wajir,9.32,27.24
2015-10-22,Wajir,11.52,20.88
2015-10-23,Wajir,10.66,18.6
2015-10-24,Wajir,7.61,26.46
2015-10-25,Wajir,10.88,19.53
2015-10-26,Wajir,11.9,26.38
2015-10-27,Wajir,14.53,25.09
2015-10-28,Wajir,13.1,25.67
2015-10-29,Wajir,9.24,21.38
2015-10-30,Wajir,16.61,26.49
2015-10-31,Wajir,14.38,25.46
2015-11-01,Wajir,4.37,26.04
2015-11-02,Wajir,6.44,23.29
2015-11-03,Wajir,8.71,26.1
2015-11-04,Wajir,15.22,26.47
2015-11-05,Wajir,6.83,23.21
2015-11-06,Wajir,11.49,22.89
2015-11-07,Wajir,17.7,19.74
2015-11-08,Wajir,8.92,29.02
2015-11-09,Wajir,8.29,27.07
2015-11-10,Wajir,15.89,25.37
2015-11-11,Wajir,10.52,29.27
2015-11-12,Wajir,13.38,16.6
2015-11-13,Wajir,15.31,23.63
2015-11-14,Wajir,6.61,29.5
2015-11-15,Wajir,5.98,21.39
2015-11-16,Wajir,9.49,22.52
2015-11-17,Wajir,8.04,26.57
2015-11-18,Wajir,18.69,26.6
2015-11-19,Wajir,8.69,20.34
2015-11-20,Wajir,6.53,22.5
2015-11-21,Wajir,14.0,19.87
2015-11-22,Wajir,9.47,19.08
2015-11-23,Wajir,8.22,26.33
2015-11-24,Wajir,13.66,25.86
2015-11-25,Wajir,20.87,24.13
2015-11-26,Wajir,6.92,19.42
2015-11-27,Wajir,8.83,26.96
2015-11-28,Wajir,7.59,28.75
2015-11-29,Wajir,13.53,28.5
2015-11-30,Wajir,10.01,25.15
2015-12-01,Wajir,3.62,22.11
2015-12-02,Wajir,2.95,25.98
2015-12-03,Wajir,6.09,25.86
2015-12-04,Wajir,4.74,28.1
2015-12-05,Wajir,3.62,18.13
2015-12-06,Wajir,7.46,25.9
2015-12-07,Wajir,3.43,19.71
2015-12-08,Wajir,7.97,25.04
2015-12-09,Wajir,2.99,19.91
2015-12-10,Wajir,5.99,27.87
2015-12-11,Wajir,6.9,28.67
2015-12-12,Wajir,4.91,15.94
2015-12-13,Wajir,6.7,26.15
2015-12-14,Wajir,6.55,26.38
2015-12-15,Wajir,3.25,18.94
2015-12-16,Wajir,2.17,25.79
2015-12-17,Wajir,3.74,23.45
2015-12-18,Wajir,6.04,24.31
2015-12-19,Wajir,2.51,27.03
2015-12-20,Wajir,5.02,30.1
2015-12-21,Wajir,5.34,20.19
2015-12-22,Wajir,7.99,22.19
2015-12-23,Wajir,6.68,22.36
2015-12-24,Wajir,6.34,20.52
2015-12-25,Wajir,9.7,21.12
2015-12-26,Wajir,8.83,23.34
2015-12-27,Wajir,4.59,23.94
2015-12-28,Wajir,8.54,23.99
2015-12-29,Wajir,8.7,20.33
2015-12-30,Wajir,7.43,20.4
2015-12-31,Wajir,6.35,22.78
2016-01-01,Wajir,3.75,29.07
2016-01-02,Wajir,1.25,22.48
2016-01-03,Wajir,6.95,23.06
2016-01-04,Wajir,5.8,18.55
2016-01-05,Wajir,7.5,23.59
2016-01-06,Wajir,6.23,26.59
2016-01-07,Wajir,5.5,29.51
2016-01-08,Wajir,8.03,24.0
2016-01-09,Wajir,4.49,21.02
2016-01-10,Wajir,4.65,27.8
2016-01-11,Wajir,1.24,22.0
2016-01-12,Wajir,7.07,24.27
2016-01-13,Wajir,4.95,20.99
2016-01-14,Wajir,0.0,21.48
2016-01-15,Wajir,5.01,21.21
2016-01-16,Wajir,5.96,21.0
2016-01-17,Wajir,3.55,28.76
2016-01-18,Wajir,7.67,27.65
2016-01-19,Wajir,3.53,20.13
2016-01-20,Wajir,6.02,23.09
2016-01-21,Wajir,3.33,24.29
2016-01-22,Wajir,4.86,19.71
2016-01-23,Wajir,3.29,24.13
2016-01-24,Wajir,1.71,23.0
2016-01-25,Wajir,2.81,25.13
2016-01-26,Wajir,11.28,26.37
2016-01-27,Wajir,2.41,23.89
2016-01-28,Wajir,4.92,25.68
2016-01-29,Wajir,3.88,27.99
2016-01-30,Wajir,7.75,18.89
2016-01-31,Wajir,5.22,29.62
2016-02-01,Wajir,7.22,24.62
2016-02-02,Wajir,2.8,21.58
2016-02-03,Wajir,11.59,22.04
2016-02-04,Wajir,9.3,22.91
2016-02-05,Wajir,3.81,19.1
2016-02-06,Wajir,4.5,25.92
2016-02-07,Wajir,4.49,25.84
2016-02-08,Wajir,6.63,25.35
2016-02-09,Wajir,7.59,24.55
2016-02-10,Wajir,4.13,22.27
2016-02-11,Wajir,3.94,23.66
2016-02-12,Wajir,5.03,24.88
2016-02-13,Wajir,8.2,23.37
2016-02-14,Wajir,2.16,25.85
2016-02-15,Wajir,3.38,24.18
2016-02-16,Wajir,4.63,21.82
2016-02-17,Wajir,6.85,21.56
2016-02-18,Wajir,2.26,26.12
2016-02-19,Wajir,3.85,27.67
2016-02-20,Wajir,5.29,20.39
2016-02-21,Wajir,7.47,26.14
2016-02-22,Wajir,6.68,23.41
2016-02-23,Wajir,1.36,27.43
2016-02-24,Wajir,0.25,19.53
2016-02-25,Wajir,4.71,24.36
2016-02-26,Wajir,3.07,24.98
2016-02-27,Wajir,6.44,19.33
2016-02-28,Wajir,3.49,23.89
2016-02-29,Wajir,5.14,26.74
2016-03-01,Wajir,7.26,25.24
2016-03-02,Wajir,20.57,19.23
2016-03-03,Wajir,12.34,27.65
2016-03-04,Wajir,15.01,25.8
2016-03-05,Wajir,7.51,23.28
2016-03-06,Wajir,13.68,21.15
2016-03-07,Wajir,20.32,22.77
2016-03-08,Wajir,11.85,27.66
2016-03-09,Wajir,9.51,25.28
2016-03-10,Wajir,14.0,22.53
2016-03-11,Wajir,18.29,23.82
2016-03-12,Wajir,14.57,27.9
2016-03-13,Wajir,1.97,23.4
2016-03-14,Wajir,15.28,22.89
2016-03-15,Wajir,14.38,30.39
2016-03-16,Wajir,4.4,29.36
2016-03-17,Wajir,20.83,18.62
2016-03-18,Wajir,7.95,19.38
2016-03-19,Wajir,11.45,28.85
2016-03-20,Wajir,20.4,28.02
2016-03-21,Wajir,22.55,21.8
2016-03-22,Wajir,20.89,20.6
2016-03-23,Wajir,16.78,26.04
2016-03-24,Wajir,22.94,27.18
2016-03-25,Wajir,14.54,22.28
2016-03-26,Wajir,13.8,22.96
2016-03-27,Wajir,9.29,25.53
2016-03-28,Wajir,13.39,22.73
2016-03-29,Wajir,10.11,22.63
2016-03-30,Wajir,10.26,20.4
2016-03-31,Wajir,15.86,26.43
2016-04-01,Wajir,4.8,28.38
2016-04-02,Wajir,13.1,28.85
2016-04-03,Wajir,11.59,19.75
2016-04-04,Wajir,24.15,24.68
2016-04-05,Wajir,4.41,22.4
2016-04-06,Wajir,9.48,22.35
2016-04-07,Wajir,21.28,25.86
2016-04-08,Wajir,17.65,20.45
2016-04-09,Wajir,11.78,25.98
2016-04-10,Wajir,9.78,23.91
2016-04-11,Wajir,12.97,23.18
2016-04-12,Wajir,16.63,23.41
2016-04-13,Wajir,23.21,22.0
2016-04-14,Wajir,26.09,25.17
2016-04-15,Wajir,20.25,23.09
2016-04-16,Wajir,12.75,25.92
2016-04-17,Wajir,0.0,16.4
2016-04-18,Wajir,13.82,24.2
2016-04-19,Wajir,19.14,27.96
2016-04-20,Wajir,24.78,23.29
2016-04-21,Wajir,18.87,21.12
2016-04-22,Wajir,14.29,24.93
2016-04-23,Wajir,6.7,22.61
2016-04-24,Wajir,11.94,22.74
2016-04-25,Wajir,8.6,23.18
2016-04-26,Wajir,25.56,21.97
2016-04-27,Wajir,11.48,16.14
2016-04-28,Wajir,17.34,19.96
2016-04-29,Wajir,10.47,20.94
2016-04-30,Wajir,18.17,28.17
2016-05-01,Wajir,19.49,25.32
2016-05-02,Wajir,17.37,24.51
2016-05-03,Wajir,13.91,19.02
2016-05-04,Wajir,8.67,24.71
2016-05-05,Wajir,4.83,15.79
2016-05-06,Wajir,16.21,23.3
2016-05-07,Wajir,13.07,23.95
2016-05-08,Wajir,16.18,23.51
2016-05-09,Wajir,9.86,27.65
2016-05-10,Wajir,22.71,21.99
2016-05-11,Wajir,17.84,26.15
2016-05-12,Wajir,18.2,26.28
2016-05-13,Wajir,6.75,18.88
2016-05-14,Wajir,13.44,23.28
2016-05-15,Wajir,14.43,23.89
2016-05-16,Wajir,16.73,18.18
2016-05-17,Wajir,11.54,23.17
2016-05-18,Wajir,5.06,23.34
2016-05-19,Wajir,21.27,20.15
2016-05-20,Wajir,15.26,25.73
2016-05-21,Wajir,21.78,21.67
2016-05-22,Wajir,12.92,24.7
2016-05-23,Wajir,17.2,17.91
2016-05-24,Wajir,12.06,21.15
2016-05-25,Wajir,16.33,25.99
2016-05-26,Wajir,17.02,21.27
2016-05-27,Wajir,9.05,24.22
2016-05-28,Wajir,14.28,23.8
2016-05-29,Wajir,19.39,25.91
2016-05-30,Wajir,21.35,23.33
2016-05-31,Wajir,14.62,25.86
2016-06-01,Wajir,3.95,28.71
2016-06-02,Wajir,4.78,24.41
2016-06-03,Wajir,6.47,25.53
2016-06-04,Wajir,3.25,24.78
2016-06-05,Wajir,6.9,25.34
2016-06-06,Wajir,5.76,20.93
2016-06-07,Wajir,3.02,24.52
2016-06-08,Wajir,6.87,22.71
2016-06-09,Wajir,5.41,20.63
2016-06-10,Wajir,5.15,30.01
2016-06-11,Wajir,4.17,21.39
2016-06-12,Wajir,5.69,24.0
2016-06-13,Wajir,4.59,24.59
2016-06-14,Wajir,6.2,26.83
2016-06-15,Wajir,6.28,24.58
2016-06-16,Wajir,3.35,19.87
2016-06-17,Wajir,6.04,20.24
2016-06-18,Wajir,6.79,21.55
2016-06-19,Wajir,5.02,26.55
2016-06-20,Wajir,3.66,26.48
2016-06-21,Wajir,5.32,25.91
2016-06-22,Wajir,9.0,29.08
2016-06-23,Wajir,5.3,20.07
2016-06-24,Wajir,6.11,25.59
2016-06-25,Wajir,6.95,27.96
2016-06-26,Wajir,0.37,21.48
2016-06-27,Wajir,5.35,21.8
2016-06-28,Wajir,6.15,25.79
2016-06-29,Wajir,5.91,22.01
2016-06-30,Wajir,7.2,22.08
2016-07-01,Wajir,4.24,24.9
2016-07-02,Wajir,7.49,21.54
2016-07-03,Wajir,6.39,22.66
2016-07-04,Wajir,4.64,27.86
2016-07-05,Wajir,3.75,26.43
2016-07-06,Wajir,9.09,22.58
2016-07-07,Wajir,1.71,23.08
2016-07-08,Wajir,5.56,26.73
2016-07-09,Wajir,8.79,24.38
2016-07-10,Wajir,3.96,20.52
2016-07-11,Wajir,6.38,27.55
2016-07-12,Wajir,5.66,24.57
2016-07-13,Wajir,2.48,18.88
2016-07-14,Wajir,5.44,29.82
2016-07-15,Wajir,5.6,24.32
2016-07-16,Wajir,4.95,28.35
2016-07-17,Wajir,4.7,24.8
2016-07-18,Wajir,5.71,28.55
2016-07-19,Wajir,4.29,19.47
2016-07-20,Wajir,4.43,23.03
2016-07-21,Wajir,3.33,23.66
2016-07-22,Wajir,4.95,24.99
2016-07-23,Wajir,1.95,25.04
2016-07-24,Wajir,4.93,28.36
2016-07-25,Wajir,1.61,22.76
2016-07-26,Wajir,7.61,26.03
2016-07-27,Wajir,6.96,24.86
2016-07-28,Wajir,4.99,22.18
2016-07-29,Wajir,3.48,25.95
2016-07-30,Wajir,3.7,21.36
2016-07-31,Wajir,4.86,20.28
2016-08-01,Wajir,4.72,27.23
2016-08-02,Wajir,12.01,25.06
2016-08-03,Wajir,3.89,22.84
2016-08-04,Wajir,2.45,23.17
2016-08-05,Wajir,4.28,20.98
2016-08-06,Wajir,4.33,23.87
2016-08-07,Wajir,4.16,19.89
2016-08-08,Wajir,4.49,22.17
2016-08-09,Wajir,4.25,23.66
2016-08-10,Wajir,8.81,27.11
2016-08-11,Wajir,1.32,26.04
2016-08-12,Wajir,5.74,27.93
2016-08-13,Wajir,3.48,23.85
2016-08-14,Wajir,6.02,18.61
2016-08-15,Wajir,6.09,20.72
2016-08-16,Wajir,4.43,24.89
2016-08-17,Wajir,6.85,22.28
2016-08-18,Wajir,1.71,23.45
2016-08-19,Wajir,5.05,24.18
2016-08-20,Wajir,5.27,23.08
2016-08-21,Wajir,0.81,25.31
2016-08-22,Wajir,4.27,23.41
2016-08-23,Wajir,2.65,26.93
2016-08-24,Wajir,2.85,25.51
2016-08-25,Wajir,0.71,20.04
2016-08-26,Wajir,5.38,24.49
2016-08-27,Wajir,0.45,28.35
2016-08-28,Wajir,6.87,21.91
2016-08-29,Wajir,6.33,28.04
2016-08-30,Wajir,4.59,22.36
2016-08-31,Wajir,7.2,23.34
2016-09-01,Wajir,4.73,20.64
2016-09-02,Wajir,6.8,19.56
2016-09-03,Wajir,5.41,29.65
2016-09-04,Wajir,6.49,21.11
2016-09-05,Wajir,5.11,24.3
2016-09-06,Wajir,3.47,21.9
2016-09-07,Wajir,3.82,21.86
2016-09-08,Wajir,5.33,19.31
2016-09-09,Wajir,3.3,18.99
2016-09-10,Wajir,1.9,20.31
2016-09-11,Wajir,5.82,27.29
2016-09-12,Wajir,8.69,28.44
2016-09-13,Wajir,3.98,24.63
2016-09-14,Wajir,5.64,22.99
2016-09-15,Wajir,3.16,23.93
2016-09-16,Wajir,2.14,22.15
2016-09-17,Wajir,4.22,27.57
2016-09-18,Wajir,4.14,22.31
2016-09-19,Wajir,6.61,21.64
2016-09-20,Wajir,4.48,26.49
2016-09-21,Wajir,5.88,20.27
2016-09-22,Wajir,3.65,19.74
2016-09-23,Wajir,3.53,22.31
2016-09-24,Wajir,4.41,20.52
2016-09-25,Wajir,6.72,27.92
2016-09-26,Wajir,10.61,22.58
2016-09-27,Wajir,8.45,22.22
2016-09-28,Wajir,5.64,26.41
2016-09-29,Wajir,5.1,18.81
2016-09-30,Wajir,8.16,19.95
2016-10-01,Wajir,3.24,24.8
2015-01-01,Mandera,5.48,23.0
2015-01-02,Mandera,1.31,18.86
2015-01-03,Mandera,4.67,30.58
2015-01-04,Mandera,4.54,23.64
2015-01-05,Mandera,5.0,23.9
2015-01-06,Mandera,2.51,20.72
2015-01-07,Mandera,2.49,26.67
2015-01-08,Mandera,2.95,25.34
2015-01-09,Mandera,8.12,29.84
2015-01-10,Mandera,4.68,23.16
2015-01-11,Mandera,2.71,25.0
2015-01-12,Mandera,3.86,24.36
2015-01-13,Mandera,4.73,22.78
2015-01-14,Mandera,4.58,27.16
2015-01-15,Mandera,5.55,23.88
2015-01-16,Mandera,5.9,26.84
2015-01-17,Mandera,2.18,23.85
2015-01-18,Mandera,4.32,21.35
2015-01-19,Mandera,5.32,20.72
2015-01-20,Mandera,5.76,25.39
2015-01-21,Mandera,4.46,24.76
2015-01-22,Mandera,5.02,30.62
2015-01-23,Mandera,3.82,24.27
2015-01-24,Mandera,4.65,28.74
2015-01-25,Mandera,2.59,24.44
2015-01-26,Mandera,5.26,25.9
2015-01-27,Mandera,8.11,25.29
2015-01-28,Mandera,5.79,23.16
2015-01-29,Mandera,3.78,21.2
2015-01-30,Mandera,5.38,24.69
2015-01-31,Mandera,8.2,19.23
2015-02-01,Mandera,2.43,27.74
2015-02-02,Mandera,3.81,20.33
2015-02-03,Mandera,6.99,24.89
2015-02-04,Mandera,5.69,21.34
2015-02-05,Mandera,4.33,25.97
2015-02-06,Mandera,9.49,23.4
2015-02-07,Mandera,0.8,25.93
2015-02-08,Mandera,8.79,26.62
2015-02-09,Mandera,4.93,22.02
2015-02-10,Mandera,6.94,22.86
2015-02-11,Mandera,3.0,23.44
2015-02-12,Mandera,1.8,31.0
2015-02-13,Mandera,8.7,23.79
2015-02-14,Mandera,5.96,22.37
2015-02-15,Mandera,6.77,23.93
2015-02-16,Mandera,6.88,26.97
2015-02-17,Mandera,3.43,22.52
2015-02-18,Mandera,8.18,26.52
2015-02-19,Mandera,2.65,18.65
2015-02-20,Mandera,3.38,21.5
2015-02-21,Mandera,5.43,27.77
2015-02-22,Mandera,4.3,27.82
2015-02-23,Mandera,4.1,22.8
2015-02-24,Mandera,4.53,23.46
2015-02-25,Mandera,4.13,27.01
2015-02-26,Mandera,6.61,24.17
2015-02-27,Mandera,3.51,23.03
2015-02-28,Mandera,4.65,24.18
2015-03-01,Mandera,21.2,24.8
2015-03-02,Mandera,14.91,21.9
2015-03-03,Mandera,19.64,22.61
2015-03-04,Mandera,25.41,27.19
2015-03-05,Mandera,18.71,23.66
2015-03-06,Mandera,13.53,23.91
2015-03-07,Mandera,8.84,27.81
2015-03-08,Mandera,5.77,24.99
2015-03-09,Mandera,8.21,21.44
2015-03-10,Mandera,4.49,30.48
2015-03-11,Mandera,9.45,23.78
2015-03-12,Mandera,9.75,26.34
2015-03-13,Mandera,15.41,27.67
2015-03-14,Mandera,7.83,23.88
2015-03-15,Mandera,12.91,22.62
2015-03-16,Mandera,19.18,23.02
2015-03-17,Mandera,22.62,25.37
2015-03-18,Mandera,17.1,25.52
2015-03-19,Mandera,4.57,23.52
2015-03-20,Mandera,16.05,20.55
2015-03-21,Mandera,4.0,26.86
2015-03-22,Mandera,22.24,25.5
2015-03-23,Mandera,19.52,23.63
2015-03-24,Mandera,15.51,26.6
2015-03-25,Mandera,9.63,23.61
2015-03-26,Mandera,10.53,23.17
2015-03-27,Mandera,11.34,25.87
2015-03-28,Mandera,18.48,23.96
2015-03-29,Mandera,10.68,28.37
2015-03-30,Mandera,2.91,23.6
2015-03-31,Mandera,21.52,28.42
2015-04-01,Mandera,15.29,20.58
2015-04-02,Mandera,20.13,22.92
2015-04-03,Mandera,9.53,22.82
2015-04-04,Mandera,20.07,25.84
2015-04-05,Mandera,16.92,30.02
2015-04-06,Mandera,16.82,20.35
2015-04-07,Mandera,13.51,28.31
2015-04-08,Mandera,18.46,24.7
2015-04-09,Mandera,15.91,23.28
2015-04-10,Mandera,12.82,23.52
2015-04-11,Mandera,22.89,26.55
2015-04-12,Mandera,16.92,18.24
2015-04-13,Mandera,12.63,18.18
2015-04-14,Mandera,8.95,17.99
2015-04-15,Mandera,3.61,27.2
2015-04-16,Mandera,21.91,23.47
2015-04-17,Mandera,2.88,21.66
2015-04-18,Mandera,18.68,24.04
2015-04-19,Mandera,16.3,23.73
2015-04-20,Mandera,5.13,20.8
2015-04-21,Mandera,11.87,17.2
2015-04-22,Mandera,13.7,23.21
2015-04-23,Mandera,21.84,25.34
2015-04-24,Mandera,13.29,22.01
2015-04-25,Mandera,12.49,26.36
2015-04-26,Mandera,16.05,24.19
2015-04-27,Mandera,19.57,28.65
2015-04-28,Mandera,14.08,28.35
2015-04-29,Mandera,12.99,24.92
2015-04-30,Mandera,9.75,24.34
2015-05-01,Mandera,17.43,26.89
2015-05-02,Mandera,24.27,24.4
2015-05-03,Mandera,16.61,27.62
2015-05-04,Mandera,9.03,23.58
2015-05-05,Mandera,14.1,25.83
2015-05-06,Mandera,13.03,30.05
2015-05-07,Mandera,18.39,26.9
2015-05-08,Mandera,12.11,24.24
2015-05-09,Mandera,8.88,29.26
2015-05-10,Mandera,7.6,22.53
2015-05-11,Mandera,5.3,19.52
2015-05-12,Mandera,12.1,22.98
2015-05-13,Mandera,15.91,23.15
2015-05-14,Mandera,15.08,21.38
2015-05-15,Mandera,9.8,23.84
2015-05-16,Mandera,16.16,27.79
2015-05-17,Mandera,19.83,23.16
2015-05-18,Mandera,12.1,25.22
2015-05-19,Mandera,11.13,17.36
2015-05-20,Mandera,17.51,24.66
2015-05-21,Mandera,18.47,24.53
2015-05-22,Mandera,17.25,25.09
2015-05-23,Mandera,8.17,26.17
2015-05-24,Mandera,15.98,24.93
2015-05-25,Mandera,16.25,25.17
2015-05-26,Mandera,15.89,21.27
2015-05-27,Mandera,3.38,25.13
2015-05-28,Mandera,19.46,24.13
2015-05-29,Mandera,11.58,24.96
2015-05-30,Mandera,12.01,22.95
2015-05-31,Mandera,16.54,25.7
2015-06-01,Mandera,5.03,26.17
2015-06-02,Mandera,7.25,23.66
2015-06-03,Mandera,8.01,26.82
2015-06-04,Mandera,8.24,22.13
2015-06-05,Mandera,0.21,25.76
2015-06-06,Mandera,3.92,26.35
2015-06-07,Mandera,5.91,22.4
2015-06-08,Mandera,8.23,26.8
2015-06-09,Mandera,7.1,30.73
2015-06-10,Mandera,1.88,22.43
2015-06-11,Mandera,2.55,27.38
2015-06-12,Mandera,7.68,26.03
2015-06-13,Mandera,3.97,20.46
2015-06-14,Mandera,5.09,22.54
2015-06-15,Mandera,7.86,32.32
2015-06-16,Mandera,6.43,19.55
2015-06-17,Mandera,2.83,21.62
2015-06-18,Mandera,7.02,23.41
2015-06-19,Mandera,7.0,25.11
2015-06-20,Mandera,3.85,25.08
2015-06-21,Mandera,7.22,23.34
2015-06-22,Mandera,5.83,22.01
2015-06-23,Mandera,2.3,22.88
2015-06-24,Mandera,5.53,20.84
2015-06-25,Mandera,6.95,24.94
2015-06-26,Mandera,6.06,24.9
2015-06-27,Mandera,5.1,21.84
2015-06-28,Mandera,4.58,22.7
2015-06-29,Mandera,5.81,28.11
2015-06-30,Mandera,7.01,27.21
2015-07-01,Mandera,4.42,25.99
2015-07-02,Mandera,6.03,24.19
2015-07-03,Mandera,4.94,25.56
2015-07-04,Mandera,4.22,19.25
2015-07-05,Mandera,3.85,19.88
2015-07-06,Mandera,8.04,21.13
2015-07-07,Mandera,9.18,26.77
2015-07-08,Mandera,8.06,26.34
2015-07-09,Mandera,2.04,24.86
2015-07-10,Mandera,6.28,24.38
2015-07-11,Mandera,1.55,28.07
2015-07-12,Mandera,3.88,25.2
2015-07-13,Mandera,3.66,17.15
2015-07-14,Mandera,4.83,24.76
2015-07-15,Mandera,3.59,26.33
2015-07-16,Mandera,8.31,28.91
2015-07-17,Mandera,8.2,26.6
2015-07-18,Mandera,4.9,27.62
2015-07-19,Mandera,6.15,28.08
2015-07-20,Mandera,6.39,20.7
2015-07-21,Mandera,6.66,24.99
2015-07-22,Mandera,6.0,22.21
2015-07-23,Mandera,5.54,27.69
2015-07-24,Mandera,5.47,25.41
2015-07-25,Mandera,5.97,21.83
2015-07-26,Mandera,4.1,25.83
2015-07-27,Mandera,6.81,26.93
2015-07-28,Mandera,1.52,25.19
2015-07-29,Mandera,5.77,25.31
2015-07-30,Mandera,6.69,22.94
2015-07-31,Mandera,5.74,22.86
2015-08-01,Mandera,5.32,24.6
2015-08-02,Mandera,3.96,24.69
2015-08-03,Mandera,2.92,26.54
2015-08-04,Mandera,5.62,24.07
2015-08-05,Mandera,3.55,20.78
2015-08-06,Mandera,3.96,25.77
2015-08-07,Mandera,3.58,22.1
2015-08-08,Mandera,5.13,27.29
2015-08-09,Mandera,6.07,22.83
2015-08-10,Mandera,0.76,19.14
2015-08-11,Mandera,7.49,25.49
2015-08-12,Mandera,2.08,23.13
2015-08-13,Mandera,1.67,23.29
2015-08-14,Mandera,2.22,19.86
2015-08-15,Mandera,4.84,22.86
2015-08-16,Mandera,6.39,24.76
2015-08-17,Mandera,4.69,23.6
2015-08-18,Mandera,5.7,23.22
2015-08-19,Mandera,4.45,23.23
2015-08-20,Mandera,1.83,25.79
2015-08-21,Mandera,4.48,23.04
2015-08-22,Mandera,1.18,24.98
2015-08-23,Mandera,7.26,26.67
2015-08-24,Mandera,8.48,27.18
2015-08-25,Mandera,6.38,27.95
2015-08-26,Mandera,2.06,27.87
2015-08-27,Mandera,9.25,28.57
2015-08-28,Mandera,4.42,23.44
2015-08-29,Mandera,8.09,24.84
2015-08-30,Mandera,3.9,29.15
2015-08-31,Mandera,2.99,31.19
2015-09-01,Mandera,6.73,20.91
2015-09-02,Mandera,4.44,20.72
2015-09-03,Mandera,4.64,20.14
2015-09-04,Mandera,4.65,26.03
2015-09-05,Mandera,2.0,26.27
2015-09-06,Mandera,8.32,29.48
2015-09-07,Mandera,5.39,25.47
2015-09-08,Mandera,5.77,24.3
2015-09-09,Mandera,0.0,23.45
2015-09-10,Mandera,6.36,22.69
2015-09-11,Mandera,3.07,28.46
2015-09-12,Mandera,4.75,23.16
2015-09-13,Mandera,4.86,29.05
2015-09-14,Mandera,4.34,22.68
2015-09-15,Mandera,5.32,19.95
2015-09-16,Mandera,1.85,27.69
2015-09-17,Mandera,2.79,20.78
2015-09-18,Mandera,5.09,27.99
2015-09-19,Mandera,4.11,23.36
2015-09-20,Mandera,4.82,24.94
2015-09-21,Mandera,4.03,28.43
2015-09-22,Mandera,3.85,23.02
2015-09-23,Mandera,6.47,23.18
2015-09-24,Mandera,2.73,26.17
2015-09-25,Mandera,5.6,20.79
2015-09-26,Mandera,5.9,25.2
2015-09-27,Mandera,4.47,24.22
2015-09-28,Mandera,3.04,26.72
2015-09-29,Mandera,2.99,23.31
2015-09-30,Mandera,4.62,22.26
2015-10-01,Mandera,9.96,25.05
2015-10-02,Mandera,15.6,19.16
2015-10-03,Mandera,10.79,26.08
2015-10-04,Mandera,3.2,24.21
2015-10-05,Mandera,11.74,27.59
2015-10-06,Mandera,2.03,27.08
2015-10-07,Mandera,10.21,26.69
2015-10-08,Mandera,13.37,25.88
2015-10-09,Mandera,9.49,22.68
2015-10-10,Mandera,5.82,27.07
2015-10-11,Mandera,9.31,25.05
2015-10-12,Mandera,7.52,21.66
2015-10-13,Mandera,8.63,24.58
2015-10-14,Mandera,14.75,22.56
2015-10-15,Mandera,5.44,25.64
2015-10-16,Mandera,12.46,28.13
2015-10-17,Mandera,8.25,28.39
2015-10-18,Mandera,10.89,20.5
2015-10-19,Mandera,10.87,25.81
2015-10-20,Mandera,10.26,21.48
2015-10-21,Mandera,10.22,22.84
2015-10-22,Mandera,14.14,23.22
2015-10-23,Mandera,9.17,25.8
2015-10-24,Mandera,14.24,23.56
2015-10-25,Mandera,15.18,22.01
2015-10-26,Mandera,8.98,20.69
2015-10-27,Mandera,12.0,18.23
2015-10-28,Mandera,0.0,20.15
2015-10-29,Mandera,6.87,29.92
2015-10-30,Mandera,11.25,25.45
2015-10-31,Mandera,6.89,19.68
2015-11-01,Mandera,10.03,27.17
2015-11-02,Mandera,5.07,28.14
2015-11-03,Mandera,10.58,26.45
2015-11-04,Mandera,12.94,23.71
2015-11-05,Mandera,14.49,21.96
2015-11-06,Mandera,6.41,25.66
2015-11-07,Mandera,15.6,30.15
2015-11-08,Mandera,5.23,26.0
2015-11-09,Mandera,6.86,24.18
2015-11-10,Mandera,14.15,22.4
2015-11-11,Mandera,9.81,23.97
2015-11-12,Mandera,14.58,28.62
2015-11-13,Mandera,10.8,25.58
2015-11-14,Mandera,13.97,22.72
2015-11-15,Mandera,14.13,21.78
2015-11-16,Mandera,7.71,21.73
2015-11-17,Mandera,12.13,25.51
2015-11-18,Mandera,10.0,19.89
2015-11-19,Mandera,14.72,27.62
2015-11-20,Mandera,9.98,22.7
2015-11-21,Mandera,13.89,25.3
2015-11-22,Mandera,6.57,16.36
2015-11-23,Mandera,12.01,22.74
2015-11-24,Mandera,16.33,23.83
2015-11-25,Mandera,3.83,19.22
2015-11-26,Mandera,11.0,20.14
2015-11-27,Mandera,10.43,27.79
2015-11-28,Mandera,14.45,20.2
2015-11-29,Mandera,14.63,24.18
2015-11-30,Mandera,16.84,25.46
2015-12-01,Mandera,6.36,20.68
2015-12-02,Mandera,5.06,26.77
2015-12-03,Mandera,4.09,24.19
2015-12-04,Mandera,2.3,23.92
2015-12-05,Mandera,7.22,24.94
2015-12-06,Mandera,4.68,17.82
2015-12-07,Mandera,6.82,21.01
2015-12-08,Mandera,1.93,22.52
2015-12-09,Mandera,5.18,25.57
2015-12-10,Mandera,4.88,24.62
2015-12-11,Mandera,5.84,23.8
2015-12-12,Mandera,4.26,25.93
2015-12-13,Mandera,4.88,28.69
2015-12-14,Mandera,6.23,24.62
2015-12-15,Mandera,4.66,26.43
2015-12-16,Mandera,6.41,25.12
2015-12-17,Mandera,1.89,23.31
2015-12-18,Mandera,3.84,22.94
2015-12-19,Mandera,8.28,25.66
2015-12-20,Mandera,4.1,26.95
2015-12-21,Mandera,4.84,25.86
2015-12-22,Mandera,6.51,27.17
2015-12-23,Mandera,4.0,22.79
2015-12-24,Mandera,7.05,25.78
2015-12-25,Mandera,4.33,23.79
2015-12-26,Mandera,1.39,21.71
2015-12-27,Mandera,5.05,24.03
2015-12-28,Mandera,5.85,21.95
2015-12-29,Mandera,8.56,25.6
2015-12-30,Mandera,4.77,23.85
2015-12-31,Mandera,6.67,22.24
2016-01-01,Mandera,5.61,23.38
2016-01-02,Mandera,3.85,22.74
2016-01-03,Mandera,4.7,25.63
2016-01-04,Mandera,5.83,28.88
2016-01-05,Mandera,3.85,21.02
2016-01-06,Mandera,5.66,24.74
2016-01-07,Mandera,1.68,19.51
2016-01-08,Mandera,6.18,22.45
2016-01-09,Mandera,5.36,26.73
2016-01-10,Mandera,3.79,23.34
2016-01-11,Mandera,1.62,29.85
2016-01-12,Mandera,6.26,19.24
2016-01-13,Mandera,5.79,29.34
2016-01-14,Mandera,3.94,27.89
2016-01-15,Mandera,4.92,23.23
2016-01-16,Mandera,3.86,24.95
2016-01-17,Mandera,4.71,24.2
2016-01-18,Mandera,2.28,17.21
2016-01-19,Mandera,8.55,24.44
2016-01-20,Mandera,3.69,26.62
2016-01-21,Mandera,5.28,24.53
2016-01-22,Mandera,3.29,26.76
2016-01-23,Mandera,5.5,28.12
2016-01-24,Mandera,3.62,27.04
2016-01-25,Mandera,10.61,30.42
2016-01-26,Mandera,5.48,26.35
2016-01-27,Mandera,5.15,24.1
2016-01-28,Mandera,6.6,21.42
2016-01-29,Mandera,4.21,25.27
2016-01-30,Mandera,4.84,26.66
2016-01-31,Mandera,4.77,18.82
2016-02-01,Mandera,2.83,24.42
2016-02-02,Mandera,5.72,24.73
2016-02-03,Mandera,6.76,21.6
2016-02-04,Mandera,7.23,26.16
2016-02-05,Mandera,0.0,21.76
2016-02-06,Mandera,5.4,30.28
2016-02-07,Mandera,5.77,25.28
2016-02-08,Mandera,5.29,24.34
2016-02-09,Mandera,5.58,23.48
2016-02-10,Mandera,4.11,24.88
2016-02-11,Mandera,2.15,19.27
2016-02-12,Mandera,4.78,21.08
2016-02-13,Mandera,6.87,26.0
2016-02-14,Mandera,0.85,28.18
2016-02-15,Mandera,8.08,22.78
2016-02-16,Mandera,7.0,17.53
2016-02-17,Mandera,9.68,25.07
2016-02-18,Mandera,4.79,20.74
2016-02-19,Mandera,5.71,22.66
2016-02-20,Mandera,4.89,28.26
2016-02-21,Mandera,5.13,20.82
2016-02-22,Mandera,3.38,23.5
2016-02-23,Mandera,3.87,22.69
2016-02-24,Mandera,4.33,22.37
2016-02-25,Mandera,4.5,22.25
2016-02-26,Mandera,3.89,24.11
2016-02-27,Mandera,1.91,20.51
2016-02-28,Mandera,1.61,23.45
2016-02-29,Mandera,8.21,25.51
2016-03-01,Mandera,13.62,23.21
2016-03-02,Mandera,23.58,26.7
2016-03-03,Mandera,11.5,30.9
2016-03-04,Mandera,3.69,27.15
2016-03-05,Mandera,11.24,22.05
2016-03-06,Mandera,11.56,18.78
2016-03-07,Mandera,6.21,26.03
2016-03-08,Mandera,11.3,24.95
2016-03-09,Mandera,7.31,22.38
2016-03-10,Mandera,15.65,26.63
2016-03-11,Mandera,22.49,25.73
2016-03-12,Mandera,8.11,25.5
2016-03-13,Mandera,25.01,20.79
2016-03-14,Mandera,24.02,23.31
2016-03-15,Mandera,22.62,21.89
2016-03-16,Mandera,18.92,20.29
2016-03-17,Mandera,10.64,23.74
2016-03-18,Mandera,18.84,22.85
2016-03-19,Mandera,12.14,29.18
2016-03-20,Mandera,17.32,27.08
2016-03-21,Mandera,11.22,24.92
2016-03-22,Mandera,7.43,18.85
2016-03-23,Mandera,4.14,25.32
2016-03-24,Mandera,13.37,23.54
2016-03-25,Mandera,17.26,26.58
2016-03-26,Mandera,12.91,23.9
2016-03-27,Mandera,13.49,19.03
2016-03-28,Mandera,8.08,20.87
2016-03-29,Mandera,17.28,29.61
2016-03-30,Mandera,17.46,22.35
2016-03-31,Mandera,19.54,23.25
2016-04-01,Mandera,20.09,23.2
2016-04-02,Mandera,16.33,26.09
2016-04-03,Mandera,16.22,21.43
2016-04-04,Mandera,13.79,22.37
2016-04-05,Mandera,28.51,28.7
2016-04-06,Mandera,12.3,30.03
2016-04-07,Mandera,18.22,23.93
2016-04-08,Mandera,25.04,17.44
2016-04-09,Mandera,17.24,21.24
2016-04-10,Mandera,14.93,27.5
2016-04-11,Mandera,6.62,23.04
2016-04-12,Mandera,19.96,21.71
2016-04-13,Mandera,16.89,19.2
2016-04-14,Mandera,13.27,26.78
2016-04-15,Mandera,16.41,26.05
2016-04-16,Mandera,16.93,17.88
2016-04-17,Mandera,11.76,24.21
2016-04-18,Mandera,11.5,24.1
2016-04-19,Mandera,8.82,26.53
2016-04-20,Mandera,24.33,25.34
2016-04-21,Mandera,6.24,24.23
2016-04-22,Mandera,16.55,20.6
2016-04-23,Mandera,10.48,25.32
2016-04-24,Mandera,9.82,21.93
2016-04-25,Mandera,13.73,24.99
2016-04-26,Mandera,14.64,25.8
2016-04-27,Mandera,17.12,23.45
2016-04-28,Mandera,8.38,21.84
2016-04-29,Mandera,6.67,25.33
2016-04-30,Mandera,24.11,23.11
2016-05-01,Mandera,11.21,29.21
2016-05-02,Mandera,16.09,26.68
2016-05-03,Mandera,18.32,22.48
2016-05-04,Mandera,14.11,20.67
2016-05-05,Mandera,12.1,23.54
2016-05-06,Mandera,9.98,21.55
2016-05-07,Mandera,14.95,27.12
2016-05-08,Mandera,14.03,21.14
2016-05-09,Mandera,10.58,23.64
2016-05-10,Mandera,14.28,31.51
2016-05-11,Mandera,16.95,26.09
2016-05-12,Mandera,17.42,30.42
2016-05-13,Mandera,17.88,22.13
2016-05-14,Mandera,11.75,23.66
2016-05-15,Mandera,17.89,24.98
2016-05-16,Mandera,12.66,23.28
2016-05-17,Mandera,8.47,26.17
2016-05-18,Mandera,8.03,25.67
2016-05-19,Mandera,16.16,21.47
2016-05-20,Mandera,14.06,23.86
2016-05-21,Mandera,11.7,20.54
2016-05-22,Mandera,13.34,27.96
2016-05-23,Mandera,17.2,26.47
2016-05-24,Mandera,13.44,22.74
2016-05-25,Mandera,14.02,21.32
2016-05-26,Mandera,15.96,25.43
2016-05-27,Mandera,8.01,23.94
2016-05-28,Mandera,14.95,22.15
2016-05-29,Mandera,5.48,20.62
2016-05-30,Mandera,20.52,21.34
2016-05-31,Mandera,14.21,20.48
2016-06-01,Mandera,1.6,30.86
2016-06-02,Mandera,7.27,27.73
2016-06-03,Mandera,5.81,25.56
2016-06-04,Mandera,4.98,30.21
2016-06-05,Mandera,7.32,22.62
2016-06-06,Mandera,6.25,20.38
2016-06-07,Mandera,3.53,23.52
2016-06-08,Mandera,6.07,29.6
2016-06-09,Mandera,4.48,25.64
2016-06-10,Mandera,2.99,19.43
2016-06-11,Mandera,3.18,25.59
2016-06-12,Mandera,7.05,23.03
2016-06-13,Mandera,4.86,27.6
2016-06-14,Mandera,8.44,24.33
2016-06-15,Mandera,3.9,26.67
2016-06-16,Mandera,8.35,22.18
2016-06-17,Mandera,8.06,22.98
2016-06-18,Mandera,3.0,19.64
2016-06-19,Mandera,1.74,24.5
2016-06-20,Mandera,4.09,26.0
2016-06-21,Mandera,6.26,14.13
2016-06-22,Mandera,3.68,26.64
2016-06-23,Mandera,5.26,30.19
2016-06-24,Mandera,7.87,25.4
2016-06-25,Mandera,3.84,22.35
2016-06-26,Mandera,3.78,23.76
2016-06-27,Mandera,4.23,22.73
2016-06-28,Mandera,7.43,23.89
2016-06-29,Mandera,4.87,26.22
2016-06-30,Mandera,5.07,28.94
2016-07-01,Mandera,4.36,23.01
2016-07-02,Mandera,1.68,21.77
2016-07-03,Mandera,4.17,27.2
2016-07-04,Mandera,2.64,21.0
2016-07-05,Mandera,5.16,28.87
2016-07-06,Mandera,7.1,25.08
2016-07-07,Mandera,10.68,28.93
2016-07-08,Mandera,6.32,19.84
2016-07-09,Mandera,5.85,26.67
2016-07-10,Mandera,3.94,27.69
2016-07-11,Mandera,5.56,20.9
2016-07-12,Mandera,6.57,20.89
2016-07-13,Mandera,0.0,19.54
2016-07-14,Mandera,7.55,24.81
2016-07-15,Mandera,7.47,18.01
2016-07-16,Mandera,7.82,16.95
2016-07-17,Mandera,4.03,26.11
2016-07-18,Mandera,5.06,19.63
2016-07-19,Mandera,6.27,24.25
2016-07-20,Mandera,4.68,22.37
2016-07-21,Mandera,5.72,24.65
2016-07-22,Mandera,0.82,22.89
2016-07-23,Mandera,3.46,31.8
2016-07-24,Mandera,6.11,23.8
2016-07-25,Mandera,4.68,22.51
2016-07-26,Mandera,4.34,24.61
2016-07-27,Mandera,8.1,22.76
2016-07-28,Mandera,3.53,25.3
2016-07-29,Mandera,6.13,27.32
2016-07-30,Mandera,5.8,26.98
2016-07-31,Mandera,2.27,28.13
2016-08-01,Mandera,5.62,24.06
2016-08-02,Mandera,1.1,27.05
2016-08-03,Mandera,7.42,25.27
2016-08-04,Mandera,5.41,20.93
2016-08-05,Mandera,6.87,20.58
2016-08-06,Mandera,3.77,27.67
2016-08-07,Mandera,3.92,26.16
2016-08-08,Mandera,5.63,23.52
2016-08-09,Mandera,4.94,22.82
2016-08-10,Mandera,8.42,19.75
2016-08-11,Mandera,2.27,25.85
2016-08-12,Mandera,6.03,19.08
2016-08-13,Mandera,3.54,27.19
2016-08-14,Mandera,3.31,29.02
2016-08-15,Mandera,1.32,26.81
2016-08-16,Mandera,4.08,19.06
2016-08-17,Mandera,6.46,20.22
2016-08-18,Mandera,4.3,29.82
2016-08-19,Mandera,2.3,22.96
2016-08-20,Mandera,2.79,22.95
2016-08-21,Mandera,2.68,25.23
2016-08-22,Mandera,4.47,20.67
2016-08-23,Mandera,2.77,24.58
2016-08-24,Mandera,3.86,24.15
2016-08-25,Mandera,3.72,26.8
2016-08-26,Mandera,3.36,16.4
2016-08-27,Mandera,6.07,21.52
2016-08-28,Mandera,0.69,27.42
2016-08-29,Mandera,8.28,25.93
2016-08-30,Mandera,8.03,23.61
2016-08-31,Mandera,2.85,25.72
2016-09-01,Mandera,6.46,24.59
2016-09-02,Mandera,5.48,27.62
2016-09-03,Mandera,6.72,24.78
2016-09-04,Mandera,5.01,31.19
2016-09-05,Mandera,4.65,20.65
2016-09-06,Mandera,1.42,23.04
2016-09-07,Mandera,4.91,22.91
2016-09-08,Mandera,3.69,25.27
2016-09-09,Mandera,6.86,25.25
2016-09-10,Mandera,9.2,17.8
2016-09-11,Mandera,7.05,25.38
2016-09-12,Mandera,4.57,19.4
2016-09-13,Mandera,7.15,22.78
2016-09-14,Mandera,2.36,23.92
2016-09-15,Mandera,7.46,29.17
2016-09-16,Mandera,9.16,25.02
2016-09-17,Mandera,3.82,27.43
2016-09-18,Mandera,6.26,25.92
2016-09-19,Mandera,4.06,27.34
2016-09-20,Mandera,5.67,22.32
2016-09-21,Mandera,4.47,26.35
2016-09-22,Mandera,4.11,24.67
2016-09-23,Mandera,4.49,25.66
2016-09-24,Mandera,8.17,25.25
2016-09-25,Mandera,4.04,23.07
2016-09-26,Mandera,3.44,26.98
2016-09-27,Mandera,3.66,28.09
2016-09-28,Mandera,6.05,27.0
2016-09-29,Mandera,4.6,24.51
2016-09-30,Mandera,7.01,23.37
2016-10-01,Mandera,14.0,25.21
2015-01-01,Marsabit,5.62,27.36
2015-01-02,Marsabit,6.77,25.07
2015-01-03,Marsabit,3.94,22.68
2015-01-04,Marsabit,4.68,21.63
2015-01-05,Marsabit,3.52,27.61
2015-01-06,Marsabit,5.46,21.63
2015-01-07,Marsabit,6.14,27.66
2015-01-08,Marsabit,7.35,22.44
2015-01-09,Marsabit,2.39,21.08
2015-01-10,Marsabit,3.3,21.17
2015-01-11,Marsabit,4.38,21.12
2015-01-12,Marsabit,7.52,23.73
2015-01-13,Marsabit,5.54,22.74
2015-01-14,Marsabit,1.02,23.31
2015-01-15,Marsabit,8.33,26.24
2015-01-16,Marsabit,4.92,24.2
2015-01-17,Marsabit,2.83,26.73
2015-01-18,Marsabit,5.5,20.59
2015-01-19,Marsabit,5.79,21.89
2015-01-20,Marsabit,2.16,21.68
2015-01-21,Marsabit,3.63,22.59
2015-01-22,Marsabit,6.44,25.51
2015-01-23,Marsabit,7.54,18.85
2015-01-24,Marsabit,6.27,23.0
2015-01-25,Marsabit,6.06,20.95
2015-01-26,Marsabit,6.79,26.06
2015-01-27,Marsabit,5.38,21.0
2015-01-28,Marsabit,3.91,22.68
2015-01-29,Marsabit,8.26,24.44
2015-01-30,Marsabit,4.76,22.15
2015-01-31,Marsabit,7.26,24.24
2015-02-01,Marsabit,6.6,20.64
2015-02-02,Marsabit,6.08,24.1
2015-02-03,Marsabit,6.17,24.15
2015-02-04,Marsabit,5.55,27.35
2015-02-05,Marsabit,6.45,22.22
2015-02-06,Marsabit,5.12,23.51
2015-02-07,Marsabit,5.29,24.97
2015-02-08,Marsabit,3.85,21.39
2015-02-09,Marsabit,6.6,22.03
2015-02-10,Marsabit,4.48,22.2
2015-02-11,Marsabit,2.24,21.43
2015-02-12,Marsabit,5.91,22.64
2015-02-13,Marsabit,5.73,25.41
2015-02-14,Marsabit,5.75,22.49
2015-02-15,Marsabit,3.74,27.25
2015-02-16,Marsabit,8.95,22.22
2015-02-17,Marsabit,6.05,24.4
2015-02-18,Marsabit,4.65,27.82
2015-02-19,Marsabit,3.14,26.24
2015-02-20,Marsabit,6.42,25.32
2015-02-21,Marsabit,3.27,20.39
2015-02-22,Marsabit,5.5,22.3
2015-02-23,Marsabit,2.51,22.03
2015-02-24,Marsabit,2.78,22.47
2015-02-25,Marsabit,3.89,18.33
2015-02-26,Marsabit,6.85,26.43
2015-02-27,Marsabit,4.81,24.09
2015-02-28,Marsabit,4.91,18.97
2015-03-01,Marsabit,17.06,23.39
2015-03-02,Marsabit,15.48,20.8
2015-03-03,Marsabit,17.56,25.78
2015-03-04,Marsabit,18.93,22.36
2015-03-05,Marsabit,17.18,25.28
2015-03-06,Marsabit,14.12,23.07
2015-03-07,Marsabit,16.65,23.71
2015-03-08,Marsabit,18.31,19.89
2015-03-09,Marsabit,8.16,23.77
2015-03-10,Marsabit,13.42,20.85
2015-03-11,Marsabit,9.8,25.82
2015-03-12,Marsabit,10.33,17.97
2015-03-13,Marsabit,19.73,23.95
2015-03-14,Marsabit,15.26,21.59
2015-03-15,Marsabit,0.65,24.58
2015-03-16,Marsabit,12.15,25.79
2015-03-17,Marsabit,11.3,20.17
2015-03-18,Marsabit,24.68,24.56
2015-03-19,Marsabit,5.11,25.4
2015-03-20,Marsabit,15.12,21.21
2015-03-21,Marsabit,12.7,21.44
2015-03-22,Marsabit,18.05,23.55
2015-03-23,Marsabit,10.73,31.79
2015-03-24,Marsabit,18.97,24.17
2015-03-25,Marsabit,23.62,22.33
2015-03-26,Marsabit,5.6,25.04
2015-03-27,Marsabit,17.61,20.86
2015-03-28,Marsabit,15.23,27.1
2015-03-29,Marsabit,14.18,23.81
2015-03-30,Marsabit,14.38,19.12
2015-03-31,Marsabit,17.24,26.11
2015-04-01,Marsabit,16.21,22.57
2015-04-02,Marsabit,13.58,27.53
2015-04-03,Marsabit,17.11,23.31
2015-04-04,Marsabit,8.51,27.14
2015-04-05,Marsabit,18.58,25.38
2015-04-06,Marsabit,17.4,18.62
2015-04-07,Marsabit,0.0,26.14
2015-04-08,Marsabit,8.2,20.22
2015-04-09,Marsabit,26.99,27.57
2015-04-10,Marsabit,11.35,23.76
2015-04-11,Marsabit,14.16,21.27
2015-04-12,Marsabit,13.43,26.76
2015-04-13,Marsabit,17.7,24.43
2015-04-14,Marsabit,15.34,18.78
2015-04-15,Marsabit,20.72,27.71
2015-04-16,Marsabit,9.85,24.87
2015-04-17,Marsabit,17.59,23.23
2015-04-18,Marsabit,11.65,29.71
2015-04-19,Marsabit,10.27,28.21
2015-04-20,Marsabit,1.13,21.28
2015-04-21,Marsabit,15.07,24.41
2015-04-22,Marsabit,9.94,27.11
2015-04-23,Marsabit,19.23,25.86
2015-04-24,Marsabit,24.07,28.58
2015-04-25,Marsabit,17.75,21.39
2015-04-26,Marsabit,11.13,22.07
2015-04-27,Marsabit,13.94,21.14
2015-04-28,Marsabit,12.22,25.52
2015-04-29,Marsabit,15.22,23.64
2015-04-30,Marsabit,4.1,15.86
2015-05-01,Marsabit,10.82,24.12
2015-05-02,Marsabit,11.4,22.8
2015-05-03,Marsabit,13.83,28.78
2015-05-04,Marsabit,12.12,22.63
2015-05-05,Marsabit,18.13,18.32
2015-05-06,Marsabit,15.99,17.7
2015-05-07,Marsabit,16.92,25.74
2015-05-08,Marsabit,7.09,25.05
2015-05-09,Marsabit,20.73,19.5
2015-05-10,Marsabit,15.88,29.31
2015-05-11,Marsabit,17.85,27.3
2015-05-12,Marsabit,22.08,28.23
2015-05-13,Marsabit,18.95,21.06
2015-05-14,Marsabit,7.56,23.02
2015-05-15,Marsabit,11.32,16.75
2015-05-16,Marsabit,20.91,21.19
2015-05-17,Marsabit,17.27,28.24
2015-05-18,Marsabit,19.1,25.35
2015-05-19,Marsabit,21.38,16.08
2015-05-20,Marsabit,18.94,24.87
2015-05-21,Marsabit,13.93,23.33
2015-05-22,Marsabit,13.46,24.33
2015-05-23,Marsabit,23.07,21.6
2015-05-24,Marsabit,20.75,29.75
2015-05-25,Marsabit,11.7,24.11
2015-05-26,Marsabit,16.4,24.02
2015-05-27,Marsabit,17.69,26.66
2015-05-28,Marsabit,19.48,23.66
2015-05-29,Marsabit,11.91,27.74
2015-05-30,Marsabit,9.92,28.91
2015-05-31,Marsabit,17.17,25.8
2015-06-01,Marsabit,3.86,21.46
2015-06-02,Marsabit,5.97,24.84
2015-06-03,Marsabit,8.19,28.24
2015-06-04,Marsabit,3.79,18.09
2015-06-05,Marsabit,2.92,23.13
2015-06-06,Marsabit,6.18,24.14
2015-06-07,Marsabit,3.5,23.18
2015-06-08,Marsabit,5.96,22.39
2015-06-09,Marsabit,2.09,26.33
2015-06-10,Marsabit,2.17,21.78
2015-06-11,Marsabit,3.68,23.71
2015-06-12,Marsabit,2.82,27.16
2015-06-13,Marsabit,7.42,19.29
2015-06-14,Marsabit,6.24,17.57
2015-06-15,Marsabit,5.49,25.93
2015-06-16,Marsabit,5.04,26.06
2015-06-17,Marsabit,2.74,16.58
2015-06-18,Marsabit,6.61,21.2
2015-06-19,Marsabit,5.95,23.81
2015-06-20,Marsabit,3.09,21.8
2015-06-21,Marsabit,3.48,25.63
2015-06-22,Marsabit,6.15,22.62
2015-06-23,Marsabit,7.37,27.5
2015-06-24,Marsabit,7.11,23.38
2015-06-25,Marsabit,1.79,26.29
2015-06-26,Marsabit,3.93,24.96
2015-06-27,Marsabit,3.52,27.1
2015-06-28,Marsabit,4.81,20.07
2015-06-29,Marsabit,4.13,22.64
2015-06-30,Marsabit,2.64,20.98
2015-07-01,Marsabit,6.89,20.5
2015-07-02,Marsabit,5.33,15.59
2015-07-03,Marsabit,8.1,30.61
2015-07-04,Marsabit,4.56,31.41
2015-07-05,Marsabit,8.23,23.01
2015-07-06,Marsabit,4.75,27.74
2015-07-07,Marsabit,6.95,26.42
2015-07-08,Marsabit,2.31,27.65
2015-07-09,Marsabit,6.65,21.48
2015-07-10,Marsabit,2.64,25.26
2015-07-11,Marsabit,5.8,21.97
2015-07-12,Marsabit,5.3,25.8
2015-07-13,Marsabit,3.56,27.67
2015-07-14,Marsabit,3.49,21.12
2015-07-15,Marsabit,9.46,23.2
2015-07-16,Marsabit,9.66,26.82
2015-07-17,Marsabit,0.22,21.14
2015-07-18,Marsabit,2.94,16.85
2015-07-19,Marsabit,3.4,23.41
2015-07-20,Marsabit,5.98,24.3
2015-07-21,Marsabit,5.5,29.66
2015-07-22,Marsabit,5.78,23.43
2015-07-23,Marsabit,1.47,23.67
2015-07-24,Marsabit,2.99,21.53
2015-07-25,Marsabit,5.6,19.96
2015-07-26,Marsabit,8.19,32.05
2015-07-27,Marsabit,4.89,25.45
2015-07-28,Marsabit,4.3,23.63
2015-07-29,Marsabit,2.88,21.64
2015-07-30,Marsabit,3.56,25.56
2015-07-31,Marsabit,2.58,23.78
2015-08-01,Marsabit,5.39,25.51
2015-08-02,Marsabit,3.93,20.92
2015-08-03,Marsabit,4.1,24.46
2015-08-04,Marsabit,4.67,26.42
2015-08-05,Marsabit,4.85,21.94
2015-08-06,Marsabit,3.2,24.37
2015-08-07,Marsabit,0.13,23.0
2015-08-08,Marsabit,2.76,20.1
2015-08-09,Marsabit,3.57,19.32
2015-08-10,Marsabit,8.99,29.31
2015-08-11,Marsabit,3.7,24.43
2015-08-12,Marsabit,4.72,28.8
2015-08-13,Marsabit,4.28,26.05
2015-08-14,Marsabit,4.86,21.25
2015-08-15,Marsabit,3.31,22.46
2015-08-16,Marsabit,6.1,26.36
2015-08-17,Marsabit,3.03,27.14
2015-08-18,Marsabit,6.67,22.43
2015-08-19,Marsabit,6.26,23.37
2015-08-20,Marsabit,5.01,21.19
2015-08-21,Marsabit,1.77,30.2
2015-08-22,Marsabit,8.44,25.6
2015-08-23,Marsabit,0.0,22.48
2015-08-24,Marsabit,3.3,18.36
2015-08-25,Marsabit,6.53,28.12
2015-08-26,Marsabit,4.41,22.25
2015-08-27,Marsabit,8.37,23.23
2015-08-28,Marsabit,2.63,23.86
2015-08-29,Marsabit,10.47,26.32
2015-08-30,Marsabit,5.21,22.94
2015-08-31,Marsabit,4.73,31.63
2015-09-01,Marsabit,7.04,21.9
2015-09-02,Marsabit,4.48,22.41
2015-09-03,Marsabit,6.26,22.41
2015-09-04,Marsabit,8.36,28.72
2015-09-05,Marsabit,0.19,24.35
2015-09-06,Marsabit,5.34,27.13
2015-09-07,Marsabit,4.19,22.75
2015-09-08,Marsabit,2.46,24.72
2015-09-09,Marsabit,2.97,23.54
2015-09-10,Marsabit,7.73,28.58
2015-09-11,Marsabit,2.26,22.59
2015-09-12,Marsabit,4.27,29.8
2015-09-13,Marsabit,6.87,22.54
2015-09-14,Marsabit,4.5,23.7
2015-09-15,Marsabit,2.81,24.65
2015-09-16,Marsabit,4.86,21.79
2015-09-17,Marsabit,3.96,26.0
2015-09-18,Marsabit,2.59,28.29
2015-09-19,Marsabit,6.73,22.15
2015-09-20,Marsabit,6.07,26.07
2015-09-21,Marsabit,9.33,21.97
2015-09-22,Marsabit,5.72,23.39
2015-09-23,Marsabit,2.08,19.28
2015-09-24,Marsabit,5.81,24.0
2015-09-25,Marsabit,9.2,26.45
2015-09-26,Marsabit,3.53,30.19
2015-09-27,Marsabit,6.36,27.1
2015-09-28,Marsabit,6.29,20.71
2015-09-29,Marsabit,4.36,23.52
2015-09-30,Marsabit,4.15,24.15
2015-10-01,Marsabit,8.68,20.96
2015-10-02,Marsabit,12.9,24.6
2015-10-03,Marsabit,11.2,20.59
2015-10-04,Marsabit,5.76,26.32
2015-10-05,Marsabit,16.49,23.51
2015-10-06,Marsabit,12.21,27.42
2015-10-07,Marsabit,16.54,19.85
2015-10-08,Marsabit,11.9,27.26
2015-10-09,Marsabit,9.49,23.72
2015-10-10,Marsabit,11.3,30.42
2015-10-11,Marsabit,8.69,26.66
2015-10-12,Marsabit,8.93,19.7
2015-10-13,Marsabit,2.42,25.51
2015-10-14,Marsabit,11.18,25.3
2015-10-15,Marsabit,8.85,26.5
2015-10-16,Marsabit,5.29,22.3
2015-10-17,Marsabit,11.12,27.63
2015-10-18,Marsabit,15.56,26.03
2015-10-19,Marsabit,7.91,23.59
2015-10-20,Marsabit,11.5,24.05
2015-10-21,Marsabit,7.7,24.75
2015-10-22,Marsabit,11.8,23.39
2015-10-23,Marsabit,13.4,29.13
2015-10-24,Marsabit,9.75,23.76
2015-10-25,Marsabit,17.52,23.22
2015-10-26,Marsabit,11.92,23.66
2015-10-27,Marsabit,13.64,20.34
2015-10-28,Marsabit,12.93,24.18
2015-10-29,Marsabit,8.4,26.6
2015-10-30,Marsabit,8.11,22.16
2015-10-31,Marsabit,5.28,20.41
2015-11-01,Marsabit,14.23,24.96
2015-11-02,Marsabit,15.35,18.63
2015-11-03,Marsabit,11.34,21.07
2015-11-04,Marsabit,6.95,25.63
2015-11-05,Marsabit,9.65,26.79
2015-11-06,Marsabit,9.4,22.96
2015-11-07,Marsabit,5.93,25.11
2015-11-08,Marsabit,11.31,20.57
2015-11-09,Marsabit,15.9,15.78
2015-11-10,Marsabit,14.09,23.68
2015-11-11,Marsabit,11.12,27.74
2015-11-12,Marsabit,11.96,19.18
2015-11-13,Marsabit,9.57,26.09
2015-11-14,Marsabit,11.01,27.66
2015-11-15,Marsabit,8.81,20.43
2015-11-16,Marsabit,13.14,25.75
2015-11-17,Marsabit,10.45,17.3
2015-11-18,Marsabit,11.71,24.39
2015-11-19,Marsabit,9.61,22.9
2015-11-20,Marsabit,6.86,19.6
2015-11-21,Marsabit,4.45,17.82
2015-11-22,Marsabit,11.18,24.45
2015-11-23,Marsabit,5.59,21.45
2015-11-24,Marsabit,13.64,24.71
2015-11-25,Marsabit,6.02,22.49
2015-11-26,Marsabit,8.2,23.05
2015-11-27,Marsabit,8.98,22.2
2015-11-28,Marsabit,9.97,22.81
2015-11-29,Marsabit,6.5,23.63
2015-11-30,Marsabit,12.24,23.12
2015-12-01,Marsabit,1.93,18.35
2015-12-02,Marsabit,3.34,22.99
2015-12-03,Marsabit,6.03,23.72
2015-12-04,Marsabit,5.91,28.34
2015-12-05,Marsabit,1.64,22.18
2015-12-06,Marsabit,9.25,20.16
2015-12-07,Marsabit,3.53,24.36
2015-12-08,Marsabit,4.73,22.73
2015-12-09,Marsabit,8.33,21.07
2015-12-10,Marsabit,7.27,20.97
2015-12-11,Marsabit,9.49,25.56
2015-12-12,Marsabit,3.18,21.31
2015-12-13,Marsabit,7.82,26.91
2015-12-14,Marsabit,6.25,20.52
2015-12-15,Marsabit,7.07,24.84
2015-12-16,Marsabit,3.49,24.45
2015-12-17,Marsabit,4.41,22.03
2015-12-18,Marsabit,4.69,25.74
2015-12-19,Marsabit,6.27,25.85
2015-12-20,Marsabit,3.55,18.08
2015-12-21,Marsabit,7.31,23.46
2015-12-22,Marsabit,5.83,22.66
2015-12-23,Marsabit,4.33,24.76
2015-12-24,Marsabit,2.17,23.99
2015-12-25,Marsabit,6.23,27.69
2015-12-26,Marsabit,6.41,20.62
2015-12-27,Marsabit,4.66,23.95
2015-12-28,Marsabit,3.9,23.95
2015-12-29,Marsabit,3.71,22.11
2015-12-30,Marsabit,9.63,17.67
2015-12-31,Marsabit,5.33,26.12
2016-01-01,Marsabit,5.35,18.82
2016-01-02,Marsabit,3.54,24.85
2016-01-03,Marsabit,6.42,24.17
2016-01-04,Marsabit,5.19,23.02
2016-01-05,Marsabit,6.09,20.87
2016-01-06,Marsabit,5.85,23.63
2016-01-07,Marsabit,3.85,26.97
2016-01-08,Marsabit,7.89,23.77
2016-01-09,Marsabit,5.44,19.3
2016-01-10,Marsabit,4.99,17.91
2016-01-11,Marsabit,10.21,23.09
2016-01-12,Marsabit,6.14,21.45
2016-01-13,Marsabit,5.25,23.96
2016-01-14,Marsabit,4.75,24.67
2016-01-15,Marsabit,2.13,17.34
2016-01-16,Marsabit,3.73,25.72
2016-01-17,Marsabit,4.83,25.67
2016-01-18,Marsabit,2.38,29.4
2016-01-19,Marsabit,9.22,26.35
2016-01-20,Marsabit,3.03,27.95
2016-01-21,Marsabit,2.75,22.01
2016-01-22,Marsabit,6.04,26.8
2016-01-23,Marsabit,4.04,27.37
2016-01-24,Marsabit,6.07,30.29
2016-01-25,Marsabit,6.43,22.55
2016-01-26,Marsabit,5.13,21.62
2016-01-27,Marsabit,5.96,24.6
2016-01-28,Marsabit,6.92,22.67
2016-01-29,Marsabit,6.28,26.58
2016-01-30,Marsabit,6.52,27.4
2016-01-31,Marsabit,1.23,23.05
2016-02-01,Marsabit,5.12,23.42
2016-02-02,Marsabit,4.32,22.0
2016-02-03,Marsabit,2.81,22.45
2016-02-04,Marsabit,2.48,19.7
2016-02-05,Marsabit,5.03,27.55
2016-02-06,Marsabit,3.86,25.52
2016-02-07,Marsabit,4.64,21.45
2016-02-08,Marsabit,4.37,28.69
2016-02-09,Marsabit,4.12,23.09
2016-02-10,Marsabit,4.65,21.87
2016-02-11,Marsabit,7.2,23.5
2016-02-12,Marsabit,4.7,20.9
2016-02-13,Marsabit,4.93,25.86
2016-02-14,Marsabit,2.96,17.65
2016-02-15,Marsabit,7.79,23.79
2016-02-16,Marsabit,1.84,20.93
2016-02-17,Marsabit,6.6,22.4
2016-02-18,Marsabit,4.09,19.7
2016-02-19,Marsabit,5.11,26.23
2016-02-20,Marsabit,5.87,18.71
2016-02-21,Marsabit,2.82,26.36
2016-02-22,Marsabit,2.13,22.34
2016-02-23,Marsabit,1.21,21.81
2016-02-24,Marsabit,6.6,22.55
2016-02-25,Marsabit,5.02,21.99
2016-02-26,Marsabit,6.33,22.76
2016-02-27,Marsabit,5.13,27.74
2016-02-28,Marsabit,3.49,23.73
2016-02-29,Marsabit,7.24,21.75
2016-03-01,Marsabit,29.66,19.87
2016-03-02,Marsabit,18.12,25.99
2016-03-03,Marsabit,17.1,23.52
2016-03-04,Marsabit,14.78,24.41
2016-03-05,Marsabit,12.04,24.59
2016-03-06,Marsabit,23.56,23.74
2016-03-07,Marsabit,11.53,25.46
2016-03-08,Marsabit,16.17,24.01
2016-03-09,Marsabit,14.07,28.83
2016-03-10,Marsabit,11.45,33.71
2016-03-11,Marsabit,11.24,27.45
2016-03-12,Marsabit,18.45,26.49
2016-03-13,Marsabit,12.11,23.09
2016-03-14,Marsabit,22.05,20.99
2016-03-15,Marsabit,12.59,25.74
2016-03-16,Marsabit,5.35,21.87
2016-03-17,Marsabit,22.12,29.77
2016-03-18,Marsabit,16.34,26.37
2016-03-19,Marsabit,19.95,22.11
2016-03-20,Marsabit,9.16,22.23
2016-03-21,Marsabit,21.65,25.99
2016-03-22,Marsabit,20.3,20.64
2016-03-23,Marsabit,21.66,24.04
2016-03-24,Marsabit,14.35,21.96
2016-03-25,Marsabit,9.41,27.94
2016-03-26,Marsabit,14.69,20.04
2016-03-27,Marsabit,10.77,17.42
2016-03-28,Marsabit,28.06,18.5
2016-03-29,Marsabit,13.55,27.27
2016-03-30,Marsabit,24.12,20.08
2016-03-31,Marsabit,7.37,22.03
2016-04-01,Marsabit,27.12,23.31
2016-04-02,Marsabit,9.13,22.91
2016-04-03,Marsabit,10.48,21.7
2016-04-04,Marsabit,21.29,27.72
2016-04-05,Marsabit,3.58,23.04
2016-04-06,Marsabit,16.94,25.13
2016-04-07,Marsabit,20.75,23.93
2016-04-08,Marsabit,13.1,23.63
2016-04-09,Marsabit,12.34,25.99
2016-04-10,Marsabit,11.11,20.51
2016-04-11,Marsabit,13.59,28.31
2016-04-12,Marsabit,16.04,19.0
2016-04-13,Marsabit,13.47,28.28
2016-04-14,Marsabit,9.33,18.18
2016-04-15,Marsabit,11.51,21.16
2016-04-16,Marsabit,20.88,23.37
2016-04-17,Marsabit,21.2,27.34
2016-04-18,Marsabit,12.56,19.0
2016-04-19,Marsabit,16.41,25.63
2016-04-20,Marsabit,5.73,25.24
2016-04-21,Marsabit,14.48,29.84
2016-04-22,Marsabit,18.9,24.93
2016-04-23,Marsabit,12.71,22.03
2016-04-24,Marsabit,16.33,27.43
2016-04-25,Marsabit,16.18,22.66
2016-04-26,Marsabit,12.31,26.95
2016-04-27,Marsabit,19.76,25.39
2016-04-28,Marsabit,5.02,26.47
2016-04-29,Marsabit,12.95,20.57
2016-04-30,Marsabit,26.44,17.9
2016-05-01,Marsabit,14.18,19.34
2016-05-02,Marsabit,14.7,30.54
2016-05-03,Marsabit,20.43,27.44
2016-05-04,Marsabit,18.8,23.21
2016-05-05,Marsabit,14.48,20.66
2016-05-06,Marsabit,9.12,22.97
2016-05-07,Marsabit,18.99,24.59
2016-05-08,Marsabit,18.77,17.96
2016-05-09,Marsabit,16.06,21.7
2016-05-10,Marsabit,22.71,20.56
2016-05-11,Marsabit,19.73,23.2
2016-05-12,Marsabit,14.09,27.39
2016-05-13,Marsabit,9.48,25.85
2016-05-14,Marsabit,20.19,23.25
2016-05-15,Marsabit,19.71,25.36
2016-05-16,Marsabit,16.59,20.29
2016-05-17,Marsabit,9.83,25.69
2016-05-18,Marsabit,12.56,24.94
2016-05-19,Marsabit,11.95,21.72
2016-05-20,Marsabit,13.68,22.53
2016-05-21,Marsabit,15.64,24.43
2016-05-22,Marsabit,21.08,23.18
2016-05-23,Marsabit,11.7,17.67
2016-05-24,Marsabit,15.61,26.53
2016-05-25,Marsabit,16.22,25.25
2016-05-26,Marsabit,22.93,27.59
2016-05-27,Marsabit,14.02,22.19
2016-05-28,Marsabit,20.31,25.11
2016-05-29,Marsabit,14.66,20.36
2016-05-30,Marsabit,9.83,22.68
2016-05-31,Marsabit,20.43,24.16
2016-06-01,Marsabit,2.07,21.82
2016-06-02,Marsabit,7.73,23.32
2016-06-03,Marsabit,5.23,24.09
2016-06-04,Marsabit,4.35,21.21
2016-06-05,Marsabit,5.78,26.94
2016-06-06,Marsabit,9.77,25.3
2016-06-07,Marsabit,5.94,25.94
2016-06-08,Marsabit,0.0,23.95
2016-06-09,Marsabit,4.88,26.32
2016-06-10,Marsabit,3.0,20.71
2016-06-11,Marsabit,3.85,23.26
2016-06-12,Marsabit,6.96,24.25
2016-06-13,Marsabit,1.92,20.04
2016-06-14,Marsabit,5.24,24.0
2016-06-15,Marsabit,5.72,20.08
2016-06-16,Marsabit,5.64,20.32
2016-06-17,Marsabit,3.21,24.19
2016-06-18,Marsabit,5.64,19.96
2016-06-19,Marsabit,5.91,20.29
2016-06-20,Marsabit,5.29,26.3
2016-06-21,Marsabit,4.28,23.51
2016-06-22,Marsabit,4.5,22.21
2016-06-23,Marsabit,7.29,20.52
2016-06-24,Marsabit,0.52,26.35
2016-06-25,Marsabit,3.2,25.51
2016-06-26,Marsabit,6.4,24.36
2016-06-27,Marsabit,4.82,31.02
2016-06-28,Marsabit,6.88,14.45
2016-06-29,Marsabit,4.52,24.61
2016-06-30,Marsabit,5.33,24.1
2016-07-01,Marsabit,2.22,23.21
2016-07-02,Marsabit,8.37,20.04
2016-07-03,Marsabit,6.48,26.54
2016-07-04,Marsabit,3.38,20.17
2016-07-05,Marsabit,4.11,26.33
2016-07-06,Marsabit,3.22,19.62
2016-07-07,Marsabit,6.34,24.95
2016-07-08,Marsabit,7.03,21.02
2016-07-09,Marsabit,4.92,28.14
2016-07-10,Marsabit,3.29,21.44
2016-07-11,Marsabit,4.25,22.15
2016-07-12,Marsabit,4.66,22.21
2016-07-13,Marsabit,5.76,25.76
2016-07-14,Marsabit,5.38,25.68
2016-07-15,Marsabit,6.35,20.39
2016-07-16,Marsabit,5.51,21.42
2016-07-17,Marsabit,11.11,23.27
2016-07-18,Marsabit,3.76,26.43
2016-07-19,Marsabit,4.96,26.99
2016-07-20,Marsabit,3.34,26.86
2016-07-21,Marsabit,4.13,30.19
2016-07-22,Marsabit,5.41,27.02
2016-07-23,Marsabit,5.17,24.48
2016-07-24,Marsabit,4.7,32.74
2016-07-25,Marsabit,2.68,27.95
2016-07-26,Marsabit,3.3,21.74
2016-07-27,Marsabit,2.06,22.21
2016-07-28,Marsabit,2.1,26.54
2016-07-29,Marsabit,3.55,26.76
2016-07-30,Marsabit,5.86,21.24
2016-07-31,Marsabit,3.93,21.78
2016-08-01,Marsabit,5.61,20.12
2016-08-02,Marsabit,3.02,27.52
2016-08-03,Marsabit,5.35,21.69
2016-08-04,Marsabit,4.74,28.12
2016-08-05,Marsabit,6.85,23.98
2016-08-06,Marsabit,3.68,23.59
2016-08-07,Marsabit,8.88,25.42
2016-08-08,Marsabit,8.71,21.34
2016-08-09,Marsabit,6.41,28.34
2016-08-10,Marsabit,7.34,24.95
2016-08-11,Marsabit,4.83,21.6
2016-08-12,Marsabit,7.31,22.92
2016-08-13,Marsabit,4.54,25.66
2016-08-14,Marsabit,5.07,22.75
2016-08-15,Marsabit,3.76,26.3
2016-08-16,Marsabit,5.94,24.23
2016-08-17,Marsabit,3.52,26.43
2016-08-18,Marsabit,4.04,25.04
2016-08-19,Marsabit,4.97,26.32
2016-08-20,Marsabit,4.41,22.03
2016-08-21,Marsabit,2.94,24.29
2016-08-22,Marsabit,4.33,25.22
2016-08-23,Marsabit,4.79,21.7
2016-08-24,Marsabit,6.5,26.66
2016-08-25,Marsabit,7.15,24.41
2016-08-26,Marsabit,3.3,26.62
2016-08-27,Marsabit,7.86,23.79
2016-08-28,Marsabit,5.61,20.51
2016-08-29,Marsabit,4.23,25.84
2016-08-30,Marsabit,2.69,25.38
2016-08-31,Marsabit,5.67,27.37
2016-09-01,Marsabit,2.93,21.83
2016-09-02,Marsabit,8.4,23.32
2016-09-03,Marsabit,2.86,24.08
2016-09-04,Marsabit,0.0,29.05
2016-09-05,Marsabit,6.22,23.68
2016-09-06,Marsabit,2.64,18.65
2016-09-07,Marsabit,7.71,31.39
2016-09-08,Marsabit,1.68,29.15
2016-09-09,Marsabit,5.96,22.12
2016-09-10,Marsabit,5.99,26.31
2016-09-11,Marsabit,3.06,26.07
2016-09-12,Marsabit,2.24,18.9
2016-09-13,Marsabit,5.94,20.17
2016-09-14,Marsabit,6.38,28.55
2016-09-15,Marsabit,4.46,22.41
2016-09-16,Marsabit,3.22,25.21
2016-09-17,Marsabit,5.64,21.43
2016-09-18,Marsabit,3.43,25.04
2016-09-19,Marsabit,5.98,21.1
2016-09-20,Marsabit,4.95,28.63
2016-09-21,Marsabit,2.24,28.69
2016-09-22,Marsabit,8.0,26.71
2016-09-23,Marsabit,0.89,24.51
2016-09-24,Marsabit,6.22,21.15
2016-09-25,Marsabit,3.52,24.3
2016-09-26,Marsabit,6.6,23.29
2016-09-27,Marsabit,6.01,18.78
2016-09-28,Marsabit,4.46,23.85
2016-09-29,Marsabit,3.68,26.04
2016-09-30,Marsabit,5.88,29.55
2016-10-01,Marsabit,17.81,27.5
2015-01-01,Isiolo,8.05,25.18
2015-01-02,Isiolo,7.48,17.8
2015-01-03,Isiolo,5.04,25.61
2015-01-04,Isiolo,4.61,22.05
2015-01-05,Isiolo,5.77,24.62
2015-01-06,Isiolo,5.09,19.72
2015-01-07,Isiolo,6.16,25.51
2015-01-08,Isiolo,10.46,23.69
2015-01-09,Isiolo,7.89,18.37
2015-01-10,Isiolo,9.14,23.58
2015-01-11,Isiolo,2.34,22.34
2015-01-12,Isiolo,3.81,20.3
2015-01-13,Isiolo,3.07,23.19
2015-01-14,Isiolo,1.46,23.03
2015-01-15,Isiolo,4.13,19.0
2015-01-16,Isiolo,4.3,28.34
2015-01-17,Isiolo,6.67,23.41
2015-01-18,Isiolo,4.69,25.92
2015-01-19,Isiolo,6.1,20.72
2015-01-20,Isiolo,4.78,20.54
2015-01-21,Isiolo,5.64,24.56
2015-01-22,Isiolo,5.32,26.1
2015-01-23,Isiolo,4.11,22.0
2015-01-24,Isiolo,1.28,24.71
2015-01-25,Isiolo,6.86,27.14
2015-01-26,Isiolo,9.39,28.96
2015-01-27,Isiolo,5.16,23.76
2015-01-28,Isiolo,7.44,36.67
2015-01-29,Isiolo,6.57,18.74
2015-01-30,Isiolo,8.61,24.96
2015-01-31,Isiolo,3.53,20.99
2015-02-01,Isiolo,5.99,20.47
2015-02-02,Isiolo,1.58,23.93
2015-02-03,Isiolo,4.52,27.04
2015-02-04,Isiolo,8.56,27.27
2015-02-05,Isiolo,10.01,22.43
2015-02-06,Isiolo,0.97,23.78
2015-02-07,Isiolo,3.52,25.49
2015-02-08,Isiolo,9.28,22.75
2015-02-09,Isiolo,7.81,28.29
2015-02-10,Isiolo,6.72,20.56
2015-02-11,Isiolo,6.31,22.57
2015-02-12,Isiolo,5.68,27.92
2015-02-13,Isiolo,3.31,21.37
2015-02-14,Isiolo,3.65,24.86
2015-02-15,Isiolo,5.06,24.32
2015-02-16,Isiolo,1.75,21.16
2015-02-17,Isiolo,6.17,21.1
2015-02-18,Isiolo,3.04,25.74
2015-02-19,Isiolo,2.84,21.38
2015-02-20,Isiolo,7.16,23.33
2015-02-21,Isiolo,4.04,23.82
2015-02-22,Isiolo,5.62,25.3
2015-02-23,Isiolo,6.99,26.85
2015-02-24,Isiolo,3.06,25.44
2015-02-25,Isiolo,6.88,23.18
2015-02-26,Isiolo,5.41,28.06
2015-02-27,Isiolo,6.27,19.6
2015-02-28,Isiolo,4.15,25.21
2015-03-01,Isiolo,5.27,23.7
2015-03-02,Isiolo,12.68,17.13
2015-03-03,Isiolo,18.68,23.73
2015-03-04,Isiolo,16.71,23.75
2015-03-05,Isiolo,2.67,22.31
2015-03-06,Isiolo,13.53,22.45
2015-03-07,Isiolo,13.74,23.08
2015-03-08,Isiolo,10.91,25.39
2015-03-09,Isiolo,10.21,26.96
2015-03-10,Isiolo,11.89,24.14
2015-03-11,Isiolo,6.53,22.88
2015-03-12,Isiolo,22.53,21.16
2015-03-13,Isiolo,6.86,17.96
2015-03-14,Isiolo,18.64,24.48
2015-03-15,Isiolo,23.0,22.71
2015-03-16,Isiolo,26.72,23.26
2015-03-17,Isiolo,18.79,25.38
2015-03-18,Isiolo,9.37,28.26
2015-03-19,Isiolo,16.41,22.14
2015-03-20,Isiolo,25.55,24.54
2015-03-21,Isiolo,15.6,24.47
2015-03-22,Isiolo,24.75,27.01
2015-03-23,Isiolo,9.11,21.77
2015-03-24,Isiolo,5.63,23.32
2015-03-25,Isiolo,17.0,24.66
2015-03-26,Isiolo,24.28,24.12
2015-03-27,Isiolo,11.63,26.14
2015-03-28,Isiolo,12.1,20.51
2015-03-29,Isiolo,9.69,28.89
2015-03-30,Isiolo,15.76,25.72
2015-03-31,Isiolo,14.43,26.62
2015-04-01,Isiolo,10.59,21.46
2015-04-02,Isiolo,17.87,27.33
2015-04-03,Isiolo,14.55,22.1
2015-04-04,Isiolo,18.4,20.1
2015-04-05,Isiolo,3.26,24.24
2015-04-06,Isiolo,6.2,32.37
2015-04-07,Isiolo,17.74,20.26
2015-04-08,Isiolo,12.76,21.33
2015-04-09,Isiolo,24.1,27.4
2015-04-10,Isiolo,16.32,30.54
2015-04-11,Isiolo,13.67,18.8
2015-04-12,Isiolo,9.1,19.14
2015-04-13,Isiolo,15.33,26.49
2015-04-14,Isiolo,11.45,20.44
2015-04-15,Isiolo,23.74,23.88
2015-04-16,Isiolo,12.61,22.06
2015-04-17,Isiolo,13.64,26.73
2015-04-18,Isiolo,13.59,23.77
2015-04-19,Isiolo,14.82,22.98
2015-04-20,Isiolo,6.97,19.91
2015-04-21,Isiolo,19.76,16.81
2015-04-22,Isiolo,21.9,23.9
2015-04-23,Isiolo,26.7,20.71
2015-04-24,Isiolo,13.16,23.67
2015-04-25,Isiolo,15.5,24.58
2015-04-26,Isiolo,7.76,27.28
2015-04-27,Isiolo,28.65,22.34
2015-04-28,Isiolo,12.21,26.8
2015-04-29,Isiolo,10.3,27.25
2015-04-30,Isiolo,15.42,22.77
2015-05-01,Isiolo,26.79,24.72
2015-05-02,Isiolo,15.52,24.73
2015-05-03,Isiolo,20.94,27.08
2015-05-04,Isiolo,24.23,25.27
2015-05-05,Isiolo,18.66,25.13
2015-05-06,Isiolo,11.9,25.11
2015-05-07,Isiolo,16.49,23.26
2015-05-08,Isiolo,16.04,23.7
2015-05-09,Isiolo,23.28,24.79
2015-05-10,Isiolo,16.8,31.17
2015-05-11,Isiolo,17.0,24.15
2015-05-12,Isiolo,17.4,21.96
2015-05-13,Isiolo,10.47,27.35
2015-05-14,Isiolo,10.93,28.86
2015-05-15,Isiolo,16.7,24.48
2015-05-16,Isiolo,6.15,21.15
2015-05-17,Isiolo,18.66,20.81
2015-05-18,Isiolo,24.64,20.11
2015-05-19,Isiolo,17.84,19.69
2015-05-20,Isiolo,11.56,23.57
2015-05-21,Isiolo,13.85,27.84
2015-05-22,Isiolo,4.64,25.19
2015-05-23,Isiolo,11.13,25.09
2015-05-24,Isiolo,15.57,22.7
2015-05-25,Isiolo,9.61,22.99
2015-05-26,Isiolo,17.32,21.06
2015-05-27,Isiolo,19.31,21.07
2015-05-28,Isiolo,18.63,27.77
2015-05-29,Isiolo,17.77,23.62
2015-05-30,Isiolo,19.75,22.69
2015-05-31,Isiolo,15.94,24.1
2015-06-01,Isiolo,4.64,25.98
2015-06-02,Isiolo,5.48,26.47
2015-06-03,Isiolo,6.91,22.55
2015-06-04,Isiolo,6.86,24.41
2015-06-05,Isiolo,5.76,26.38
2015-06-06,Isiolo,5.61,23.56
2015-06-07,Isiolo,4.19,21.22
2015-06-08,Isiolo,1.5,22.51
2015-06-09,Isiolo,5.42,27.99
2015-06-10,Isiolo,4.97,23.42
2015-06-11,Isiolo,5.12,19.1
2015-06-12,Isiolo,2.15,23.59
2015-06-13,Isiolo,4.06,18.91
2015-06-14,Isiolo,8.54,21.47
2015-06-15,Isiolo,3.24,23.03
2015-06-16,Isiolo,3.8,24.27
2015-06-17,Isiolo,5.82,23.24
2015-06-18,Isiolo,4.3,20.39
2015-06-19,Isiolo,3.41,21.23
2015-06-20,Isiolo,1.48,22.14
2015-06-21,Isiolo,4.04,26.03
2015-06-22,Isiolo,5.0,27.03
2015-06-23,Isiolo,3.28,17.43
2015-06-24,Isiolo,5.24,30.77
2015-06-25,Isiolo,5.33,24.29
2015-06-26,Isiolo,2.51,23.48
2015-06-27,Isiolo,3.72,24.1
2015-06-28,Isiolo,5.65,24.7
2015-06-29,Isiolo,7.61,24.55
2015-06-30,Isiolo,5.05,24.71
2015-07-01,Isiolo,5.08,21.66
2015-07-02,Isiolo,5.32,29.43
2015-07-03,Isiolo,5.93,25.69
2015-07-04,Isiolo,4.61,22.35
2015-07-05,Isiolo,7.64,23.92
2015-07-06,Isiolo,0.15,29.5
2015-07-07,Isiolo,3.62,19.09
2015-07-08,Isiolo,0.65,27.67
2015-07-09,Isiolo,5.46,25.85
2015-07-10,Isiolo,6.26,20.4
2015-07-11,Isiolo,3.45,26.46
2015-07-12,Isiolo,8.89,22.04
2015-07-13,Isiolo,6.9,26.14
2015-07-14,Isiolo,3.71,27.12
2015-07-15,Isiolo,8.19,28.89
2015-07-16,Isiolo,5.68,18.08
2015-07-17,Isiolo,3.48,23.3
2015-07-18,Isiolo,6.38,28.36
2015-07-19,Isiolo,6.28,22.78
2015-07-20,Isiolo,3.83,27.12
2015-07-21,Isiolo,10.24,25.86
2015-07-22,Isiolo,7.16,21.54
2015-07-23,Isiolo,6.22,22.5
2015-07-24,Isiolo,6.57,23.17
2015-07-25,Isiolo,4.1,28.06
2015-07-26,Isiolo,3.89,27.26
2015-07-27,Isiolo,2.72,23.2
2015-07-28,Isiolo,5.01,22.03
2015-07-29,Isiolo,1.83,19.62
2015-07-30,Isiolo,5.97,25.84
2015-07-31,Isiolo,6.49,23.68
2015-08-01,Isiolo,5.92,25.14
2015-08-02,Isiolo,4.56,27.09
2015-08-03,Isiolo,4.73,16.36
2015-08-04,Isiolo,7.54,24.08
2015-08-05,Isiolo,3.42,26.56
2015-08-06,Isiolo,5.28,21.3
2015-08-07,Isiolo,5.21,20.95
2015-08-08,Isiolo,5.13,23.7
2015-08-09,Isiolo,3.48,27.47
2015-08-10,Isiolo,5.53,21.14
2015-08-11,Isiolo,6.67,27.02
2015-08-12,Isiolo,6.77,17.65
2015-08-13,Isiolo,5.59,23.33
2015-08-14,Isiolo,5.63,24.15
2015-08-15,Isiolo,7.89,25.2
2015-08-16,Isiolo,3.82,22.13
2015-08-17,Isiolo,4.67,23.43
2015-08-18,Isiolo,5.65,21.33
2015-08-19,Isiolo,0.89,22.93
2015-08-20,Isiolo,3.92,15.99
2015-08-21,Isiolo,7.83,23.27
2015-08-22,Isiolo,9.12,26.8
2015-08-23,Isiolo,3.82,21.54
2015-08-24,Isiolo,5.57,26.28
2015-08-25,Isiolo,8.71,25.69
2015-08-26,Isiolo,5.46,25.8
2015-08-27,Isiolo,5.53,26.44
2015-08-28,Isiolo,4.13,21.98
2015-08-29,Isiolo,2.85,22.58
2015-08-30,Isiolo,5.49,20.58
2015-08-31,Isiolo,5.07,26.88
2015-09-01,Isiolo,6.31,20.38
2015-09-02,Isiolo,2.42,30.02
2015-09-03,Isiolo,4.92,19.26
2015-09-04,Isiolo,7.41,24.37
2015-09-05,Isiolo,5.42,24.33
2015-09-06,Isiolo,4.75,24.32
2015-09-07,Isiolo,5.43,27.77
2015-09-08,Isiolo,6.44,25.24
2015-09-09,Isiolo,4.43,22.28
2015-09-10,Isiolo,4.07,20.51
2015-09-11,Isiolo,4.73,23.24
2015-09-12,Isiolo,8.21,24.64
2015-09-13,Isiolo,12.84,26.63
2015-09-14,Isiolo,4.36,20.53
2015-09-15,Isiolo,4.87,19.33
2015-09-16,Isiolo,7.47,21.69
2015-09-17,Isiolo,5.0,25.72
2015-09-18,Isiolo,7.15,24.72
2015-09-19,Isiolo,1.65,27.5
2015-09-20,Isiolo,4.96,23.19
2015-09-21,Isiolo,6.29,22.9
2015-09-22,Isiolo,5.5,24.91
2015-09-23,Isiolo,5.16,23.75
2015-09-24,Isiolo,5.47,23.14
2015-09-25,Isiolo,7.46,25.25
2015-09-26,Isiolo,0.8,22.17
2015-09-27,Isiolo,0.89,20.48
2015-09-28,Isiolo,2.99,18.58
2015-09-29,Isiolo,3.21,21.69
2015-09-30,Isiolo,7.14,26.41
2015-10-01,Isiolo,10.24,21.37
2015-10-02,Isiolo,5.22,28.64
2015-10-03,Isiolo,11.97,23.92
2015-10-04,Isiolo,16.47,21.95
2015-10-05,Isiolo,6.23,27.48
2015-10-06,Isiolo,14.66,28.84
2015-10-07,Isiolo,7.27,26.05
2015-10-08,Isiolo,6.63,23.43
2015-10-09,Isiolo,13.78,22.39
2015-10-10,Isiolo,10.52,27.03
2015-10-11,Isiolo,8.46,24.95
2015-10-12,Isiolo,12.5,27.29
2015-10-13,Isiolo,5.63,21.43
2015-10-14,Isiolo,15.83,18.11
2015-10-15,Isiolo,10.57,22.62
2015-10-16,Isiolo,13.06,26.74
2015-10-17,Isiolo,11.29,27.78
2015-10-18,Isiolo,3.03,26.2
2015-10-19,Isiolo,17.75,22.26
2015-10-20,Isiolo,12.68,30.51
2015-10-21,Isiolo,6.8,22.23
2015-10-22,Isiolo,5.33,22.08
2015-10-23,Isiolo,9.95,23.73
2015-10-24,Isiolo,3.88,19.25
2015-10-25,Isiolo,9.79,23.33
2015-10-26,Isiolo,7.55,26.83
2015-10-27,Isiolo,9.23,18.98
2015-10-28,Isiolo,15.04,26.04
2015-10-29,Isiolo,12.86,21.71
2015-10-30,Isiolo,6.54,24.53
2015-10-31,Isiolo,9.32,29.05
2015-11-01,Isiolo,9.98,24.52
2015-11-02,Isiolo,4.33,21.89
2015-11-03,Isiolo,12.99,22.07
2015-11-04,Isiolo,13.2,25.52
2015-11-05,Isiolo,11.24,23.97
2015-11-06,Isiolo,8.78,23.67
2015-11-07,Isiolo,11.09,30.17
2015-11-08,Isiolo,13.11,31.62
2015-11-09,Isiolo,10.97,25.27
2015-11-10,Isiolo,7.88,26.51
2015-11-11,Isiolo,4.6,24.61
2015-11-12,Isiolo,11.48,24.02
2015-11-13,Isiolo,10.27,28.1
2015-11-14,Isiolo,11.77,23.17
2015-11-15,Isiolo,4.0,21.55
2015-11-16,Isiolo,10.2,20.37
2015-11-17,Isiolo,14.32,24.28
2015-11-18,Isiolo,10.74,21.51
2015-11-19,Isiolo,5.72,23.2
2015-11-20,Isiolo,11.69,25.12
2015-11-21,Isiolo,9.12,22.99
2015-11-22,Isiolo,7.24,21.65
2015-11-23,Isiolo,8.68,23.44
2015-11-24,Isiolo,6.96,21.48
2015-11-25,Isiolo,13.47,23.42
2015-11-26,Isiolo,5.38,20.71
2015-11-27,Isiolo,17.1,33.39
2015-11-28,Isiolo,9.74,18.64
2015-11-29,Isiolo,17.06,17.73
2015-11-30,Isiolo,12.31,26.26
2015-12-01,Isiolo,2.87,31.16
2015-12-02,Isiolo,2.99,24.04
2015-12-03,Isiolo,1.5,18.35
2015-12-04,Isiolo,5.83,19.54
2015-12-05,Isiolo,3.35,25.17
2015-12-06,Isiolo,4.11,25.06
2015-12-07,Isiolo,1.97,30.31
2015-12-08,Isiolo,8.15,22.99
2015-12-09,Isiolo,3.4,16.82
2015-12-10,Isiolo,4.44,25.34
2015-12-11,Isiolo,6.36,19.51
2015-12-12,Isiolo,5.17,22.36
2015-12-13,Isiolo,5.77,28.11
2015-12-14,Isiolo,4.74,26.82
2015-12-15,Isiolo,2.35,28.77
2015-12-16,Isiolo,4.32,22.73
2015-12-17,Isiolo,7.61,22.97
2015-12-18,Isiolo,6.7,23.0
2015-12-19,Isiolo,3.64,26.01
2015-12-20,Isiolo,2.95,26.85
2015-12-21,Isiolo,3.66,27.77
2015-12-22,Isiolo,3.07,25.6
2015-12-23,Isiolo,7.79,24.01
2015-12-24,Isiolo,1.71,29.5
2015-12-25,Isiolo,3.59,18.08
2015-12-26,Isiolo,4.88,22.24
2015-12-27,Isiolo,1.79,21.78
2015-12-28,Isiolo,6.61,27.09
2015-12-29,Isiolo,4.6,19.7
2015-12-30,Isiolo,6.09,23.95
2015-12-31,Isiolo,1.7,23.7
2016-01-01,Isiolo,1.87,22.82
2016-01-02,Isiolo,4.46,22.88
2016-01-03,Isiolo,5.93,23.6
2016-01-04,Isiolo,6.62,19.91
2016-01-05,Isiolo,4.78,26.42
2016-01-06,Isiolo,7.27,25.76
2016-01-07,Isiolo,6.83,17.3
2016-01-08,Isiolo,4.46,25.29
2016-01-09,Isiolo,4.34,23.31
2016-01-10,Isiolo,3.34,20.08
2016-01-11,Isiolo,0.72,22.41
2016-01-12,Isiolo,4.8,27.89
2016-01-13,Isiolo,4.22,26.35
2016-01-14,Isiolo,3.08,26.79
2016-01-15,Isiolo,7.1,24.49
2016-01-16,Isiolo,6.98,31.13
2016-01-17,Isiolo,4.03,27.22
2016-01-18,Isiolo,6.79,19.49
2016-01-19,Isiolo,1.92,27.12
2016-01-20,Isiolo,5.92,22.47
2016-01-21,Isiolo,6.66,20.42
2016-01-22,Isiolo,4.82,18.06
2016-01-23,Isiolo,2.73,27.44
2016-01-24,Isiolo,5.71,25.46
2016-01-25,Isiolo,3.47,27.39
2016-01-26,Isiolo,5.48,25.11
2016-01-27,Isiolo,5.09,29.67
2016-01-28,Isiolo,7.25,24.98
2016-01-29,Isiolo,4.27,22.65
2016-01-30,Isiolo,2.11,22.68
2016-01-31,Isiolo,3.96,22.03
2016-02-01,Isiolo,8.29,25.97
2016-02-02,Isiolo,3.17,29.31
2016-02-03,Isiolo,5.08,26.84
2016-02-04,Isiolo,6.99,24.56
2016-02-05,Isiolo,2.76,25.26
2016-02-06,Isiolo,1.21,28.14
2016-02-07,Isiolo,4.11,23.98
2016-02-08,Isiolo,3.55,22.88
2016-02-09,Isiolo,8.26,22.55
2016-02-10,Isiolo,5.49,25.23
2016-02-11,Isiolo,4.75,18.63
2016-02-12,Isiolo,2.82,28.34
2016-02-13,Isiolo,4.31,22.71
2016-02-14,Isiolo,7.25,26.88
2016-02-15,Isiolo,0.99,28.7
2016-02-16,Isiolo,3.97,24.46
2016-02-17,Isiolo,5.16,24.97
2016-02-18,Isiolo,4.81,25.68
2016-02-19,Isiolo,4.33,25.88
2016-02-20,Isiolo,7.45,22.55
2016-02-21,Isiolo,3.9,26.44
2016-02-22,Isiolo,3.95,26.08
2016-02-23,Isiolo,6.24,20.55
2016-02-24,Isiolo,6.03,26.48
2016-02-25,Isiolo,8.2,23.17
2016-02-26,Isiolo,3.44,26.42
2016-02-27,Isiolo,8.97,23.79
2016-02-28,Isiolo,7.73,19.63
2016-02-29,Isiolo,3.91,22.59
2016-03-01,Isiolo,19.72,27.86
2016-03-02,Isiolo,8.8,17.9
2016-03-03,Isiolo,9.98,29.54
2016-03-04,Isiolo,17.24,26.47
2016-03-05,Isiolo,14.66,25.46
2016-03-06,Isiolo,13.77,24.11
2016-03-07,Isiolo,11.35,19.64
2016-03-08,Isiolo,13.33,29.71
2016-03-09,Isiolo,12.36,21.06
2016-03-10,Isiolo,22.11,20.3
2016-03-11,Isiolo,20.64,24.9
2016-03-12,Isiolo,16.79,30.92
2016-03-13,Isiolo,14.77,25.53
2016-03-14,Isiolo,19.83,20.04
2016-03-15,Isiolo,10.87,20.68
2016-03-16,Isiolo,9.55,26.11
2016-03-17,Isiolo,8.08,22.69
2016-03-18,Isiolo,13.65,20.36
2016-03-19,Isiolo,21.36,24.72
2016-03-20,Isiolo,9.61,24.46
2016-03-21,Isiolo,12.12,23.26
2016-03-22,Isiolo,4.26,20.44
2016-03-23,Isiolo,9.46,24.84
2016-03-24,Isiolo,19.52,23.98
2016-03-25,Isiolo,21.43,24.84
2016-03-26,Isiolo,15.47,18.29
2016-03-27,Isiolo,21.54,24.05
2016-03-28,Isiolo,12.76,26.69
2016-03-29,Isiolo,11.79,24.2
2016-03-30,Isiolo,18.71,21.34
2016-03-31,Isiolo,10.97,26.96
2016-04-01,Isiolo,11.25,26.7
2016-04-02,Isiolo,11.83,22.61
2016-04-03,Isiolo,12.83,21.17
2016-04-04,Isiolo,4.82,17.51
2016-04-05,Isiolo,12.97,23.89
2016-04-06,Isiolo,23.95,25.55
2016-04-07,Isiolo,20.95,22.39
2016-04-08,Isiolo,13.03,19.39
2016-04-09,Isiolo,13.6,20.64
2016-04-10,Isiolo,11.96,20.65
2016-04-11,Isiolo,24.8,24.49
2016-04-12,Isiolo,17.89,28.56
2016-04-13,Isiolo,18.47,22.61
2016-04-14,Isiolo,12.57,21.84
2016-04-15,Isiolo,12.52,23.21
2016-04-16,Isiolo,12.37,28.09
2016-04-17,Isiolo,14.66,23.65
2016-04-18,Isiolo,16.93,24.58
2016-04-19,Isiolo,12.06,22.36
2016-04-20,Isiolo,28.36,22.2
2016-04-21,Isiolo,4.65,21.66
2016-04-22,Isiolo,20.7,18.03
2016-04-23,Isiolo,18.8,24.59
2016-04-24,Isiolo,8.76,25.92
2016-04-25,Isiolo,17.4,22.12
2016-04-26,Isiolo,7.59,25.46
2016-04-27,Isiolo,14.65,25.19
2016-04-28,Isiolo,23.42,24.97
2016-04-29,Isiolo,24.44,24.42
2016-04-30,Isiolo,10.41,22.66
2016-05-01,Isiolo,20.23,23.33
2016-05-02,Isiolo,4.62,24.63
2016-05-03,Isiolo,13.05,20.37
2016-05-04,Isiolo,22.7,19.87
2016-05-05,Isiolo,2.7,22.63
2016-05-06,Isiolo,22.42,25.14
2016-05-07,Isiolo,13.44,24.31
2016-05-08,Isiolo,20.53,23.87
2016-05-09,Isiolo,14.36,25.67
2016-05-10,Isiolo,15.11,30.64
2016-05-11,Isiolo,9.7,22.49
2016-05-12,Isiolo,22.39,20.33
2016-05-13,Isiolo,17.1,27.74
2016-05-14,Isiolo,12.08,25.63
2016-05-15,Isiolo,11.1,22.77
2016-05-16,Isiolo,16.4,30.01
2016-05-17,Isiolo,14.25,23.97
2016-05-18,Isiolo,1.72,17.98
2016-05-19,Isiolo,15.97,26.73
2016-05-20,Isiolo,23.91,27.44
2016-05-21,Isiolo,13.26,25.14
2016-05-22,Isiolo,25.31,21.05
2016-05-23,Isiolo,13.58,27.71
2016-05-24,Isiolo,12.67,25.49
2016-05-25,Isiolo,11.24,20.38
2016-05-26,Isiolo,9.14,21.27
2016-05-27,Isiolo,14.79,19.64
2016-05-28,Isiolo,12.13,17.69
2016-05-29,Isiolo,18.97,28.87
2016-05-30,Isiolo,12.34,26.08
2016-05-31,Isiolo,18.98,25.6
2016-06-01,Isiolo,6.22,23.41
2016-06-02,Isiolo,4.73,21.78
2016-06-03,Isiolo,7.06,27.3
2016-06-04,Isiolo,4.17,25.77
2016-06-05,Isiolo,9.31,21.71
2016-06-06,Isiolo,4.24,25.14
2016-06-07,Isiolo,3.27,23.09
2016-06-08,Isiolo,5.93,19.93
2016-06-09,Isiolo,4.08,23.11
2016-06-10,Isiolo,1.75,23.7
2016-06-11,Isiolo,4.36,29.97
2016-06-12,Isiolo,3.41,23.58
2016-06-13,Isiolo,3.88,23.57
2016-06-14,Isiolo,6.52,28.58
2016-06-15,Isiolo,4.56,24.2
2016-06-16,Isiolo,8.57,20.68
2016-06-17,Isiolo,4.8,27.56
2016-06-18,Isiolo,5.66,25.64
2016-06-19,Isiolo,5.77,25.47
2016-06-20,Isiolo,5.97,26.22
2016-06-21,Isiolo,8.2,22.18
2016-06-22,Isiolo,7.72,19.82
2016-06-23,Isiolo,6.14,28.85
2016-06-24,Isiolo,3.61,23.08
2016-06-25,Isiolo,4.49,27.34
2016-06-26,Isiolo,7.83,27.82
2016-06-27,Isiolo,4.42,24.76
2016-06-28,Isiolo,4.03,21.49
2016-06-29,Isiolo,6.04,22.36
2016-06-30,Isiolo,4.44,18.94
2016-07-01,Isiolo,3.19,23.41
2016-07-02,Isiolo,4.63,24.96
2016-07-03,Isiolo,6.62,20.81
2016-07-04,Isiolo,0.9,20.68
2016-07-05,Isiolo,2.26,24.92
2016-07-06,Isiolo,2.32,27.52
2016-07-07,Isiolo,2.62,22.69
2016-07-08,Isiolo,8.5,25.5
2016-07-09,Isiolo,6.37,27.4
2016-07-10,Isiolo,0.11,24.36
2016-07-11,Isiolo,2.83,24.87
2016-07-12,Isiolo,6.47,30.25
2016-07-13,Isiolo,5.42,22.69
2016-07-14,Isiolo,3.38,26.34
2016-07-15,Isiolo,6.83,20.26
2016-07-16,Isiolo,6.06,27.81
2016-07-17,Isiolo,4.39,25.93
2016-07-18,Isiolo,2.96,28.88
2016-07-19,Isiolo,5.37,23.47
2016-07-20,Isiolo,5.64,22.88
2016-07-21,Isiolo,5.23,21.87
2016-07-22,Isiolo,6.33,27.18
2016-07-23,Isiolo,3.28,23.0
2016-07-24,Isiolo,0.27,24.99
2016-07-25,Isiolo,6.25,17.57
2016-07-26,Isiolo,6.38,21.16
2016-07-27,Isiolo,5.86,21.76
2016-07-28,Isiolo,8.35,22.62
2016-07-29,Isiolo,4.59,22.73
2016-07-30,Isiolo,7.04,24.96
2016-07-31,Isiolo,8.8,20.09
2016-08-01,Isiolo,2.95,20.95
2016-08-02,Isiolo,4.68,19.72
2016-08-03,Isiolo,5.53,18.54
2016-08-04,Isiolo,4.9,24.77
2016-08-05,Isiolo,3.7,24.97
2016-08-06,Isiolo,4.5,26.51
2016-08-07,Isiolo,6.63,23.57
2016-08-08,Isiolo,4.63,21.52
2016-08-09,Isiolo,2.43,23.9
2016-08-10,Isiolo,3.99,27.92
2016-08-11,Isiolo,4.2,21.95
2016-08-12,Isiolo,4.07,22.82
2016-08-13,Isiolo,5.44,26.19
2016-08-14,Isiolo,6.42,20.57
2016-08-15,Isiolo,6.57,18.13
2016-08-16,Isiolo,0.69,23.13
2016-08-17,Isiolo,4.48,24.53
2016-08-18,Isiolo,9.28,23.73
2016-08-19,Isiolo,7.49,23.34
2016-08-20,Isiolo,7.37,27.99
2016-08-21,Isiolo,7.82,23.05
2016-08-22,Isiolo,1.88,24.4
2016-08-23,Isiolo,5.09,21.71
2016-08-24,Isiolo,3.42,25.89
2016-08-25,Isiolo,4.12,20.67
2016-08-26,Isiolo,5.45,26.52
2016-08-27,Isiolo,7.98,26.88
2016-08-28,Isiolo,1.97,24.52
2016-08-29,Isiolo,7.36,24.62
2016-08-30,Isiolo,5.6,19.15
2016-08-31,Isiolo,4.14,26.92
2016-09-01,Isiolo,3.26,31.19
2016-09-02,Isiolo,5.59,22.71
2016-09-03,Isiolo,1.87,19.66
2016-09-04,Isiolo,8.8,22.32
2016-09-05,Isiolo,3.61,20.23
2016-09-06,Isiolo,3.44,21.28
2016-09-07,Isiolo,7.43,21.59
2016-09-08,Isiolo,3.94,24.07
2016-09-09,Isiolo,2.23,25.71
2016-09-10,Isiolo,6.04,22.27
2016-09-11,Isiolo,6.02,29.22
2016-09-12,Isiolo,5.14,25.26
2016-09-13,Isiolo,4.32,27.18
2016-09-14,Isiolo,7.79,23.6
2016-09-15,Isiolo,3.93,22.63
2016-09-16,Isiolo,6.49,25.1
2016-09-17,Isiolo,3.84,23.62
2016-09-18,Isiolo,6.3,26.66
2016-09-19,Isiolo,8.08,27.58
2016-09-20,Isiolo,6.35,19.88
2016-09-21,Isiolo,8.62,22.83
2016-09-22,Isiolo,4.69,27.1
2016-09-23,Isiolo,4.56,21.44
2016-09-24,Isiolo,4.52,27.09
2016-09-25,Isiolo,6.06,25.18
2016-09-26,Isiolo,6.39,26.49
2016-09-27,Isiolo,6.05,23.51
2016-09-28,Isiolo,4.85,22.58
2016-09-29,Isiolo,6.84,19.02
2016-09-30,Isiolo,4.71,27.4
2016-10-01,Isiolo,16.99,24.54
2015-01-01,Meru,3.94,25.59
2015-01-02,Meru,5.22,21.01
2015-01-03,Meru,1.98,25.17
2015-01-04,Meru,6.81,25.17
2015-01-05,Meru,0.9,21.12
2015-01-06,Meru,6.45,24.05
2015-01-07,Meru,5.06,23.15
2015-01-08,Meru,0.0,27.08
2015-01-09,Meru,2.72,27.42
2015-01-10,Meru,8.69,20.62
2015-01-11,Meru,3.51,22.19
2015-01-12,Meru,4.86,25.84
2015-01-13,Meru,6.63,20.28
2015-01-14,Meru,3.36,25.45
2015-01-15,Meru,6.08,22.08
2015-01-16,Meru,3.17,28.63
2015-01-17,Meru,8.62,25.24
2015-01-18,Meru,3.8,23.61
2015-01-19,Meru,7.71,26.13
2015-01-20,Meru,5.78,23.96
2015-01-21,Meru,5.4,26.97
2015-01-22,Meru,5.53,26.51
2015-01-23,Meru,3.15,23.51
2015-01-24,Meru,2.33,24.52
2015-01-25,Meru,7.97,18.95
2015-01-26,Meru,3.03,26.71
2015-01-27,Meru,6.11,31.85
2015-01-28,Meru,7.11,21.52
2015-01-29,Meru,6.63,26.09
2015-01-30,Meru,5.97,22.26
2015-01-31,Meru,5.52,23.38
2015-02-01,Meru,4.43,24.79
2015-02-02,Meru,8.09,22.3
2015-02-03,Meru,5.35,21.31
2015-02-04,Meru,2.75,19.2
2015-02-05,Meru,10.88,23.69
2015-02-06,Meru,2.27,28.59
2015-02-07,Meru,5.62,23.89
2015-02-08,Meru,2.41,18.39
2015-02-09,Meru,3.19,23.86
2015-02-10,Meru,2.91,24.09
2015-02-11,Meru,4.71,26.43
2015-02-12,Meru,1.85,23.92
2015-02-13,Meru,4.46,23.3
2015-02-14,Meru,4.64,26.38
2015-02-15,Meru,3.19,27.03
2015-02-16,Meru,5.27,26.6
2015-02-17,Meru,2.62,24.11
2015-02-18,Meru,6.03,22.74
2015-02-19,Meru,2.72,26.22
2015-02-20,Meru,5.71,23.98
2015-02-21,Meru,7.07,18.33
2015-02-22,Meru,5.78,18.03
2015-02-23,Meru,7.11,19.69
2015-02-24,Meru,6.63,30.39
2015-02-25,Meru,3.93,26.25
2015-02-26,Meru,3.57,24.88
2015-02-27,Meru,3.89,24.21
2015-02-28,Meru,6.22,24.52
2015-03-01,Meru,10.48,25.98
2015-03-02,Meru,21.64,24.99
2015-03-03,Meru,14.19,24.21
2015-03-04,Meru,24.31,26.21
2015-03-05,Meru,9.02,21.96
2015-03-06,Meru,19.08,24.12
2015-03-07,Meru,25.72,23.55
2015-03-08,Meru,9.66,22.66
2015-03-09,Meru,12.19,27.04
2015-03-10,Meru,6.71,27.92
2015-03-11,Meru,14.36,24.37
2015-03-12,Meru,12.73,18.94
2015-03-13,Meru,13.34,15.68
2015-03-14,Meru,14.96,20.94
2015-03-15,Meru,17.12,17.28
2015-03-16,Meru,12.53,28.27
2015-03-17,Meru,16.82,23.45
2015-03-18,Meru,8.63,22.72
2015-03-19,Meru,14.96,28.14
2015-03-20,Meru,15.17,18.15
2015-03-21,Meru,11.71,20.79
2015-03-22,Meru,12.72,24.29
2015-03-23,Meru,17.44,24.52
2015-03-24,Meru,9.05,22.0
2015-03-25,Meru,17.24,22.54
2015-03-26,Meru,4.63,22.85
2015-03-27,Meru,10.71,26.89
2015-03-28,Meru,13.67,22.98
2015-03-29,Meru,16.01,27.27
2015-03-30,Meru,21.06,29.94
2015-03-31,Meru,28.62,20.06
2015-04-01,Meru,21.99,24.02
2015-04-02,Meru,25.67,24.06
2015-04-03,Meru,16.01,26.69
2015-04-04,Meru,14.53,21.41
2015-04-05,Meru,5.71,25.32
2015-04-06,Meru,20.18,22.89
2015-04-07,Meru,17.94,23.49
2015-04-08,Meru,11.81,23.18
2015-04-09,Meru,10.29,28.02
2015-04-10,Meru,8.16,25.09
2015-04-11,Meru,15.1,22.88
2015-04-12,Meru,17.16,24.44
2015-04-13,Meru,11.24,20.93
2015-04-14,Meru,15.68,25.54
2015-04-15,Meru,15.92,21.77
2015-04-16,Meru,19.69,28.65
2015-04-17,Meru,8.7,24.59
2015-04-18,Meru,18.07,26.49
2015-04-19,Meru,27.29,18.71
2015-04-20,Meru,13.52,23.96
2015-04-21,Meru,11.43,26.97
2015-04-22,Meru,11.99,22.53
2015-04-23,Meru,15.97,20.79
2015-04-24,Meru,12.21,22.64
2015-04-25,Meru,24.29,26.42
2015-04-26,Meru,26.35,23.46
2015-04-27,Meru,25.7,24.51
2015-04-28,Meru,7.5,25.93
2015-04-29,Meru,14.96,27.31
2015-04-30,Meru,21.01,24.31
2015-05-01,Meru,13.79,20.49
2015-05-02,Meru,7.9,19.52
2015-05-03,Meru,21.06,25.57
2015-05-04,Meru,4.36,25.13
2015-05-05,Meru,12.21,19.13
2015-05-06,Meru,10.76,25.88
2015-05-07,Meru,10.24,22.22
2015-05-08,Meru,17.31,23.26
2015-05-09,Meru,14.14,24.37
2015-05-10,Meru,24.58,28.09
2015-05-11,Meru,15.21,24.96
2015-05-12,Meru,14.66,23.87
2015-05-13,Meru,15.93,26.63
2015-05-14,Meru,18.7,22.49
2015-05-15,Meru,26.85,19.99
2015-05-16,Meru,17.26,23.58
2015-05-17,Meru,22.41,24.16
2015-05-18,Meru,14.7,25.57
2015-05-19,Meru,18.2,26.64
2015-05-20,Meru,6.7,19.98
2015-05-21,Meru,23.26,27.8
2015-05-22,Meru,14.95,26.28
2015-05-23,Meru,15.23,21.02
2015-05-24,Meru,11.28,22.45
2015-05-25,Meru,9.14,24.16
2015-05-26,Meru,17.21,20.86
2015-05-27,Meru,14.19,23.78
2015-05-28,Meru,19.1,24.95
2015-05-29,Meru,20.35,21.02
2015-05-30,Meru,5.56,25.47
2015-05-31,Meru,18.25,30.66
2015-06-01,Meru,7.71,23.82
2015-06-02,Meru,7.81,27.04
2015-06-03,Meru,6.26,19.14
2015-06-04,Meru,7.11,23.79
2015-06-05,Meru,2.46,21.41
2015-06-06,Meru,3.24,23.19
2015-06-07,Meru,4.38,21.84
2015-06-08,Meru,6.76,19.76
2015-06-09,Meru,7.97,27.36
2015-06-10,Meru,4.13,20.4
2015-06-11,Meru,8.25,28.09
2015-06-12,Meru,4.66,23.98
2015-06-13,Meru,5.45,23.63
2015-06-14,Meru,7.32,28.69
2015-06-15,Meru,4.86,20.96
2015-06-16,Meru,2.64,21.13
2015-06-17,Meru,3.77,21.92
2015-06-18,Meru,3.74,18.98
2015-06-19,Meru,3.77,22.05
2015-06-20,Meru,1.94,26.33
2015-06-21,Meru,7.59,28.46
2015-06-22,Meru,7.21,16.67
2015-06-23,Meru,1.87,25.72
2015-06-24,Meru,3.02,24.54
2015-06-25,Meru,8.07,24.22
2015-06-26,Meru,5.37,24.0
2015-06-27,Meru,5.29,27.01
2015-06-28,Meru,0.0,28.16
2015-06-29,Meru,4.44,24.11
2015-06-30,Meru,3.78,20.77
2015-07-01,Meru,8.2,24.54
2015-07-02,Meru,2.17,19.81
2015-07-03,Meru,4.15,23.73
2015-07-04,Meru,5.96,23.85
2015-07-05,Meru,5.44,22.95
2015-07-06,Meru,3.58,25.76
2015-07-07,Meru,3.99,25.7
2015-07-08,Meru,6.11,25.6
2015-07-09,Meru,6.1,26.96
2015-07-10,Meru,5.46,17.5
2015-07-11,Meru,5.79,21.96
2015-07-12,Meru,2.52,20.25
2015-07-13,Meru,4.48,28.04
2015-07-14,Meru,4.33,19.36
2015-07-15,Meru,5.74,25.07
2015-07-16,Meru,4.32,26.13
2015-07-17,Meru,6.47,26.95
2015-07-18,Meru,4.24,23.88
2015-07-19,Meru,4.78,20.05
2015-07-20,Meru,4.38,23.59
2015-07-21,Meru,1.83,28.25
2015-07-22,Meru,1.13,23.25
2015-07-23,Meru,3.36,25.18
2015-07-24,Meru,4.0,23.66
2015-07-25,Meru,6.21,23.67
2015-07-26,Meru,4.79,20.21
2015-07-27,Meru,3.61,25.44
2015-07-28,Meru,2.19,28.36
2015-07-29,Meru,0.75,25.13
2015-07-30,Meru,9.01,26.12
2015-07-31,Meru,9.17,25.09
2015-08-01,Meru,7.12,26.35
2015-08-02,Meru,5.13,19.8
2015-08-03,Meru,5.6,22.34
2015-08-04,Meru,4.86,23.5
2015-08-05,Meru,7.25,28.11
2015-08-06,Meru,2.45,17.09
2015-08-07,Meru,7.2,28.05
2015-08-08,Meru,5.6,27.45
2015-08-09,Meru,8.2,31.04
2015-08-10,Meru,3.12,27.4
2015-08-11,Meru,0.92,16.37
2015-08-12,Meru,5.74,26.18
2015-08-13,Meru,4.51,19.86
2015-08-14,Meru,5.22,20.95
2015-08-15,Meru,6.11,23.32
2015-08-16,Meru,10.03,27.66
2015-08-17,Meru,2.6,24.77
2015-08-18,Meru,4.65,23.07
2015-08-19,Meru,0.69,23.8
2015-08-20,Meru,2.42,24.93
2015-08-21,Meru,2.56,21.15
2015-08-22,Meru,1.31,24.19
2015-08-23,Meru,9.99,22.83
2015-08-24,Meru,7.37,27.18
2015-08-25,Meru,4.8,24.6
2015-08-26,Meru,6.3,24.74
2015-08-27,Meru,8.17,25.75
2015-08-28,Meru,7.38,28.27
2015-08-29,Meru,5.3,29.03
2015-08-30,Meru,3.1,24.29
2015-08-31,Meru,6.37,19.32
2015-09-01,Meru,5.94,20.31
2015-09-02,Meru,4.73,25.41
2015-09-03,Meru,2.9,26.21
2015-09-04,Meru,0.84,21.26
2015-09-05,Meru,2.05,26.15
2015-09-06,Meru,6.81,23.59
2015-09-07,Meru,6.0,24.07
2015-09-08,Meru,1.7,23.38
2015-09-09,Meru,9.73,22.38
2015-09-10,Meru,3.84,22.56
2015-09-11,Meru,5.88,20.46
2015-09-12,Meru,7.76,22.24
2015-09-13,Meru,2.34,23.38
2015-09-14,Meru,7.33,23.57
2015-09-15,Meru,3.45,26.52
2015-09-16,Meru,6.21,22.57
2015-09-17,Meru,3.06,26.51
2015-09-18,Meru,6.62,21.27
2015-09-19,Meru,4.34,24.94
2015-09-20,Meru,1.44,26.51
2015-09-21,Meru,6.58,26.94
2015-09-22,Meru,6.92,28.04
2015-09-23,Meru,7.04,22.69
2015-09-24,Meru,1.73,19.33
2015-09-25,Meru,7.18,20.41
2015-09-26,Meru,1.83,20.13
2015-09-27,Meru,5.19,18.93
2015-09-28,Meru,10.29,22.25
2015-09-29,Meru,3.01,25.07
2015-09-30,Meru,5.36,23.44
2015-10-01,Meru,10.54,24.76
2015-10-02,Meru,6.3,23.47
2015-10-03,Meru,12.3,22.63
2015-10-04,Meru,12.04,25.06
2015-10-05,Meru,10.3,25.71
2015-10-06,Meru,10.47,27.01
2015-10-07,Meru,9.13,29.14
2015-10-08,Meru,11.79,16.96
2015-10-09,Meru,6.61,27.1
2015-10-10,Meru,16.84,21.52
2015-10-11,Meru,9.23,30.31
2015-10-12,Meru,12.17,24.31
2015-10-13,Meru,10.0,23.94
2015-10-14,Meru,11.08,22.93
2015-10-15,Meru,10.45,22.68
2015-10-16,Meru,10.91,23.86
2015-10-17,Meru,10.78,28.4
2015-10-18,Meru,9.22,23.08
2015-10-19,Meru,17.75,21.86
2015-10-20,Meru,15.54,22.47
2015-10-21,Meru,9.27,26.45
2015-10-22,Meru,7.05,20.18
2015-10-23,Meru,9.23,30.2
2015-10-24,Meru,13.71,25.0
2015-10-25,Meru,10.55,25.04
2015-10-26,Meru,5.77,29.05
2015-10-27,Meru,11.22,23.77
2015-10-28,Meru,5.57,23.32
2015-10-29,Meru,6.02,29.24
2015-10-30,Meru,12.67,22.81
2015-10-31,Meru,17.76,17.75
2015-11-01,Meru,9.86,21.93
2015-11-02,Meru,12.97,27.04
2015-11-03,Meru,10.98,26.07
2015-11-04,Meru,5.72,23.48
2015-11-05,Meru,10.97,26.37
2015-11-06,Meru,9.61,20.77
2015-11-07,Meru,7.57,26.1
2015-11-08,Meru,8.95,23.63
2015-11-09,Meru,5.14,27.33
2015-11-10,Meru,9.33,21.51
2015-11-11,Meru,11.92,24.08
2015-11-12,Meru,14.88,21.12
2015-11-13,Meru,15.21,22.36
2015-11-14,Meru,15.14,20.02
2015-11-15,Meru,8.3,26.45
2015-11-16,Meru,7.57,17.05
2015-11-17,Meru,15.09,19.89
2015-11-18,Meru,7.19,20.88
2015-11-19,Meru,11.95,20.97
2015-11-20,Meru,11.1,28.06
2015-11-21,Meru,6.42,21.25
2015-11-22,Meru,14.23,26.36
2015-11-23,Meru,8.22,23.59
2015-11-24,Meru,8.66,24.09
2015-11-25,Meru,14.8,26.6
2015-11-26,Meru,15.35,25.54
2015-11-27,Meru,13.3,22.29
2015-11-28,Meru,7.62,24.3
2015-11-29,Meru,11.23,27.91
2015-11-30,Meru,5.87,20.18
2015-12-01,Meru,4.97,27.04
2015-12-02,Meru,4.29,22.28
2015-12-03,Meru,3.85,22.73
2015-12-04,Meru,5.44,22.52
2015-12-05,Meru,3.76,27.24
2015-12-06,Meru,2.5,19.96
2015-12-07,Meru,1.78,23.89
2015-12-08,Meru,6.06,24.77
2015-12-09,Meru,8.26,24.21
2015-12-10,Meru,1.43,25.08
2015-12-11,Meru,2.87,24.62
2015-12-12,Meru,4.57,25.37
2015-12-13,Meru,4.26,24.68
2015-12-14,Meru,5.24,20.94
2015-12-15,Meru,4.93,22.61
2015-12-16,Meru,5.6,22.68
2015-12-17,Meru,6.59,20.23
2015-12-18,Meru,4.52,25.93
2015-12-19,Meru,3.14,27.96
2015-12-20,Meru,5.77,19.96
2015-12-21,Meru,6.14,22.89
2015-12-22,Meru,2.09,25.94
2015-12-23,Meru,6.51,23.95
2015-12-24,Meru,6.02,28.18
2015-12-25,Meru,4.55,19.93
2015-12-26,Meru,3.74,21.79
2015-12-27,Meru,4.12,22.11
2015-12-28,Meru,8.81,25.15
2015-12-29,Meru,7.4,26.13
2015-12-30,Meru,5.81,21.98
2015-12-31,Meru,6.47,21.25
2016-01-01,Meru,4.62,24.51
2016-01-02,Meru,5.56,23.13
2016-01-03,Meru,6.21,23.78
2016-01-04,Meru,0.78,18.41
2016-01-05,Meru,6.21,26.67
2016-01-06,Meru,3.84,29.09
2016-01-07,Meru,4.26,21.03
2016-01-08,Meru,3.36,28.85
2016-01-09,Meru,5.23,18.99
2016-01-10,Meru,7.19,20.57
2016-01-11,Meru,4.84,21.04
2016-01-12,Meru,3.92,27.19
2016-01-13,Meru,4.89,24.46
2016-01-14,Meru,2.54,22.71
2016-01-15,Meru,6.7,26.46
2016-01-16,Meru,0.59,21.05
2016-01-17,Meru,6.66,27.33
2016-01-18,Meru,3.85,28.18
2016-01-19,Meru,6.31,25.28
2016-01-20,Meru,1.38,27.43
2016-01-21,Meru,3.75,26.48
2016-01-22,Meru,4.32,19.96
2016-01-23,Meru,5.05,28.1
2016-01-24,Meru,5.31,22.25
2016-01-25,Meru,1.92,18.39
2016-01-26,Meru,4.55,17.95
2016-01-27,Meru,4.0,25.04
2016-01-28,Meru,3.85,24.9
2016-01-29,Meru,3.41,23.56
2016-01-30,Meru,7.16,25.98
2016-01-31,Meru,6.41,24.88
2016-02-01,Meru,5.89,22.65
2016-02-02,Meru,6.41,20.01
2016-02-03,Meru,6.98,30.82
2016-02-04,Meru,4.32,26.15
2016-02-05,Meru,6.49,23.38
2016-02-06,Meru,6.05,27.95
2016-02-07,Meru,7.75,27.76
2016-02-08,Meru,7.69,23.73
2016-02-09,Meru,6.77,23.31
2016-02-10,Meru,5.72,28.96
2016-02-11,Meru,4.41,23.53
2016-02-12,Meru,3.82,20.25
2016-02-13,Meru,6.15,24.57
2016-02-14,Meru,5.66,25.21
2016-02-15,Meru,6.48,27.47
2016-02-16,Meru,0.0,30.32
2016-02-17,Meru,5.13,19.18
2016-02-18,Meru,2.49,23.94
2016-02-19,Meru,5.17,22.44
2016-02-20,Meru,6.21,18.19
2016-02-21,Meru,7.19,29.07
2016-02-22,Meru,2.64,21.59
2016-02-23,Meru,4.86,23.67
2016-02-24,Meru,4.17,26.39
2016-02-25,Meru,5.14,29.34
2016-02-26,Meru,3.35,28.4
2016-02-27,Meru,3.59,25.08
2016-02-28,Meru,1.43,20.92
2016-02-29,Meru,4.1,21.7
2016-03-01,Meru,13.9,25.22
2016-03-02,Meru,23.34,23.63
2016-03-03,Meru,16.96,18.98
2016-03-04,Meru,15.97,26.09
2016-03-05,Meru,21.02,16.72
2016-03-06,Meru,5.02,18.42
2016-03-07,Meru,15.76,23.54
2016-03-08,Meru,4.06,18.48
2016-03-09,Meru,13.49,26.11
2016-03-10,Meru,20.04,26.0
2016-03-11,Meru,22.41,24.33
2016-03-12,Meru,15.57,25.71
2016-03-13,Meru,19.25,25.59
2016-03-14,Meru,12.68,24.92
2016-03-15,Meru,6.15,20.19
2016-03-16,Meru,5.77,25.28
2016-03-17,Meru,24.69,20.11
2016-03-18,Meru,15.29,27.27
2016-03-19,Meru,11.83,27.94
2016-03-20,Meru,21.6,26.27
2016-03-21,Meru,19.16,22.61
2016-03-22,Meru,9.05,23.87
2016-03-23,Meru,0.0,23.42
2016-03-24,Meru,18.26,26.52
2016-03-25,Meru,17.87,28.14
2016-03-26,Meru,14.0,27.6
2016-03-27,Meru,14.07,25.94
2016-03-28,Meru,14.23,24.75
2016-03-29,Meru,7.07,23.48
2016-03-30,Meru,14.93,25.07
2016-03-31,Meru,23.98,25.43
2016-04-01,Meru,14.32,25.66
2016-04-02,Meru,15.81,22.38
2016-04-03,Meru,26.64,22.13
2016-04-04,Meru,18.38,28.33
2016-04-05,Meru,12.89,25.16
2016-04-06,Meru,17.4,20.66
2016-04-07,Meru,22.43,24.02
2016-04-08,Meru,12.22,27.41
2016-04-09,Meru,25.09,27.18
2016-04-10,Meru,14.39,26.19
2016-04-11,Meru,9.76,22.05
2016-04-12,Meru,14.29,27.04
2016-04-13,Meru,13.84,17.75
2016-04-14,Meru,14.27,29.57
2016-04-15,Meru,15.23,19.25
2016-04-16,Meru,8.91,26.82
2016-04-17,Meru,19.71,20.91
2016-04-18,Meru,12.18,27.38
2016-04-19,Meru,6.66,22.52
2016-04-20,Meru,14.19,22.92
2016-04-21,Meru,11.58,20.41
2016-04-22,Meru,12.94,22.87
2016-04-23,Meru,7.89,24.9
2016-04-24,Meru,14.61,24.12
2016-04-25,Meru,22.79,28.25
2016-04-26,Meru,6.51,25.06
2016-04-27,Meru,7.09,26.43
2016-04-28,Meru,17.03,17.65
2016-04-29,Meru,10.37,20.73
2016-04-30,Meru,19.54,28.48
2016-05-01,Meru,15.65,23.68
2016-05-02,Meru,11.63,26.3
2016-05-03,Meru,18.85,23.57
2016-05-04,Meru,13.67,25.57
2016-05-05,Meru,7.82,25.34
2016-05-06,Meru,21.58,20.55
2016-05-07,Meru,12.93,26.54
2016-05-08,Meru,9.35,24.4
2016-05-09,Meru,15.09,22.53
2016-05-10,Meru,16.45,24.03
2016-05-11,Meru,17.67,24.28
2016-05-12,Meru,16.02,24.85
2016-05-13,Meru,2.08,21.44
2016-05-14,Meru,11.16,23.87
2016-05-15,Meru,20.87,25.14
2016-05-16,Meru,13.59,21.34
2016-05-17,Meru,22.62,28.2
2016-05-18,Meru,17.7,22.93
2016-05-19,Meru,11.31,23.79
2016-05-20,Meru,16.33,23.61
2016-05-21,Meru,20.13,24.15
2016-05-22,Meru,7.74,22.03
2016-05-23,Meru,19.37,26.69
2016-05-24,Meru,20.42,23.35
2016-05-25,Meru,10.75,24.41
2016-05-26,Meru,19.51,24.2
2016-05-27,Meru,11.51,25.81
2016-05-28,Meru,16.76,20.78
2016-05-29,Meru,10.73,27.94
2016-05-30,Meru,14.72,23.73
2016-05-31,Meru,20.86,21.4
2016-06-01,Meru,0.0,26.56
2016-06-02,Meru,8.01,27.54
2016-06-03,Meru,3.36,24.61
2016-06-04,Meru,4.39,25.5
2016-06-05,Meru,6.65,29.82
2016-06-06,Meru,5.68,21.1
2016-06-07,Meru,5.37,21.99
2016-06-08,Meru,7.01,21.27
2016-06-09,Meru,2.26,26.75
2016-06-10,Meru,4.35,25.37
2016-06-11,Meru,5.01,28.58
2016-06-12,Meru,6.75,28.1
2016-06-13,Meru,5.81,20.76
2016-06-14,Meru,4.49,25.56
2016-06-15,Meru,3.54,24.48
2016-06-16,Meru,7.1,21.72
2016-06-17,Meru,2.48,27.42
2016-06-18,Meru,4.46,23.75
2016-06-19,Meru,2.34,26.87
2016-06-20,Meru,8.01,23.02
2016-06-21,Meru,6.51,21.73
2016-06-22,Meru,5.55,20.14
2016-06-23,Meru,5.58,23.92
2016-06-24,Meru,1.89,24.96
2016-06-25,Meru,4.9,24.06
2016-06-26,Meru,4.49,17.13
2016-06-27,Meru,5.53,25.45
2016-06-28,Meru,11.87,21.23
2016-06-29,Meru,5.73,25.83
2016-06-30,Meru,7.28,24.2
2016-07-01,Meru,4.28,20.54
2016-07-02,Meru,7.28,23.86
2016-07-03,Meru,7.11,25.39
2016-07-04,Meru,4.75,24.2
2016-07-05,Meru,6.0,24.67
2016-07-06,Meru,7.5,18.36
2016-07-07,Meru,5.98,27.92
2016-07-08,Meru,5.66,25.19
2016-07-09,Meru,6.13,21.22
2016-07-10,Meru,5.73,24.06
2016-07-11,Meru,6.39,21.57
2016-07-12,Meru,0.0,28.98
2016-07-13,Meru,6.68,21.84
2016-07-14,Meru,8.69,21.02
2016-07-15,Meru,6.21,27.53
2016-07-16,Meru,5.94,23.47
2016-07-17,Meru,4.38,14.97
2016-07-18,Meru,5.55,21.61
2016-07-19,Meru,6.45,21.84
2016-07-20,Meru,4.55,21.92
2016-07-21,Meru,5.42,24.15
2016-07-22,Meru,3.0,27.39
2016-07-23,Meru,2.18,23.47
2016-07-24,Meru,7.16,24.77
2016-07-25,Meru,5.85,20.91
2016-07-26,Meru,6.3,24.75
2016-07-27,Meru,2.19,23.51
2016-07-28,Meru,3.17,24.69
2016-07-29,Meru,4.15,24.43
2016-07-30,Meru,5.02,22.89
2016-07-31,Meru,4.74,24.3
2016-08-01,Meru,10.67,19.56
2016-08-02,Meru,5.57,23.92
2016-08-03,Meru,3.88,23.1
2016-08-04,Meru,2.95,24.13
2016-08-05,Meru,1.92,25.38
2016-08-06,Meru,6.4,21.01
2016-08-07,Meru,5.51,27.09
2016-08-08,Meru,5.29,22.65
2016-08-09,Meru,5.92,23.32
2016-08-10,Meru,2.55,26.12
2016-08-11,Meru,2.57,27.84
2016-08-12,Meru,6.53,22.36
2016-08-13,Meru,2.12,22.19
2016-08-14,Meru,4.92,23.47
2016-08-15,Meru,6.65,24.34
2016-08-16,Meru,7.69,23.1
2016-08-17,Meru,3.57,24.09
2016-08-18,Meru,3.17,22.8
2016-08-19,Meru,6.18,25.69
2016-08-20,Meru,4.77,23.74
2016-08-21,Meru,3.19,23.57
2016-08-22,Meru,6.8,22.7
2016-08-23,Meru,2.38,25.32
2016-08-24,Meru,7.5,21.43
2016-08-25,Meru,5.32,26.71
2016-08-26,Meru,5.32,21.2
2016-08-27,Meru,8.14,23.33
2016-08-28,Meru,5.55,25.83
2016-08-29,Meru,2.5,26.49
2016-08-30,Meru,5.27,24.72
2016-08-31,Meru,0.02,28.56
2016-09-01,Meru,5.33,20.89
2016-09-02,Meru,2.34,24.76
2016-09-03,Meru,5.87,21.54
2016-09-04,Meru,7.76,24.03
2016-09-05,Meru,4.43,26.77
2016-09-06,Meru,7.14,28.34
2016-09-07,Meru,3.59,26.34
2016-09-08,Meru,5.69,25.17
2016-09-09,Meru,3.87,23.49
2016-09-10,Meru,6.22,20.34
2016-09-11,Meru,6.52,27.56
2016-09-12,Meru,5.1,28.74
2016-09-13,Meru,3.79,22.88
2016-09-14,Meru,0.01,27.9
2016-09-15,Meru,3.45,31.59
2016-09-16,Meru,4.36,22.2
2016-09-17,Meru,4.88,25.62
2016-09-18,Meru,4.05,27.28
2016-09-19,Meru,8.99,27.78
2016-09-20,Meru,7.79,25.29
2016-09-21,Meru,5.28,23.58
2016-09-22,Meru,5.36,19.8
2016-09-23,Meru,4.24,21.82
2016-09-24,Meru,3.88,23.28
2016-09-25,Meru,5.45,24.27
2016-09-26,Meru,6.52,27.21
2016-09-27,Meru,8.79,24.28
2016-09-28,Meru,4.52,26.02
2016-09-29,Meru,3.47,20.02
2016-09-30,Meru,5.58,24.28
2016-10-01,Meru,8.04,30.02
2015-01-01,Tharaka Nithi,5.1,24.06
2015-01-02,Tharaka Nithi,3.63,28.61
2015-01-03,Tharaka Nithi,4.68,24.26
2015-01-04,Tharaka Nithi,4.32,21.97
2015-01-05,Tharaka Nithi,6.17,24.71
2015-01-06,Tharaka Nithi,7.27,22.92
2015-01-07,Tharaka Nithi,2.68,24.05
2015-01-08,Tharaka Nithi,8.09,24.55
2015-01-09,Tharaka Nithi,2.39,17.8
2015-01-10,Tharaka Nithi,6.98,28.82
2015-01-11,Tharaka Nithi,7.21,31.08
2015-01-12,Tharaka Nithi,6.01,22.6
2015-01-13,Tharaka Nithi,4.66,22.65
2015-01-14,Tharaka Nithi,1.69,24.99
2015-01-15,Tharaka Nithi,6.72,24.33
2015-01-16,Tharaka Nithi,5.33,24.48
2015-01-17,Tharaka Nithi,6.24,19.21
2015-01-18,Tharaka Nithi,8.42,20.23
2015-01-19,Tharaka Nithi,0.76,23.98
2015-01-20,Tharaka Nithi,4.21,25.78
2015-01-21,Tharaka Nithi,6.51,25.63
2015-01-22,Tharaka Nithi,5.1,19.89
2015-01-23,Tharaka Nithi,4.71,28.03
2015-01-24,Tharaka Nithi,4.55,23.23
2015-01-25,Tharaka Nithi,3.79,23.35
2015-01-26,Tharaka Nithi,6.5,25.4
2015-01-27,Tharaka Nithi,4.99,26.67
2015-01-28,Tharaka Nithi,8.46,20.49
2015-01-29,Tharaka Nithi,8.02,24.51
2015-01-30,Tharaka Nithi,3.04,23.69
2015-01-31,Tharaka Nithi,6.42,21.56
2015-02-01,Tharaka Nithi,4.32,24.88
2015-02-02,Tharaka Nithi,4.59,16.15
2015-02-03,Tharaka Nithi,5.96,27.43
2015-02-04,Tharaka Nithi,7.01,24.29
2015-02-05,Tharaka Nithi,3.71,22.85
2015-02-06,Tharaka Nithi,3.97,25.09
2015-02-07,Tharaka Nithi,4.29,29.5
2015-02-08,Tharaka Nithi,0.89,24.04
2015-02-09,Tharaka Nithi,5.21,26.4
2015-02-10,Tharaka Nithi,7.9,21.12
2015-02-11,Tharaka Nithi,6.47,23.42
2015-02-12,Tharaka Nithi,6.88,25.93
2015-02-13,Tharaka Nithi,6.33,24.78
2015-02-14,Tharaka Nithi,8.14,23.89
2015-02-15,Tharaka Nithi,4.99,27.28
2015-02-16,Tharaka Nithi,4.83,18.32
2015-02-17,Tharaka Nithi,6.54,24.57
2015-02-18,Tharaka Nithi,7.09,26.88
2015-02-19,Tharaka Nithi,5.24,19.53
2015-02-20,Tharaka Nithi,5.67,28.37
2015-02-21,Tharaka Nithi,7.54,22.47
2015-02-22,Tharaka Nithi,3.67,24.8
2015-02-23,Tharaka Nithi,1.3,24.27
2015-02-24,Tharaka Nithi,4.49,20.85
2015-02-25,Tharaka Nithi,9.25,22.93
2015-02-26,Tharaka Nithi,6.94,30.29
2015-02-27,Tharaka Nithi,5.41,23.12
2015-02-28,Tharaka Nithi,6.44,20.42
2015-03-01,Tharaka Nithi,19.71,23.12
2015-03-02,Tharaka Nithi,0.38,28.17
2015-03-03,Tharaka Nithi,19.16,23.85
2015-03-04,Tharaka Nithi,16.46,25.24
2015-03-05,Tharaka Nithi,19.49,27.32
2015-03-06,Tharaka Nithi,10.52,26.53
2015-03-07,Tharaka Nithi,12.4,25.79
2015-03-08,Tharaka Nithi,25.25,23.89
2015-03-09,Tharaka Nithi,8.97,23.48
2015-03-10,Tharaka Nithi,16.29,21.17
2015-03-11,Tharaka Nithi,9.05,23.59
2015-03-12,Tharaka Nithi,23.72,21.82
2015-03-13,Tharaka Nithi,4.87,28.82
2015-03-14,Tharaka Nithi,15.44,28.69
2015-03-15,Tharaka Nithi,7.05,21.8
2015-03-16,Tharaka Nithi,12.9,29.6
2015-03-17,Tharaka Nithi,9.75,25.53
2015-03-18,Tharaka Nithi,24.55,22.94
2015-03-19,Tharaka Nithi,18.71,23.82
2015-03-20,Tharaka Nithi,9.69,31.71
2015-03-21,Tharaka Nithi,23.9,29.01
2015-03-22,Tharaka Nithi,17.76,24.17
2015-03-23,Tharaka Nithi,11.78,23.59
2015-03-24,Tharaka Nithi,16.1,21.74
2015-03-25,Tharaka Nithi,16.24,25.7
2015-03-26,Tharaka Nithi,12.4,21.32
2015-03-27,Tharaka Nithi,10.14,22.98
2015-03-28,Tharaka Nithi,7.51,22.88
2015-03-29,Tharaka Nithi,14.68,27.58
2015-03-30,Tharaka Nithi,18.14,26.87
2015-03-31,Tharaka Nithi,24.7,26.95
2015-04-01,Tharaka Nithi,8.72,26.55
2015-04-02,Tharaka Nithi,14.04,27.2
2015-04-03,Tharaka Nithi,16.86,22.51
2015-04-04,Tharaka Nithi,9.47,28.51
2015-04-05,Tharaka Nithi,18.87,25.18
2015-04-06,Tharaka Nithi,17.22,22.91
2015-04-07,Tharaka Nithi,18.52,17.94
2015-04-08,Tharaka Nithi,23.5,23.39
2015-04-09,Tharaka Nithi,24.08,27.06
2015-04-10,Tharaka Nithi,19.02,23.22
2015-04-11,Tharaka Nithi,9.36,20.4
2015-04-12,Tharaka Nithi,19.88,26.05
2015-04-13,Tharaka Nithi,27.99,29.11
2015-04-14,Tharaka Nithi,11.81,26.4
2015-04-15,Tharaka Nithi,23.8,24.96
2015-04-16,Tharaka Nithi,9.21,20.93
2015-04-17,Tharaka Nithi,19.49,21.93
2015-04-18,Tharaka Nithi,10.72,21.12
2015-04-19,Tharaka Nithi,15.05,22.74
2015-04-20,Tharaka Nithi,14.27,32.17
2015-04-21,Tharaka Nithi,9.55,24.65
2015-04-22,Tharaka Nithi,18.25,24.68
2015-04-23,Tharaka Nithi,19.97,23.97
2015-04-24,Tharaka Nithi,16.71,26.33
2015-04-25,Tharaka Nithi,19.16,24.26
2015-04-26,Tharaka Nithi,14.8,27.22
2015-04-27,Tharaka Nithi,16.91,26.4
2015-04-28,Tharaka Nithi,18.05,28.42
2015-04-29,Tharaka Nithi,19.08,24.0
2015-04-30,Tharaka Nithi,20.34,25.85
2015-05-01,Tharaka Nithi,12.5,24.42
2015-05-02,Tharaka Nithi,18.42,22.64
2015-05-03,Tharaka Nithi,20.48,25.01
2015-05-04,Tharaka Nithi,21.26,26.97
2015-05-05,Tharaka Nithi,17.56,24.17
2015-05-06,Tharaka Nithi,23.36,25.31
2015-05-07,Tharaka Nithi,13.76,23.46
2015-05-08,Tharaka Nithi,11.91,24.95
2015-05-09,Tharaka Nithi,5.58,26.69
2015-05-10,Tharaka Nithi,19.52,27.39
2015-05-11,Tharaka Nithi,12.45,24.28
2015-05-12,Tharaka Nithi,18.3,21.46
2015-05-13,Tharaka Nithi,21.88,21.45
2015-05-14,Tharaka Nithi,13.59,25.41
2015-05-15,Tharaka Nithi,19.35,28.12
2015-05-16,Tharaka Nithi,13.05,24.89
2015-05-17,Tharaka Nithi,18.79,22.17
2015-05-18,Tharaka Nithi,9.6,16.15
2015-05-19,Tharaka Nithi,12.75,28.0
2015-05-20,Tharaka Nithi,12.86,17.1
2015-05-21,Tharaka Nithi,8.88,20.68
2015-05-22,Tharaka Nithi,17.25,25.99
2015-05-23,Tharaka Nithi,14.27,19.39
2015-05-24,Tharaka Nithi,8.54,16.13
2015-05-25,Tharaka Nithi,13.08,21.32
2015-05-26,Tharaka Nithi,20.31,25.32
2015-05-27,Tharaka Nithi,6.51,28.2
2015-05-28,Tharaka Nithi,14.31,24.71
2015-05-29,Tharaka Nithi,21.52,21.98
2015-05-30,Tharaka Nithi,21.43,22.89
2015-05-31,Tharaka Nithi,19.09,20.52
2015-06-01,Tharaka Nithi,5.7,22.68
2015-06-02,Tharaka Nithi,4.55,21.73
2015-06-03,Tharaka Nithi,6.48,29.17
2015-06-04,Tharaka Nithi,6.03,19.03
2015-06-05,Tharaka Nithi,5.99,26.56
2015-06-06,Tharaka Nithi,4.08,24.45
2015-06-07,Tharaka Nithi,6.18,21.68
2015-06-08,Tharaka Nithi,5.1,27.72
2015-06-09,Tharaka Nithi,5.01,22.48
2015-06-10,Tharaka Nithi,6.69,22.92
2015-06-11,Tharaka Nithi,3.47,24.64
2015-06-12,Tharaka Nithi,3.89,21.83
2015-06-13,Tharaka Nithi,5.75,26.2
2015-06-14,Tharaka Nithi,5.55,24.71
2015-06-15,Tharaka Nithi,2.23,26.78
2015-06-16,Tharaka Nithi,6.01,21.74
2015-06-17,Tharaka Nithi,5.22,21.86
2015-06-18,Tharaka Nithi,7.03,20.45
2015-06-19,Tharaka Nithi,3.29,20.83
2015-06-20,Tharaka Nithi,3.47,22.38
2015-06-21,Tharaka Nithi,5.42,27.48
2015-06-22,Tharaka Nithi,7.14,23.82
2015-06-23,Tharaka Nithi,5.87,26.91
2015-06-24,Tharaka Nithi,2.62,22.47
2015-06-25,Tharaka Nithi,3.36,21.93
2015-06-26,Tharaka Nithi,5.61,21.53
2015-06-27,Tharaka Nithi,5.4,21.13
2015-06-28,Tharaka Nithi,4.69,22.56
2015-06-29,Tharaka Nithi,6.73,25.83
2015-06-30,Tharaka Nithi,3.27,22.17
2015-07-01,Tharaka Nithi,3.05,27.48
2015-07-02,Tharaka Nithi,7.35,24.49
2015-07-03,Tharaka Nithi,2.67,26.27
2015-07-04,Tharaka Nithi,3.95,23.5
2015-07-05,Tharaka Nithi,4.53,21.73
2015-07-06,Tharaka Nithi,4.0,26.58
2015-07-07,Tharaka Nithi,4.58,22.62
2015-07-08,Tharaka Nithi,4.12,18.61
2015-07-09,Tharaka Nithi,5.06,23.5
2015-07-10,Tharaka Nithi,5.11,28.09
2015-07-11,Tharaka Nithi,3.6,19.35
2015-07-12,Tharaka Nithi,3.9,24.0
2015-07-13,Tharaka Nithi,5.81,18.27
2015-07-14,Tharaka Nithi,5.93,22.4
2015-07-15,Tharaka Nithi,3.9,20.31
2015-07-16,Tharaka Nithi,5.18,26.54
2015-07-17,Tharaka Nithi,4.87,27.45
2015-07-18,Tharaka Nithi,3.25,22.8
2015-07-19,Tharaka Nithi,7.36,24.53
2015-07-20,Tharaka Nithi,8.26,22.91
2015-07-21,Tharaka Nithi,2.61,25.78
2015-07-22,Tharaka Nithi,3.04,25.34
2015-07-23,Tharaka Nithi,2.49,24.9
2015-07-24,Tharaka Nithi,7.45,26.25
2015-07-25,Tharaka Nithi,2.65,21.62
2015-07-26,Tharaka Nithi,3.61,20.39
2015-07-27,Tharaka Nithi,7.39,19.42
2015-07-28,Tharaka Nithi,2.98,25.04
2015-07-29,Tharaka Nithi,7.63,25.1
2015-07-30,Tharaka Nithi,5.85,26.81
2015-07-31,Tharaka Nithi,2.93,21.9
2015-08-01,Tharaka Nithi,5.73,29.75
2015-08-02,Tharaka Nithi,4.67,21.96
2015-08-03,Tharaka Nithi,6.34,27.87
2015-08-04,Tharaka Nithi,4.13,24.14
2015-08-05,Tharaka Nithi,5.38,28.14
2015-08-06,Tharaka Nithi,3.68,19.66
2015-08-07,Tharaka Nithi,5.14,20.85
2015-08-08,Tharaka Nithi,7.17,26.21
2015-08-09,Tharaka Nithi,11.13,24.5
2015-08-10,Tharaka Nithi,2.67,17.18
2015-08-11,Tharaka Nithi,7.14,22.06
2015-08-12,Tharaka Nithi,3.84,26.63
2015-08-13,Tharaka Nithi,3.81,27.37
2015-08-14,Tharaka Nithi,7.75,21.05
2015-08-15,Tharaka Nithi,0.89,26.38
2015-08-16,Tharaka Nithi,4.83,30.78
2015-08-17,Tharaka Nithi,7.93,24.21
2015-08-18,Tharaka Nithi,3.69,25.06
2015-08-19,Tharaka Nithi,3.03,23.49
2015-08-20,Tharaka Nithi,4.34,25.38
2015-08-21,Tharaka Nithi,4.78,21.35
2015-08-22,Tharaka Nithi,6.76,17.72
2015-08-23,Tharaka Nithi,7.07,20.22
2015-08-24,Tharaka Nithi,3.07,23.75
2015-08-25,Tharaka Nithi,7.99,27.61
2015-08-26,Tharaka Nithi,4.68,25.07
2015-08-27,Tharaka Nithi,3.26,26.49
2015-08-28,Tharaka Nithi,3.62,22.27
2015-08-29,Tharaka Nithi,3.52,21.4
2015-08-30,Tharaka Nithi,7.24,23.31
2015-08-31,Tharaka Nithi,4.69,26.97
2015-09-01,Tharaka Nithi,7.18,25.1
2015-09-02,Tharaka Nithi,6.35,22.28
2015-09-03,Tharaka Nithi,5.01,27.55
2015-09-04,Tharaka Nithi,5.41,19.59
2015-09-05,Tharaka Nithi,1.23,25.96
2015-09-06,Tharaka Nithi,2.22,19.77
2015-09-07,Tharaka Nithi,7.13,26.24
2015-09-08,Tharaka Nithi,6.12,13.83
2015-09-09,Tharaka Nithi,8.59,24.77
2015-09-10,Tharaka Nithi,4.92,20.96
2015-09-11,Tharaka Nithi,5.89,21.95
2015-09-12,Tharaka Nithi,3.87,26.4
2015-09-13,Tharaka Nithi,7.55,25.04
2015-09-14,Tharaka Nithi,6.56,18.96
2015-09-15,Tharaka Nithi,3.74,24.14
2015-09-16,Tharaka Nithi,3.58,27.28
2015-09-17,Tharaka Nithi,1.58,28.51
2015-09-18,Tharaka Nithi,5.68,23.98
2015-09-19,Tharaka Nithi,10.85,19.38
2015-09-20,Tharaka Nithi,5.51,28.97
2015-09-21,Tharaka Nithi,3.98,25.06
2015-09-22,Tharaka Nithi,5.85,26.12
2015-09-23,Tharaka Nithi,7.17,25.91
2015-09-24,Tharaka Nithi,5.71,29.72
2015-09-25,Tharaka Nithi,5.15,25.09
2015-09-26,Tharaka Nithi,1.88,20.8
2015-09-27,Tharaka Nithi,6.71,27.92
2015-09-28,Tharaka Nithi,6.29,25.21
2015-09-29,Tharaka Nithi,0.0,23.87
2015-09-30,Tharaka Nithi,3.88,29.76
2015-10-01,Tharaka Nithi,6.04,27.38
2015-10-02,Tharaka Nithi,4.36,25.68
2015-10-03,Tharaka Nithi,6.17,26.2
2015-10-04,Tharaka Nithi,13.92,23.91
2015-10-05,Tharaka Nithi,15.61,23.52
2015-10-06,Tharaka Nithi,12.3,22.93
2015-10-07,Tharaka Nithi,12.19,27.52
2015-10-08,Tharaka Nithi,19.53,26.97
2015-10-09,Tharaka Nithi,10.58,26.04
2015-10-10,Tharaka Nithi,9.83,26.21
2015-10-11,Tharaka Nithi,5.83,26.47
2015-10-12,Tharaka Nithi,12.58,22.22
2015-10-13,Tharaka Nithi,12.04,26.88
2015-10-14,Tharaka Nithi,9.33,25.68
2015-10-15,Tharaka Nithi,12.59,24.8
2015-10-16,Tharaka Nithi,8.14,23.0
2015-10-17,Tharaka Nithi,8.35,24.03
2015-10-18,Tharaka Nithi,5.76,24.49
2015-10-19,Tharaka Nithi,4.64,27.63
2015-10-20,Tharaka Nithi,17.02,27.66
2015-10-21,Tharaka Nithi,10.29,19.49
2015-10-22,Tharaka Nithi,14.77,21.87
2015-10-23,Tharaka Nithi,10.46,23.8
2015-10-24,Tharaka Nithi,7.5,26.87
2015-10-25,Tharaka Nithi,3.59,21.67
2015-10-26,Tharaka Nithi,9.92,17.65
2015-10-27,Tharaka Nithi,7.71,29.23
2015-10-28,Tharaka Nithi,0.16,24.25
2015-10-29,Tharaka Nithi,11.81,17.61
2015-10-30,Tharaka Nithi,10.2,26.58
2015-10-31,Tharaka Nithi,8.08,18.87
2015-11-01,Tharaka Nithi,13.18,25.98
2015-11-02,Tharaka Nithi,11.3,23.61
2015-11-03,Tharaka Nithi,15.28,20.84
2015-11-04,Tharaka Nithi,9.26,19.19
2015-11-05,Tharaka Nithi,10.05,23.83
2015-11-06,Tharaka Nithi,11.55,20.54
2015-11-07,Tharaka Nithi,10.2,27.82
2015-11-08,Tharaka Nithi,10.93,20.74
2015-11-09,Tharaka Nithi,9.5,25.52
2015-11-10,Tharaka Nithi,10.66,26.67
2015-11-11,Tharaka Nithi,12.51,23.23
2015-11-12,Tharaka Nithi,4.0,25.69
2015-11-13,Tharaka Nithi,7.4,22.9
2015-11-14,Tharaka Nithi,16.03,20.67
2015-11-15,Tharaka Nithi,13.24,24.45
2015-11-16,Tharaka Nithi,15.3,22.41
2015-11-17,Tharaka Nithi,10.65,24.6
2015-11-18,Tharaka Nithi,6.61,21.92
2015-11-19,Tharaka Nithi,6.28,19.34
2015-11-20,Tharaka Nithi,6.48,23.91
2015-11-21,Tharaka Nithi,18.27,21.78
2015-11-22,Tharaka Nithi,9.95,25.94
2015-11-23,Tharaka Nithi,10.36,24.83
2015-11-24,Tharaka Nithi,10.21,17.94
2015-11-25,Tharaka Nithi,7.64,21.22
2015-11-26,Tharaka Nithi,5.35,25.03
2015-11-27,Tharaka Nithi,11.99,23.85
2015-11-28,Tharaka Nithi,6.13,23.08
2015-11-29,Tharaka Nithi,5.91,24.9
2015-11-30,Tharaka Nithi,13.86,27.84
2015-12-01,Tharaka Nithi,6.78,22.32
2015-12-02,Tharaka Nithi,5.69,21.91
2015-12-03,Tharaka Nithi,2.37,23.8
2015-12-04,Tharaka Nithi,7.88,25.32
2015-12-05,Tharaka Nithi,6.13,26.68
2015-12-06,Tharaka Nithi,3.44,24.93
2015-12-07,Tharaka Nithi,4.96,23.65
2015-12-08,Tharaka Nithi,3.54,25.82
2015-12-09,Tharaka Nithi,4.54,26.85
2015-12-10,Tharaka Nithi,7.05,21.07
2015-12-11,Tharaka Nithi,6.21,19.24
2015-12-12,Tharaka Nithi,3.68,27.84
2015-12-13,Tharaka Nithi,5.31,20.06
2015-12-14,Tharaka Nithi,1.93,25.13
2015-12-15,Tharaka Nithi,3.34,22.62
2015-12-16,Tharaka Nithi,8.87,22.9
2015-12-17,Tharaka Nithi,4.47,28.63
2015-12-18,Tharaka Nithi,6.49,23.75
2015-12-19,Tharaka Nithi,3.84,24.33
2015-12-20,Tharaka Nithi,0.29,24.52
2015-12-21,Tharaka Nithi,5.08,24.37
2015-12-22,Tharaka Nithi,6.55,25.43
2015-12-23,Tharaka Nithi,7.46,25.97
2015-12-24,Tharaka Nithi,6.45,25.18
2015-12-25,Tharaka Nithi,4.45,25.49
2015-12-26,Tharaka Nithi,6.29,28.45
2015-12-27,Tharaka Nithi,5.63,23.5
2015-12-28,Tharaka Nithi,5.1,26.18
2015-12-29,Tharaka Nithi,1.62,25.15
2015-12-30,Tharaka Nithi,5.31,23.45
2015-12-31,Tharaka Nithi,5.55,21.94
2016-01-01,Tharaka Nithi,3.19,25.9
2016-01-02,Tharaka Nithi,4.25,27.74
2016-01-03,Tharaka Nithi,6.79,23.29
2016-01-04,Tharaka Nithi,1.95,26.3
2016-01-05,Tharaka Nithi,5.77,27.23
2016-01-06,Tharaka Nithi,4.26,20.96
2016-01-07,Tharaka Nithi,1.62,22.36
2016-01-08,Tharaka Nithi,3.13,20.35
2016-01-09,Tharaka Nithi,1.74,18.97
2016-01-10,Tharaka Nithi,3.71,24.97
2016-01-11,Tharaka Nithi,4.11,22.63
2016-01-12,Tharaka Nithi,2.0,20.1
2016-01-13,Tharaka Nithi,6.12,19.52
2016-01-14,Tharaka Nithi,4.92,24.42
2016-01-15,Tharaka Nithi,8.82,21.21
2016-01-16,Tharaka Nithi,7.49,27.66
2016-01-17,Tharaka Nithi,6.28,23.16
2016-01-18,Tharaka Nithi,4.09,21.62
2016-01-19,Tharaka Nithi,2.59,18.8
2016-01-20,Tharaka Nithi,3.9,17.66
2016-01-21,Tharaka Nithi,8.01,25.34
2016-01-22,Tharaka Nithi,2.23,21.4
2016-01-23,Tharaka Nithi,4.28,28.27
2016-01-24,Tharaka Nithi,8.0,27.43
2016-01-25,Tharaka Nithi,8.09,16.84
2016-01-26,Tharaka Nithi,4.41,25.77
2016-01-27,Tharaka Nithi,3.75,24.5
2016-01-28,Tharaka Nithi,5.15,28.93
2016-01-29,Tharaka Nithi,2.34,24.65
2016-01-30,Tharaka Nithi,4.02,18.17
2016-01-31,Tharaka Nithi,3.18,21.74
2016-02-01,Tharaka Nithi,4.14,22.54
2016-02-02,Tharaka Nithi,8.49,21.63
2016-02-03,Tharaka Nithi,2.3,29.43
2016-02-04,Tharaka Nithi,1.88,19.1
2016-02-05,Tharaka Nithi,3.95,27.0
2016-02-06,Tharaka Nithi,3.52,24.67
2016-02-07,Tharaka Nithi,2.68,30.57
2016-02-08,Tharaka Nithi,4.52,19.49
2016-02-09,Tharaka Nithi,5.81,25.43
2016-02-10,Tharaka Nithi,5.13,20.79
2016-02-11,Tharaka Nithi,7.24,23.9
2016-02-12,Tharaka Nithi,6.62,20.25
2016-02-13,Tharaka Nithi,4.74,24.17
2016-02-14,Tharaka Nithi,5.35,23.83
2016-02-15,Tharaka Nithi,6.31,25.32
2016-02-16,Tharaka Nithi,3.65,22.27
2016-02-17,Tharaka Nithi,2.69,22.62
2016-02-18,Tharaka Nithi,4.95,26.28
2016-02-19,Tharaka Nithi,4.56,23.65
2016-02-20,Tharaka Nithi,8.3,26.58
2016-02-21,Tharaka Nithi,5.77,25.98
2016-02-22,Tharaka Nithi,3.92,23.95
2016-02-23,Tharaka Nithi,2.77,22.28
2016-02-24,Tharaka Nithi,6.41,24.33
2016-02-25,Tharaka Nithi,6.06,23.38
2016-02-26,Tharaka Nithi,5.59,23.94
2016-02-27,Tharaka Nithi,7.0,21.57
2016-02-28,Tharaka Nithi,4.51,20.85
2016-02-29,Tharaka Nithi,9.15,24.38
2016-03-01,Tharaka Nithi,18.38,20.48
2016-03-02,Tharaka Nithi,12.66,23.01
2016-03-03,Tharaka Nithi,19.25,22.93
2016-03-04,Tharaka Nithi,22.05,20.16
2016-03-05,Tharaka Nithi,10.78,25.98
2016-03-06,Tharaka Nithi,7.62,26.18
2016-03-07,Tharaka Nithi,13.22,25.2
2016-03-08,Tharaka Nithi,4.67,24.13
2016-03-09,Tharaka Nithi,24.3,19.54
2016-03-10,Tharaka Nithi,16.53,19.65
2016-03-11,Tharaka Nithi,19.83,22.22
2016-03-12,Tharaka Nithi,16.91,24.97
2016-03-13,Tharaka Nithi,21.98,26.66
2016-03-14,Tharaka Nithi,10.44,23.72
2016-03-15,Tharaka Nithi,8.6,28.12
2016-03-16,Tharaka Nithi,13.76,23.2
2016-03-17,Tharaka Nithi,19.94,26.49
2016-03-18,Tharaka Nithi,14.23,26.38
2016-03-19,Tharaka Nithi,16.72,20.15
2016-03-20,Tharaka Nithi,26.7,25.36
2016-03-21,Tharaka Nithi,10.95,27.39
2016-03-22,Tharaka Nithi,17.21,23.24
2016-03-23,Tharaka Nithi,9.93,28.93
2016-03-24,Tharaka Nithi,9.05,21.1
2016-03-25,Tharaka Nithi,25.82,23.14
2016-03-26,Tharaka Nithi,16.61,23.51
2016-03-27,Tharaka Nithi,22.48,24.92
2016-03-28,Tharaka Nithi,25.78,23.52
2016-03-29,Tharaka Nithi,12.1,21.39
2016-03-30,Tharaka Nithi,10.09,26.6
2016-03-31,Tharaka Nithi,12.39,22.91
2016-04-01,Tharaka Nithi,14.72,25.15
2016-04-02,Tharaka Nithi,16.62,25.31
2016-04-03,Tharaka Nithi,19.64,21.75
2016-04-04,Tharaka Nithi,13.56,27.6
2016-04-05,Tharaka Nithi,23.72,26.04
2016-04-06,Tharaka Nithi,10.9,24.93
2016-04-07,Tharaka Nithi,14.98,19.81
2016-04-08,Tharaka Nithi,10.77,23.52
2016-04-09,Tharaka Nithi,15.43,26.3
2016-04-10,Tharaka Nithi,10.8,24.89
2016-04-11,Tharaka Nithi,12.81,26.47
2016-04-12,Tharaka Nithi,15.54,28.11
2016-04-13,Tharaka Nithi,14.35,25.64
2016-04-14,Tharaka Nithi,11.86,20.2
2016-04-15,Tharaka Nithi,6.86,26.02
2016-04-16,Tharaka Nithi,20.23,19.98
2016-04-17,Tharaka Nithi,1.95,30.82
2016-04-18,Tharaka Nithi,11.99,24.13
2016-04-19,Tharaka Nithi,12.34,23.57
2016-04-20,Tharaka Nithi,11.39,24.77
2016-04-21,Tharaka Nithi,10.68,23.94
2016-04-22,Tharaka Nithi,8.93,31.87
2016-04-23,Tharaka Nithi,10.86,21.14
2016-04-24,Tharaka Nithi,18.37,21.61
2016-04-25,Tharaka Nithi,21.21,29.7
2016-04-26,Tharaka Nithi,17.07,26.77
2016-04-27,Tharaka Nithi,12.35,26.92
2016-04-28,Tharaka Nithi,16.29,27.94
2016-04-29,Tharaka Nithi,9.13,22.79
2016-04-30,Tharaka Nithi,8.4,22.66
2016-05-01,Tharaka Nithi,14.25,24.5
2016-05-02,Tharaka Nithi,10.59,26.12
2016-05-03,Tharaka Nithi,19.41,26.91
2016-05-04,Tharaka Nithi,12.02,24.94
2016-05-05,Tharaka Nithi,19.93,22.37
2016-05-06,Tharaka Nithi,6.06,26.13
2016-05-07,Tharaka Nithi,18.88,26.55
2016-05-08,Tharaka Nithi,15.63,24.31
2016-05-09,Tharaka Nithi,16.1,25.15
2016-05-10,Tharaka Nithi,18.25,22.46
2016-05-11,Tharaka Nithi,7.14,23.38
2016-05-12,Tharaka Nithi,16.94,18.22
2016-05-13,Tharaka Nithi,13.6,24.8
2016-05-14,Tharaka Nithi,14.31,27.23
2016-05-15,Tharaka Nithi,20.38,22.08
2016-05-16,Tharaka Nithi,7.61,19.25
2016-05-17,Tharaka Nithi,16.75,24.26
2016-05-18,Tharaka Nithi,19.37,19.38
2016-05-19,Tharaka Nithi,20.07,22.77
2016-05-20,Tharaka Nithi,18.67,22.92
2016-05-21,Tharaka Nithi,10.63,25.66
2016-05-22,Tharaka Nithi,19.79,27.32
2016-05-23,Tharaka Nithi,19.57,30.06
2016-05-24,Tharaka Nithi,12.71,24.3
2016-05-25,Tharaka Nithi,7.99,27.65
2016-05-26,Tharaka Nithi,10.44,24.64
2016-05-27,Tharaka Nithi,14.23,25.28
2016-05-28,Tharaka Nithi,16.01,24.74
2016-05-29,Tharaka Nithi,8.04,18.43
2016-05-30,Tharaka Nithi,14.8,24.4
2016-05-31,Tharaka Nithi,7.24,24.61
2016-06-01,Tharaka Nithi,4.67,26.61
2016-06-02,Tharaka Nithi,2.88,22.74
2016-06-03,Tharaka Nithi,4.46,23.03
2016-06-04,Tharaka Nithi,0.46,21.09
2016-06-05,Tharaka Nithi,1.19,23.6
2016-06-06,Tharaka Nithi,9.37,22.87
2016-06-07,Tharaka Nithi,6.15,23.64
2016-06-08,Tharaka Nithi,8.23,24.03
2016-06-09,Tharaka Nithi,3.1,22.06
2016-06-10,Tharaka Nithi,4.29,20.29
2016-06-11,Tharaka Nithi,5.11,29.0
2016-06-12,Tharaka Nithi,7.36,29.65
2016-06-13,Tharaka Nithi,5.1,23.54
2016-06-14,Tharaka Nithi,4.36,25.41
2016-06-15,Tharaka Nithi,5.2,22.03
2016-06-16,Tharaka Nithi,6.89,24.64
2016-06-17,Tharaka Nithi,3.4,24.68
2016-06-18,Tharaka Nithi,4.42,26.02
2016-06-19,Tharaka Nithi,4.26,26.53
2016-06-20,Tharaka Nithi,3.4,24.43
2016-06-21,Tharaka Nithi,1.52,23.77
2016-06-22,Tharaka Nithi,2.59,21.77
2016-06-23,Tharaka Nithi,5.6,26.11
2016-06-24,Tharaka Nithi,6.66,19.12
2016-06-25,Tharaka Nithi,2.61,25.39
2016-06-26,Tharaka Nithi,8.16,21.67
2016-06-27,Tharaka Nithi,7.75,19.27
2016-06-28,Tharaka Nithi,3.57,29.58
2016-06-29,Tharaka Nithi,5.53,28.45
2016-06-30,Tharaka Nithi,5.43,24.83
2016-07-01,Tharaka Nithi,5.5,24.34
2016-07-02,Tharaka Nithi,5.75,19.23
2016-07-03,Tharaka Nithi,8.51,28.67
2016-07-04,Tharaka Nithi,3.43,25.91
2016-07-05,Tharaka Nithi,7.47,27.49
2016-07-06,Tharaka Nithi,6.8,31.22
2016-07-07,Tharaka Nithi,6.16,21.8
2016-07-08,Tharaka Nithi,5.92,24.39
2016-07-09,Tharaka Nithi,5.82,21.85
2016-07-10,Tharaka Nithi,5.61,23.47
2016-07-11,Tharaka Nithi,4.86,21.25
2016-07-12,Tharaka Nithi,5.38,25.31
2016-07-13,Tharaka Nithi,3.43,28.24
2016-07-14,Tharaka Nithi,2.59,21.37
2016-07-15,Tharaka Nithi,2.08,18.82
2016-07-16,Tharaka Nithi,3.96,25.53
2016-07-17,Tharaka Nithi,4.74,26.99
2016-07-18,Tharaka Nithi,7.27,20.22
2016-07-19,Tharaka Nithi,8.15,22.22
2016-07-20,Tharaka Nithi,6.77,22.59
2016-07-21,Tharaka Nithi,6.72,24.31
2016-07-22,Tharaka Nithi,10.39,24.47
2016-07-23,Tharaka Nithi,3.82,27.49
2016-07-24,Tharaka Nithi,3.28,21.95
2016-07-25,Tharaka Nithi,7.34,21.38
2016-07-26,Tharaka Nithi,5.34,28.95
2016-07-27,Tharaka Nithi,5.94,26.06
2016-07-28,Tharaka Nithi,2.58,23.09
2016-07-29,Tharaka Nithi,5.73,23.67
2016-07-30,Tharaka Nithi,5.44,25.53
2016-07-31,Tharaka Nithi,5.39,21.07
2016-08-01,Tharaka Nithi,6.05,28.35
2016-08-02,Tharaka Nithi,5.92,27.33
2016-08-03,Tharaka Nithi,6.68,26.46
2016-08-04,Tharaka Nithi,4.64,24.39
2016-08-05,Tharaka Nithi,2.99,23.84
2016-08-06,Tharaka Nithi,6.71,23.46
2016-08-07,Tharaka Nithi,9.42,22.65
2016-08-08,Tharaka Nithi,2.97,22.62
2016-08-09,Tharaka Nithi,2.47,22.6
2016-08-10,Tharaka Nithi,3.42,27.23
2016-08-11,Tharaka Nithi,4.43,18.78
2016-08-12,Tharaka Nithi,4.8,23.55
2016-08-13,Tharaka Nithi,4.86,19.83
2016-08-14,Tharaka Nithi,5.1,17.22
2016-08-15,Tharaka Nithi,5.98,19.04
2016-08-16,Tharaka Nithi,5.73,24.58
2016-08-17,Tharaka Nithi,6.08,21.31
2016-08-18,Tharaka Nithi,9.04,25.74
2016-08-19,Tharaka Nithi,5.84,27.55
2016-08-20,Tharaka Nithi,2.2,23.13
2016-08-21,Tharaka Nithi,6.2,23.17
2016-08-22,Tharaka Nithi,3.0,23.67
2016-08-23,Tharaka Nithi,5.2,28.73
2016-08-24,Tharaka Nithi,5.12,21.65
2016-08-25,Tharaka Nithi,7.02,24.2
2016-08-26,Tharaka Nithi,5.38,25.0
2016-08-27,Tharaka Nithi,3.44,28.23
2016-08-28,Tharaka Nithi,6.69,21.99
2016-08-29,Tharaka Nithi,3.58,22.65
2016-08-30,Tharaka Nithi,4.23,28.1
2016-08-31,Tharaka Nithi,5.09,26.37
2016-09-01,Tharaka Nithi,3.39,28.71
2016-09-02,Tharaka Nithi,3.02,20.97
2016-09-03,Tharaka Nithi,3.23,26.22
2016-09-04,Tharaka Nithi,7.32,24.95
2016-09-05,Tharaka Nithi,6.7,23.74
2016-09-06,Tharaka Nithi,8.82,24.82
2016-09-07,Tharaka Nithi,2.32,24.17
2016-09-08,Tharaka Nithi,4.44,19.89
2016-09-09,Tharaka Nithi,9.59,21.8
2016-09-10,Tharaka Nithi,4.01,18.86
2016-09-11,Tharaka Nithi,2.04,21.26
2016-09-12,Tharaka Nithi,2.78,23.79
2016-09-13,Tharaka Nithi,4.96,21.97
2016-09-14,Tharaka Nithi,2.5,22.44
2016-09-15,Tharaka Nithi,4.71,23.78
2016-09-16,Tharaka Nithi,8.19,29.98
2016-09-17,Tharaka Nithi,2.44,25.56
2016-09-18,Tharaka Nithi,7.03,23.15
2016-09-19,Tharaka Nithi,2.03,25.81
2016-09-20,Tharaka Nithi,6.88,25.88
2016-09-21,Tharaka Nithi,6.62,22.65
2016-09-22,Tharaka Nithi,3.55,21.94
2016-09-23,Tharaka Nithi,2.48,25.52
2016-09-24,Tharaka Nithi,1.88,21.45
2016-09-25,Tharaka Nithi,5.88,22.87
2016-09-26,Tharaka Nithi,5.94,22.44
2016-09-27,Tharaka Nithi,6.88,21.06
2016-09-28,Tharaka Nithi,4.8,24.86
2016-09-29,Tharaka Nithi,5.92,18.1
2016-09-30,Tharaka Nithi,5.63,23.23
2016-10-01,Tharaka Nithi,11.58,24.6
2015-01-01,Embu,2.54,23.91
2015-01-02,Embu,4.54,22.71
2015-01-03,Embu,6.65,27.16
2015-01-04,Embu,3.94,24.64
2015-01-05,Embu,3.97,22.89
2015-01-06,Embu,8.65,26.85
2015-01-07,Embu,5.93,18.29
2015-01-08,Embu,7.24,27.22
2015-01-09,Embu,7.55,22.94
2015-01-10,Embu,4.27,27.65
2015-01-11,Embu,1.54,21.82
2015-01-12,Embu,9.58,25.61
2015-01-13,Embu,5.51,24.2
2015-01-14,Embu,6.91,24.78
2015-01-15,Embu,1.4,18.36
2015-01-16,Embu,10.59,19.49
2015-01-17,Embu,3.67,26.37
2015-01-18,Embu,3.1,25.31
2015-01-19,Embu,5.14,26.77
2015-01-20,Embu,5.03,24.24
2015-01-21,Embu,3.45,21.24
2015-01-22,Embu,3.9,27.14
2015-01-23,Embu,5.88,25.51
2015-01-24,Embu,3.86,25.86
2015-01-25,Embu,7.89,23.77
2015-01-26,Embu,3.3,16.78
2015-01-27,Embu,8.48,22.25
2015-01-28,Embu,5.47,29.43
2015-01-29,Embu,8.09,21.33
2015-01-30,Embu,3.64,21.41
2015-01-31,Embu,7.3,25.02
2015-02-01,Embu,4.91,25.32
2015-02-02,Embu,1.03,26.94
2015-02-03,Embu,5.41,26.21
2015-02-04,Embu,5.52,23.91
2015-02-05,Embu,6.49,28.36
2015-02-06,Embu,7.71,28.36
2015-02-07,Embu,6.01,28.54
2015-02-08,Embu,7.81,25.39
2015-02-09,Embu,1.95,26.27
2015-02-10,Embu,5.0,20.38
2015-02-11,Embu,3.76,24.61
2015-02-12,Embu,4.75,29.03
2015-02-13,Embu,3.95,21.29
2015-02-14,Embu,7.55,25.08
2015-02-15,Embu,5.05,23.65
2015-02-16,Embu,4.29,20.94
2015-02-17,Embu,6.23,18.6
2015-02-18,Embu,1.95,21.49
2015-02-19,Embu,3.17,29.06
2015-02-20,Embu,4.63,25.54
2015-02-21,Embu,4.71,22.71
2015-02-22,Embu,4.78,21.89
2015-02-23,Embu,3.24,21.41
2015-02-24,Embu,7.38,24.46
2015-02-25,Embu,4.84,28.18
2015-02-26,Embu,4.97,28.51
2015-02-27,Embu,7.45,22.05
2015-02-28,Embu,7.48,17.29
2015-03-01,Embu,25.3,18.81
2015-03-02,Embu,12.64,23.11
2015-03-03,Embu,28.12,26.47
2015-03-04,Embu,18.44,19.91
2015-03-05,Embu,27.4,25.89
2015-03-06,Embu,11.53,29.01
2015-03-07,Embu,7.94,20.64
2015-03-08,Embu,7.63,27.68
2015-03-09,Embu,4.15,27.29
2015-03-10,Embu,24.18,24.88
2015-03-11,Embu,19.13,22.47
2015-03-12,Embu,19.92,26.26
2015-03-13,Embu,18.95,20.41
2015-03-14,Embu,19.71,20.89
2015-03-15,Embu,13.99,22.92
2015-03-16,Embu,28.44,24.05
2015-03-17,Embu,12.7,27.4
2015-03-18,Embu,17.86,26.82
2015-03-19,Embu,17.05,26.57
2015-03-20,Embu,5.44,27.61
2015-03-21,Embu,10.72,24.08
2015-03-22,Embu,18.55,22.0
2015-03-23,Embu,17.15,23.85
2015-03-24,Embu,21.03,23.39
2015-03-25,Embu,17.79,21.31
2015-03-26,Embu,18.62,23.63
2015-03-27,Embu,14.41,18.42
2015-03-28,Embu,20.64,26.17
2015-03-29,Embu,13.91,20.98
2015-03-30,Embu,13.12,21.46
2015-03-31,Embu,8.3,25.38
2015-04-01,Embu,16.19,24.34
2015-04-02,Embu,11.44,23.22
2015-04-03,Embu,8.41,23.08
2015-04-04,Embu,21.62,26.2
2015-04-05,Embu,28.35,25.69
2015-04-06,Embu,15.7,27.04
2015-04-07,Embu,15.88,21.69
2015-04-08,Embu,15.41,18.25
2015-04-09,Embu,12.71,29.02
2015-04-10,Embu,22.34,19.64
2015-04-11,Embu,16.74,22.73
2015-04-12,Embu,18.09,28.92
2015-04-13,Embu,16.98,24.36
2015-04-14,Embu,12.28,24.2
2015-04-15,Embu,14.13,23.84
2015-04-16,Embu,20.07,21.51
2015-04-17,Embu,10.5,21.04
2015-04-18,Embu,15.83,25.21
2015-04-19,Embu,9.53,28.82
2015-04-20,Embu,16.69,25.91
2015-04-21,Embu,24.66,22.47
2015-04-22,Embu,25.65,27.6
2015-04-23,Embu,8.09,15.44
2015-04-24,Embu,15.39,28.18
2015-04-25,Embu,1.69,22.47
2015-04-26,Embu,5.33,29.31
2015-04-27,Embu,16.33,27.42
2015-04-28,Embu,4.98,20.13
2015-04-29,Embu,7.61,22.92
2015-04-30,Embu,15.89,26.12
2015-05-01,Embu,23.41,25.82
2015-05-02,Embu,18.04,22.76
2015-05-03,Embu,10.44,24.69
2015-05-04,Embu,13.29,21.68
2015-05-05,Embu,12.73,25.09
2015-05-06,Embu,13.17,24.01
2015-05-07,Embu,25.68,26.72
2015-05-08,Embu,9.2,23.96
2015-05-09,Embu,12.78,18.29
2015-05-10,Embu,9.68,26.53
2015-05-11,Embu,9.36,24.31
2015-05-12,Embu,20.69,26.24
2015-05-13,Embu,14.55,16.2
2015-05-14,Embu,22.63,21.48
2015-05-15,Embu,5.24,21.62
2015-05-16,Embu,15.5,26.3
2015-05-17,Embu,10.61,23.23
2015-05-18,Embu,10.62,27.04
2015-05-19,Embu,13.21,18.71
2015-05-20,Embu,12.83,22.57
2015-05-21,Embu,21.28,26.59
2015-05-22,Embu,18.58,23.83
2015-05-23,Embu,16.37,23.25
2015-05-24,Embu,13.03,26.43
2015-05-25,Embu,14.11,27.79
2015-05-26,Embu,20.3,27.04
2015-05-27,Embu,18.83,23.38
2015-05-28,Embu,24.76,20.6
2015-05-29,Embu,17.57,25.82
2015-05-30,Embu,11.98,21.06
2015-05-31,Embu,23.94,26.55
2015-06-01,Embu,1.54,29.91
2015-06-02,Embu,3.07,21.79
2015-06-03,Embu,5.75,23.66
2015-06-04,Embu,7.12,20.18
2015-06-05,Embu,6.82,28.86
2015-06-06,Embu,4.59,25.2
2015-06-07,Embu,6.04,20.84
2015-06-08,Embu,3.58,35.67
2015-06-09,Embu,7.45,22.64
2015-06-10,Embu,2.41,28.22
2015-06-11,Embu,7.78,24.97
2015-06-12,Embu,5.14,24.49
2015-06-13,Embu,7.64,26.39
2015-06-14,Embu,6.1,24.75
2015-06-15,Embu,8.7,18.38
2015-06-16,Embu,5.07,26.83
2015-06-17,Embu,3.95,26.41
2015-06-18,Embu,5.89,21.4
2015-06-19,Embu,4.31,25.23
2015-06-20,Embu,8.36,25.71
2015-06-21,Embu,5.13,22.4
2015-06-22,Embu,5.16,24.24
2015-06-23,Embu,3.51,26.88
2015-06-24,Embu,3.61,27.55
2015-06-25,Embu,7.65,28.09
2015-06-26,Embu,4.53,26.84
2015-06-27,Embu,4.65,18.97
2015-06-28,Embu,3.99,26.64
2015-06-29,Embu,9.39,27.02
2015-06-30,Embu,4.77,21.48
2015-07-01,Embu,7.14,21.94
2015-07-02,Embu,4.35,26.45
2015-07-03,Embu,5.13,26.19
2015-07-04,Embu,4.03,25.24
2015-07-05,Embu,7.71,24.91
2015-07-06,Embu,4.79,26.49
2015-07-07,Embu,2.88,23.3
2015-07-08,Embu,6.84,24.49
2015-07-09,Embu,0.99,23.93
2015-07-10,Embu,5.79,24.73
2015-07-11,Embu,7.53,21.9
2015-07-12,Embu,4.94,18.2
2015-07-13,Embu,4.68,22.96
2015-07-14,Embu,4.12,26.14
2015-07-15,Embu,6.36,24.78
2015-07-16,Embu,6.17,24.83
2015-07-17,Embu,4.62,21.39
2015-07-18,Embu,7.3,22.93
2015-07-19,Embu,5.83,27.66
2015-07-20,Embu,7.4,23.76
2015-07-21,Embu,4.7,24.33
2015-07-22,Embu,3.85,24.6
2015-07-23,Embu,4.04,26.4
2015-07-24,Embu,5.13,25.01
2015-07-25,Embu,4.18,18.73
2015-07-26,Embu,6.37,25.89
2015-07-27,Embu,7.95,24.86
2015-07-28,Embu,8.03,18.37
2015-07-29,Embu,6.88,19.54
2015-07-30,Embu,1.81,28.19
2015-07-31,Embu,7.01,21.04
2015-08-01,Embu,6.61,26.65
2015-08-02,Embu,6.92,21.33
2015-08-03,Embu,0.63,21.17
2015-08-04,Embu,5.27,23.14
2015-08-05,Embu,8.51,27.37
2015-08-06,Embu,6.17,30.42
2015-08-07,Embu,4.11,21.54
2015-08-08,Embu,5.77,23.63
2015-08-09,Embu,0.57,18.2
2015-08-10,Embu,6.72,25.2
2015-08-11,Embu,3.0,22.17
2015-08-12,Embu,5.81,26.55
2015-08-13,Embu,6.48,21.13
2015-08-14,Embu,5.46,25.49
2015-08-15,Embu,5.14,26.87
2015-08-16,Embu,3.53,24.27
2015-08-17,Embu,5.15,27.26
2015-08-18,Embu,2.31,25.44
2015-08-19,Embu,5.44,28.71
2015-08-20,Embu,4.6,22.45
2015-08-21,Embu,5.68,27.02
2015-08-22,Embu,4.31,24.68
2015-08-23,Embu,1.54,16.73
2015-08-24,Embu,4.48,25.35
2015-08-25,Embu,4.14,25.27
2015-08-26,Embu,5.36,23.02
2015-08-27,Embu,3.64,27.39
2015-08-28,Embu,5.01,23.71
2015-08-29,Embu,8.37,23.5
2015-08-30,Embu,6.87,21.46
2015-08-31,Embu,5.51,21.71
2015-09-01,Embu,5.3,21.13
2015-09-02,Embu,5.36,25.08
2015-09-03,Embu,9.37,25.86
2015-09-04,Embu,2.96,30.25
2015-09-05,Embu,3.42,23.3
2015-09-06,Embu,4.62,27.01
2015-09-07,Embu,4.45,23.68
2015-09-08,Embu,3.75,28.61
2015-09-09,Embu,6.5,23.58
2015-09-10,Embu,5.22,20.19
2015-09-11,Embu,3.72,25.44
2015-09-12,Embu,6.25,28.36
2015-09-13,Embu,6.01,19.25
2015-09-14,Embu,3.22,21.72
2015-09-15,Embu,6.07,19.01
2015-09-16,Embu,8.1,19.03
2015-09-17,Embu,6.18,24.34
2015-09-18,Embu,3.21,23.98
2015-09-19,Embu,1.67,22.93
2015-09-20,Embu,2.68,23.59
2015-09-21,Embu,2.33,25.05
2015-09-22,Embu,6.03,25.34
2015-09-23,Embu,5.87,26.47
2015-09-24,Embu,1.44,23.89
2015-09-25,Embu,6.87,22.86
2015-09-26,Embu,6.66,26.83
2015-09-27,Embu,2.9,20.57
2015-09-28,Embu,2.48,22.82
2015-09-29,Embu,6.05,25.1
2015-09-30,Embu,7.15,26.05
2015-10-01,Embu,6.95,25.6
2015-10-02,Embu,4.51,18.74
2015-10-03,Embu,7.45,24.7
2015-10-04,Embu,4.87,22.89
2015-10-05,Embu,12.28,25.4
2015-10-06,Embu,14.9,25.85
2015-10-07,Embu,12.15,24.39
2015-10-08,Embu,12.85,27.32
2015-10-09,Embu,15.89,28.22
2015-10-10,Embu,12.75,19.45
2015-10-11,Embu,5.5,23.31
2015-10-12,Embu,12.32,24.89
2015-10-13,Embu,2.47,18.86
2015-10-14,Embu,21.16,22.16
2015-10-15,Embu,11.67,25.37
2015-10-16,Embu,7.06,24.94
2015-10-17,Embu,13.08,22.08
2015-10-18,Embu,4.75,23.01
2015-10-19,Embu,14.08,25.12
2015-10-20,Embu,4.6,20.85
2015-10-21,Embu,14.22,26.1
2015-10-22,Embu,14.45,28.62
2015-10-23,Embu,8.41,27.9
2015-10-24,Embu,4.46,24.67
2015-10-25,Embu,1.8,22.99
2015-10-26,Embu,9.11,21.09
2015-10-27,Embu,11.02,19.38
2015-10-28,Embu,12.42,24.29
2015-10-29,Embu,12.8,23.83
2015-10-30,Embu,11.93,23.89
2015-10-31,Embu,12.99,31.63
2015-11-01,Embu,10.96,21.51
2015-11-02,Embu,13.73,27.43
2015-11-03,Embu,9.44,26.36
2015-11-04,Embu,9.29,23.79
2015-11-05,Embu,7.32,25.51
2015-11-06,Embu,15.08,25.67
2015-11-07,Embu,14.97,28.37
2015-11-08,Embu,9.36,26.72
2015-11-09,Embu,10.05,24.13
2015-11-10,Embu,11.79,20.75
2015-11-11,Embu,11.77,24.21
2015-11-12,Embu,7.42,22.49
2015-11-13,Embu,6.43,27.78
2015-11-14,Embu,7.79,20.66
2015-11-15,Embu,8.48,20.31
2015-11-16,Embu,9.11,25.75
2015-11-17,Embu,6.04,24.26
2015-11-18,Embu,13.17,26.18
2015-11-19,Embu,9.44,25.35
2015-11-20,Embu,7.21,26.54
2015-11-21,Embu,6.37,22.34
2015-11-22,Embu,9.68,21.84
2015-11-23,Embu,15.33,23.04
2015-11-24,Embu,6.63,24.56
2015-11-25,Embu,14.69,22.22
2015-11-26,Embu,8.7,25.17
2015-11-27,Embu,8.67,29.69
2015-11-28,Embu,15.71,30.39
2015-11-29,Embu,7.08,28.06
2015-11-30,Embu,8.27,27.68
2015-12-01,Embu,4.53,23.73
2015-12-02,Embu,3.36,24.3
2015-12-03,Embu,11.26,23.29
2015-12-04,Embu,3.74,21.06
2015-12-05,Embu,6.55,24.93
2015-12-06,Embu,6.16,23.67
2015-12-07,Embu,1.59,24.22
2015-12-08,Embu,6.96,24.01
2015-12-09,Embu,6.64,31.34
2015-12-10,Embu,3.8,25.52
2015-12-11,Embu,5.82,26.69
2015-12-12,Embu,5.64,25.93
2015-12-13,Embu,5.17,24.9
2015-12-14,Embu,5.98,25.86
2015-12-15,Embu,4.05,31.85
2015-12-16,Embu,9.26,24.19
2015-12-17,Embu,5.24,27.03
2015-12-18,Embu,5.93,27.82
2015-12-19,Embu,4.71,27.45
2015-12-20,Embu,2.66,23.73
2015-12-21,Embu,5.94,29.97
2015-12-22,Embu,4.16,22.02
2015-12-23,Embu,2.31,25.59
2015-12-24,Embu,5.0,20.78
2015-12-25,Embu,7.21,18.69
2015-12-26,Embu,6.59,26.64
2015-12-27,Embu,4.72,26.37
2015-12-28,Embu,2.82,24.51
2015-12-29,Embu,2.45,25.2
2015-12-30,Embu,4.03,24.09
2015-12-31,Embu,5.41,28.61
2016-01-01,Embu,5.58,24.14
2016-01-02,Embu,2.04,27.55
2016-01-03,Embu,6.85,27.52
2016-01-04,Embu,8.03,23.41
2016-01-05,Embu,6.84,25.0
2016-01-06,Embu,3.36,22.48
2016-01-07,Embu,7.98,23.8
2016-01-08,Embu,5.57,23.53
2016-01-09,Embu,6.74,21.32
2016-01-10,Embu,3.4,24.75
2016-01-11,Embu,2.72,20.93
2016-01-12,Embu,3.31,24.65
2016-01-13,Embu,8.14,23.84
2016-01-14,Embu,8.02,20.85
2016-01-15,Embu,8.34,20.12
2016-01-16,Embu,2.36,27.82
2016-01-17,Embu,4.25,22.0
2016-01-18,Embu,4.06,27.02
2016-01-19,Embu,2.81,24.9
2016-01-20,Embu,2.3,24.04
2016-01-21,Embu,6.05,22.75
2016-01-22,Embu,8.03,24.95
2016-01-23,Embu,6.28,21.4
2016-01-24,Embu,6.45,24.56
2016-01-25,Embu,5.71,21.72
2016-01-26,Embu,1.78,26.07
2016-01-27,Embu,5.79,22.31
2016-01-28,Embu,1.78,24.43
2016-01-29,Embu,7.48,23.44
2016-01-30,Embu,6.75,21.24
2016-01-31,Embu,5.66,28.73
2016-02-01,Embu,5.22,17.17
2016-02-02,Embu,6.83,23.01
2016-02-03,Embu,3.32,25.12
2016-02-04,Embu,10.43,22.28
2016-02-05,Embu,8.05,20.9
2016-02-06,Embu,3.85,22.97
2016-02-07,Embu,2.43,23.61
2016-02-08,Embu,8.59,24.59
2016-02-09,Embu,2.68,22.11
2016-02-10,Embu,7.36,18.98
2016-02-11,Embu,9.14,24.42
2016-02-12,Embu,5.65,26.22
2016-02-13,Embu,1.77,30.15
2016-02-14,Embu,6.02,27.89
2016-02-15,Embu,5.77,28.4
2016-02-16,Embu,8.28,27.62
2016-02-17,Embu,3.66,21.26
2016-02-18,Embu,2.84,23.03
2016-02-19,Embu,4.43,18.79
2016-02-20,Embu,7.19,24.03
2016-02-21,Embu,5.49,24.23
2016-02-22,Embu,5.13,21.81
2016-02-23,Embu,4.09,24.88
2016-02-24,Embu,8.46,23.56
2016-02-25,Embu,6.49,24.28
2016-02-26,Embu,4.7,25.15
2016-02-27,Embu,4.77,18.26
2016-02-28,Embu,7.28,27.71
2016-02-29,Embu,1.06,22.86
2016-03-01,Embu,20.2,22.67
2016-03-02,Embu,15.69,21.36
2016-03-03,Embu,14.18,25.75
2016-03-04,Embu,21.19,26.11
2016-03-05,Embu,7.43,22.98
2016-03-06,Embu,11.67,16.46
2016-03-07,Embu,8.89,20.68
2016-03-08,Embu,15.33,24.72
2016-03-09,Embu,17.39,24.86
2016-03-10,Embu,13.56,25.15
2016-03-11,Embu,10.73,23.69
2016-03-12,Embu,12.08,26.81
2016-03-13,Embu,19.74,24.74
2016-03-14,Embu,11.9,29.27
2016-03-15,Embu,15.23,29.73
2016-03-16,Embu,15.23,24.52
2016-03-17,Embu,14.77,25.97
2016-03-18,Embu,15.85,16.15
2016-03-19,Embu,15.52,25.03
2016-03-20,Embu,6.32,24.65
2016-03-21,Embu,21.94,24.9
2016-03-22,Embu,4.23,27.97
2016-03-23,Embu,14.08,25.84
2016-03-24,Embu,8.63,23.76
2016-03-25,Embu,15.94,23.68
2016-03-26,Embu,24.7,20.75
2016-03-27,Embu,19.79,22.47
2016-03-28,Embu,5.62,22.42
2016-03-29,Embu,13.29,21.31
2016-03-30,Embu,17.49,20.66
2016-03-31,Embu,15.29,27.18
2016-04-01,Embu,12.56,18.22
2016-04-02,Embu,9.97,20.9
2016-04-03,Embu,8.91,19.37
2016-04-04,Embu,4.89,19.21
2016-04-05,Embu,14.29,23.96
2016-04-06,Embu,20.04,23.38
2016-04-07,Embu,15.69,27.0
2016-04-08,Embu,8.2,25.45
2016-04-09,Embu,20.0,18.65
2016-04-10,Embu,18.04,23.24
2016-04-11,Embu,24.78,23.59
2016-04-12,Embu,21.56,26.17
2016-04-13,Embu,13.24,22.18
2016-04-14,Embu,22.67,20.07
2016-04-15,Embu,23.12,25.7
2016-04-16,Embu,19.55,26.59
2016-04-17,Embu,12.21,22.94
2016-04-18,Embu,20.5,18.59
2016-04-19,Embu,14.99,20.92
2016-04-20,Embu,9.09,24.94
2016-04-21,Embu,8.77,22.25
2016-04-22,Embu,15.94,24.4
2016-04-23,Embu,18.76,19.16
2016-04-24,Embu,10.44,26.83
2016-04-25,Embu,11.71,24.55
2016-04-26,Embu,12.98,25.43
2016-04-27,Embu,13.44,23.78
2016-04-28,Embu,7.79,24.09
2016-04-29,Embu,15.72,25.39
2016-04-30,Embu,13.09,23.54
2016-05-01,Embu,11.19,22.41
2016-05-02,Embu,21.24,23.44
2016-05-03,Embu,6.29,21.65
2016-05-04,Embu,14.79,19.06
2016-05-05,Embu,20.68,24.19
2016-05-06,Embu,12.37,26.25
2016-05-07,Embu,0.53,21.21
2016-05-08,Embu,13.32,24.26
2016-05-09,Embu,20.06,31.36
2016-05-10,Embu,10.62,27.26
2016-05-11,Embu,18.82,19.89
2016-05-12,Embu,11.97,21.68
2016-05-13,Embu,19.38,24.34
2016-05-14,Embu,22.86,23.04
2016-05-15,Embu,17.7,29.21
2016-05-16,Embu,17.94,23.51
2016-05-17,Embu,6.9,28.14
2016-05-18,Embu,7.55,27.56
2016-05-19,Embu,9.55,27.18
2016-05-20,Embu,14.28,16.95
2016-05-21,Embu,19.98,24.77
2016-05-22,Embu,14.2,21.45
2016-05-23,Embu,9.04,17.72
2016-05-24,Embu,13.55,22.84
2016-05-25,Embu,21.14,27.63
2016-05-26,Embu,15.26,24.35
2016-05-27,Embu,19.79,22.8
2016-05-28,Embu,14.0,22.98
2016-05-29,Embu,6.85,28.79
2016-05-30,Embu,29.52,20.41
2016-05-31,Embu,25.87,26.05
2016-06-01,Embu,4.65,20.07
2016-06-02,Embu,2.44,25.78
2016-06-03,Embu,2.48,23.41
2016-06-04,Embu,2.01,21.29
2016-06-05,Embu,2.96,22.06
2016-06-06,Embu,5.08,26.7
2016-06-07,Embu,4.71,26.89
2016-06-08,Embu,5.43,27.3
2016-06-09,Embu,2.32,24.62
2016-06-10,Embu,3.66,25.75
2016-06-11,Embu,6.98,20.01
2016-06-12,Embu,8.06,23.37
2016-06-13,Embu,2.82,29.45
2016-06-14,Embu,3.06,24.24
2016-06-15,Embu,4.06,23.86
2016-06-16,Embu,5.55,21.65
2016-06-17,Embu,5.7,19.53
2016-06-18,Embu,7.31,30.26
2016-06-19,Embu,5.86,26.65
2016-06-20,Embu,3.73,21.81
2016-06-21,Embu,6.96,23.53
2016-06-22,Embu,8.13,22.42
2016-06-23,Embu,4.58,22.28
2016-06-24,Embu,2.11,19.2
2016-06-25,Embu,4.15,18.52
2016-06-26,Embu,6.79,27.12
2016-06-27,Embu,6.34,20.03
2016-06-28,Embu,5.44,24.74
2016-06-29,Embu,2.83,24.46
2016-06-30,Embu,4.17,24.84
2016-07-01,Embu,3.3,27.19
2016-07-02,Embu,4.4,27.98
2016-07-03,Embu,6.0,22.93
2016-07-04,Embu,3.31,24.73
2016-07-05,Embu,4.3,22.23
2016-07-06,Embu,10.01,19.24
2016-07-07,Embu,5.32,22.61
2016-07-08,Embu,3.83,24.73
2016-07-09,Embu,5.83,20.38
2016-07-10,Embu,9.54,23.87
2016-07-11,Embu,3.56,18.39
2016-07-12,Embu,3.54,22.49
2016-07-13,Embu,4.42,22.41
2016-07-14,Embu,7.95,29.14
2016-07-15,Embu,4.05,28.75
2016-07-16,Embu,5.37,25.45
2016-07-17,Embu,3.36,27.49
2016-07-18,Embu,3.09,21.61
2016-07-19,Embu,4.68,27.09
2016-07-20,Embu,4.73,27.67
2016-07-21,Embu,5.23,29.21
2016-07-22,Embu,5.32,24.91
2016-07-23,Embu,2.54,24.84
2016-07-24,Embu,0.96,30.18
2016-07-25,Embu,6.03,27.32
2016-07-26,Embu,7.43,23.16
2016-07-27,Embu,2.1,29.18
2016-07-28,Embu,5.15,23.07
2016-07-29,Embu,5.58,27.04
2016-07-30,Embu,2.5,24.91
2016-07-31,Embu,6.05,26.71
2016-08-01,Embu,3.88,24.19
2016-08-02,Embu,4.48,19.0
2016-08-03,Embu,7.16,21.27
2016-08-04,Embu,5.38,17.31
2016-08-05,Embu,5.01,22.3
2016-08-06,Embu,5.24,24.36
2016-08-07,Embu,4.16,24.63
2016-08-08,Embu,8.89,25.75
2016-08-09,Embu,6.76,27.29
2016-08-10,Embu,6.85,25.88
2016-08-11,Embu,4.39,21.13
2016-08-12,Embu,6.64,27.24
2016-08-13,Embu,4.31,28.03
2016-08-14,Embu,2.5,19.84
2016-08-15,Embu,5.27,23.1
2016-08-16,Embu,3.96,18.21
2016-08-17,Embu,6.59,24.78
2016-08-18,Embu,4.49,23.59
2016-08-19,Embu,1.95,17.86
2016-08-20,Embu,5.83,24.75
2016-08-21,Embu,7.59,25.01
2016-08-22,Embu,8.71,23.78
2016-08-23,Embu,5.51,19.16
2016-08-24,Embu,3.96,24.1
2016-08-25,Embu,3.86,21.73
2016-08-26,Embu,4.46,25.09
2016-08-27,Embu,8.35,21.03
2016-08-28,Embu,5.45,25.83
2016-08-29,Embu,5.73,22.38
2016-08-30,Embu,5.84,21.78
2016-08-31,Embu,6.77,19.82
2016-09-01,Embu,3.23,26.93
2016-09-02,Embu,5.2,21.47
2016-09-03,Embu,4.3,20.76
2016-09-04,Embu,5.45,23.53
2016-09-05,Embu,5.18,20.9
2016-09-06,Embu,5.72,27.7
2016-09-07,Embu,4.42,18.81
2016-09-08,Embu,5.97,25.3
2016-09-09,Embu,5.53,24.19
2016-09-10,Embu,4.34,25.53
2016-09-11,Embu,3.1,28.74
2016-09-12,Embu,4.0,17.91
2016-09-13,Embu,2.18,21.92
2016-09-14,Embu,6.45,22.73
2016-09-15,Embu,4.5,22.52
2016-09-16,Embu,3.18,24.06
2016-09-17,Embu,4.53,26.97
2016-09-18,Embu,5.22,18.6
2016-09-19,Embu,2.6,25.77
2016-09-20,Embu,2.65,22.6
2016-09-21,Embu,8.94,21.61
2016-09-22,Embu,8.1,25.27
2016-09-23,Embu,5.55,24.85
2016-09-24,Embu,4.13,23.16
2016-09-25,Embu,4.66,24.66
2016-09-26,Embu,3.98,26.71
2016-09-27,Embu,4.36,24.01
2016-09-28,Embu,5.27,28.28
2016-09-29,Embu,5.19,28.21
2016-09-30,Embu,3.44,21.78
2016-10-01,Embu,6.08,19.97
2015-01-01,Kitui,3.53,21.44
2015-01-02,Kitui,6.58,24.22
2015-01-03,Kitui,3.65,25.07
2015-01-04,Kitui,5.42,30.37
2015-01-05,Kitui,7.66,21.53
2015-01-06,Kitui,4.54,19.56
2015-01-07,Kitui,7.16,22.65
2015-01-08,Kitui,4.07,22.99
2015-01-09,Kitui,1.89,25.55
2015-01-10,Kitui,1.58,25.35
2015-01-11,Kitui,3.85,27.6
2015-01-12,Kitui,6.26,28.48
2015-01-13,Kitui,3.88,22.4
2015-01-14,Kitui,0.73,28.07
2015-01-15,Kitui,5.32,31.58
2015-01-16,Kitui,4.75,25.35
2015-01-17,Kitui,2.06,19.27
2015-01-18,Kitui,5.32,26.34
2015-01-19,Kitui,5.84,23.01
2015-01-20,Kitui,4.92,23.89
2015-01-21,Kitui,7.06,26.02
2015-01-22,Kitui,4.36,24.74
2015-01-23,Kitui,7.52,24.69
2015-01-24,Kitui,8.26,23.98
2015-01-25,Kitui,4.27,20.82
2015-01-26,Kitui,3.95,30.07
2015-01-27,Kitui,6.5,25.98
2015-01-28,Kitui,7.63,29.13
2015-01-29,Kitui,5.21,22.02
2015-01-30,Kitui,5.59,22.08
2015-01-31,Kitui,7.16,19.39
2015-02-01,Kitui,5.5,23.48
2015-02-02,Kitui,6.39,19.09
2015-02-03,Kitui,6.55,22.87
2015-02-04,Kitui,5.4,26.57
2015-02-05,Kitui,3.39,27.93
2015-02-06,Kitui,6.6,26.65
2015-02-07,Kitui,3.25,20.84
2015-02-08,Kitui,7.91,24.98
2015-02-09,Kitui,6.69,20.72
2015-02-10,Kitui,2.14,27.73
2015-02-11,Kitui,6.0,23.18
2015-02-12,Kitui,6.09,22.24
2015-02-13,Kitui,5.6,27.6
2015-02-14,Kitui,3.0,25.26
2015-02-15,Kitui,5.75,26.87
2015-02-16,Kitui,0.63,22.24
2015-02-17,Kitui,6.21,26.16
2015-02-18,Kitui,5.07,25.62
2015-02-19,Kitui,7.09,19.18
2015-02-20,Kitui,5.09,28.22
2015-02-21,Kitui,2.5,26.72
2015-02-22,Kitui,3.35,23.08
2015-02-23,Kitui,3.99,22.76
2015-02-24,Kitui,5.82,22.1
2015-02-25,Kitui,3.22,14.98
2015-02-26,Kitui,4.06,22.65
2015-02-27,Kitui,1.68,26.83
2015-02-28,Kitui,6.98,18.74
2015-03-01,Kitui,14.91,22.9
2015-03-02,Kitui,16.36,25.27
2015-03-03,Kitui,2.33,22.92
2015-03-04,Kitui,20.55,28.96
2015-03-05,Kitui,10.44,27.99
2015-03-06,Kitui,19.09,23.1
2015-03-07,Kitui,20.76,21.95
2015-03-08,Kitui,8.09,24.81
2015-03-09,Kitui,14.92,19.73
2015-03-10,Kitui,15.35,22.08
2015-03-11,Kitui,19.75,26.8
2015-03-12,Kitui,19.29,24.66
2015-03-13,Kitui,13.66,23.99
2015-03-14,Kitui,12.42,23.15
2015-03-15,Kitui,2.2,23.76
2015-03-16,Kitui,16.94,23.96
2015-03-17,Kitui,17.94,31.98
2015-03-18,Kitui,25.93,26.54
2015-03-19,Kitui,27.98,27.79
2015-03-20,Kitui,16.99,23.6
2015-03-21,Kitui,10.32,22.04
2015-03-22,Kitui,10.34,21.35
2015-03-23,Kitui,13.32,26.18
2015-03-24,Kitui,7.11,24.92
2015-03-25,Kitui,11.33,27.05
2015-03-26,Kitui,14.79,28.11
2015-03-27,Kitui,18.2,24.57
2015-03-28,Kitui,11.71,17.08
2015-03-29,Kitui,18.22,25.41
2015-03-30,Kitui,9.13,26.29
2015-03-31,Kitui,18.7,23.23
2015-04-01,Kitui,17.2,22.85
2015-04-02,Kitui,19.28,20.94
2015-04-03,Kitui,14.43,22.9
2015-04-04,Kitui,8.4,24.23
2015-04-05,Kitui,18.33,24.08
2015-04-06,Kitui,23.1,30.68
2015-04-07,Kitui,7.11,26.01
2015-04-08,Kitui,26.49,24.57
2015-04-09,Kitui,14.65,23.37
2015-04-10,Kitui,11.67,28.11
2015-04-11,Kitui,21.16,25.16
2015-04-12,Kitui,16.76,26.93
2015-04-13,Kitui,9.68,24.75
2015-04-14,Kitui,10.91,22.13
2015-04-15,Kitui,12.5,25.33
2015-04-16,Kitui,15.22,23.17
2015-04-17,Kitui,17.11,20.84
2015-04-18,Kitui,15.27,27.25
2015-04-19,Kitui,18.18,23.44
2015-04-20,Kitui,22.42,20.38
2015-04-21,Kitui,17.22,21.43
2015-04-22,Kitui,14.54,27.89
2015-04-23,Kitui,16.09,23.51
2015-04-24,Kitui,0.31,26.47
2015-04-25,Kitui,20.5,23.85
2015-04-26,Kitui,15.11,27.64
2015-04-27,Kitui,11.86,23.17
2015-04-28,Kitui,14.07,21.67
2015-04-29,Kitui,20.22,26.5
2015-04-30,Kitui,14.75,24.14
2015-05-01,Kitui,11.55,28.36
2015-05-02,Kitui,3.49,26.65
2015-05-03,Kitui,11.79,23.77
2015-05-04,Kitui,14.93,22.48
2015-05-05,Kitui,8.49,19.08
2015-05-06,Kitui,15.74,27.12
2015-05-07,Kitui,21.1,26.81
2015-05-08,Kitui,20.38,28.92
2015-05-09,Kitui,18.23,21.09
2015-05-10,Kitui,11.43,20.68
2015-05-11,Kitui,18.52,28.2
2015-05-12,Kitui,24.12,22.64
2015-05-13,Kitui,24.01,19.07
2015-05-14,Kitui,13.18,22.62
2015-05-15,Kitui,18.13,24.93
2015-05-16,Kitui,12.51,17.0
2015-05-17,Kitui,11.91,25.18
2015-05-18,Kitui,9.01,24.28
2015-05-19,Kitui,17.06,29.32
2015-05-20,Kitui,20.51,25.71
2015-05-21,Kitui,6.26,17.75
2015-05-22,Kitui,7.24,25.93
2015-05-23,Kitui,11.24,25.82
2015-05-24,Kitui,12.45,24.08
2015-05-25,Kitui,21.88,21.0
2015-05-26,Kitui,13.51,21.94
2015-05-27,Kitui,9.11,29.11
2015-05-28,Kitui,16.59,25.51
2015-05-29,Kitui,11.97,24.89
2015-05-30,Kitui,11.86,23.68
2015-05-31,Kitui,18.57,19.7
2015-06-01,Kitui,4.75,24.92
2015-06-02,Kitui,5.83,22.92
2015-06-03,Kitui,4.32,19.74
2015-06-04,Kitui,5.32,20.61
2015-06-05,Kitui,2.53,23.4
2015-06-06,Kitui,4.54,23.67
2015-06-07,Kitui,5.81,21.6
2015-06-08,Kitui,6.11,27.87
2015-06-09,Kitui,2.54,21.43
2015-06-10,Kitui,4.43,29.18
2015-06-11,Kitui,6.39,24.34
2015-06-12,Kitui,0.0,13.96
2015-06-13,Kitui,5.92,27.73
2015-06-14,Kitui,5.07,18.52
2015-06-15,Kitui,4.88,25.91
2015-06-16,Kitui,2.15,27.59
2015-06-17,Kitui,5.88,22.94
2015-06-18,Kitui,4.15,25.67
2015-06-19,Kitui,4.19,24.23
2015-06-20,Kitui,0.0,26.5
2015-06-21,Kitui,3.34,22.62
2015-06-22,Kitui,4.91,22.98
2015-06-23,Kitui,4.98,31.25
2015-06-24,Kitui,5.72,22.98
2015-06-25,Kitui,2.17,24.54
2015-06-26,Kitui,7.21,23.46
2015-06-27,Kitui,5.08,20.27
2015-06-28,Kitui,6.4,24.29
2015-06-29,Kitui,4.76,25.13
2015-06-30,Kitui,6.66,25.7
2015-07-01,Kitui,6.0,23.87
2015-07-02,Kitui,5.39,22.9
2015-07-03,Kitui,3.05,27.01
2015-07-04,Kitui,4.04,22.24
2015-07-05,Kitui,5.51,21.35
2015-07-06,Kitui,9.0,21.79
2015-07-07,Kitui,3.95,24.94
2015-07-08,Kitui,5.09,22.32
2015-07-09,Kitui,5.86,21.97
2015-07-10,Kitui,5.87,25.11
2015-07-11,Kitui,4.9,18.62
2015-07-12,Kitui,2.91,19.96
2015-07-13,Kitui,7.97,21.9
2015-07-14,Kitui,8.64,17.61
2015-07-15,Kitui,3.41,22.05
2015-07-16,Kitui,2.18,25.49
2015-07-17,Kitui,2.09,15.91
2015-07-18,Kitui,6.51,23.43
2015-07-19,Kitui,5.56,24.9
2015-07-20,Kitui,2.1,25.29
2015-07-21,Kitui,2.89,28.23
2015-07-22,Kitui,6.69,27.99
2015-07-23,Kitui,3.12,22.27
2015-07-24,Kitui,7.94,24.23
2015-07-25,Kitui,4.77,26.12
2015-07-26,Kitui,2.63,22.62
2015-07-27,Kitui,7.48,25.17
2015-07-28,Kitui,1.37,19.45
2015-07-29,Kitui,5.09,22.31
2015-07-30,Kitui,1.8,24.09
2015-07-31,Kitui,4.93,20.18
2015-08-01,Kitui,4.31,21.83
2015-08-02,Kitui,5.34,23.74
2015-08-03,Kitui,2.81,25.85
2015-08-04,Kitui,6.92,26.4
2015-08-05,Kitui,6.88,25.89
2015-08-06,Kitui,3.55,24.27
2015-08-07,Kitui,5.21,21.74
2015-08-08,Kitui,5.83,27.0
2015-08-09,Kitui,2.19,23.65
2015-08-10,Kitui,2.39,23.87
2015-08-11,Kitui,8.01,25.71
2015-08-12,Kitui,6.21,25.41
2015-08-13,Kitui,5.54,25.21
2015-08-14,Kitui,5.34,22.18
2015-08-15,Kitui,3.53,27.15
2015-08-16,Kitui,2.62,20.29
2015-08-17,Kitui,3.59,23.74
2015-08-18,Kitui,3.66,23.29
2015-08-19,Kitui,2.17,23.16
2015-08-20,Kitui,0.28,25.92
2015-08-21,Kitui,7.63,25.39
2015-08-22,Kitui,4.13,28.29
2015-08-23,Kitui,4.75,26.71
2015-08-24,Kitui,3.77,29.0
2015-08-25,Kitui,7.3,24.27
2015-08-26,Kitui,9.08,22.36
2015-08-27,Kitui,5.65,25.27
2015-08-28,Kitui,5.55,22.17
2015-08-29,Kitui,6.0,20.74
2015-08-30,Kitui,3.39,27.11
2015-08-31,Kitui,1.98,24.81
2015-09-01,Kitui,1.79,26.63
2015-09-02,Kitui,4.72,28.68
2015-09-03,Kitui,3.05,25.72
2015-09-04,Kitui,8.0,19.23
2015-09-05,Kitui,2.78,31.57
2015-09-06,Kitui,4.94,24.41
2015-09-07,Kitui,9.37,25.23
2015-09-08,Kitui,2.73,24.98
2015-09-09,Kitui,4.82,27.86
2015-09-10,Kitui,1.44,22.88
2015-09-11,Kitui,4.73,23.77
2015-09-12,Kitui,6.61,24.94
2015-09-13,Kitui,1.62,24.09
2015-09-14,Kitui,5.76,23.7
2015-09-15,Kitui,6.16,24.5
2015-09-16,Kitui,7.58,23.75
2015-09-17,Kitui,3.53,21.97
2015-09-18,Kitui,5.87,25.49
2015-09-19,Kitui,3.96,26.16
2015-09-20,Kitui,1.95,22.69
2015-09-21,Kitui,3.76,22.18
2015-09-22,Kitui,6.71,23.56
2015-09-23,Kitui,8.18,21.87
2015-09-24,Kitui,4.95,22.62
2015-09-25,Kitui,5.63,23.19
2015-09-26,Kitui,3.66,24.72
2015-09-27,Kitui,6.51,21.22
2015-09-28,Kitui,3.69,20.71
2015-09-29,Kitui,3.81,22.07
2015-09-30,Kitui,1.71,26.09
2015-10-01,Kitui,8.12,24.11
2015-10-02,Kitui,5.54,21.68
2015-10-03,Kitui,14.1,25.84
2015-10-04,Kitui,12.43,25.4
2015-10-05,Kitui,11.51,22.17
2015-10-06,Kitui,11.26,25.27
2015-10-07,Kitui,5.13,24.08
2015-10-08,Kitui,7.44,20.66
2015-10-09,Kitui,5.85,26.22
2015-10-10,Kitui,7.18,25.97
2015-10-11,Kitui,13.87,23.84
2015-10-12,Kitui,7.81,21.99
2015-10-13,Kitui,15.29,19.3
2015-10-14,Kitui,6.57,27.72
2015-10-15,Kitui,14.4,21.9
2015-10-16,Kitui,10.2,19.67
2015-10-17,Kitui,12.01,22.49
2015-10-18,Kitui,16.2,24.47
2015-10-19,Kitui,16.79,20.67
2015-10-20,Kitui,7.9,22.47
2015-10-21,Kitui,5.78,25.08
2015-10-22,Kitui,10.03,21.9
2015-10-23,Kitui,21.22,24.97
2015-10-24,Kitui,12.48,22.74
2015-10-25,Kitui,13.03,24.03
2015-10-26,Kitui,5.63,26.03
2015-10-27,Kitui,15.37,21.24
2015-10-28,Kitui,10.07,24.63
2015-10-29,Kitui,5.46,24.46
2015-10-30,Kitui,9.29,21.45
2015-10-31,Kitui,10.15,21.86
2015-11-01,Kitui,13.22,28.93
2015-11-02,Kitui,5.28,22.81
2015-11-03,Kitui,3.32,22.49
2015-11-04,Kitui,3.64,23.93
2015-11-05,Kitui,1.08,21.92
2015-11-06,Kitui,11.77,25.51
2015-11-07,Kitui,11.73,19.23
2015-11-08,Kitui,14.23,22.77
2015-11-09,Kitui,17.15,28.75
2015-11-10,Kitui,8.2,22.45
2015-11-11,Kitui,12.3,22.21
2015-11-12,Kitui,4.66,24.97
2015-11-13,Kitui,10.65,26.3
2015-11-14,Kitui,7.62,20.3
2015-11-15,Kitui,1.24,24.89
2015-11-16,Kitui,9.96,27.76
2015-11-17,Kitui,3.0,24.36
2015-11-18,Kitui,9.43,25.39
2015-11-19,Kitui,9.37,29.01
2015-11-20,Kitui,10.62,26.12
2015-11-21,Kitui,1.29,27.65
2015-11-22,Kitui,8.32,25.99
2015-11-23,Kitui,17.15,24.22
2015-11-24,Kitui,12.61,14.74
2015-11-25,Kitui,2.85,24.51
2015-11-26,Kitui,4.48,22.31
2015-11-27,Kitui,11.81,18.9
2015-11-28,Kitui,13.27,23.69
2015-11-29,Kitui,13.15,24.63
2015-11-30,Kitui,12.13,26.03
2015-12-01,Kitui,5.6,24.33
2015-12-02,Kitui,4.89,24.99
2015-12-03,Kitui,4.14,23.18
2015-12-04,Kitui,2.08,25.12
2015-12-05,Kitui,6.81,23.35
2015-12-06,Kitui,4.67,26.76
2015-12-07,Kitui,5.85,27.83
2015-12-08,Kitui,5.46,23.15
2015-12-09,Kitui,3.62,26.45
2015-12-10,Kitui,3.06,22.77
2015-12-11,Kitui,6.29,25.45
2015-12-12,Kitui,5.14,23.72
2015-12-13,Kitui,5.0,20.23
2015-12-14,Kitui,1.63,18.59
2015-12-15,Kitui,4.48,26.14
2015-12-16,Kitui,2.62,27.68
2015-12-17,Kitui,6.12,19.81
2015-12-18,Kitui,5.65,24.23
2015-12-19,Kitui,6.42,23.65
2015-12-20,Kitui,6.66,22.43
2015-12-21,Kitui,6.66,24.51
2015-12-22,Kitui,1.26,26.0
2015-12-23,Kitui,3.03,24.19
2015-12-24,Kitui,3.67,27.58
2015-12-25,Kitui,5.91,19.01
2015-12-26,Kitui,3.4,25.24
2015-12-27,Kitui,5.34,17.35
2015-12-28,Kitui,5.28,24.47
2015-12-29,Kitui,3.47,22.42
2015-12-30,Kitui,2.43,20.33
2015-12-31,Kitui,6.09,22.25
2016-01-01,Kitui,3.72,26.15
2016-01-02,Kitui,4.53,24.01
2016-01-03,Kitui,0.0,26.67
2016-01-04,Kitui,8.03,19.27
2016-01-05,Kitui,4.87,24.88
2016-01-06,Kitui,6.24,20.13
2016-01-07,Kitui,4.27,23.37
2016-01-08,Kitui,5.19,25.99
2016-01-09,Kitui,2.06,25.82
2016-01-10,Kitui,7.93,18.63
2016-01-11,Kitui,5.08,26.22
2016-01-12,Kitui,2.83,21.18
2016-01-13,Kitui,7.16,23.68
2016-01-14,Kitui,7.41,25.55
2016-01-15,Kitui,4.04,21.02
2016-01-16,Kitui,6.96,22.64
2016-01-17,Kitui,5.75,19.99
2016-01-18,Kitui,2.08,24.2
2016-01-19,Kitui,4.33,24.08
2016-01-20,Kitui,7.76,22.82
2016-01-21,Kitui,3.18,19.95
2016-01-22,Kitui,5.1,26.56
2016-01-23,Kitui,3.71,22.84
2016-01-24,Kitui,7.29,23.67
2016-01-25,Kitui,3.73,31.21
2016-01-26,Kitui,5.57,20.19
2016-01-27,Kitui,3.42,25.89
2016-01-28,Kitui,6.52,20.58
2016-01-29,Kitui,4.98,23.57
2016-01-30,Kitui,3.57,21.52
2016-01-31,Kitui,4.78,20.59
2016-02-01,Kitui,3.78,29.37
2016-02-02,Kitui,7.17,23.31
2016-02-03,Kitui,8.96,29.3
2016-02-04,Kitui,7.59,23.56
2016-02-05,Kitui,6.39,28.36
2016-02-06,Kitui,2.87,22.23
2016-02-07,Kitui,3.84,25.35
2016-02-08,Kitui,6.72,25.02
2016-02-09,Kitui,4.27,24.88
2016-02-10,Kitui,7.56,19.7
2016-02-11,Kitui,7.35,24.42
2016-02-12,Kitui,4.2,22.4
2016-02-13,Kitui,5.6,27.31
2016-02-14,Kitui,4.49,26.92
2016-02-15,Kitui,2.88,21.03
2016-02-16,Kitui,8.0,26.11
2016-02-17,Kitui,7.25,20.86
2016-02-18,Kitui,4.39,25.99
2016-02-19,Kitui,6.59,26.4
2016-02-20,Kitui,2.12,27.1
2016-02-21,Kitui,3.17,23.01
2016-02-22,Kitui,4.93,28.58
2016-02-23,Kitui,8.55,19.64
2016-02-24,Kitui,3.1,25.15
2016-02-25,Kitui,4.81,21.88
2016-02-26,Kitui,3.8,26.78
2016-02-27,Kitui,7.48,25.7
2016-02-28,Kitui,4.73,24.1
2016-02-29,Kitui,5.59,21.17
2016-03-01,Kitui,20.7,25.71
2016-03-02,Kitui,10.97,21.76
2016-03-03,Kitui,8.94,26.34
2016-03-04,Kitui,18.99,20.32
2016-03-05,Kitui,14.58,26.52
2016-03-06,Kitui,17.85,24.37
2016-03-07,Kitui,15.46,27.09
2016-03-08,Kitui,5.34,25.35
2016-03-09,Kitui,7.46,23.15
2016-03-10,Kitui,11.21,27.81
2016-03-11,Kitui,14.1,24.72
2016-03-12,Kitui,24.64,27.68
2016-03-13,Kitui,14.4,22.62
2016-03-14,Kitui,15.32,22.18
2016-03-15,Kitui,10.3,22.82
2016-03-16,Kitui,12.14,21.39
2016-03-17,Kitui,18.62,19.45
2016-03-18,Kitui,9.65,25.12
2016-03-19,Kitui,17.44,25.14
2016-03-20,Kitui,14.46,25.74
2016-03-21,Kitui,10.53,26.84
2016-03-22,Kitui,18.08,21.37
2016-03-23,Kitui,22.22,24.95
2016-03-24,Kitui,15.59,21.63
2016-03-25,Kitui,12.25,31.22
2016-03-26,Kitui,17.14,24.35
2016-03-27,Kitui,17.68,21.9
2016-03-28,Kitui,10.98,29.04
2016-03-29,Kitui,18.0,27.55
2016-03-30,Kitui,12.19,24.63
2016-03-31,Kitui,16.32,25.43
2016-04-01,Kitui,11.47,19.57
2016-04-02,Kitui,16.16,23.49
2016-04-03,Kitui,17.04,29.47
2016-04-04,Kitui,5.71,18.64
2016-04-05,Kitui,11.57,24.54
2016-04-06,Kitui,11.37,20.85
2016-04-07,Kitui,17.54,25.68
2016-04-08,Kitui,24.11,26.5
2016-04-09,Kitui,20.86,24.63
2016-04-10,Kitui,20.08,28.88
2016-04-11,Kitui,15.68,22.46
2016-04-12,Kitui,24.9,20.35
2016-04-13,Kitui,10.59,28.61
2016-04-14,Kitui,12.91,22.8
2016-04-15,Kitui,20.65,21.3
2016-04-16,Kitui,13.39,23.16
2016-04-17,Kitui,26.75,28.1
2016-04-18,Kitui,10.76,27.56
2016-04-19,Kitui,13.22,25.07
2016-04-20,Kitui,11.0,26.21
2016-04-21,Kitui,17.89,24.21
2016-04-22,Kitui,20.57,22.79
2016-04-23,Kitui,21.93,20.79
2016-04-24,Kitui,7.63,24.52
2016-04-25,Kitui,14.57,25.62
2016-04-26,Kitui,6.02,27.84
2016-04-27,Kitui,13.4,25.11
2016-04-28,Kitui,15.83,26.35
2016-04-29,Kitui,19.51,24.02
2016-04-30,Kitui,20.38,28.22
2016-05-01,Kitui,17.49,20.39
2016-05-02,Kitui,12.01,22.57
2016-05-03,Kitui,19.27,17.73
2016-05-04,Kitui,28.59,28.87
2016-05-05,Kitui,20.93,26.8
2016-05-06,Kitui,24.13,19.53
2016-05-07,Kitui,5.42,25.26
2016-05-08,Kitui,13.89,24.96
2016-05-09,Kitui,23.63,23.68
2016-05-10,Kitui,14.26,23.4
2016-05-11,Kitui,10.78,20.5
2016-05-12,Kitui,13.6,24.53
2016-05-13,Kitui,20.8,22.25
2016-05-14,Kitui,8.9,23.44
2016-05-15,Kitui,15.53,26.7
2016-05-16,Kitui,15.01,20.79
2016-05-17,Kitui,9.27,24.0
2016-05-18,Kitui,14.4,22.15
2016-05-19,Kitui,16.59,25.06
2016-05-20,Kitui,18.76,23.7
2016-05-21,Kitui,8.14,24.17
2016-05-22,Kitui,10.1,27.89
2016-05-23,Kitui,7.81,24.54
2016-05-24,Kitui,24.32,32.35
2016-05-25,Kitui,18.5,22.74
2016-05-26,Kitui,24.17,25.23
2016-05-27,Kitui,18.9,26.0
2016-05-28,Kitui,17.92,18.16
2016-05-29,Kitui,13.15,20.49
2016-05-30,Kitui,25.94,28.8
2016-05-31,Kitui,9.76,27.19
2016-06-01,Kitui,3.32,18.78
2016-06-02,Kitui,2.62,22.42
2016-06-03,Kitui,5.91,23.55
2016-06-04,Kitui,6.03,22.76
2016-06-05,Kitui,9.35,25.65
2016-06-06,Kitui,4.45,19.93
2016-06-07,Kitui,5.08,19.57
2016-06-08,Kitui,2.65,22.48
2016-06-09,Kitui,6.38,26.79
2016-06-10,Kitui,2.33,20.18
2016-06-11,Kitui,6.64,17.97
2016-06-12,Kitui,4.46,19.93
2016-06-13,Kitui,2.6,24.54
2016-06-14,Kitui,5.33,22.74
2016-06-15,Kitui,1.89,26.01
2016-06-16,Kitui,8.05,31.28
2016-06-17,Kitui,7.73,19.78
2016-06-18,Kitui,4.58,22.51
2016-06-19,Kitui,6.09,20.86
2016-06-20,Kitui,5.19,24.84
2016-06-21,Kitui,5.17,21.86
2016-06-22,Kitui,4.19,25.74
2016-06-23,Kitui,5.54,27.16
2016-06-24,Kitui,3.98,22.58
2016-06-25,Kitui,4.39,21.42
2016-06-26,Kitui,7.83,30.08
2016-06-27,Kitui,8.11,20.4
2016-06-28,Kitui,2.49,20.55
2016-06-29,Kitui,2.6,26.18
2016-06-30,Kitui,0.69,27.84
2016-07-01,Kitui,4.17,26.24
2016-07-02,Kitui,2.84,23.92
2016-07-03,Kitui,7.73,15.7
2016-07-04,Kitui,5.95,26.14
2016-07-05,Kitui,5.09,26.37
2016-07-06,Kitui,2.97,26.41
2016-07-07,Kitui,8.77,22.25
2016-07-08,Kitui,5.51,23.09
2016-07-09,Kitui,1.86,20.58
2016-07-10,Kitui,4.93,22.99
2016-07-11,Kitui,8.18,21.94
2016-07-12,Kitui,6.84,24.89
2016-07-13,Kitui,1.31,23.84
2016-07-14,Kitui,4.34,23.98
2016-07-15,Kitui,4.62,24.38
2016-07-16,Kitui,2.75,25.87
2016-07-17,Kitui,5.47,21.63
2016-07-18,Kitui,2.14,23.77
2016-07-19,Kitui,2.99,23.67
2016-07-20,Kitui,5.74,31.07
2016-07-21,Kitui,3.17,24.61
2016-07-22,Kitui,4.48,20.42
2016-07-23,Kitui,5.02,21.93
2016-07-24,Kitui,5.1,20.21
2016-07-25,Kitui,10.05,25.65
2016-07-26,Kitui,2.75,23.69
2016-07-27,Kitui,2.68,30.5
2016-07-28,Kitui,7.5,24.84
2016-07-29,Kitui,3.21,18.86
2016-07-30,Kitui,2.99,20.64
2016-07-31,Kitui,6.63,21.86
2016-08-01,Kitui,8.25,26.4
2016-08-02,Kitui,7.67,25.46
2016-08-03,Kitui,4.43,24.9
2016-08-04,Kitui,5.46,24.74
2016-08-05,Kitui,6.85,24.02
2016-08-06,Kitui,5.42,24.16
2016-08-07,Kitui,3.72,24.86
2016-08-08,Kitui,2.63,27.02
2016-08-09,Kitui,7.07,23.53
2016-08-10,Kitui,5.72,20.98
2016-08-11,Kitui,5.88,23.2
2016-08-12,Kitui,4.43,23.25
2016-08-13,Kitui,3.23,24.35
2016-08-14,Kitui,2.4,21.11
2016-08-15,Kitui,4.77,20.6
2016-08-16,Kitui,4.07,28.72
2016-08-17,Kitui,3.35,24.66
2016-08-18,Kitui,6.45,20.09
2016-08-19,Kitui,5.83,27.26
2016-08-20,Kitui,6.41,23.09
2016-08-21,Kitui,5.48,23.27
2016-08-22,Kitui,6.51,26.96
2016-08-23,Kitui,8.79,22.13
2016-08-24,Kitui,7.27,23.07
2016-08-25,Kitui,3.01,24.16
2016-08-26,Kitui,3.25,26.13
2016-08-27,Kitui,6.37,26.37
2016-08-28,Kitui,4.25,25.98
2016-08-29,Kitui,8.19,26.77
2016-08-30,Kitui,3.82,24.25
2016-08-31,Kitui,6.93,29.64
2016-09-01,Kitui,3.01,20.0
2016-09-02,Kitui,6.24,22.24
2016-09-03,Kitui,6.46,23.44
2016-09-04,Kitui,6.54,19.95
2016-09-05,Kitui,4.27,25.91
2016-09-06,Kitui,5.48,26.16
2016-09-07,Kitui,4.03,25.24
2016-09-08,Kitui,3.67,24.64
2016-09-09,Kitui,5.48,24.19
2016-09-10,Kitui,4.47,31.44
2016-09-11,Kitui,6.06,22.99
2016-09-12,Kitui,7.63,25.51
2016-09-13,Kitui,3.37,21.09
2016-09-14,Kitui,1.71,22.21
2016-09-15,Kitui,2.65,25.34
2016-09-16,Kitui,11.07,26.65
2016-09-17,Kitui,7.79,25.23
2016-09-18,Kitui,3.38,25.17
2016-09-19,Kitui,6.13,20.96
2016-09-20,Kitui,5.77,21.89
2016-09-21,Kitui,3.51,29.09
2016-09-22,Kitui,4.18,23.7
2016-09-23,Kitui,5.82,20.56
2016-09-24,Kitui,5.47,23.88
2016-09-25,Kitui,2.62,24.55
2016-09-26,Kitui,6.64,26.79
2016-09-27,Kitui,5.92,23.85
2016-09-28,Kitui,3.96,26.64
2016-09-29,Kitui,8.05,22.41
2016-09-30,Kitui,4.4,21.36
2016-10-01,Kitui,11.31,28.28
2015-01-01,Machakos,5.5,23.65
2015-01-02,Machakos,6.27,31.69
2015-01-03,Machakos,3.64,25.44
2015-01-04,Machakos,6.88,25.56
2015-01-05,Machakos,3.27,23.93
2015-01-06,Machakos,2.41,24.27
2015-01-07,Machakos,7.48,19.97
2015-01-08,Machakos,3.34,19.91
2015-01-09,Machakos,2.06,23.7
2015-01-10,Machakos,2.76,26.58
2015-01-11,Machakos,3.51,24.57
2015-01-12,Machakos,5.29,23.8
2015-01-13,Machakos,5.29,22.18
2015-01-14,Machakos,4.75,28.18
2015-01-15,Machakos,0.77,25.31
2015-01-16,Machakos,5.68,22.91
2015-01-17,Machakos,6.7,22.16
2015-01-18,Machakos,3.45,22.26
2015-01-19,Machakos,4.47,23.35
2015-01-20,Machakos,8.63,19.16
2015-01-21,Machakos,2.86,23.63
2015-01-22,Machakos,6.89,23.38
2015-01-23,Machakos,10.13,23.1
2015-01-24,Machakos,2.37,25.29
2015-01-25,Machakos,4.73,24.64
2015-01-26,Machakos,4.59,21.38
2015-01-27,Machakos,9.47,20.53
2015-01-28,Machakos,4.76,25.86
2015-01-29,Machakos,8.3,20.41
2015-01-30,Machakos,5.74,17.19
2015-01-31,Machakos,3.9,29.24
2015-02-01,Machakos,5.08,23.38
2015-02-02,Machakos,6.4,21.6
2015-02-03,Machakos,5.15,24.33
2015-02-04,Machakos,7.79,23.32
2015-02-05,Machakos,7.64,22.48
2015-02-06,Machakos,1.77,27.98
2015-02-07,Machakos,5.17,25.13
2015-02-08,Machakos,6.85,19.97
2015-02-09,Machakos,2.88,26.08
2015-02-10,Machakos,5.81,23.72
2015-02-11,Machakos,7.68,23.9
2015-02-12,Machakos,3.06,24.16
2015-02-13,Machakos,4.76,26.94
2015-02-14,Machakos,3.15,23.24
2015-02-15,Machakos,3.02,23.04
2015-02-16,Machakos,3.1,24.23
2015-02-17,Machakos,4.87,29.22
2015-02-18,Machakos,2.93,19.78
2015-02-19,Machakos,0.46,26.1
2015-02-20,Machakos,6.98,23.89
2015-02-21,Machakos,5.57,26.45
2015-02-22,Machakos,8.44,22.69
2015-02-23,Machakos,3.7,22.13
2015-02-24,Machakos,2.73,19.79
2015-02-25,Machakos,6.7,25.45
2015-02-26,Machakos,3.01,21.94
2015-02-27,Machakos,3.84,24.49
2015-02-28,Machakos,1.24,23.3
2015-03-01,Machakos,23.57,20.39
2015-03-02,Machakos,16.16,23.31
2015-03-03,Machakos,16.73,20.88
2015-03-04,Machakos,7.72,23.65
2015-03-05,Machakos,13.81,23.54
2015-03-06,Machakos,18.33,24.21
2015-03-07,Machakos,13.84,21.01
2015-03-08,Machakos,8.34,22.25
2015-03-09,Machakos,8.11,23.05
2015-03-10,Machakos,21.96,25.03
2015-03-11,Machakos,17.29,28.45
2015-03-12,Machakos,14.43,26.43
2015-03-13,Machakos,6.46,23.73
2015-03-14,Machakos,12.12,21.68
2015-03-15,Machakos,17.69,27.14
2015-03-16,Machakos,15.87,26.05
2015-03-17,Machakos,6.6,24.34
2015-03-18,Machakos,16.34,18.37
2015-03-19,Machakos,17.87,25.59
2015-03-20,Machakos,15.31,21.25
2015-03-21,Machakos,22.89,24.43
2015-03-22,Machakos,13.46,26.45
2015-03-23,Machakos,17.03,26.1
2015-03-24,Machakos,19.41,32.71
2015-03-25,Machakos,8.98,21.78
2015-03-26,Machakos,22.18,26.03
2015-03-27,Machakos,0.0,22.06
2015-03-28,Machakos,15.04,21.43
2015-03-29,Machakos,17.22,28.75
2015-03-30,Machakos,14.93,19.16
2015-03-31,Machakos,23.42,24.12
2015-04-01,Machakos,14.93,23.21
2015-04-02,Machakos,15.72,30.68
2015-04-03,Machakos,11.92,19.6
2015-04-04,Machakos,10.95,29.35
2015-04-05,Machakos,10.45,25.33
2015-04-06,Machakos,18.0,21.07
2015-04-07,Machakos,23.56,27.14
2015-04-08,Machakos,15.16,24.26
2015-04-09,Machakos,10.26,28.6
2015-04-10,Machakos,19.89,23.49
2015-04-11,Machakos,12.74,25.74
2015-04-12,Machakos,23.1,25.52
2015-04-13,Machakos,23.38,23.31
2015-04-14,Machakos,12.39,19.33
2015-04-15,Machakos,15.54,21.21
2015-04-16,Machakos,15.73,27.53
2015-04-17,Machakos,10.54,29.54
2015-04-18,Machakos,17.11,28.02
2015-04-19,Machakos,14.63,25.4
2015-04-20,Machakos,12.11,23.49
2015-04-21,Machakos,14.33,23.36
2015-04-22,Machakos,12.9,25.0
2015-04-23,Machakos,21.63,23.74
2015-04-24,Machakos,15.09,24.52
2015-04-25,Machakos,16.96,29.19
2015-04-26,Machakos,15.04,23.89
2015-04-27,Machakos,20.96,26.44
2015-04-28,Machakos,17.72,25.41
2015-04-29,Machakos,5.24,22.32
2015-04-30,Machakos,14.89,24.16
2015-05-01,Machakos,11.21,26.31
2015-05-02,Machakos,19.51,25.7
2015-05-03,Machakos,15.26,24.8
2015-05-04,Machakos,10.3,28.0
2015-05-05,Machakos,22.54,20.71
2015-05-06,Machakos,5.39,29.29
2015-05-07,Machakos,12.44,20.97
2015-05-08,Machakos,19.25,20.01
2015-05-09,Machakos,19.92,21.55
2015-05-10,Machakos,17.43,21.15
2015-05-11,Machakos,15.66,23.56
2015-05-12,Machakos,12.56,23.18
2015-05-13,Machakos,17.33,23.49
2015-05-14,Machakos,8.93,30.4
2015-05-15,Machakos,17.64,28.66
2015-05-16,Machakos,18.42,24.43
2015-05-17,Machakos,13.13,22.78
2015-05-18,Machakos,14.36,25.48
2015-05-19,Machakos,11.32,25.31
2015-05-20,Machakos,13.63,15.93
2015-05-21,Machakos,18.66,18.44
2015-05-22,Machakos,17.02,25.9
2015-05-23,Machakos,14.44,21.83
2015-05-24,Machakos,6.67,26.97
2015-05-25,Machakos,14.73,27.0
2015-05-26,Machakos,5.14,21.2
2015-05-27,Machakos,16.16,25.77
2015-05-28,Machakos,12.62,19.13
2015-05-29,Machakos,20.08,25.93
2015-05-30,Machakos,18.58,26.28
2015-05-31,Machakos,15.69,21.03
2015-06-01,Machakos,2.46,26.01
2015-06-02,Machakos,4.6,23.83
2015-06-03,Machakos,5.91,24.61
2015-06-04,Machakos,6.6,22.49
2015-06-05,Machakos,3.04,23.84
2015-06-06,Machakos,3.75,20.6
2015-06-07,Machakos,4.42,23.63
2015-06-08,Machakos,4.61,22.48
2015-06-09,Machakos,2.04,26.98
2015-06-10,Machakos,5.28,26.12
2015-06-11,Machakos,2.13,20.0
2015-06-12,Machakos,5.03,19.59
2015-06-13,Machakos,5.41,24.21
2015-06-14,Machakos,4.12,28.62
2015-06-15,Machakos,4.55,23.05
2015-06-16,Machakos,4.64,26.44
2015-06-17,Machakos,4.46,24.46
2015-06-18,Machakos,7.21,20.55
2015-06-19,Machakos,7.33,26.83
2015-06-20,Machakos,10.57,22.92
2015-06-21,Machakos,3.28,27.93
2015-06-22,Machakos,0.18,25.41
2015-06-23,Machakos,1.52,23.01
2015-06-24,Machakos,3.99,24.96
2015-06-25,Machakos,4.31,26.55
2015-06-26,Machakos,7.46,21.33
2015-06-27,Machakos,6.9,25.76
2015-06-28,Machakos,3.3,25.22
2015-06-29,Machakos,1.29,25.44
2015-06-30,Machakos,3.46,23.13
2015-07-01,Machakos,7.07,24.91
2015-07-02,Machakos,4.66,20.38
2015-07-03,Machakos,3.24,22.4
2015-07-04,Machakos,4.82,22.68
2015-07-05,Machakos,5.21,29.85
2015-07-06,Machakos,2.74,22.63
2015-07-07,Machakos,2.31,31.67
2015-07-08,Machakos,6.74,24.96
2015-07-09,Machakos,2.96,20.93
2015-07-10,Machakos,0.56,20.88
2015-07-11,Machakos,7.9,26.38
2015-07-12,Machakos,6.5,24.44
2015-07-13,Machakos,5.18,21.71
2015-07-14,Machakos,4.85,20.65
2015-07-15,Machakos,5.72,22.18
2015-07-16,Machakos,4.96,19.26
2015-07-17,Machakos,3.23,26.41
2015-07-18,Machakos,5.85,26.82
2015-07-19,Machakos,1.39,24.46
2015-07-20,Machakos,7.83,25.85
2015-07-21,Machakos,3.38,21.52
2015-07-22,Machakos,6.35,25.72
2015-07-23,Machakos,5.76,21.86
2015-07-24,Machakos,4.37,26.83
2015-07-25,Machakos,2.61,26.59
2015-07-26,Machakos,5.21,28.02
2015-07-27,Machakos,6.54,27.07
2015-07-28,Machakos,7.45,21.25
2015-07-29,Machakos,3.82,21.57
2015-07-30,Machakos,5.2,25.88
2015-07-31,Machakos,4.45,26.32
2015-08-01,Machakos,1.32,21.55
2015-08-02,Machakos,5.82,20.8
2015-08-03,Machakos,3.57,26.96
2015-08-04,Machakos,5.32,26.9
2015-08-05,Machakos,7.97,24.22
2015-08-06,Machakos,5.03,28.65
2015-08-07,Machakos,5.61,25.6
2015-08-08,Machakos,4.55,22.68
2015-08-09,Machakos,7.8,23.91
2015-08-10,Machakos,5.61,25.38
2015-08-11,Machakos,5.35,21.95
2015-08-12,Machakos,5.4,23.52
2015-08-13,Machakos,4.28,24.12
2015-08-14,Machakos,5.68,21.18
2015-08-15,Machakos,5.12,25.63
2015-08-16,Machakos,3.83,23.95
2015-08-17,Machakos,3.34,24.42
2015-08-18,Machakos,5.79,24.23
2015-08-19,Machakos,3.0,25.15
2015-08-20,Machakos,4.43,24.42
2015-08-21,Machakos,7.95,21.02
2015-08-22,Machakos,6.77,22.17
2015-08-23,Machakos,5.97,23.9
2015-08-24,Machakos,7.83,25.4
2015-08-25,Machakos,5.78,17.77
2015-08-26,Machakos,1.34,30.52
2015-08-27,Machakos,3.37,27.88
2015-08-28,Machakos,4.55,22.45
2015-08-29,Machakos,4.85,28.39
2015-08-30,Machakos,6.03,19.78
2015-08-31,Machakos,4.81,27.6
2015-09-01,Machakos,6.54,29.35
2015-09-02,Machakos,2.06,21.6
2015-09-03,Machakos,2.75,21.71
2015-09-04,Machakos,9.71,30.03
2015-09-05,Machakos,1.86,19.57
2015-09-06,Machakos,5.36,27.47
2015-09-07,Machakos,5.59,23.57
2015-09-08,Machakos,5.03,27.38
2015-09-09,Machakos,2.34,18.54
2015-09-10,Machakos,2.2,26.82
2015-09-11,Machakos,6.32,27.61
2015-09-12,Machakos,2.54,28.22
2015-09-13,Machakos,2.94,26.31
2015-09-14,Machakos,2.44,22.38
2015-09-15,Machakos,2.92,22.02
2015-09-16,Machakos,4.16,24.0
2015-09-17,Machakos,4.22,25.49
2015-09-18,Machakos,4.89,24.92
2015-09-19,Machakos,3.33,27.03
2015-09-20,Machakos,5.34,22.98
2015-09-21,Machakos,4.86,21.91
2015-09-22,Machakos,4.38,25.38
2015-09-23,Machakos,7.22,20.71
2015-09-24,Machakos,4.54,21.49
2015-09-25,Machakos,5.85,25.99
2015-09-26,Machakos,2.77,23.84
2015-09-27,Machakos,2.96,21.34
2015-09-28,Machakos,5.37,26.14
2015-09-29,Machakos,3.25,25.38
2015-09-30,Machakos,2.77,21.44
2015-10-01,Machakos,8.01,27.26
2015-10-02,Machakos,11.24,17.02
2015-10-03,Machakos,19.39,30.82
2015-10-04,Machakos,12.7,24.65
2015-10-05,Machakos,11.67,19.26
2015-10-06,Machakos,7.29,28.16
2015-10-07,Machakos,9.53,27.58
2015-10-08,Machakos,13.23,21.39
2015-10-09,Machakos,12.07,23.72
2015-10-10,Machakos,7.42,28.66
2015-10-11,Machakos,12.88,19.83
2015-10-12,Machakos,10.41,23.93
2015-10-13,Machakos,10.27,27.81
2015-10-14,Machakos,13.7,20.23
2015-10-15,Machakos,12.2,27.92
2015-10-16,Machakos,11.6,27.01
2015-10-17,Machakos,15.05,29.61
2015-10-18,Machakos,9.74,22.52
2015-10-19,Machakos,11.11,22.94
2015-10-20,Machakos,8.62,23.11
2015-10-21,Machakos,6.59,17.09
2015-10-22,Machakos,5.8,29.18
2015-10-23,Machakos,17.09,24.6
2015-10-24,Machakos,4.74,28.5
2015-10-25,Machakos,7.97,23.09
2015-10-26,Machakos,8.72,27.48
2015-10-27,Machakos,14.44,17.21
2015-10-28,Machakos,7.22,21.26
2015-10-29,Machakos,10.74,21.97
2015-10-30,Machakos,8.05,23.96
2015-10-31,Machakos,12.57,22.16
2015-11-01,Machakos,6.86,23.47
2015-11-02,Machakos,6.39,24.01
2015-11-03,Machakos,10.62,27.23
2015-11-04,Machakos,10.35,24.29
2015-11-05,Machakos,17.98,25.65
2015-11-06,Machakos,12.04,28.24
2015-11-07,Machakos,6.97,22.65
2015-11-08,Machakos,8.17,27.24
2015-11-09,Machakos,13.91,21.9
2015-11-10,Machakos,14.11,23.8
2015-11-11,Machakos,4.63,23.28
2015-11-12,Machakos,7.38,23.52
2015-11-13,Machakos,12.13,24.69
2015-11-14,Machakos,8.81,19.1
2015-11-15,Machakos,10.27,27.76
2015-11-16,Machakos,13.28,20.79
2015-11-17,Machakos,5.23,13.59
2015-11-18,Machakos,8.13,25.58
2015-11-19,Machakos,11.88,25.13
2015-11-20,Machakos,12.81,26.42
2015-11-21,Machakos,7.92,22.79
2015-11-22,Machakos,9.62,16.44
2015-11-23,Machakos,7.0,26.83
2015-11-24,Machakos,10.29,26.09
2015-11-25,Machakos,10.7,26.39
2015-11-26,Machakos,5.22,25.73
2015-11-27,Machakos,10.4,23.88
2015-11-28,Machakos,12.57,24.22
2015-11-29,Machakos,2.0,23.16
2015-11-30,Machakos,8.59,27.84
2015-12-01,Machakos,3.58,23.19
2015-12-02,Machakos,0.85,24.31
2015-12-03,Machakos,4.89,25.34
2015-12-04,Machakos,4.48,24.9
2015-12-05,Machakos,3.24,23.32
2015-12-06,Machakos,4.62,20.92
2015-12-07,Machakos,5.69,22.57
2015-12-08,Machakos,2.56,20.39
2015-12-09,Machakos,2.59,21.28
2015-12-10,Machakos,6.37,22.05
2015-12-11,Machakos,2.89,22.42
2015-12-12,Machakos,6.74,24.39
2015-12-13,Machakos,3.39,17.64
2015-12-14,Machakos,6.87,26.15
2015-12-15,Machakos,0.59,21.99
2015-12-16,Machakos,5.88,23.22
2015-12-17,Machakos,6.88,26.14
2015-12-18,Machakos,4.44,25.55
2015-12-19,Machakos,5.31,24.53
2015-12-20,Machakos,6.76,32.33
2015-12-21,Machakos,7.1,21.49
2015-12-22,Machakos,6.17,21.53
2015-12-23,Machakos,3.12,17.55
2015-12-24,Machakos,4.67,24.66
2015-12-25,Machakos,5.26,22.04
2015-12-26,Machakos,4.88,23.85
2015-12-27,Machakos,5.79,25.24
2015-12-28,Machakos,9.15,22.44
2015-12-29,Machakos,6.1,25.94
2015-12-30,Machakos,6.57,30.0
2015-12-31,Machakos,6.62,24.47
2016-01-01,Machakos,5.67,22.89
2016-01-02,Machakos,5.13,26.04
2016-01-03,Machakos,5.37,23.25
2016-01-04,Machakos,3.52,25.88
2016-01-05,Machakos,6.88,26.87
2016-01-06,Machakos,5.32,16.94
2016-01-07,Machakos,7.54,25.04
2016-01-08,Machakos,2.86,22.29
2016-01-09,Machakos,5.78,23.48
2016-01-10,Machakos,4.77,16.47
2016-01-11,Machakos,6.04,23.0
2016-01-12,Machakos,1.28,25.16
2016-01-13,Machakos,1.11,18.83
2016-01-14,Machakos,5.08,23.21
2016-01-15,Machakos,2.3,27.3
2016-01-16,Machakos,3.65,26.68
2016-01-17,Machakos,4.91,19.23
2016-01-18,Machakos,4.91,22.87
2016-01-19,Machakos,5.06,29.2
2016-01-20,Machakos,6.3,21.93
2016-01-21,Machakos,3.28,30.27
2016-01-22,Machakos,6.94,20.27
2016-01-23,Machakos,6.3,21.3
2016-01-24,Machakos,1.57,16.97
2016-01-25,Machakos,4.99,24.67
2016-01-26,Machakos,1.66,21.93
2016-01-27,Machakos,5.59,26.52
2016-01-28,Machakos,4.04,19.13
2016-01-29,Machakos,4.85,17.66
2016-01-30,Machakos,2.01,29.81
2016-01-31,Machakos,4.31,21.85
2016-02-01,Machakos,4.94,23.93
2016-02-02,Machakos,4.02,26.47
2016-02-03,Machakos,3.74,24.39
2016-02-04,Machakos,4.12,23.42
2016-02-05,Machakos,7.05,22.41
2016-02-06,Machakos,1.49,24.46
2016-02-07,Machakos,4.24,22.78
2016-02-08,Machakos,2.19,22.69
2016-02-09,Machakos,3.99,15.11
2016-02-10,Machakos,4.27,27.68
2016-02-11,Machakos,5.13,23.82
2016-02-12,Machakos,4.37,26.35
2016-02-13,Machakos,1.53,21.85
2016-02-14,Machakos,5.77,26.4
2016-02-15,Machakos,5.01,26.6
2016-02-16,Machakos,3.8,19.35
2016-02-17,Machakos,3.15,21.12
2016-02-18,Machakos,6.2,24.82
2016-02-19,Machakos,5.56,20.43
2016-02-20,Machakos,3.88,21.39
2016-02-21,Machakos,4.82,23.55
2016-02-22,Machakos,3.85,24.34
2016-02-23,Machakos,8.04,21.63
2016-02-24,Machakos,6.12,23.37
2016-02-25,Machakos,3.43,21.84
2016-02-26,Machakos,6.07,20.18
2016-02-27,Machakos,5.39,21.1
2016-02-28,Machakos,4.71,28.15
2016-02-29,Machakos,5.08,25.07
2016-03-01,Machakos,2.01,26.67
2016-03-02,Machakos,14.31,23.36
2016-03-03,Machakos,22.06,29.59
2016-03-04,Machakos,24.61,29.97
2016-03-05,Machakos,13.91,23.66
2016-03-06,Machakos,23.46,27.4
2016-03-07,Machakos,23.85,23.18
2016-03-08,Machakos,16.03,22.0
2016-03-09,Machakos,17.43,27.51
2016-03-10,Machakos,11.86,24.68
2016-03-11,Machakos,15.02,24.63
2016-03-12,Machakos,12.19,26.51
2016-03-13,Machakos,13.15,23.39
2016-03-14,Machakos,20.71,22.25
2016-03-15,Machakos,21.92,24.56
2016-03-16,Machakos,22.18,21.3
2016-03-17,Machakos,8.5,25.93
2016-03-18,Machakos,16.25,24.07
2016-03-19,Machakos,22.1,25.45
2016-03-20,Machakos,7.95,28.85
2016-03-21,Machakos,12.67,24.19
2016-03-22,Machakos,9.15,22.95
2016-03-23,Machakos,25.7,25.36
2016-03-24,Machakos,5.03,29.63
2016-03-25,Machakos,12.66,25.65
2016-03-26,Machakos,22.66,24.24
2016-03-27,Machakos,7.23,24.16
2016-03-28,Machakos,15.79,19.04
2016-03-29,Machakos,12.67,22.06
2016-03-30,Machakos,23.84,22.38
2016-03-31,Machakos,22.88,21.1
2016-04-01,Machakos,16.32,25.38
2016-04-02,Machakos,14.73,22.37
2016-04-03,Machakos,17.54,24.78
2016-04-04,Machakos,21.72,28.17
2016-04-05,Machakos,11.82,23.67
2016-04-06,Machakos,10.79,23.8
2016-04-07,Machakos,3.81,21.5
2016-04-08,Machakos,7.65,24.28
2016-04-09,Machakos,6.3,29.14
2016-04-10,Machakos,5.73,24.2
2016-04-11,Machakos,7.33,21.62
2016-04-12,Machakos,13.9,25.39
2016-04-13,Machakos,12.22,29.23
2016-04-14,Machakos,12.45,25.55
2016-04-15,Machakos,15.92,24.7
2016-04-16,Machakos,17.25,25.68
2016-04-17,Machakos,13.57,25.88
2016-04-18,Machakos,17.47,26.18
2016-04-19,Machakos,21.76,28.91
2016-04-20,Machakos,17.35,24.41
2016-04-21,Machakos,11.05,22.81
2016-04-22,Machakos,13.86,24.64
2016-04-23,Machakos,13.27,24.65
2016-04-24,Machakos,15.74,27.09
2016-04-25,Machakos,11.84,23.11
2016-04-26,Machakos,23.1,20.26
2016-04-27,Machakos,17.5,31.0
2016-04-28,Machakos,13.04,24.41
2016-04-29,Machakos,19.84,20.6
2016-04-30,Machakos,15.27,22.96
2016-05-01,Machakos,16.77,24.88
2016-05-02,Machakos,8.33,23.16
2016-05-03,Machakos,15.43,23.26
2016-05-04,Machakos,8.52,24.05
2016-05-05,Machakos,16.24,23.62
2016-05-06,Machakos,12.15,23.73
2016-05-07,Machakos,13.98,19.01
2016-05-08,Machakos,11.66,25.57
2016-05-09,Machakos,12.27,23.85
2016-05-10,Machakos,13.12,28.09
2016-05-11,Machakos,14.2,25.4
2016-05-12,Machakos,11.54,25.33
2016-05-13,Machakos,11.38,21.49
2016-05-14,Machakos,14.58,26.51
2016-05-15,Machakos,15.66,21.3
2016-05-16,Machakos,17.87,23.07
2016-05-17,Machakos,27.47,24.05
2016-05-18,Machakos,14.64,21.22
2016-05-19,Machakos,15.2,20.49
2016-05-20,Machakos,15.0,21.1
2016-05-21,Machakos,17.63,23.69
2016-05-22,Machakos,14.49,26.29
2016-05-23,Machakos,13.15,20.68
2016-05-24,Machakos,15.52,30.06
2016-05-25,Machakos,19.52,27.59
2016-05-26,Machakos,13.89,21.3
2016-05-27,Machakos,8.89,22.65
2016-05-28,Machakos,17.84,24.18
2016-05-29,Machakos,17.45,23.73
2016-05-30,Machakos,4.32,28.36
2016-05-31,Machakos,10.28,22.21
2016-06-01,Machakos,3.62,18.84
2016-06-02,Machakos,2.93,22.09
2016-06-03,Machakos,2.9,32.25
2016-06-04,Machakos,4.46,26.61
2016-06-05,Machakos,3.1,24.04
2016-06-06,Machakos,7.88,28.96
2016-06-07,Machakos,4.41,20.54
2016-06-08,Machakos,2.24,22.9
2016-06-09,Machakos,7.16,21.23
2016-06-10,Machakos,2.89,21.41
2016-06-11,Machakos,4.41,19.77
2016-06-12,Machakos,2.85,21.66
2016-06-13,Machakos,7.3,23.34
2016-06-14,Machakos,6.77,22.98
2016-06-15,Machakos,6.37,24.38
2016-06-16,Machakos,4.06,19.79
2016-06-17,Machakos,0.0,27.19
2016-06-18,Machakos,6.37,23.64
2016-06-19,Machakos,0.68,25.22
2016-06-20,Machakos,4.53,24.4
2016-06-21,Machakos,5.47,23.3
2016-06-22,Machakos,9.65,22.81
2016-06-23,Machakos,1.39,28.93
2016-06-24,Machakos,5.45,24.97
2016-06-25,Machakos,4.73,25.04
2016-06-26,Machakos,4.83,26.34
2016-06-27,Machakos,2.2,23.55
2016-06-28,Machakos,2.47,26.59
2016-06-29,Machakos,0.28,23.2
2016-06-30,Machakos,6.1,20.07
2016-07-01,Machakos,1.9,26.59
2016-07-02,Machakos,0.98,22.71
2016-07-03,Machakos,2.71,23.21
2016-07-04,Machakos,4.84,24.32
2016-07-05,Machakos,3.73,27.14
2016-07-06,Machakos,6.28,27.11
2016-07-07,Machakos,2.64,30.04
2016-07-08,Machakos,0.61,17.89
2016-07-09,Machakos,2.57,23.83
2016-07-10,Machakos,3.4,22.51
2016-07-11,Machakos,4.94,24.79
2016-07-12,Machakos,6.47,22.06
2016-07-13,Machakos,6.28,23.83
2016-07-14,Machakos,6.39,23.9
2016-07-15,Machakos,7.02,25.84
2016-07-16,Machakos,5.7,27.43
2016-07-17,Machakos,4.97,27.94
2016-07-18,Machakos,3.22,18.99
2016-07-19,Machakos,4.52,26.64
2016-07-20,Machakos,7.22,24.06
2016-07-21,Machakos,4.4,23.41
2016-07-22,Machakos,6.0,21.52
2016-07-23,Machakos,7.41,19.79
2016-07-24,Machakos,8.46,25.67
2016-07-25,Machakos,7.37,24.72
2016-07-26,Machakos,6.36,26.56
2016-07-27,Machakos,5.91,24.18
2016-07-28,Machakos,4.35,22.8
2016-07-29,Machakos,4.89,26.02
2016-07-30,Machakos,3.12,25.77
2016-07-31,Machakos,4.71,21.76
2016-08-01,Machakos,2.87,23.44
2016-08-02,Machakos,0.1,28.04
2016-08-03,Machakos,1.59,27.53
2016-08-04,Machakos,5.35,27.31
2016-08-05,Machakos,3.07,28.7
2016-08-06,Machakos,6.72,22.1
2016-08-07,Machakos,9.37,21.55
2016-08-08,Machakos,4.25,22.71
2016-08-09,Machakos,3.28,29.4
2016-08-10,Machakos,3.02,28.52
2016-08-11,Machakos,6.25,21.91
2016-08-12,Machakos,1.62,31.29
2016-08-13,Machakos,6.55,24.74
2016-08-14,Machakos,3.99,27.26
2016-08-15,Machakos,2.51,24.04
2016-08-16,Machakos,4.27,28.36
2016-08-17,Machakos,4.23,26.96
2016-08-18,Machakos,4.57,23.57
2016-08-19,Machakos,8.79,23.05
2016-08-20,Machakos,5.32,27.69
2016-08-21,Machakos,9.07,15.04
2016-08-22,Machakos,5.68,19.84
2016-08-23,Machakos,7.54,22.24
2016-08-24,Machakos,5.33,26.59
2016-08-25,Machakos,5.23,19.81
2016-08-26,Machakos,7.83,24.37
2016-08-27,Machakos,8.09,22.56
2016-08-28,Machakos,6.14,25.58
2016-08-29,Machakos,4.3,27.39
2016-08-30,Machakos,6.54,22.48
2016-08-31,Machakos,3.94,24.07
2016-09-01,Machakos,2.49,20.71
2016-09-02,Machakos,8.74,25.77
2016-09-03,Machakos,6.63,20.17
2016-09-04,Machakos,4.11,30.25
2016-09-05,Machakos,3.53,25.85
2016-09-06,Machakos,3.73,17.09
2016-09-07,Machakos,4.31,23.68
2016-09-08,Machakos,7.03,25.72
2016-09-09,Machakos,5.53,22.49
2016-09-10,Machakos,5.85,22.95
2016-09-11,Machakos,4.0,18.76
2016-09-12,Machakos,1.97,24.04
2016-09-13,Machakos,10.44,18.5
2016-09-14,Machakos,6.38,30.35
2016-09-15,Machakos,3.7,22.63
2016-09-16,Machakos,0.0,21.22
2016-09-17,Machakos,5.41,27.02
2016-09-18,Machakos,6.1,20.01
2016-09-19,Machakos,5.51,29.64
2016-09-20,Machakos,4.7,22.11
2016-09-21,Machakos,5.96,29.4
2016-09-22,Machakos,3.96,26.6
2016-09-23,Machakos,6.06,28.6
2016-09-24,Machakos,4.85,27.03
2016-09-25,Machakos,4.85,27.09
2016-09-26,Machakos,3.04,24.02
2016-09-27,Machakos,3.38,24.93
2016-09-28,Machakos,6.79,26.27
2016-09-29,Machakos,3.18,22.66
2016-09-30,Machakos,2.88,25.53
2016-10-01,Machakos,14.47,25.36
2015-01-01,Makueni,7.63,23.33
2015-01-02,Makueni,6.35,21.62
2015-01-03,Makueni,4.76,21.83
2015-01-04,Makueni,5.66,23.31
2015-01-05,Makueni,3.58,23.82
2015-01-06,Makueni,2.07,22.28
2015-01-07,Makueni,7.84,24.54
2015-01-08,Makueni,8.54,20.93
2015-01-09,Makueni,6.43,25.53
2015-01-10,Makueni,1.29,20.51
2015-01-11,Makueni,6.87,23.02
2015-01-12,Makueni,3.22,27.04
2015-01-13,Makueni,6.59,22.44
2015-01-14,Makueni,6.54,23.52
2015-01-15,Makueni,5.95,28.16
2015-01-16,Makueni,4.1,19.62
2015-01-17,Makueni,6.92,21.0
2015-01-18,Makueni,2.01,32.35
2015-01-19,Makueni,3.71,26.95
2015-01-20,Makueni,3.9,26.45
2015-01-21,Makueni,6.27,22.68
2015-01-22,Makueni,2.93,25.31
2015-01-23,Makueni,1.98,26.36
2015-01-24,Makueni,5.3,23.23
2015-01-25,Makueni,6.4,24.91
2015-01-26,Makueni,3.98,29.8
2015-01-27,Makueni,3.68,28.01
2015-01-28,Makueni,6.23,21.97
2015-01-29,Makueni,4.64,22.36
2015-01-30,Makueni,6.15,22.16
2015-01-31,Makueni,3.22,22.21
2015-02-01,Makueni,3.64,21.59
2015-02-02,Makueni,1.54,21.79
2015-02-03,Makueni,4.59,21.69
2015-02-04,Makueni,4.13,21.86
2015-02-05,Makueni,4.9,26.1
2015-02-06,Makueni,5.73,27.03
2015-02-07,Makueni,6.15,22.88
2015-02-08,Makueni,3.44,28.97
2015-02-09,Makueni,7.93,23.62
2015-02-10,Makueni,5.84,26.89
2015-02-11,Makueni,2.6,14.89
2015-02-12,Makueni,3.67,27.12
2015-02-13,Makueni,6.67,21.33
2015-02-14,Makueni,7.3,25.09
2015-02-15,Makueni,2.93,22.53
2015-02-16,Makueni,4.35,20.31
2015-02-17,Makueni,6.31,22.76
2015-02-18,Makueni,6.74,23.48
2015-02-19,Makueni,4.52,29.4
2015-02-20,Makueni,8.11,25.32
2015-02-21,Makueni,5.3,25.48
2015-02-22,Makueni,6.6,32.01
2015-02-23,Makueni,8.47,26.62
2015-02-24,Makueni,5.25,23.94
2015-02-25,Makueni,6.98,27.11
2015-02-26,Makueni,1.19,26.96
2015-02-27,Makueni,6.69,24.89
2015-02-28,Makueni,0.0,23.47
2015-03-01,Makueni,10.46,27.55
2015-03-02,Makueni,20.33,18.53
2015-03-03,Makueni,18.32,27.46
2015-03-04,Makueni,11.96,22.56
2015-03-05,Makueni,19.13,22.82
2015-03-06,Makueni,11.58,23.65
2015-03-07,Makueni,22.78,23.33
2015-03-08,Makueni,9.92,23.38
2015-03-09,Makueni,9.97,20.56
2015-03-10,Makueni,16.28,29.92
2015-03-11,Makueni,16.28,22.87
2015-03-12,Makueni,19.68,22.93
2015-03-13,Makueni,10.47,26.88
2015-03-14,Makueni,21.06,27.21
2015-03-15,Makueni,15.08,27.44
2015-03-16,Makueni,11.05,28.13
2015-03-17,Makueni,22.02,27.13
2015-03-18,Makueni,9.13,25.42
2015-03-19,Makueni,9.89,22.76
2015-03-20,Makueni,23.49,22.78
2015-03-21,Makueni,23.25,26.76
2015-03-22,Makueni,11.98,26.73
2015-03-23,Makueni,16.95,21.46
2015-03-24,Makueni,25.09,22.85
2015-03-25,Makueni,13.49,22.1
2015-03-26,Makueni,12.37,14.34
2015-03-27,Makueni,22.49,24.43
2015-03-28,Makueni,15.98,24.04
2015-03-29,Makueni,17.57,30.91
2015-03-30,Makueni,11.31,18.76
2015-03-31,Makueni,5.79,26.26
2015-04-01,Makueni,21.44,29.25
2015-04-02,Makueni,9.94,26.19
2015-04-03,Makueni,7.9,21.82
2015-04-04,Makueni,11.2,26.67
2015-04-05,Makueni,2.1,24.56
2015-04-06,Makueni,19.44,20.63
2015-04-07,Makueni,22.33,24.75
2015-04-08,Makueni,18.42,26.0
2015-04-09,Makueni,21.06,26.85
2015-04-10,Makueni,20.12,26.67
2015-04-11,Makueni,3.93,24.32
2015-04-12,Makueni,6.83,20.47
2015-04-13,Makueni,13.8,19.34
2015-04-14,Makueni,17.9,27.99
2015-04-15,Makueni,10.65,25.12
2015-04-16,Makueni,12.57,24.65
2015-04-17,Makueni,13.93,24.43
2015-04-18,Makueni,14.19,28.06
2015-04-19,Makueni,9.34,22.94
2015-04-20,Makueni,12.01,21.57
2015-04-21,Makueni,10.07,22.39
2015-04-22,Makueni,10.03,24.86
2015-04-23,Makueni,11.28,20.62
2015-04-24,Makueni,11.6,24.91
2015-04-25,Makueni,13.09,23.69
2015-04-26,Makueni,17.75,26.12
2015-04-27,Makueni,19.1,24.42
2015-04-28,Makueni,20.26,22.96
2015-04-29,Makueni,3.52,29.53
2015-04-30,Makueni,3.14,21.13
2015-05-01,Makueni,10.83,25.31
2015-05-02,Makueni,17.99,28.08
2015-05-03,Makueni,13.15,27.72
2015-05-04,Makueni,10.44,23.88
2015-05-05,Makueni,15.0,22.65
2015-05-06,Makueni,22.64,23.74
2015-05-07,Makueni,17.65,15.09
2015-05-08,Makueni,25.42,20.83
2015-05-09,Makueni,20.87,27.18
2015-05-10,Makueni,11.13,20.1
2015-05-11,Makueni,27.69,25.91
2015-05-12,Makueni,8.95,26.82
2015-05-13,Makueni,14.51,22.96
2015-05-14,Makueni,19.02,25.92
2015-05-15,Makueni,24.36,25.11
2015-05-16,Makueni,13.68,20.94
2015-05-17,Makueni,26.99,27.4
2015-05-18,Makueni,13.38,18.72
2015-05-19,Makueni,5.82,20.66
2015-05-20,Makueni,19.12,23.61
2015-05-21,Makueni,8.05,25.8
2015-05-22,Makueni,10.07,25.59
2015-05-23,Makueni,18.91,16.89
2015-05-24,Makueni,21.52,22.57
2015-05-25,Makueni,10.2,20.46
2015-05-26,Makueni,16.34,21.26
2015-05-27,Makueni,16.78,22.51
2015-05-28,Makueni,10.51,21.3
2015-05-29,Makueni,22.53,22.95
2015-05-30,Makueni,16.27,24.23
2015-05-31,Makueni,17.79,27.87
2015-06-01,Makueni,4.31,24.48
2015-06-02,Makueni,6.41,20.11
2015-06-03,Makueni,5.9,25.04
2015-06-04,Makueni,3.74,25.2
2015-06-05,Makueni,2.6,21.97
2015-06-06,Makueni,3.75,23.21
2015-06-07,Makueni,2.0,25.22
2015-06-08,Makueni,8.85,21.21
2015-06-09,Makueni,1.89,24.45
2015-06-10,Makueni,7.14,21.78
2015-06-11,Makueni,6.19,21.96
2015-06-12,Makueni,6.26,17.17
2015-06-13,Makueni,7.24,24.05
2015-06-14,Makueni,5.33,24.2
2015-06-15,Makueni,3.73,23.98
2015-06-16,Makueni,4.82,21.19
2015-06-17,Makueni,6.13,25.19
2015-06-18,Makueni,3.46,22.62
2015-06-19,Makueni,7.55,24.14
2015-06-20,Makueni,5.43,22.19
2015-06-21,Makueni,3.13,25.86
2015-06-22,Makueni,5.77,22.96
2015-06-23,Makueni,4.8,25.14
2015-06-24,Makueni,6.99,24.05
2015-06-25,Makueni,7.11,20.42
2015-06-26,Makueni,6.63,23.01
2015-06-27,Makueni,3.43,26.82
2015-06-28,Makueni,4.59,18.49
2015-06-29,Makueni,1.97,31.78
2015-06-30,Makueni,4.93,17.91
2015-07-01,Makueni,1.52,24.43
2015-07-02,Makueni,5.04,25.33
2015-07-03,Makueni,1.33,23.33
2015-07-04,Makueni,5.82,25.78
2015-07-05,Makueni,1.23,22.88
2015-07-06,Makueni,6.27,26.39
2015-07-07,Makueni,1.68,23.3
2015-07-08,Makueni,5.56,24.13
2015-07-09,Makueni,4.17,25.43
2015-07-10,Makueni,7.73,26.86
2015-07-11,Makueni,3.51,24.52
2015-07-12,Makueni,5.45,24.59
2015-07-13,Makueni,7.56,23.29
2015-07-14,Makueni,7.11,21.06
2015-07-15,Makueni,7.21,22.47
2015-07-16,Makueni,4.46,22.58
2015-07-17,Makueni,6.09,25.18
2015-07-18,Makueni,4.48,22.55
2015-07-19,Makueni,3.25,20.4
2015-07-20,Makueni,3.88,24.37
2015-07-21,Makueni,3.97,18.21
2015-07-22,Makueni,5.63,25.17
2015-07-23,Makueni,4.09,29.35
2015-07-24,Makueni,1.97,26.66
2015-07-25,Makueni,6.03,22.46
2015-07-26,Makueni,2.78,24.95
2015-07-27,Makueni,2.97,26.07
2015-07-28,Makueni,5.78,27.29
2015-07-29,Makueni,3.58,22.5
2015-07-30,Makueni,5.05,23.28
2015-07-31,Makueni,6.12,18.93
2015-08-01,Makueni,7.72,18.85
2015-08-02,Makueni,4.07,20.04
2015-08-03,Makueni,6.5,24.35
2015-08-04,Makueni,5.58,19.73
2015-08-05,Makueni,3.33,24.95
2015-08-06,Makueni,5.04,23.29
2015-08-07,Makueni,0.15,25.95
2015-08-08,Makueni,4.62,30.93
2015-08-09,Makueni,7.05,23.68
2015-08-10,Makueni,5.34,29.89
2015-08-11,Makueni,3.55,16.23
2015-08-12,Makueni,10.48,24.09
2015-08-13,Makueni,6.31,22.55
2015-08-14,Makueni,7.43,23.63
2015-08-15,Makueni,7.69,19.52
2015-08-16,Makueni,5.47,27.89
2015-08-17,Makueni,6.14,23.78
2015-08-18,Makueni,9.54,18.38
2015-08-19,Makueni,3.82,21.71
2015-08-20,Makueni,5.34,26.33
2015-08-21,Makueni,5.88,23.49
2015-08-22,Makueni,5.2,29.72
2015-08-23,Makueni,5.59,22.9
2015-08-24,Makueni,5.63,24.79
2015-08-25,Makueni,3.71,22.83
2015-08-26,Makueni,4.07,23.42
2015-08-27,Makueni,4.2,25.65
2015-08-28,Makueni,2.45,21.97
2015-08-29,Makueni,6.37,20.03
2015-08-30,Makueni,4.16,27.4
2015-08-31,Makueni,7.38,22.75
2015-09-01,Makueni,1.78,21.11
2015-09-02,Makueni,4.71,24.96
2015-09-03,Makueni,5.77,20.64
2015-09-04,Makueni,4.74,18.82
2015-09-05,Makueni,6.2,23.54
2015-09-06,Makueni,5.31,27.32
2015-09-07,Makueni,4.14,26.34
2015-09-08,Makueni,6.31,25.05
2015-09-09,Makueni,8.3,23.09
2015-09-10,Makueni,4.63,20.79
2015-09-11,Makueni,4.89,21.55
2015-09-12,Makueni,9.12,19.28
2015-09-13,Makueni,7.56,24.03
2015-09-14,Makueni,8.04,19.49
2015-09-15,Makueni,8.44,20.22
2015-09-16,Makueni,4.99,23.28
2015-09-17,Makueni,1.09,25.95
2015-09-18,Makueni,3.89,20.17
2015-09-19,Makueni,4.85,26.98
2015-09-20,Makueni,4.12,23.38
2015-09-21,Makueni,0.31,23.38
2015-09-22,Makueni,4.54,18.42
2015-09-23,Makueni,1.19,25.72
2015-09-24,Makueni,6.74,23.7
2015-09-25,Makueni,7.02,17.89
2015-09-26,Makueni,5.08,21.51
2015-09-27,Makueni,8.58,19.07
2015-09-28,Makueni,4.03,26.14
2015-09-29,Makueni,4.55,26.07
2015-09-30,Makueni,8.65,24.02
2015-10-01,Makueni,10.44,23.33
2015-10-02,Makueni,11.95,19.25
2015-10-03,Makueni,7.16,29.09
2015-10-04,Makueni,7.79,25.41
2015-10-05,Makueni,2.04,20.75
2015-10-06,Makueni,9.07,23.33
2015-10-07,Makueni,11.4,19.97
2015-10-08,Makueni,11.28,23.84
2015-10-09,Makueni,11.03,24.64
2015-10-10,Makueni,5.13,21.05
2015-10-11,Makueni,7.96,28.19
2015-10-12,Makueni,6.82,22.35
2015-10-13,Makueni,11.54,23.36
2015-10-14,Makueni,7.5,24.41
2015-10-15,Makueni,4.03,29.73
2015-10-16,Makueni,14.22,28.12
2015-10-17,Makueni,12.64,26.19
2015-10-18,Makueni,7.1,23.91
2015-10-19,Makueni,13.69,23.38
2015-10-20,Makueni,7.52,24.02
2015-10-21,Makueni,15.17,23.45
2015-10-22,Makueni,7.38,21.73
2015-10-23,Makueni,6.12,19.71
2015-10-24,Makueni,14.79,18.23
2015-10-25,Makueni,10.18,26.17
2015-10-26,Makueni,5.72,28.4
2015-10-27,Makueni,5.29,23.98
2015-10-28,Makueni,7.89,24.52
2015-10-29,Makueni,11.14,20.3
2015-10-30,Makueni,6.36,26.34
2015-10-31,Makueni,11.19,26.57
2015-11-01,Makueni,11.53,24.5
2015-11-02,Makueni,14.88,18.74
2015-11-03,Makueni,6.36,26.36
2015-11-04,Makueni,12.15,25.73
2015-11-05,Makueni,9.58,24.16
2015-11-06,Makueni,10.15,24.28
2015-11-07,Makueni,10.17,20.32
2015-11-08,Makueni,12.59,22.78
2015-11-09,Makueni,9.33,26.15
2015-11-10,Makueni,13.89,20.05
2015-11-11,Makueni,6.04,22.87
2015-11-12,Makueni,15.77,30.31
2015-11-13,Makueni,7.54,22.16
2015-11-14,Makueni,13.17,23.33
2015-11-15,Makueni,9.46,21.5
2015-11-16,Makueni,10.61,22.26
2015-11-17,Makueni,14.48,21.89
2015-11-18,Makueni,8.18,25.48
2015-11-19,Makueni,16.32,19.91
2015-11-20,Makueni,8.06,31.87
2015-11-21,Makueni,8.23,26.22
2015-11-22,Makueni,11.55,28.39
2015-11-23,Makueni,9.24,25.69
2015-11-24,Makueni,12.47,21.0
2015-11-25,Makueni,7.59,23.53
2015-11-26,Makueni,9.66,20.6
2015-11-27,Makueni,10.7,28.97
2015-11-28,Makueni,11.79,23.55
2015-11-29,Makueni,10.38,28.26
2015-11-30,Makueni,16.41,21.9
2015-12-01,Makueni,5.87,21.69
2015-12-02,Makueni,8.34,29.54
2015-12-03,Makueni,4.21,26.2
2015-12-04,Makueni,2.13,23.14
2015-12-05,Makueni,3.24,25.76
2015-12-06,Makueni,6.03,22.42
2015-12-07,Makueni,8.63,23.7
2015-12-08,Makueni,4.04,20.97
2015-12-09,Makueni,6.58,23.36
2015-12-10,Makueni,5.36,21.44
2015-12-11,Makueni,4.98,27.12
2015-12-12,Makueni,2.13,29.05
2015-12-13,Makueni,2.89,24.41
2015-12-14,Makueni,3.4,30.77
2015-12-15,Makueni,4.76,28.0
2015-12-16,Makueni,3.42,22.4
2015-12-17,Makueni,2.48,28.2
2015-12-18,Makueni,5.34,21.81
2015-12-19,Makueni,4.59,26.98
2015-12-20,Makueni,7.02,25.96
2015-12-21,Makueni,4.67,30.85
2015-12-22,Makueni,5.85,20.97
2015-12-23,Makueni,4.4,23.17
2015-12-24,Makueni,3.46,24.37
2015-12-25,Makueni,2.31,22.77
2015-12-26,Makueni,2.03,25.55
2015-12-27,Makueni,4.42,24.21
2015-12-28,Makueni,7.38,20.41
2015-12-29,Makueni,4.34,22.83
2015-12-30,Makueni,5.65,21.05
2015-12-31,Makueni,6.39,21.11
2016-01-01,Makueni,6.23,23.79
2016-01-02,Makueni,8.12,20.71
2016-01-03,Makueni,4.76,25.3
2016-01-04,Makueni,7.48,26.54
2016-01-05,Makueni,6.73,23.2
2016-01-06,Makueni,5.42,18.87
2016-01-07,Makueni,6.07,22.33
2016-01-08,Makueni,4.51,22.84
2016-01-09,Makueni,6.69,28.21
2016-01-10,Makueni,6.77,19.84
2016-01-11,Makueni,5.52,21.47
2016-01-12,Makueni,5.75,25.19
2016-01-13,Makueni,8.35,28.46
2016-01-14,Makueni,6.75,22.16
2016-01-15,Makueni,5.29,25.62
2016-01-16,Makueni,6.71,16.77
2016-01-17,Makueni,2.01,18.09
2016-01-18,Makueni,4.38,26.39
2016-01-19,Makueni,5.95,23.81
2016-01-20,Makueni,2.75,24.84
2016-01-21,Makueni,4.69,24.57
2016-01-22,Makueni,5.36,24.05
2016-01-23,Makueni,6.34,19.94
2016-01-24,Makueni,3.07,19.26
2016-01-25,Makueni,7.02,21.98
2016-01-26,Makueni,5.98,20.87
2016-01-27,Makueni,3.09,27.03
2016-01-28,Makueni,3.47,20.98
2016-01-29,Makueni,4.94,20.99
2016-01-30,Makueni,6.83,21.67
2016-01-31,Makueni,5.23,23.21
2016-02-01,Makueni,5.42,23.86
2016-02-02,Makueni,1.28,26.53
2016-02-03,Makueni,3.21,21.68
2016-02-04,Makueni,4.27,20.64
2016-02-05,Makueni,5.39,30.18
2016-02-06,Makueni,3.02,18.94
2016-02-07,Makueni,4.31,24.11
2016-02-08,Makueni,3.77,23.73
2016-02-09,Makueni,2.22,20.17
2016-02-10,Makueni,6.27,33.12
2016-02-11,Makueni,4.9,23.82
2016-02-12,Makueni,3.49,22.52
2016-02-13,Makueni,2.25,25.66
2016-02-14,Makueni,8.47,24.04
2016-02-15,Makueni,4.66,23.01
2016-02-16,Makueni,2.69,21.99
2016-02-17,Makueni,7.68,21.56
2016-02-18,Makueni,6.55,24.1
2016-02-19,Makueni,5.93,21.58
2016-02-20,Makueni,4.55,23.57
2016-02-21,Makueni,6.74,20.8
2016-02-22,Makueni,6.86,29.81
2016-02-23,Makueni,4.31,24.45
2016-02-24,Makueni,7.32,26.33
2016-02-25,Makueni,1.31,24.9
2016-02-26,Makueni,6.68,22.96
2016-02-27,Makueni,8.17,22.84
2016-02-28,Makueni,5.79,26.38
2016-02-29,Makueni,4.65,25.97
2016-03-01,Makueni,24.12,29.9
2016-03-02,Makueni,10.95,21.75
2016-03-03,Makueni,9.23,24.09
2016-03-04,Makueni,20.52,26.72
2016-03-05,Makueni,19.02,26.42
2016-03-06,Makueni,12.89,24.94
2016-03-07,Makueni,22.02,23.19
2016-03-08,Makueni,14.53,21.58
2016-03-09,Makueni,15.99,20.59
2016-03-10,Makueni,12.82,26.76
2016-03-11,Makueni,20.25,21.46
2016-03-12,Makueni,17.5,20.56
2016-03-13,Makueni,19.5,23.37
2016-03-14,Makueni,20.54,24.76
2016-03-15,Makueni,23.46,24.76
2016-03-16,Makueni,12.44,22.44
2016-03-17,Makueni,19.47,21.18
2016-03-18,Makueni,6.66,26.85
2016-03-19,Makueni,26.92,24.01
2016-03-20,Makueni,10.51,24.3
2016-03-21,Makueni,19.08,20.83
2016-03-22,Makueni,14.44,22.47
2016-03-23,Makueni,17.69,24.38
2016-03-24,Makueni,10.83,26.29
2016-03-25,Makueni,19.05,26.76
2016-03-26,Makueni,13.45,30.6
2016-03-27,Makueni,12.66,21.67
2016-03-28,Makueni,15.01,22.77
2016-03-29,Makueni,23.94,26.45
2016-03-30,Makueni,19.42,26.26
2016-03-31,Makueni,8.73,28.37
2016-04-01,Makueni,24.53,27.34
2016-04-02,Makueni,15.03,24.34
2016-04-03,Makueni,16.19,21.8
2016-04-04,Makueni,13.08,21.48
2016-04-05,Makueni,20.31,24.66
2016-04-06,Makueni,8.5,23.14
2016-04-07,Makueni,17.54,15.66
2016-04-08,Makueni,16.56,26.45
2016-04-09,Makueni,16.66,24.55
2016-04-10,Makueni,23.72,20.23
2016-04-11,Makueni,10.89,21.06
2016-04-12,Makueni,14.93,26.76
2016-04-13,Makueni,19.34,21.86
2016-04-14,Makueni,10.28,24.94
2016-04-15,Makueni,8.96,23.85
2016-04-16,Makueni,14.44,26.83
2016-04-17,Makueni,21.29,25.89
2016-04-18,Makueni,10.76,29.46
2016-04-19,Makueni,15.62,20.07
2016-04-20,Makueni,19.38,23.65
2016-04-21,Makueni,15.96,24.82
2016-04-22,Makueni,13.45,20.86
2016-04-23,Makueni,6.75,23.56
2016-04-24,Makueni,16.77,27.01
2016-04-25,Makueni,12.93,23.59
2016-04-26,Makueni,12.37,25.49
2016-04-27,Makueni,7.87,20.28
2016-04-28,Makueni,9.11,21.63
2016-04-29,Makueni,25.4,24.23
2016-04-30,Makueni,17.55,27.49
2016-05-01,Makueni,13.85,27.84
2016-05-02,Makueni,10.11,27.85
2016-05-03,Makueni,15.94,25.04
2016-05-04,Makueni,14.46,19.91
2016-05-05,Makueni,14.79,20.46
2016-05-06,Makueni,18.99,22.08
2016-05-07,Makueni,9.03,24.97
2016-05-08,Makueni,15.02,28.12
2016-05-09,Makueni,14.73,28.05
2016-05-10,Makueni,17.48,20.56
2016-05-11,Makueni,15.03,26.83
2016-05-12,Makueni,18.74,30.07
2016-05-13,Makueni,10.55,26.89
2016-05-14,Makueni,19.65,21.63
2016-05-15,Makueni,11.73,29.91
2016-05-16,Makueni,20.74,21.6
2016-05-17,Makueni,15.75,24.05
2016-05-18,Makueni,13.18,24.28
2016-05-19,Makueni,6.18,23.34
2016-05-20,Makueni,16.92,17.55
2016-05-21,Makueni,15.27,25.01
2016-05-22,Makueni,19.86,25.11
2016-05-23,Makueni,13.16,21.29
2016-05-24,Makueni,20.33,21.56
2016-05-25,Makueni,20.25,24.2
2016-05-26,Makueni,10.39,26.21
2016-05-27,Makueni,14.62,22.24
2016-05-28,Makueni,18.73,25.52
2016-05-29,Makueni,24.31,20.43
2016-05-30,Makueni,19.31,25.3
2016-05-31,Makueni,16.6,25.87
2016-06-01,Makueni,7.84,21.51
2016-06-02,Makueni,6.53,24.84
2016-06-03,Makueni,9.82,23.91
2016-06-04,Makueni,2.47,24.07
2016-06-05,Makueni,4.28,22.65
2016-06-06,Makueni,7.18,24.6
2016-06-07,Makueni,7.37,28.24
2016-06-08,Makueni,8.77,23.08
2016-06-09,Makueni,5.87,22.15
2016-06-10,Makueni,3.17,25.93
2016-06-11,Makueni,2.22,21.94
2016-06-12,Makueni,3.68,26.75
2016-06-13,Makueni,6.6,21.15
2016-06-14,Makueni,4.38,24.86
2016-06-15,Makueni,3.16,23.0
2016-06-16,Makueni,8.38,26.09
2016-06-17,Makueni,7.36,23.22
2016-06-18,Makueni,2.2,17.36
2016-06-19,Makueni,5.83,30.39
2016-06-20,Makueni,5.89,25.6
2016-06-21,Makueni,6.81,24.87
2016-06-22,Makueni,7.66,25.95
2016-06-23,Makueni,2.34,23.26
2016-06-24,Makueni,4.36,20.54
2016-06-25,Makueni,3.06,22.77
2016-06-26,Makueni,4.23,25.65
2016-06-27,Makueni,4.78,26.5
2016-06-28,Makueni,6.25,22.05
2016-06-29,Makueni,3.98,25.01
2016-06-30,Makueni,3.75,23.98
2016-07-01,Makueni,5.32,22.63
2016-07-02,Makueni,2.88,28.12
2016-07-03,Makueni,4.86,27.21
2016-07-04,Makueni,3.82,28.2
2016-07-05,Makueni,4.58,22.56
2016-07-06,Makueni,4.23,25.33
2016-07-07,Makueni,4.03,27.62
2016-07-08,Makueni,2.88,25.64
2016-07-09,Makueni,4.38,26.74
2016-07-10,Makueni,2.27,22.33
2016-07-11,Makueni,4.37,29.27
2016-07-12,Makueni,7.31,28.25
2016-07-13,Makueni,8.03,22.38
2016-07-14,Makueni,4.73,26.63
2016-07-15,Makueni,6.54,24.43
2016-07-16,Makueni,10.91,21.71
2016-07-17,Makueni,3.01,26.34
2016-07-18,Makueni,3.89,22.71
2016-07-19,Makueni,3.84,28.98
2016-07-20,Makueni,2.4,23.81
2016-07-21,Makueni,3.41,25.95
2016-07-22,Makueni,5.13,23.39
2016-07-23,Makueni,5.41,23.58
2016-07-24,Makueni,5.9,19.97
2016-07-25,Makueni,3.85,26.03
2016-07-26,Makueni,5.73,32.12
2016-07-27,Makueni,8.25,29.56
2016-07-28,Makueni,2.45,22.02
2016-07-29,Makueni,4.66,23.83
2016-07-30,Makueni,5.75,27.15
2016-07-31,Makueni,3.26,27.3
2016-08-01,Makueni,9.18,24.04
2016-08-02,Makueni,5.28,27.15
2016-08-03,Makueni,6.48,26.08
2016-08-04,Makueni,2.44,21.84
2016-08-05,Makueni,5.19,25.82
2016-08-06,Makueni,4.37,21.15
2016-08-07,Makueni,4.83,34.08
2016-08-08,Makueni,2.87,26.04
2016-08-09,Makueni,5.26,21.12
2016-08-10,Makueni,5.91,22.92
2016-08-11,Makueni,3.83,28.5
2016-08-12,Makueni,8.7,23.5
2016-08-13,Makueni,5.22,25.09
2016-08-14,Makueni,3.85,23.25
2016-08-15,Makueni,5.42,20.33
2016-08-16,Makueni,3.22,22.26
2016-08-17,Makueni,4.38,25.43
2016-08-18,Makueni,4.32,25.44
2016-08-19,Makueni,1.25,23.02
2016-08-20,Makueni,7.74,24.51
2016-08-21,Makueni,5.8,23.7
2016-08-22,Makueni,3.98,24.44
2016-08-23,Makueni,4.11,24.25
2016-08-24,Makueni,5.79,23.78
2016-08-25,Makueni,4.81,30.07
2016-08-26,Makueni,4.61,24.0
2016-08-27,Makueni,5.72,29.0
2016-08-28,Makueni,6.55,18.77
2016-08-29,Makueni,0.56,24.02
2016-08-30,Makueni,6.37,25.29
2016-08-31,Makueni,5.06,19.97
2016-09-01,Makueni,4.53,23.0
2016-09-02,Makueni,9.5,26.97
2016-09-03,Makueni,6.65,28.67
2016-09-04,Makueni,7.92,25.59
2016-09-05,Makueni,5.91,22.68
2016-09-06,Makueni,5.64,32.01
2016-09-07,Makueni,6.34,21.22
2016-09-08,Makueni,3.93,26.99
2016-09-09,Makueni,2.01,26.38
2016-09-10,Makueni,6.34,23.98
2016-09-11,Makueni,5.8,23.34
2016-09-12,Makueni,6.46,24.89
2016-09-13,Makueni,4.65,23.87
2016-09-14,Makueni,10.1,21.55
2016-09-15,Makueni,0.89,23.23
2016-09-16,Makueni,3.66,23.37
2016-09-17,Makueni,3.25,22.79
2016-09-18,Makueni,0.58,21.14
2016-09-19,Makueni,5.09,25.47
2016-09-20,Makueni,9.64,28.3
2016-09-21,Makueni,5.72,29.05
2016-09-22,Makueni,4.6,30.29
2016-09-23,Makueni,3.3,20.15
2016-09-24,Makueni,5.31,17.1
2016-09-25,Makueni,7.38,26.43
2016-09-26,Makueni,5.78,24.48
2016-09-27,Makueni,6.92,23.04
2016-09-28,Makueni,2.98,23.45
2016-09-29,Makueni,2.18,18.45
2016-09-30,Makueni,5.48,22.62
2016-10-01,Makueni,7.73,26.46
2015-01-01,Nyandarua,1.76,23.25
2015-01-02,Nyandarua,4.72,21.47
2015-01-03,Nyandarua,6.11,21.34
2015-01-04,Nyandarua,7.48,18.8
2015-01-05,Nyandarua,7.43,26.36
2015-01-06,Nyandarua,6.14,25.61
2015-01-07,Nyandarua,4.84,27.73
2015-01-08,Nyandarua,8.65,27.56
2015-01-09,Nyandarua,6.78,21.54
2015-01-10,Nyandarua,3.27,23.95
2015-01-11,Nyandarua,5.85,33.79
2015-01-12,Nyandarua,6.05,23.64
2015-01-13,Nyandarua,5.94,24.51
2015-01-14,Nyandarua,5.76,30.93
2015-01-15,Nyandarua,2.64,24.08
2015-01-16,Nyandarua,5.22,21.18
2015-01-17,Nyandarua,6.99,16.77
2015-01-18,Nyandarua,5.67,22.73
2015-01-19,Nyandarua,4.83,25.76
2015-01-20,Nyandarua,5.34,24.52
2015-01-21,Nyandarua,5.19,21.21
2015-01-22,Nyandarua,6.99,25.75
2015-01-23,Nyandarua,2.22,24.98
2015-01-24,Nyandarua,4.19,29.52
2015-01-25,Nyandarua,5.92,20.69
2015-01-26,Nyandarua,6.14,28.5
2015-01-27,Nyandarua,5.15,19.59
2015-01-28,Nyandarua,0.84,24.3
2015-01-29,Nyandarua,7.96,21.48
2015-01-30,Nyandarua,6.84,23.23
2015-01-31,Nyandarua,5.95,25.87
2015-02-01,Nyandarua,7.94,19.88
2015-02-02,Nyandarua,1.88,27.08
2015-02-03,Nyandarua,5.2,24.24
2015-02-04,Nyandarua,4.19,23.39
2015-02-05,Nyandarua,4.65,26.49
2015-02-06,Nyandarua,3.69,24.5
2015-02-07,Nyandarua,6.71,18.19
2015-02-08,Nyandarua,6.81,20.82
2015-02-09,Nyandarua,2.46,23.9
2015-02-10,Nyandarua,6.81,18.01
2015-02-11,Nyandarua,5.04,23.02
2015-02-12,Nyandarua,3.2,22.89
2015-02-13,Nyandarua,4.95,28.32
2015-02-14,Nyandarua,5.32,24.2
2015-02-15,Nyandarua,3.33,25.44
2015-02-16,Nyandarua,2.87,24.23
2015-02-17,Nyandarua,5.73,25.1
2015-02-18,Nyandarua,6.18,21.52
2015-02-19,Nyandarua,5.83,29.9
2015-02-20,Nyandarua,4.01,21.13
2015-02-21,Nyandarua,7.44,24.76
2015-02-22,Nyandarua,5.36,30.77
2015-02-23,Nyandarua,5.94,25.34
2015-02-24,Nyandarua,5.03,26.49
2015-02-25,Nyandarua,2.13,27.74
2015-02-26,Nyandarua,2.09,26.58
2015-02-27,Nyandarua,5.27,22.67
2015-02-28,Nyandarua,7.96,24.79
2015-03-01,Nyandarua,7.79,26.3
2015-03-02,Nyandarua,17.22,23.54
2015-03-03,Nyandarua,13.59,28.2
2015-03-04,Nyandarua,13.24,22.83
2015-03-05,Nyandarua,10.75,25.48
2015-03-06,Nyandarua,17.33,22.8
2015-03-07,Nyandarua,9.11,26.5
2015-03-08,Nyandarua,4.9,20.82
2015-03-09,Nyandarua,16.01,21.25
2015-03-10,Nyandarua,8.46,18.94
2015-03-11,Nyandarua,17.21,21.09
2015-03-12,Nyandarua,17.14,24.48
2015-03-13,Nyandarua,8.33,22.35
2015-03-14,Nyandarua,10.32,25.81
2015-03-15,Nyandarua,1.97,28.35
2015-03-16,Nyandarua,21.15,29.31
2015-03-17,Nyandarua,16.88,21.9
2015-03-18,Nyandarua,25.33,23.24
2015-03-19,Nyandarua,11.89,23.48
2015-03-20,Nyandarua,11.25,25.75
2015-03-21,Nyandarua,11.65,26.15
2015-03-22,Nyandarua,15.31,26.71
2015-03-23,Nyandarua,9.61,20.07
2015-03-24,Nyandarua,1.37,26.2
2015-03-25,Nyandarua,17.4,28.19
2015-03-26,Nyandarua,14.2,19.72
2015-03-27,Nyandarua,13.98,21.66
2015-03-28,Nyandarua,13.41,28.2
2015-03-29,Nyandarua,17.07,23.52
2015-03-30,Nyandarua,15.79,20.21
2015-03-31,Nyandarua,19.01,22.17
2015-04-01,Nyandarua,18.08,19.98
2015-04-02,Nyandarua,10.98,25.87
2015-04-03,Nyandarua,17.3,20.84
2015-04-04,Nyandarua,18.46,22.73
2015-04-05,Nyandarua,7.45,20.12
2015-04-06,Nyandarua,15.76,20.82
2015-04-07,Nyandarua,12.64,21.04
2015-04-08,Nyandarua,16.96,25.63
2015-04-09,Nyandarua,18.27,30.72
2015-04-10,Nyandarua,9.39,28.61
2015-04-11,Nyandarua,18.77,22.5
2015-04-12,Nyandarua,7.41,27.43
2015-04-13,Nyandarua,16.98,22.92
2015-04-14,Nyandarua,18.3,22.91
2015-04-15,Nyandarua,15.96,28.14
2015-04-16,Nyandarua,16.67,22.85
2015-04-17,Nyandarua,12.47,25.82
2015-04-18,Nyandarua,9.3,24.17
2015-04-19,Nyandarua,14.07,26.53
2015-04-20,Nyandarua,11.21,22.84
2015-04-21,Nyandarua,8.49,26.41
2015-04-22,Nyandarua,9.85,26.96
2015-04-23,Nyandarua,13.85,26.39
2015-04-24,Nyandarua,22.03,22.25
2015-04-25,Nyandarua,16.17,23.04
2015-04-26,Nyandarua,13.35,23.44
2015-04-27,Nyandarua,22.06,24.79
2015-04-28,Nyandarua,18.35,26.88
2015-04-29,Nyandarua,15.29,19.0
2015-04-30,Nyandarua,17.61,18.6
2015-05-01,Nyandarua,4.59,25.73
2015-05-02,Nyandarua,15.19,18.11
2015-05-03,Nyandarua,19.01,23.67
2015-05-04,Nyandarua,16.55,21.97
2015-05-05,Nyandarua,12.87,24.45
2015-05-06,Nyandarua,17.93,22.83
2015-05-07,Nyandarua,18.53,28.52
2015-05-08,Nyandarua,17.55,23.44
2015-05-09,Nyandarua,29.23,21.18
2015-05-10,Nyandarua,14.76,24.27
2015-05-11,Nyandarua,11.3,24.13
2015-05-12,Nyandarua,6.77,25.67
2015-05-13,Nyandarua,10.82,20.91
2015-05-14,Nyandarua,14.64,22.63
2015-05-15,Nyandarua,18.71,25.1
2015-05-16,Nyandarua,17.82,21.98
2015-05-17,Nyandarua,10.17,25.09
2015-05-18,Nyandarua,5.52,22.83
2015-05-19,Nyandarua,18.32,28.53
2015-05-20,Nyandarua,25.54,19.81
2015-05-21,Nyandarua,20.48,18.15
2015-05-22,Nyandarua,19.11,28.86
2015-05-23,Nyandarua,11.98,28.34
2015-05-24,Nyandarua,20.03,23.06
2015-05-25,Nyandarua,5.69,24.88
2015-05-26,Nyandarua,9.47,23.66
2015-05-27,Nyandarua,11.03,28.8
2015-05-28,Nyandarua,11.21,25.63
2015-05-29,Nyandarua,18.83,25.56
2015-05-30,Nyandarua,16.33,24.15
2015-05-31,Nyandarua,31.47,20.73
2015-06-01,Nyandarua,0.72,26.46
2015-06-02,Nyandarua,5.3,23.09
2015-06-03,Nyandarua,4.32,23.85
2015-06-04,Nyandarua,6.85,18.59
2015-06-05,Nyandarua,4.83,21.93
2015-06-06,Nyandarua,4.89,19.07
2015-06-07,Nyandarua,6.11,23.93
2015-06-08,Nyandarua,4.7,27.14
2015-06-09,Nyandarua,2.78,22.51
2015-06-10,Nyandarua,2.49,23.13
2015-06-11,Nyandarua,0.95,25.49
2015-06-12,Nyandarua,5.43,24.81
2015-06-13,Nyandarua,5.11,17.23
2015-06-14,Nyandarua,1.96,23.28
2015-06-15,Nyandarua,3.6,24.56
2015-06-16,Nyandarua,4.89,19.69
2015-06-17,Nyandarua,5.15,24.94
2015-06-18,Nyandarua,6.06,25.99
2015-06-19,Nyandarua,2.6,25.75
2015-06-20,Nyandarua,5.51,23.0
2015-06-21,Nyandarua,5.9,25.91
2015-06-22,Nyandarua,4.8,27.86
2015-06-23,Nyandarua,5.82,26.8
2015-06-24,Nyandarua,4.22,25.1
2015-06-25,Nyandarua,7.48,22.52
2015-06-26,Nyandarua,1.66,23.5
2015-06-27,Nyandarua,6.98,24.85
2015-06-28,Nyandarua,4.47,23.39
2015-06-29,Nyandarua,2.28,21.28
2015-06-30,Nyandarua,6.08,19.88
2015-07-01,Nyandarua,3.44,20.74
2015-07-02,Nyandarua,7.81,20.34
2015-07-03,Nyandarua,4.66,27.97
2015-07-04,Nyandarua,4.89,23.35
2015-07-05,Nyandarua,6.31,26.57
2015-07-06,Nyandarua,3.29,27.74
2015-07-07,Nyandarua,4.97,23.88
2015-07-08,Nyandarua,7.65,23.82
2015-07-09,Nyandarua,1.97,23.66
2015-07-10,Nyandarua,6.69,28.87
2015-07-11,Nyandarua,7.23,17.07
2015-07-12,Nyandarua,3.8,27.62
2015-07-13,Nyandarua,5.89,21.5
2015-07-14,Nyandarua,2.1,28.0
2015-07-15,Nyandarua,3.1,23.43
2015-07-16,Nyandarua,6.55,21.69
2015-07-17,Nyandarua,7.29,24.45
2015-07-18,Nyandarua,1.68,20.42
2015-07-19,Nyandarua,6.6,20.49
2015-07-20,Nyandarua,7.48,21.5
2015-07-21,Nyandarua,6.25,24.41
2015-07-22,Nyandarua,6.14,23.2
2015-07-23,Nyandarua,4.6,22.19
2015-07-24,Nyandarua,5.82,23.76
2015-07-25,Nyandarua,5.96,25.02
2015-07-26,Nyandarua,7.2,24.71
2015-07-27,Nyandarua,6.3,28.83
2015-07-28,Nyandarua,0.49,23.1
2015-07-29,Nyandarua,4.71,20.27
2015-07-30,Nyandarua,3.41,26.22
2015-07-31,Nyandarua,7.59,30.6
2015-08-01,Nyandarua,6.78,22.22
2015-08-02,Nyandarua,1.76,22.86
2015-08-03,Nyandarua,7.44,27.64
2015-08-04,Nyandarua,6.73,26.1
2015-08-05,Nyandarua,5.01,25.05
2015-08-06,Nyandarua,2.4,22.95
2015-08-07,Nyandarua,5.4,29.17
2015-08-08,Nyandarua,2.36,17.18
2015-08-09,Nyandarua,7.58,24.35
2015-08-10,Nyandarua,5.64,26.74
2015-08-11,Nyandarua,8.63,24.73
2015-08-12,Nyandarua,7.33,23.24
2015-08-13,Nyandarua,6.21,23.35
2015-08-14,Nyandarua,4.66,17.12
2015-08-15,Nyandarua,6.24,23.65
2015-08-16,Nyandarua,5.79,22.82
2015-08-17,Nyandarua,8.57,22.6
2015-08-18,Nyandarua,5.73,22.9
2015-08-19,Nyandarua,4.1,30.06
2015-08-20,Nyandarua,5.14,25.56
2015-08-21,Nyandarua,4.94,18.28
2015-08-22,Nyandarua,5.33,18.54
2015-08-23,Nyandarua,3.68,22.09
2015-08-24,Nyandarua,5.16,24.75
2015-08-25,Nyandarua,6.2,21.58
2015-08-26,Nyandarua,5.11,17.27
2015-08-27,Nyandarua,7.46,28.63
2015-08-28,Nyandarua,3.65,27.36
2015-08-29,Nyandarua,5.8,21.23
2015-08-30,Nyandarua,2.65,25.54
2015-08-31,Nyandarua,8.59,26.82
2015-09-01,Nyandarua,4.5,23.12
2015-09-02,Nyandarua,4.5,24.52
2015-09-03,Nyandarua,4.69,27.41
2015-09-04,Nyandarua,2.55,23.28
2015-09-05,Nyandarua,5.62,24.08
2015-09-06,Nyandarua,5.73,20.55
2015-09-07,Nyandarua,4.61,24.6
2015-09-08,Nyandarua,5.51,28.12
2015-09-09,Nyandarua,8.22,29.43
2015-09-10,Nyandarua,5.45,24.43
2015-09-11,Nyandarua,6.49,22.16
2015-09-12,Nyandarua,2.13,24.78
2015-09-13,Nyandarua,2.52,21.08
2015-09-14,Nyandarua,10.54,18.38
2015-09-15,Nyandarua,6.02,20.71
2015-09-16,Nyandarua,6.99,24.79
2015-09-17,Nyandarua,5.74,24.51
2015-09-18,Nyandarua,2.4,21.8
2015-09-19,Nyandarua,2.33,19.54
2015-09-20,Nyandarua,8.28,22.1
2015-09-21,Nyandarua,2.95,21.77
2015-09-22,Nyandarua,6.4,26.9
2015-09-23,Nyandarua,4.48,19.43
2015-09-24,Nyandarua,7.34,20.31
2015-09-25,Nyandarua,8.01,21.15
2015-09-26,Nyandarua,5.9,24.82
2015-09-27,Nyandarua,6.89,23.8
2015-09-28,Nyandarua,5.89,22.21
2015-09-29,Nyandarua,3.23,28.46
2015-09-30,Nyandarua,7.76,26.91
2015-10-01,Nyandarua,6.57,18.9
2015-10-02,Nyandarua,5.65,19.65
2015-10-03,Nyandarua,9.14,26.31
2015-10-04,Nyandarua,11.75,23.26
2015-10-05,Nyandarua,9.2,18.08
2015-10-06,Nyandarua,8.96,26.1
2015-10-07,Nyandarua,9.21,25.27
2015-10-08,Nyandarua,8.0,24.2
2015-10-09,Nyandarua,10.02,20.63
2015-10-10,Nyandarua,18.02,28.16
2015-10-11,Nyandarua,4.27,26.24
2015-10-12,Nyandarua,5.4,20.52
2015-10-13,Nyandarua,11.53,20.26
2015-10-14,Nyandarua,8.22,24.27
2015-10-15,Nyandarua,11.72,23.24
2015-10-16,Nyandarua,9.63,29.95
2015-10-17,Nyandarua,7.87,27.67
2015-10-18,Nyandarua,7.87,23.58
2015-10-19,Nyandarua,9.57,27.51
2015-10-20,Nyandarua,13.31,35.74
2015-10-21,Nyandarua,7.07,21.77
2015-10-22,Nyandarua,11.08,29.82
2015-10-23,Nyandarua,6.34,19.92
2015-10-24,Nyandarua,12.89,24.2
2015-10-25,Nyandarua,13.18,26.79
2015-10-26,Nyandarua,12.59,18.04
2015-10-27,Nyandarua,11.8,28.04
2015-10-28,Nyandarua,12.96,28.64
2015-10-29,Nyandarua,10.77,27.98
2015-10-30,Nyandarua,5.74,27.72
2015-10-31,Nyandarua,9.03,24.83
2015-11-01,Nyandarua,6.23,23.28
2015-11-02,Nyandarua,8.22,22.56
2015-11-03,Nyandarua,12.51,24.19
2015-11-04,Nyandarua,6.63,22.48
2015-11-05,Nyandarua,5.44,25.05
2015-11-06,Nyandarua,9.14,29.23
2015-11-07,Nyandarua,5.17,27.82
2015-11-08,Nyandarua,15.25,24.47
2015-11-09,Nyandarua,7.24,28.38
2015-11-10,Nyandarua,8.67,24.57
2015-11-11,Nyandarua,7.0,20.69
2015-11-12,Nyandarua,7.35,23.35
2015-11-13,Nyandarua,17.14,23.96
2015-11-14,Nyandarua,17.6,24.15
2015-11-15,Nyandarua,11.03,25.44
2015-11-16,Nyandarua,8.92,27.89
2015-11-17,Nyandarua,10.07,22.89
2015-11-18,Nyandarua,1.72,24.86
2015-11-19,Nyandarua,11.5,26.97
2015-11-20,Nyandarua,10.26,24.05
2015-11-21,Nyandarua,15.43,22.51
2015-11-22,Nyandarua,6.89,22.44
2015-11-23,Nyandarua,17.18,20.06
2015-11-24,Nyandarua,10.88,23.38
2015-11-25,Nyandarua,15.79,19.73
2015-11-26,Nyandarua,17.42,20.68
2015-11-27,Nyandarua,12.49,23.97
2015-11-28,Nyandarua,5.02,19.67
2015-11-29,Nyandarua,4.65,25.19
2015-11-30,Nyandarua,8.75,22.46
2015-12-01,Nyandarua,4.58,22.57
2015-12-02,Nyandarua,5.68,25.24
2015-12-03,Nyandarua,5.97,20.52
2015-12-04,Nyandarua,3.58,24.32
2015-12-05,Nyandarua,3.98,26.59
2015-12-06,Nyandarua,5.37,22.02
2015-12-07,Nyandarua,5.7,19.86
2015-12-08,Nyandarua,5.68,23.72
2015-12-09,Nyandarua,4.1,24.42
2015-12-10,Nyandarua,4.11,23.0
2015-12-11,Nyandarua,5.73,24.69
2015-12-12,Nyandarua,7.05,21.86
2015-12-13,Nyandarua,3.27,25.41
2015-12-14,Nyandarua,5.94,21.16
2015-12-15,Nyandarua,5.29,27.13
2015-12-16,Nyandarua,0.79,25.65
2015-12-17,Nyandarua,6.94,25.51
2015-12-18,Nyandarua,5.35,21.98
2015-12-19,Nyandarua,1.65,25.3
2015-12-20,Nyandarua,4.65,22.2
2015-12-21,Nyandarua,4.92,25.7
2015-12-22,Nyandarua,4.63,21.42
2015-12-23,Nyandarua,5.24,30.24
2015-12-24,Nyandarua,5.12,24.56
2015-12-25,Nyandarua,2.25,24.75
2015-12-26,Nyandarua,3.45,24.98
2015-12-27,Nyandarua,5.54,18.73
2015-12-28,Nyandarua,6.6,25.0
2015-12-29,Nyandarua,5.31,19.41
2015-12-30,Nyandarua,5.22,22.31
2015-12-31,Nyandarua,7.92,23.15
2016-01-01,Nyandarua,5.66,20.76
2016-01-02,Nyandarua,2.73,26.34
2016-01-03,Nyandarua,7.05,21.04
2016-01-04,Nyandarua,5.02,24.35
2016-01-05,Nyandarua,4.69,24.51
2016-01-06,Nyandarua,4.06,25.94
2016-01-07,Nyandarua,5.0,24.62
2016-01-08,Nyandarua,7.28,23.17
2016-01-09,Nyandarua,5.54,24.95
2016-01-10,Nyandarua,0.21,27.93
2016-01-11,Nyandarua,4.41,19.45
2016-01-12,Nyandarua,4.91,20.21
2016-01-13,Nyandarua,5.77,28.66
2016-01-14,Nyandarua,5.57,18.27
2016-01-15,Nyandarua,3.35,26.14
2016-01-16,Nyandarua,2.52,24.87
2016-01-17,Nyandarua,2.15,22.42
2016-01-18,Nyandarua,4.41,23.61
2016-01-19,Nyandarua,3.25,21.35
2016-01-20,Nyandarua,2.13,18.76
2016-01-21,Nyandarua,4.96,26.84
2016-01-22,Nyandarua,7.0,14.54
2016-01-23,Nyandarua,4.66,21.26
2016-01-24,Nyandarua,5.08,22.83
2016-01-25,Nyandarua,5.31,20.0
2016-01-26,Nyandarua,9.23,25.16
2016-01-27,Nyandarua,6.04,23.94
2016-01-28,Nyandarua,4.48,25.27
2016-01-29,Nyandarua,3.57,22.63
2016-01-30,Nyandarua,2.87,31.68
2016-01-31,Nyandarua,3.27,25.88
2016-02-01,Nyandarua,4.52,25.42
2016-02-02,Nyandarua,3.92,21.02
2016-02-03,Nyandarua,5.68,25.32
2016-02-04,Nyandarua,7.15,26.44
2016-02-05,Nyandarua,5.65,28.08
2016-02-06,Nyandarua,3.72,25.82
2016-02-07,Nyandarua,3.24,21.35
2016-02-08,Nyandarua,8.5,28.03
2016-02-09,Nyandarua,3.92,22.76
2016-02-10,Nyandarua,3.83,25.73
2016-02-11,Nyandarua,6.61,22.39
2016-02-12,Nyandarua,4.9,27.47
2016-02-13,Nyandarua,7.88,27.01
2016-02-14,Nyandarua,5.61,23.93
2016-02-15,Nyandarua,3.68,24.37
2016-02-16,Nyandarua,4.76,23.23
2016-02-17,Nyandarua,1.81,19.99
2016-02-18,Nyandarua,6.81,28.42
2016-02-19,Nyandarua,6.74,19.07
2016-02-20,Nyandarua,8.49,21.74
2016-02-21,Nyandarua,5.71,25.59
2016-02-22,Nyandarua,4.03,27.94
2016-02-23,Nyandarua,3.74,26.5
2016-02-24,Nyandarua,5.95,22.22
2016-02-25,Nyandarua,7.45,26.12
2016-02-26,Nyandarua,4.68,23.57
2016-02-27,Nyandarua,5.76,23.16
2016-02-28,Nyandarua,4.08,25.33
2016-02-29,Nyandarua,4.93,22.13
2016-03-01,Nyandarua,16.57,15.88
2016-03-02,Nyandarua,10.05,19.69
2016-03-03,Nyandarua,10.35,22.52
2016-03-04,Nyandarua,11.61,22.56
2016-03-05,Nyandarua,16.16,22.68
2016-03-06,Nyandarua,20.28,23.44
2016-03-07,Nyandarua,18.02,25.85
2016-03-08,Nyandarua,25.23,19.97
2016-03-09,Nyandarua,12.82,23.77
2016-03-10,Nyandarua,15.17,21.52
2016-03-11,Nyandarua,16.82,22.17
2016-03-12,Nyandarua,9.67,19.52
2016-03-13,Nyandarua,18.56,21.69
2016-03-14,Nyandarua,11.6,21.68
2016-03-15,Nyandarua,17.61,22.03
2016-03-16,Nyandarua,10.98,29.56
2016-03-17,Nyandarua,19.6,21.65
2016-03-18,Nyandarua,0.13,26.44
2016-03-19,Nyandarua,15.88,23.88
2016-03-20,Nyandarua,12.98,22.47
2016-03-21,Nyandarua,14.44,15.56
2016-03-22,Nyandarua,21.03,17.49
2016-03-23,Nyandarua,13.94,27.67
2016-03-24,Nyandarua,10.85,26.14
2016-03-25,Nyandarua,20.96,28.29
2016-03-26,Nyandarua,23.27,17.16
2016-03-27,Nyandarua,19.63,24.29
2016-03-28,Nyandarua,19.16,23.06
2016-03-29,Nyandarua,18.5,22.58
2016-03-30,Nyandarua,18.32,26.49
2016-03-31,Nyandarua,17.55,29.21
2016-04-01,Nyandarua,21.64,21.52
2016-04-02,Nyandarua,18.09,25.2
2016-04-03,Nyandarua,17.68,28.5
2016-04-04,Nyandarua,20.91,25.79
2016-04-05,Nyandarua,20.47,21.86
2016-04-06,Nyandarua,22.19,24.21
2016-04-07,Nyandarua,19.48,26.03
2016-04-08,Nyandarua,16.65,21.36
2016-04-09,Nyandarua,18.79,20.29
2016-04-10,Nyandarua,21.09,23.98
2016-04-11,Nyandarua,7.39,24.68
2016-04-12,Nyandarua,25.81,29.14
2016-04-13,Nyandarua,12.63,26.1
2016-04-14,Nyandarua,10.75,24.6
2016-04-15,Nyandarua,8.46,28.24
2016-04-16,Nyandarua,7.85,24.2
2016-04-17,Nyandarua,16.2,25.73
2016-04-18,Nyandarua,12.32,26.28
2016-04-19,Nyandarua,6.63,24.12
2016-04-20,Nyandarua,18.81,23.34
2016-04-21,Nyandarua,19.37,21.4
2016-04-22,Nyandarua,10.31,20.13
2016-04-23,Nyandarua,11.87,22.25
2016-04-24,Nyandarua,16.16,23.2
2016-04-25,Nyandarua,13.45,27.67
2016-04-26,Nyandarua,22.32,26.24
2016-04-27,Nyandarua,24.81,20.11
2016-04-28,Nyandarua,28.22,21.13
2016-04-29,Nyandarua,15.34,26.43
2016-04-30,Nyandarua,18.07,22.59
2016-05-01,Nyandarua,2.91,17.38
2016-05-02,Nyandarua,20.54,20.56
2016-05-03,Nyandarua,12.18,18.75
2016-05-04,Nyandarua,7.74,24.48
2016-05-05,Nyandarua,15.69,20.62
2016-05-06,Nyandarua,27.62,23.2
2016-05-07,Nyandarua,19.81,26.44
2016-05-08,Nyandarua,5.71,21.6
2016-05-09,Nyandarua,15.34,21.46
2016-05-10,Nyandarua,15.31,22.01
2016-05-11,Nyandarua,12.38,16.05
2016-05-12,Nyandarua,17.55,30.02
2016-05-13,Nyandarua,7.73,23.2
2016-05-14,Nyandarua,12.48,17.18
2016-05-15,Nyandarua,11.97,22.71
2016-05-16,Nyandarua,11.35,24.07
2016-05-17,Nyandarua,10.2,25.18
2016-05-18,Nyandarua,14.98,20.44
2016-05-19,Nyandarua,12.99,23.78
2016-05-20,Nyandarua,13.19,23.31
2016-05-21,Nyandarua,20.82,22.11
2016-05-22,Nyandarua,18.57,26.45
2016-05-23,Nyandarua,17.98,23.95
2016-05-24,Nyandarua,17.86,21.64
2016-05-25,Nyandarua,28.4,21.37
2016-05-26,Nyandarua,18.03,25.77
2016-05-27,Nyandarua,12.26,26.3
2016-05-28,Nyandarua,14.5,27.28
2016-05-29,Nyandarua,9.73,27.42
2016-05-30,Nyandarua,16.58,24.47
2016-05-31,Nyandarua,17.49,23.92
2016-06-01,Nyandarua,3.31,20.39
2016-06-02,Nyandarua,3.05,23.77
2016-06-03,Nyandarua,2.65,23.58
2016-06-04,Nyandarua,7.34,29.38
2016-06-05,Nyandarua,2.58,21.26
2016-06-06,Nyandarua,0.1,30.38
2016-06-07,Nyandarua,4.3,24.26
2016-06-08,Nyandarua,8.96,27.07
2016-06-09,Nyandarua,7.56,23.41
2016-06-10,Nyandarua,3.21,23.35
2016-06-11,Nyandarua,3.42,25.17
2016-06-12,Nyandarua,4.3,23.96
2016-06-13,Nyandarua,4.33,27.01
2016-06-14,Nyandarua,6.31,21.98
2016-06-15,Nyandarua,7.47,25.18
2016-06-16,Nyandarua,5.03,24.5
2016-06-17,Nyandarua,7.23,26.01
2016-06-18,Nyandarua,3.9,29.02
2016-06-19,Nyandarua,3.4,22.59
2016-06-20,Nyandarua,6.09,29.82
2016-06-21,Nyandarua,5.61,26.66
2016-06-22,Nyandarua,3.06,22.4
2016-06-23,Nyandarua,5.75,21.08
2016-06-24,Nyandarua,6.04,24.53
2016-06-25,Nyandarua,0.0,23.39
2016-06-26,Nyandarua,2.86,25.81
2016-06-27,Nyandarua,7.27,28.41
2016-06-28,Nyandarua,2.16,23.15
2016-06-29,Nyandarua,4.19,23.06
2016-06-30,Nyandarua,5.57,25.26
2016-07-01,Nyandarua,5.42,24.66
2016-07-02,Nyandarua,3.49,26.21
2016-07-03,Nyandarua,5.05,20.37
2016-07-04,Nyandarua,5.9,25.97
2016-07-05,Nyandarua,4.42,19.85
2016-07-06,Nyandarua,3.45,26.66
2016-07-07,Nyandarua,6.73,22.37
2016-07-08,Nyandarua,6.53,26.81
2016-07-09,Nyandarua,1.8,27.23
2016-07-10,Nyandarua,6.23,21.52
2016-07-11,Nyandarua,5.22,23.91
2016-07-12,Nyandarua,6.98,25.17
2016-07-13,Nyandarua,4.09,26.47
2016-07-14,Nyandarua,3.82,24.38
2016-07-15,Nyandarua,4.13,20.84
2016-07-16,Nyandarua,8.22,24.02
2016-07-17,Nyandarua,8.3,27.53
2016-07-18,Nyandarua,8.24,19.84
2016-07-19,Nyandarua,6.13,23.76
2016-07-20,Nyandarua,3.03,27.73
2016-07-21,Nyandarua,6.26,24.54
2016-07-22,Nyandarua,4.5,20.53
2016-07-23,Nyandarua,5.86,22.5
2016-07-24,Nyandarua,7.52,22.43
2016-07-25,Nyandarua,3.67,24.23
2016-07-26,Nyandarua,3.95,29.3
2016-07-27,Nyandarua,3.34,20.69
2016-07-28,Nyandarua,5.65,23.81
2016-07-29,Nyandarua,3.85,23.36
2016-07-30,Nyandarua,4.99,22.67
2016-07-31,Nyandarua,2.72,27.44
2016-08-01,Nyandarua,2.26,26.64
2016-08-02,Nyandarua,1.41,25.28
2016-08-03,Nyandarua,0.0,29.3
2016-08-04,Nyandarua,5.74,23.5
2016-08-05,Nyandarua,5.44,26.55
2016-08-06,Nyandarua,2.42,21.94
2016-08-07,Nyandarua,3.94,24.44
2016-08-08,Nyandarua,4.99,22.29
2016-08-09,Nyandarua,1.36,23.8
2016-08-10,Nyandarua,6.13,22.35
2016-08-11,Nyandarua,4.24,25.95
2016-08-12,Nyandarua,5.9,25.96
2016-08-13,Nyandarua,5.52,20.12
2016-08-14,Nyandarua,6.52,18.73
2016-08-15,Nyandarua,4.78,22.72
2016-08-16,Nyandarua,6.91,22.4
2016-08-17,Nyandarua,6.02,28.75
2016-08-18,Nyandarua,6.8,23.21
2016-08-19,Nyandarua,3.65,26.99
2016-08-20,Nyandarua,6.38,24.91
2016-08-21,Nyandarua,6.84,26.82
2016-08-22,Nyandarua,1.48,20.86
2016-08-23,Nyandarua,2.92,24.02
2016-08-24,Nyandarua,7.19,22.55
2016-08-25,Nyandarua,5.27,24.55
2016-08-26,Nyandarua,6.9,27.13
2016-08-27,Nyandarua,6.48,28.78
2016-08-28,Nyandarua,2.47,26.37
2016-08-29,Nyandarua,4.35,20.57
2016-08-30,Nyandarua,6.23,22.23
2016-08-31,Nyandarua,4.22,23.27
2016-09-01,Nyandarua,8.47,25.96
2016-09-02,Nyandarua,4.02,21.75
2016-09-03,Nyandarua,4.8,26.59
2016-09-04,Nyandarua,5.51,25.35
2016-09-05,Nyandarua,1.19,17.7
2016-09-06,Nyandarua,9.17,21.64
2016-09-07,Nyandarua,5.35,25.94
2016-09-08,Nyandarua,4.36,25.37
2016-09-09,Nyandarua,4.36,22.58
2016-09-10,Nyandarua,1.22,26.53
2016-09-11,Nyandarua,2.9,19.02
2016-09-12,Nyandarua,5.75,22.26
2016-09-13,Nyandarua,8.19,25.95
2016-09-14,Nyandarua,7.04,25.19
2016-09-15,Nyandarua,6.75,33.8
2016-09-16,Nyandarua,5.58,22.05
2016-09-17,Nyandarua,5.77,24.47
2016-09-18,Nyandarua,7.95,19.64
2016-09-19,Nyandarua,5.33,25.83
2016-09-20,Nyandarua,8.88,20.68
2016-09-21,Nyandarua,7.08,21.03
2016-09-22,Nyandarua,2.42,22.41
2016-09-23,Nyandarua,2.47,25.76
2016-09-24,Nyandarua,9.21,30.32
2016-09-25,Nyandarua,1.55,18.45
2016-09-26,Nyandarua,2.33,22.34
2016-09-27,Nyandarua,1.41,18.7
2016-09-28,Nyandarua,4.15,23.76
2016-09-29,Nyandarua,7.25,20.05
2016-09-30,Nyandarua,6.45,20.57
2016-10-01,Nyandarua,11.71,21.03
2015-01-01,Nyeri,6.58,17.89
2015-01-02,Nyeri,6.56,22.84
2015-01-03,Nyeri,2.68,18.15
2015-01-04,Nyeri,4.51,20.26
2015-01-05,Nyeri,4.55,21.71
2015-01-06,Nyeri,4.33,17.83
2015-01-07,Nyeri,5.52,21.28
2015-01-08,Nyeri,6.68,17.06
2015-01-09,Nyeri,5.66,20.15
2015-01-10,Nyeri,4.11,20.26
2015-01-11,Nyeri,5.34,19.01
2015-01-12,Nyeri,6.94,21.06
2015-01-13,Nyeri,3.41,15.56
2015-01-14,Nyeri,10.7,19.69
2015-01-15,Nyeri,2.71,19.56
2015-01-16,Nyeri,2.8,17.58
2015-01-17,Nyeri,6.14,20.26
2015-01-18,Nyeri,2.02,22.09
2015-01-19,Nyeri,3.11,20.74
2015-01-20,Nyeri,11.88,17.67
2015-01-21,Nyeri,7.49,20.13
2015-01-22,Nyeri,5.54,22.27
2015-01-23,Nyeri,5.0,19.47
2015-01-24,Nyeri,4.67,20.56
2015-01-25,Nyeri,3.18,20.99
2015-01-26,Nyeri,7.97,12.11
2015-01-27,Nyeri,4.38,19.12
2015-01-28,Nyeri,3.9,21.81
2015-01-29,Nyeri,4.27,21.03
2015-01-30,Nyeri,6.76,17.51
2015-01-31,Nyeri,3.72,20.04
2015-02-01,Nyeri,5.11,17.77
2015-02-02,Nyeri,7.36,20.17
2015-02-03,Nyeri,2.92,16.92
2015-02-04,Nyeri,7.76,18.78
2015-02-05,Nyeri,7.71,19.7
2015-02-06,Nyeri,4.49,20.77
2015-02-07,Nyeri,5.58,21.67
2015-02-08,Nyeri,5.56,18.69
2015-02-09,Nyeri,5.53,21.39
2015-02-10,Nyeri,5.79,20.16
2015-02-11,Nyeri,2.28,21.02
2015-02-12,Nyeri,2.79,18.29
2015-02-13,Nyeri,6.65,22.38
2015-02-14,Nyeri,4.37,20.87
2015-02-15,Nyeri,6.32,18.65
2015-02-16,Nyeri,5.47,24.71
2015-02-17,Nyeri,6.6,21.6
2015-02-18,Nyeri,0.83,23.78
2015-02-19,Nyeri,6.91,23.12
2015-02-20,Nyeri,6.49,23.45
2015-02-21,Nyeri,5.13,21.07
2015-02-22,Nyeri,1.96,19.88
2015-02-23,Nyeri,1.45,21.28
2015-02-24,Nyeri,7.38,20.14
2015-02-25,Nyeri,5.38,18.53
2015-02-26,Nyeri,4.64,16.35
2015-02-27,Nyeri,3.79,18.4
2015-02-28,Nyeri,4.22,16.77
2015-03-01,Nyeri,9.7,22.56
2015-03-02,Nyeri,21.54,23.35
2015-03-03,Nyeri,17.44,19.79
2015-03-04,Nyeri,3.56,20.75
2015-03-05,Nyeri,15.85,22.65
2015-03-06,Nyeri,14.42,17.44
2015-03-07,Nyeri,19.52,19.63
2015-03-08,Nyeri,23.5,21.21
2015-03-09,Nyeri,14.28,22.86
2015-03-10,Nyeri,27.51,16.64
2015-03-11,Nyeri,18.74,19.86
2015-03-12,Nyeri,15.56,21.13
2015-03-13,Nyeri,14.85,14.82
2015-03-14,Nyeri,10.02,18.08
2015-03-15,Nyeri,10.29,19.38
2015-03-16,Nyeri,17.14,21.67
2015-03-17,Nyeri,12.49,17.63
2015-03-18,Nyeri,22.83,21.54
2015-03-19,Nyeri,13.9,19.36
2015-03-20,Nyeri,20.37,21.75
2015-03-21,Nyeri,11.98,20.4
2015-03-22,Nyeri,16.16,19.71
2015-03-23,Nyeri,14.67,24.71
2015-03-24,Nyeri,17.72,19.85
2015-03-25,Nyeri,20.99,20.44
2015-03-26,Nyeri,17.76,18.1
2015-03-27,Nyeri,17.96,19.39
2015-03-28,Nyeri,11.36,19.86
2015-03-29,Nyeri,19.68,20.45
2015-03-30,Nyeri,11.65,20.28
2015-03-31,Nyeri,22.08,21.09
2015-04-01,Nyeri,14.19,21.4
2015-04-02,Nyeri,11.56,21.24
2015-04-03,Nyeri,9.48,18.41
2015-04-04,Nyeri,12.81,24.07
2015-04-05,Nyeri,13.51,19.86
2015-04-06,Nyeri,20.47,20.74
2015-04-07,Nyeri,9.65,21.09
2015-04-08,Nyeri,18.93,22.34
2015-04-09,Nyeri,20.75,19.19
2015-04-10,Nyeri,8.02,18.88
2015-04-11,Nyeri,18.39,22.95
2015-04-12,Nyeri,11.96,17.99
2015-04-13,Nyeri,18.22,18.28
2015-04-14,Nyeri,5.92,17.54
2015-04-15,Nyeri,8.81,17.24
2015-04-16,Nyeri,14.21,18.77
2015-04-17,Nyeri,15.35,18.52
2015-04-18,Nyeri,21.88,19.14
2015-04-19,Nyeri,16.74,19.78
2015-04-20,Nyeri,20.71,24.58
2015-04-21,Nyeri,17.97,19.19
2015-04-22,Nyeri,10.85,19.7
2015-04-23,Nyeri,20.84,18.2
2015-04-24,Nyeri,13.93,23.25
2015-04-25,Nyeri,14.35,20.92
2015-04-26,Nyeri,15.34,23.19
2015-04-27,Nyeri,12.9,25.19
2015-04-28,Nyeri,12.24,17.25
2015-04-29,Nyeri,16.16,20.37
2015-04-30,Nyeri,20.42,20.83
2015-05-01,Nyeri,8.97,15.49
2015-05-02,Nyeri,15.86,19.12
2015-05-03,Nyeri,10.52,19.97
2015-05-04,Nyeri,26.49,21.3
2015-05-05,Nyeri,6.78,15.65
2015-05-06,Nyeri,10.67,23.35
2015-05-07,Nyeri,0.0,20.81
2015-05-08,Nyeri,19.7,21.57
2015-05-09,Nyeri,16.72,20.27
2015-05-10,Nyeri,11.85,19.01
2015-05-11,Nyeri,15.61,18.42
2015-05-12,Nyeri,17.09,17.72
2015-05-13,Nyeri,14.86,17.58
2015-05-14,Nyeri,22.8,17.88
2015-05-15,Nyeri,5.19,19.09
2015-05-16,Nyeri,14.52,21.85
2015-05-17,Nyeri,25.3,20.95
2015-05-18,Nyeri,15.04,23.06
2015-05-19,Nyeri,17.26,18.49
2015-05-20,Nyeri,5.24,18.46
2015-05-21,Nyeri,11.11,17.23
2015-05-22,Nyeri,22.07,19.54
2015-05-23,Nyeri,19.37,18.28
2015-05-24,Nyeri,16.45,20.26
2015-05-25,Nyeri,9.38,21.38
2015-05-26,Nyeri,12.4,18.81
2015-05-27,Nyeri,4.23,20.28
2015-05-28,Nyeri,13.07,19.09
2015-05-29,Nyeri,13.41,18.95
2015-05-30,Nyeri,16.24,21.41
2015-05-31,Nyeri,22.43,20.31
2015-06-01,Nyeri,3.83,20.5
2015-06-02,Nyeri,7.56,17.21
2015-06-03,Nyeri,2.52,18.24
2015-06-04,Nyeri,5.41,21.56
2015-06-05,Nyeri,4.83,21.46
2015-06-06,Nyeri,7.61,22.11
2015-06-07,Nyeri,3.52,21.46
2015-06-08,Nyeri,3.61,20.62
2015-06-09,Nyeri,4.94,17.28
2015-06-10,Nyeri,5.06,19.44
2015-06-11,Nyeri,1.38,16.67
2015-06-12,Nyeri,2.2,22.53
2015-06-13,Nyeri,6.92,19.75
2015-06-14,Nyeri,8.13,19.97
2015-06-15,Nyeri,5.19,19.86
2015-06-16,Nyeri,7.11,19.87
2015-06-17,Nyeri,5.16,22.26
2015-06-18,Nyeri,8.46,20.36
2015-06-19,Nyeri,4.3,25.8
2015-06-20,Nyeri,6.11,21.33
2015-06-21,Nyeri,4.04,19.61
2015-06-22,Nyeri,4.13,18.7
2015-06-23,Nyeri,2.14,21.27
2015-06-24,Nyeri,1.84,21.39
2015-06-25,Nyeri,3.64,16.14
2015-06-26,Nyeri,8.37,20.49
2015-06-27,Nyeri,4.22,22.22
2015-06-28,Nyeri,3.16,20.55
2015-06-29,Nyeri,5.47,20.0
2015-06-30,Nyeri,5.95,20.76
2015-07-01,Nyeri,2.71,19.68
2015-07-02,Nyeri,3.35,24.09
2015-07-03,Nyeri,4.97,18.72
2015-07-04,Nyeri,4.04,20.27
2015-07-05,Nyeri,6.64,22.37
2015-07-06,Nyeri,5.42,21.54
2015-07-07,Nyeri,2.44,18.51
2015-07-08,Nyeri,5.56,24.0
2015-07-09,Nyeri,6.58,20.72
2015-07-10,Nyeri,5.18,20.43
2015-07-11,Nyeri,0.0,21.32
2015-07-12,Nyeri,0.0,19.57
2015-07-13,Nyeri,2.17,18.44
2015-07-14,Nyeri,4.21,21.6
2015-07-15,Nyeri,2.89,21.01
2015-07-16,Nyeri,1.97,16.66
2015-07-17,Nyeri,4.83,21.58
2015-07-18,Nyeri,7.52,14.56
2015-07-19,Nyeri,5.08,20.45
2015-07-20,Nyeri,5.53,15.71
2015-07-21,Nyeri,9.58,22.78
2015-07-22,Nyeri,5.44,19.74
2015-07-23,Nyeri,6.25,19.09
2015-07-24,Nyeri,5.77,20.74
2015-07-25,Nyeri,4.44,14.22
2015-07-26,Nyeri,1.43,13.74
2015-07-27,Nyeri,5.41,19.42
2015-07-28,Nyeri,5.76,16.89
2015-07-29,Nyeri,4.3,21.97
2015-07-30,Nyeri,4.69,24.09
2015-07-31,Nyeri,4.04,21.37
2015-08-01,Nyeri,3.73,22.26
2015-08-02,Nyeri,4.69,18.46
2015-08-03,Nyeri,5.64,20.77
2015-08-04,Nyeri,2.72,21.08
2015-08-05,Nyeri,4.18,19.69
2015-08-06,Nyeri,0.0,22.41
2015-08-07,Nyeri,4.25,21.17
2015-08-08,Nyeri,3.49,17.31
2015-08-09,Nyeri,7.81,22.51
2015-08-10,Nyeri,5.88,20.04
2015-08-11,Nyeri,5.23,19.85
2015-08-12,Nyeri,6.52,21.22
2015-08-13,Nyeri,4.85,25.56
2015-08-14,Nyeri,3.31,24.29
2015-08-15,Nyeri,3.85,16.44
2015-08-16,Nyeri,5.44,21.73
2015-08-17,Nyeri,5.59,20.1
2015-08-18,Nyeri,5.19,22.78
2015-08-19,Nyeri,3.2,22.17
2015-08-20,Nyeri,6.83,21.94
2015-08-21,Nyeri,3.97,22.98
2015-08-22,Nyeri,5.78,20.47
2015-08-23,Nyeri,7.61,21.18
2015-08-24,Nyeri,6.36,21.57
2015-08-25,Nyeri,7.5,18.97
2015-08-26,Nyeri,3.0,18.72
2015-08-27,Nyeri,4.62,21.29
2015-08-28,Nyeri,7.0,21.58
2015-08-29,Nyeri,4.79,20.36
2015-08-30,Nyeri,7.97,19.52
2015-08-31,Nyeri,4.21,23.32
2015-09-01,Nyeri,4.59,18.03
2015-09-02,Nyeri,5.58,21.33
2015-09-03,Nyeri,6.27,22.27
2015-09-04,Nyeri,8.46,18.92
2015-09-05,Nyeri,3.76,21.63
2015-09-06,Nyeri,7.44,19.24
2015-09-07,Nyeri,9.91,18.91
2015-09-08,Nyeri,3.47,20.03
2015-09-09,Nyeri,5.65,21.09
2015-09-10,Nyeri,4.46,19.58
2015-09-11,Nyeri,4.54,19.91
2015-09-12,Nyeri,4.2,20.46
2015-09-13,Nyeri,5.71,19.24
2015-09-14,Nyeri,4.54,19.7
2015-09-15,Nyeri,5.23,16.06
2015-09-16,Nyeri,4.94,18.8
2015-09-17,Nyeri,8.06,25.26
2015-09-18,Nyeri,5.61,24.15
2015-09-19,Nyeri,3.37,22.88
2015-09-20,Nyeri,3.01,17.66
2015-09-21,Nyeri,4.79,18.97
2015-09-22,Nyeri,7.16,22.19
2015-09-23,Nyeri,5.19,22.41
2015-09-24,Nyeri,5.74,16.71
2015-09-25,Nyeri,4.18,19.25
2015-09-26,Nyeri,8.87,19.5
2015-09-27,Nyeri,4.09,21.22
2015-09-28,Nyeri,6.12,22.52
2015-09-29,Nyeri,6.03,19.22
2015-09-30,Nyeri,5.45,19.41
2015-10-01,Nyeri,11.0,20.86
2015-10-02,Nyeri,15.15,21.1
2015-10-03,Nyeri,3.69,20.3
2015-10-04,Nyeri,14.51,15.89
2015-10-05,Nyeri,12.23,21.68
2015-10-06,Nyeri,14.91,23.47
2015-10-07,Nyeri,14.39,19.39
2015-10-08,Nyeri,7.97,22.6
2015-10-09,Nyeri,12.79,21.11
2015-10-10,Nyeri,12.48,22.04
2015-10-11,Nyeri,3.84,19.91
2015-10-12,Nyeri,10.05,24.94
2015-10-13,Nyeri,7.36,21.06
2015-10-14,Nyeri,10.15,19.42
2015-10-15,Nyeri,5.77,21.0
2015-10-16,Nyeri,9.74,17.62
2015-10-17,Nyeri,14.58,19.12
2015-10-18,Nyeri,4.83,20.42
2015-10-19,Nyeri,5.82,21.92
2015-10-20,Nyeri,9.65,19.78
2015-10-21,Nyeri,10.04,21.5
2015-10-22,Nyeri,15.5,20.7
2015-10-23,Nyeri,1.74,21.86
2015-10-24,Nyeri,3.18,20.39
2015-10-25,Nyeri,5.25,19.07
2015-10-26,Nyeri,6.51,20.84
2015-10-27,Nyeri,6.91,22.17
2015-10-28,Nyeri,6.68,17.56
2015-10-29,Nyeri,9.26,21.7
2015-10-30,Nyeri,6.56,15.31
2015-10-31,Nyeri,6.99,18.5
2015-11-01,Nyeri,2.03,18.69
2015-11-02,Nyeri,7.17,21.56
2015-11-03,Nyeri,11.59,19.01
2015-11-04,Nyeri,9.06,22.43
2015-11-05,Nyeri,4.05,17.4
2015-11-06,Nyeri,7.72,20.49
2015-11-07,Nyeri,6.09,17.92
2015-11-08,Nyeri,11.7,20.78
2015-11-09,Nyeri,16.06,20.63
2015-11-10,Nyeri,8.04,21.79
2015-11-11,Nyeri,7.95,20.47
2015-11-12,Nyeri,11.53,18.82
2015-11-13,Nyeri,8.39,21.39
2015-11-14,Nyeri,7.08,20.15
2015-11-15,Nyeri,9.9,21.6
2015-11-16,Nyeri,9.26,22.26
2015-11-17,Nyeri,2.38,18.83
2015-11-18,Nyeri,2.44,19.93
2015-11-19,Nyeri,7.82,19.5
2015-11-20,Nyeri,11.83,20.97
2015-11-21,Nyeri,13.84,17.66
2015-11-22,Nyeri,11.83,19.64
2015-11-23,Nyeri,9.66,21.17
2015-11-24,Nyeri,8.68,16.2
2015-11-25,Nyeri,14.49,18.64
2015-11-26,Nyeri,9.66,20.51
2015-11-27,Nyeri,14.15,20.81
2015-11-28,Nyeri,10.41,19.29
2015-11-29,Nyeri,7.61,19.94
2015-11-30,Nyeri,5.91,24.32
2015-12-01,Nyeri,1.34,20.99
2015-12-02,Nyeri,4.92,16.11
2015-12-03,Nyeri,8.18,20.14
2015-12-04,Nyeri,2.57,20.09
2015-12-05,Nyeri,6.7,21.78
2015-12-06,Nyeri,6.49,18.53
2015-12-07,Nyeri,4.98,18.59
2015-12-08,Nyeri,9.39,18.76
2015-12-09,Nyeri,5.08,22.38
2015-12-10,Nyeri,0.92,23.04
2015-12-11,Nyeri,5.86,20.09
2015-12-12,Nyeri,4.58,18.95
2015-12-13,Nyeri,6.57,21.67
2015-12-14,Nyeri,2.79,22.16
2015-12-15,Nyeri,7.94,17.08
2015-12-16,Nyeri,5.79,22.59
2015-12-17,Nyeri,2.55,21.46
2015-12-18,Nyeri,3.97,23.92
2015-12-19,Nyeri,4.21,20.18
2015-12-20,Nyeri,6.22,26.63
2015-12-21,Nyeri,4.51,22.14
2015-12-22,Nyeri,3.17,18.25
2015-12-23,Nyeri,1.89,18.98
2015-12-24,Nyeri,3.88,19.94
2015-12-25,Nyeri,0.54,13.3
2015-12-26,Nyeri,5.34,19.0
2015-12-27,Nyeri,7.01,17.55
2015-12-28,Nyeri,5.93,18.93
2015-12-29,Nyeri,6.18,21.54
2015-12-30,Nyeri,5.35,20.14
2015-12-31,Nyeri,2.77,20.82
2016-01-01,Nyeri,6.68,16.73
2016-01-02,Nyeri,7.97,18.98
2016-01-03,Nyeri,2.64,21.51
2016-01-04,Nyeri,6.79,20.89
2016-01-05,Nyeri,6.12,20.31
2016-01-06,Nyeri,7.61,18.75
2016-01-07,Nyeri,3.45,19.27
2016-01-08,Nyeri,7.86,21.69
2016-01-09,Nyeri,5.34,17.67
2016-01-10,Nyeri,2.1,21.53
2016-01-11,Nyeri,2.7,17.82
2016-01-12,Nyeri,1.03,20.85
2016-01-13,Nyeri,8.67,15.58
2016-01-14,Nyeri,3.95,19.17
2016-01-15,Nyeri,3.16,19.51
2016-01-16,Nyeri,7.18,24.62
2016-01-17,Nyeri,3.93,19.41
2016-01-18,Nyeri,4.15,20.2
2016-01-19,Nyeri,3.85,18.74
2016-01-20,Nyeri,6.97,18.95
2016-01-21,Nyeri,3.38,18.39
2016-01-22,Nyeri,7.36,19.84
2016-01-23,Nyeri,4.66,18.97
2016-01-24,Nyeri,4.52,18.69
2016-01-25,Nyeri,6.21,18.48
2016-01-26,Nyeri,3.83,20.88
2016-01-27,Nyeri,3.5,19.0
2016-01-28,Nyeri,7.48,19.03
2016-01-29,Nyeri,5.81,24.73
2016-01-30,Nyeri,4.93,19.43
2016-01-31,Nyeri,5.03,17.3
2016-02-01,Nyeri,8.73,18.83
2016-02-02,Nyeri,6.19,20.93
2016-02-03,Nyeri,3.31,23.08
2016-02-04,Nyeri,9.72,21.49
2016-02-05,Nyeri,4.44,23.77
2016-02-06,Nyeri,2.53,21.35
2016-02-07,Nyeri,6.12,20.05
2016-02-08,Nyeri,4.18,22.14
2016-02-09,Nyeri,6.31,23.01
2016-02-10,Nyeri,5.2,17.04
2016-02-11,Nyeri,4.32,22.25
2016-02-12,Nyeri,6.22,18.99
2016-02-13,Nyeri,5.39,20.65
2016-02-14,Nyeri,3.75,20.5
2016-02-15,Nyeri,5.59,17.41
2016-02-16,Nyeri,7.1,16.59
2016-02-17,Nyeri,1.01,21.36
2016-02-18,Nyeri,8.22,14.92
2016-02-19,Nyeri,3.34,19.82
2016-02-20,Nyeri,1.59,22.8
2016-02-21,Nyeri,2.12,22.81
2016-02-22,Nyeri,3.68,25.65
2016-02-23,Nyeri,4.97,18.75
2016-02-24,Nyeri,2.44,21.18
2016-02-25,Nyeri,4.73,19.37
2016-02-26,Nyeri,1.35,21.31
2016-02-27,Nyeri,7.7,17.21
2016-02-28,Nyeri,4.21,18.23
2016-02-29,Nyeri,4.82,19.8
2016-03-01,Nyeri,29.87,19.56
2016-03-02,Nyeri,19.49,19.61
2016-03-03,Nyeri,8.03,19.85
2016-03-04,Nyeri,22.02,18.59
2016-03-05,Nyeri,12.77,18.32
2016-03-06,Nyeri,9.61,19.97
2016-03-07,Nyeri,19.35,19.52
2016-03-08,Nyeri,11.35,20.72
2016-03-09,Nyeri,7.04,20.4
2016-03-10,Nyeri,13.92,15.87
2016-03-11,Nyeri,14.45,17.44
2016-03-12,Nyeri,17.27,19.38
2016-03-13,Nyeri,14.82,15.93
2016-03-14,Nyeri,17.81,22.6
2016-03-15,Nyeri,11.85,18.87
2016-03-16,Nyeri,16.43,20.7
2016-03-17,Nyeri,15.79,20.78
2016-03-18,Nyeri,22.18,17.44
2016-03-19,Nyeri,7.27,19.07
2016-03-20,Nyeri,16.93,21.42
2016-03-21,Nyeri,7.29,18.73
2016-03-22,Nyeri,18.03,22.46
2016-03-23,Nyeri,15.16,19.6
2016-03-24,Nyeri,20.93,24.07
2016-03-25,Nyeri,10.08,20.87
2016-03-26,Nyeri,19.9,19.63
2016-03-27,Nyeri,10.17,19.51
2016-03-28,Nyeri,21.83,20.99
2016-03-29,Nyeri,11.52,22.3
2016-03-30,Nyeri,11.25,20.71
2016-03-31,Nyeri,10.62,19.52
2016-04-01,Nyeri,23.47,21.27
2016-04-02,Nyeri,16.6,20.4
2016-04-03,Nyeri,19.11,17.11
2016-04-04,Nyeri,7.17,19.36
2016-04-05,Nyeri,7.6,23.54
2016-04-06,Nyeri,16.14,19.7
2016-04-07,Nyeri,19.51,20.05
2016-04-08,Nyeri,9.02,14.31
2016-04-09,Nyeri,17.37,16.04
2016-04-10,Nyeri,24.08,21.1
2016-04-11,Nyeri,5.01,20.52
2016-04-12,Nyeri,17.58,17.37
2016-04-13,Nyeri,12.09,17.77
2016-04-14,Nyeri,14.11,23.58
2016-04-15,Nyeri,11.87,20.35
2016-04-16,Nyeri,13.05,25.03
2016-04-17,Nyeri,7.47,19.23
2016-04-18,Nyeri,20.53,19.23
2016-04-19,Nyeri,21.34,19.83
2016-04-20,Nyeri,16.23,17.96
2016-04-21,Nyeri,18.87,19.05
2016-04-22,Nyeri,16.91,19.2
2016-04-23,Nyeri,18.6,22.55
2016-04-24,Nyeri,4.8,19.72
2016-04-25,Nyeri,17.56,16.12
2016-04-26,Nyeri,6.55,18.48
2016-04-27,Nyeri,23.71,20.38
2016-04-28,Nyeri,15.39,19.77
2016-04-29,Nyeri,16.17,22.58
2016-04-30,Nyeri,28.42,21.39
2016-05-01,Nyeri,14.48,21.24
2016-05-02,Nyeri,16.34,19.21
2016-05-03,Nyeri,8.95,18.3
2016-05-04,Nyeri,2.88,17.87
2016-05-05,Nyeri,15.06,21.24
2016-05-06,Nyeri,11.02,19.89
2016-05-07,Nyeri,25.75,17.54
2016-05-08,Nyeri,16.04,18.4
2016-05-09,Nyeri,16.95,19.66
2016-05-10,Nyeri,14.1,18.42
2016-05-11,Nyeri,23.36,20.92
2016-05-12,Nyeri,13.89,21.24
2016-05-13,Nyeri,10.53,19.15
2016-05-14,Nyeri,3.6,19.05
2016-05-15,Nyeri,17.22,19.97
2016-05-16,Nyeri,19.25,20.4
2016-05-17,Nyeri,20.55,19.47
2016-05-18,Nyeri,13.27,22.31
2016-05-19,Nyeri,16.14,19.01
2016-05-20,Nyeri,11.08,21.15
2016-05-21,Nyeri,10.48,19.49
2016-05-22,Nyeri,17.83,21.59
2016-05-23,Nyeri,11.12,18.9
2016-05-24,Nyeri,24.65,22.16
2016-05-25,Nyeri,3.96,21.91
2016-05-26,Nyeri,15.25,22.76
2016-05-27,Nyeri,16.42,20.66
2016-05-28,Nyeri,9.23,19.57
2016-05-29,Nyeri,15.42,20.9
2016-05-30,Nyeri,7.25,19.53
2016-05-31,Nyeri,10.69,22.22
2016-06-01,Nyeri,5.61,23.41
2016-06-02,Nyeri,5.93,21.65
2016-06-03,Nyeri,9.57,20.78
2016-06-04,Nyeri,3.42,22.71
2016-06-05,Nyeri,3.47,19.69
2016-06-06,Nyeri,6.44,21.92
2016-06-07,Nyeri,2.85,19.28
2016-06-08,Nyeri,3.46,21.7
2016-06-09,Nyeri,4.73,18.99
2016-06-10,Nyeri,6.4,25.07
2016-06-11,Nyeri,7.29,22.85
2016-06-12,Nyeri,3.6,20.75
2016-06-13,Nyeri,6.95,20.91
2016-06-14,Nyeri,1.43,18.93
2016-06-15,Nyeri,3.77,21.37
2016-06-16,Nyeri,4.02,17.9
2016-06-17,Nyeri,3.4,19.91
2016-06-18,Nyeri,7.74,16.88
2016-06-19,Nyeri,5.79,19.12
2016-06-20,Nyeri,2.29,17.96
2016-06-21,Nyeri,4.07,20.42
2016-06-22,Nyeri,8.64,17.29
2016-06-23,Nyeri,2.86,19.14
2016-06-24,Nyeri,4.61,18.98
2016-06-25,Nyeri,4.51,19.87
2016-06-26,Nyeri,5.44,22.58
2016-06-27,Nyeri,4.58,20.59
2016-06-28,Nyeri,1.82,17.13
2016-06-29,Nyeri,7.13,22.96
2016-06-30,Nyeri,4.15,22.31
2016-07-01,Nyeri,3.95,23.34
2016-07-02,Nyeri,0.55,21.66
2016-07-03,Nyeri,6.11,18.07
2016-07-04,Nyeri,2.74,19.4
2016-07-05,Nyeri,3.58,16.89
2016-07-06,Nyeri,4.03,24.64
2016-07-07,Nyeri,6.17,17.31
2016-07-08,Nyeri,6.56,24.97
2016-07-09,Nyeri,3.49,20.41
2016-07-10,Nyeri,4.14,18.37
2016-07-11,Nyeri,5.94,21.33
2016-07-12,Nyeri,6.07,17.79
2016-07-13,Nyeri,3.61,21.53
2016-07-14,Nyeri,2.86,16.37
2016-07-15,Nyeri,1.77,21.18
2016-07-16,Nyeri,5.65,21.33
2016-07-17,Nyeri,1.83,17.62
2016-07-18,Nyeri,7.64,22.81
2016-07-19,Nyeri,4.05,20.86
2016-07-20,Nyeri,3.75,19.21
2016-07-21,Nyeri,4.24,15.75
2016-07-22,Nyeri,7.03,19.46
2016-07-23,Nyeri,6.36,19.0
2016-07-24,Nyeri,2.83,23.91
2016-07-25,Nyeri,5.38,17.5
2016-07-26,Nyeri,3.59,19.41
2016-07-27,Nyeri,1.13,20.08
2016-07-28,Nyeri,6.99,19.86
2016-07-29,Nyeri,2.14,23.46
2016-07-30,Nyeri,3.8,17.9
2016-07-31,Nyeri,6.59,20.83
2016-08-01,Nyeri,7.86,23.54
2016-08-02,Nyeri,5.46,21.34
2016-08-03,Nyeri,7.15,22.29
2016-08-04,Nyeri,4.19,19.54
2016-08-05,Nyeri,5.94,18.69
2016-08-06,Nyeri,3.31,17.81
2016-08-07,Nyeri,4.17,20.7
2016-08-08,Nyeri,1.46,23.05
2016-08-09,Nyeri,2.95,20.22
2016-08-10,Nyeri,4.27,18.22
2016-08-11,Nyeri,5.87,18.84
2016-08-12,Nyeri,5.17,21.23
2016-08-13,Nyeri,4.37,19.85
2016-08-14,Nyeri,5.22,21.94
2016-08-15,Nyeri,1.53,23.53
2016-08-16,Nyeri,6.09,23.54
2016-08-17,Nyeri,4.68,20.08
2016-08-18,Nyeri,5.36,18.96
2016-08-19,Nyeri,5.71,22.71
2016-08-20,Nyeri,4.88,18.09
2016-08-21,Nyeri,9.31,18.43
2016-08-22,Nyeri,4.62,19.92
2016-08-23,Nyeri,5.55,18.42
2016-08-24,Nyeri,6.16,18.13
2016-08-25,Nyeri,4.47,19.95
2016-08-26,Nyeri,6.88,18.95
2016-08-27,Nyeri,4.98,21.73
2016-08-28,Nyeri,3.61,18.31
2016-08-29,Nyeri,2.97,17.68
2016-08-30,Nyeri,5.36,20.54
2016-08-31,Nyeri,7.9,24.55
2016-09-01,Nyeri,2.61,20.7
2016-09-02,Nyeri,9.55,19.36
2016-09-03,Nyeri,5.98,20.89
2016-09-04,Nyeri,5.74,19.67
2016-09-05,Nyeri,3.99,20.22
2016-09-06,Nyeri,6.66,17.78
2016-09-07,Nyeri,6.52,20.95
2016-09-08,Nyeri,3.83,20.64
2016-09-09,Nyeri,6.29,19.35
2016-09-10,Nyeri,2.45,19.17
2016-09-11,Nyeri,2.39,20.92
2016-09-12,Nyeri,3.82,18.76
2016-09-13,Nyeri,6.41,16.35
2016-09-14,Nyeri,2.52,21.96
2016-09-15,Nyeri,6.18,17.51
2016-09-16,Nyeri,2.85,19.14
2016-09-17,Nyeri,7.58,20.86
2016-09-18,Nyeri,7.38,21.46
2016-09-19,Nyeri,3.28,17.45
2016-09-20,Nyeri,2.44,18.08
2016-09-21,Nyeri,6.15,18.13
2016-09-22,Nyeri,2.55,19.44
2016-09-23,Nyeri,4.34,20.77
2016-09-24,Nyeri,7.45,20.22
2016-09-25,Nyeri,3.31,19.69
2016-09-26,Nyeri,5.66,23.38
2016-09-27,Nyeri,6.3,19.74
2016-09-28,Nyeri,5.16,19.25
2016-09-29,Nyeri,5.19,19.46
2016-09-30,Nyeri,5.66,21.76
2016-10-01,Nyeri,7.12,23.78
2015-01-01,Kirinyaga,5.64,17.81
2015-01-02,Kirinyaga,1.19,35.8
2015-01-03,Kirinyaga,6.73,30.46
2015-01-04,Kirinyaga,5.54,24.37
2015-01-05,Kirinyaga,5.49,26.64
2015-01-06,Kirinyaga,9.0,26.23
2015-01-07,Kirinyaga,6.55,28.5
2015-01-08,Kirinyaga,7.89,24.9
2015-01-09,Kirinyaga,4.22,24.7
2015-01-10,Kirinyaga,1.67,22.63
2015-01-11,Kirinyaga,5.9,28.13
2015-01-12,Kirinyaga,3.55,25.35
2015-01-13,Kirinyaga,5.06,26.46
2015-01-14,Kirinyaga,6.13,27.4
2015-01-15,Kirinyaga,3.36,22.52
2015-01-16,Kirinyaga,4.57,26.96
2015-01-17,Kirinyaga,6.19,18.76
2015-01-18,Kirinyaga,5.66,19.21
2015-01-19,Kirinyaga,6.53,24.12
2015-01-20,Kirinyaga,6.31,24.74
2015-01-21,Kirinyaga,5.36,27.78
2015-01-22,Kirinyaga,5.02,21.66
2015-01-23,Kirinyaga,6.49,18.0
2015-01-24,Kirinyaga,5.32,26.42
2015-01-25,Kirinyaga,2.33,28.72
2015-01-26,Kirinyaga,2.4,21.62
2015-01-27,Kirinyaga,5.11,26.3
2015-01-28,Kirinyaga,5.27,22.52
2015-01-29,Kirinyaga,2.5,25.84
2015-01-30,Kirinyaga,3.05,22.78
2015-01-31,Kirinyaga,5.99,21.37
2015-02-01,Kirinyaga,5.41,19.9
2015-02-02,Kirinyaga,3.33,22.3
2015-02-03,Kirinyaga,5.82,23.34
2015-02-04,Kirinyaga,3.98,28.35
2015-02-05,Kirinyaga,5.12,19.36
2015-02-06,Kirinyaga,5.44,25.54
2015-02-07,Kirinyaga,5.19,22.83
2015-02-08,Kirinyaga,2.94,21.28
2015-02-09,Kirinyaga,0.0,25.47
2015-02-10,Kirinyaga,2.48,22.92
2015-02-11,Kirinyaga,7.17,27.16
2015-02-12,Kirinyaga,9.59,21.57
2015-02-13,Kirinyaga,5.98,21.94
2015-02-14,Kirinyaga,5.02,24.04
2015-02-15,Kirinyaga,6.04,24.51
2015-02-16,Kirinyaga,4.28,22.43
2015-02-17,Kirinyaga,2.91,25.36
2015-02-18,Kirinyaga,5.09,22.7
2015-02-19,Kirinyaga,4.08,25.76
2015-02-20,Kirinyaga,5.3,24.47
2015-02-21,Kirinyaga,4.59,23.57
2015-02-22,Kirinyaga,4.92,25.95
2015-02-23,Kirinyaga,4.05,19.77
2015-02-24,Kirinyaga,4.34,19.47
2015-02-25,Kirinyaga,2.1,26.36
2015-02-26,Kirinyaga,4.03,25.24
2015-02-27,Kirinyaga,8.33,23.78
2015-02-28,Kirinyaga,5.36,21.72
2015-03-01,Kirinyaga,15.37,26.75
2015-03-02,Kirinyaga,22.77,19.99
2015-03-03,Kirinyaga,28.44,23.63
2015-03-04,Kirinyaga,16.54,25.32
2015-03-05,Kirinyaga,9.15,20.83
2015-03-06,Kirinyaga,13.87,26.66
2015-03-07,Kirinyaga,17.15,22.13
2015-03-08,Kirinyaga,18.43,20.94
2015-03-09,Kirinyaga,20.13,24.19
2015-03-10,Kirinyaga,8.73,21.65
2015-03-11,Kirinyaga,15.8,24.87
2015-03-12,Kirinyaga,12.49,24.22
2015-03-13,Kirinyaga,15.77,19.99
2015-03-14,Kirinyaga,17.99,26.02
2015-03-15,Kirinyaga,20.93,24.59
2015-03-16,Kirinyaga,12.63,28.05
2015-03-17,Kirinyaga,15.88,21.75
2015-03-18,Kirinyaga,12.61,22.63
2015-03-19,Kirinyaga,11.63,20.37
2015-03-20,Kirinyaga,17.16,22.7
2015-03-21,Kirinyaga,11.52,25.76
2015-03-22,Kirinyaga,22.58,25.19
2015-03-23,Kirinyaga,14.51,24.18
2015-03-24,Kirinyaga,17.82,23.47
2015-03-25,Kirinyaga,12.52,24.57
2015-03-26,Kirinyaga,16.63,24.63
2015-03-27,Kirinyaga,11.48,22.25
2015-03-28,Kirinyaga,14.47,26.4
2015-03-29,Kirinyaga,13.42,25.85
2015-03-30,Kirinyaga,28.1,23.51
2015-03-31,Kirinyaga,10.76,26.78
2015-04-01,Kirinyaga,21.87,22.83
2015-04-02,Kirinyaga,12.07,27.21
2015-04-03,Kirinyaga,6.86,27.23
2015-04-04,Kirinyaga,11.87,20.89
2015-04-05,Kirinyaga,17.73,20.37
2015-04-06,Kirinyaga,17.11,24.12
2015-04-07,Kirinyaga,4.58,20.1
2015-04-08,Kirinyaga,26.66,31.09
2015-04-09,Kirinyaga,11.63,23.26
2015-04-10,Kirinyaga,21.59,24.79
2015-04-11,Kirinyaga,3.3,25.25
2015-04-12,Kirinyaga,6.49,25.8
2015-04-13,Kirinyaga,10.43,29.2
2015-04-14,Kirinyaga,10.68,25.91
2015-04-15,Kirinyaga,18.1,23.56
2015-04-16,Kirinyaga,21.04,24.41
2015-04-17,Kirinyaga,13.05,24.38
2015-04-18,Kirinyaga,23.78,21.48
2015-04-19,Kirinyaga,9.9,26.1
2015-04-20,Kirinyaga,18.33,23.07
2015-04-21,Kirinyaga,14.36,20.64
2015-04-22,Kirinyaga,11.97,19.97
2015-04-23,Kirinyaga,9.93,25.79
2015-04-24,Kirinyaga,11.99,24.42
2015-04-25,Kirinyaga,11.14,23.02
2015-04-26,Kirinyaga,16.9,23.37
2015-04-27,Kirinyaga,19.65,19.94
2015-04-28,Kirinyaga,16.96,27.35
2015-04-29,Kirinyaga,14.71,26.9
2015-04-30,Kirinyaga,11.92,17.04
2015-05-01,Kirinyaga,13.81,21.13
2015-05-02,Kirinyaga,12.35,25.37
2015-05-03,Kirinyaga,12.97,28.97
2015-05-04,Kirinyaga,4.61,23.86
2015-05-05,Kirinyaga,20.32,21.6
2015-05-06,Kirinyaga,21.85,24.3
2015-05-07,Kirinyaga,17.49,20.05
2015-05-08,Kirinyaga,10.13,25.3
2015-05-09,Kirinyaga,15.83,22.57
2015-05-10,Kirinyaga,9.98,25.63
2015-05-11,Kirinyaga,13.83,26.45
2015-05-12,Kirinyaga,10.34,28.36
2015-05-13,Kirinyaga,16.34,22.36
2015-05-14,Kirinyaga,15.05,23.08
2015-05-15,Kirinyaga,17.57,24.14
2015-05-16,Kirinyaga,15.0,26.35
2015-05-17,Kirinyaga,15.77,23.03
2015-05-18,Kirinyaga,12.74,20.55
2015-05-19,Kirinyaga,7.24,25.44
2015-05-20,Kirinyaga,16.29,24.04
2015-05-21,Kirinyaga,14.82,22.27
2015-05-22,Kirinyaga,17.71,19.1
2015-05-23,Kirinyaga,15.08,29.18
2015-05-24,Kirinyaga,20.04,33.17
2015-05-25,Kirinyaga,7.31,25.17
2015-05-26,Kirinyaga,10.47,26.17
2015-05-27,Kirinyaga,1.7,21.38
2015-05-28,Kirinyaga,10.73,21.16
2015-05-29,Kirinyaga,19.56,20.47
2015-05-30,Kirinyaga,19.52,29.23
2015-05-31,Kirinyaga,25.53,22.31
2015-06-01,Kirinyaga,5.14,19.83
2015-06-02,Kirinyaga,7.21,25.62
2015-06-03,Kirinyaga,6.97,26.02
2015-06-04,Kirinyaga,5.71,24.21
2015-06-05,Kirinyaga,10.25,24.5
2015-06-06,Kirinyaga,4.7,26.22
2015-06-07,Kirinyaga,5.11,31.06
2015-06-08,Kirinyaga,2.73,24.97
2015-06-09,Kirinyaga,8.23,25.99
2015-06-10,Kirinyaga,7.36,26.7
2015-06-11,Kirinyaga,7.09,27.11
2015-06-12,Kirinyaga,2.5,27.39
2015-06-13,Kirinyaga,6.23,22.48
2015-06-14,Kirinyaga,3.8,22.64
2015-06-15,Kirinyaga,5.26,21.52
2015-06-16,Kirinyaga,6.25,19.61
2015-06-17,Kirinyaga,3.08,28.19
2015-06-18,Kirinyaga,3.34,20.73
2015-06-19,Kirinyaga,3.89,26.6
2015-06-20,Kirinyaga,6.29,23.6
2015-06-21,Kirinyaga,4.1,28.47
2015-06-22,Kirinyaga,6.45,21.9
2015-06-23,Kirinyaga,4.1,25.07
2015-06-24,Kirinyaga,3.67,28.47
2015-06-25,Kirinyaga,3.98,31.33
2015-06-26,Kirinyaga,6.76,24.97
2015-06-27,Kirinyaga,5.58,25.14
2015-06-28,Kirinyaga,6.82,22.98
2015-06-29,Kirinyaga,5.22,21.46
2015-06-30,Kirinyaga,4.12,19.93
2015-07-01,Kirinyaga,4.9,29.3
2015-07-02,Kirinyaga,6.42,21.39
2015-07-03,Kirinyaga,4.26,25.07
2015-07-04,Kirinyaga,4.1,22.24
2015-07-05,Kirinyaga,9.09,24.18
2015-07-06,Kirinyaga,4.76,23.81
2015-07-07,Kirinyaga,7.93,20.15
2015-07-08,Kirinyaga,6.42,20.91
2015-07-09,Kirinyaga,4.61,24.76
2015-07-10,Kirinyaga,5.13,23.85
2015-07-11,Kirinyaga,5.85,20.46
2015-07-12,Kirinyaga,1.78,26.44
2015-07-13,Kirinyaga,9.49,20.66
2015-07-14,Kirinyaga,5.02,21.19
2015-07-15,Kirinyaga,4.36,29.68
2015-07-16,Kirinyaga,4.7,25.01
2015-07-17,Kirinyaga,6.85,19.36
2015-07-18,Kirinyaga,5.19,29.93
2015-07-19,Kirinyaga,2.24,26.72
2015-07-20,Kirinyaga,7.41,26.79
2015-07-21,Kirinyaga,3.91,27.64
2015-07-22,Kirinyaga,7.09,19.68
2015-07-23,Kirinyaga,4.37,27.18
2015-07-24,Kirinyaga,7.21,25.15
2015-07-25,Kirinyaga,8.63,23.39
2015-07-26,Kirinyaga,6.88,24.84
2015-07-27,Kirinyaga,3.99,22.28
2015-07-28,Kirinyaga,5.36,27.37
2015-07-29,Kirinyaga,5.79,21.43
2015-07-30,Kirinyaga,2.27,28.34
2015-07-31,Kirinyaga,2.7,20.56
2015-08-01,Kirinyaga,3.68,24.15
2015-08-02,Kirinyaga,4.63,25.3
2015-08-03,Kirinyaga,5.1,26.24
2015-08-04,Kirinyaga,7.94,22.86
2015-08-05,Kirinyaga,4.71,21.19
2015-08-06,Kirinyaga,3.92,23.16
2015-08-07,Kirinyaga,3.36,22.52
2015-08-08,Kirinyaga,3.34,20.33
2015-08-09,Kirinyaga,6.05,19.8
2015-08-10,Kirinyaga,6.02,22.89
2015-08-11,Kirinyaga,6.65,25.0
2015-08-12,Kirinyaga,3.35,21.07
2015-08-13,Kirinyaga,7.05,31.95
2015-08-14,Kirinyaga,4.27,25.05
2015-08-15,Kirinyaga,3.63,23.61
2015-08-16,Kirinyaga,5.24,26.93
2015-08-17,Kirinyaga,5.25,20.72
2015-08-18,Kirinyaga,3.49,23.98
2015-08-19,Kirinyaga,3.57,23.28
2015-08-20,Kirinyaga,4.66,25.84
2015-08-21,Kirinyaga,2.85,25.7
2015-08-22,Kirinyaga,4.47,29.42
2015-08-23,Kirinyaga,7.22,26.34
2015-08-24,Kirinyaga,3.93,22.24
2015-08-25,Kirinyaga,5.43,19.77
2015-08-26,Kirinyaga,3.5,22.71
2015-08-27,Kirinyaga,6.82,23.82
2015-08-28,Kirinyaga,5.92,31.13
2015-08-29,Kirinyaga,6.95,26.45
2015-08-30,Kirinyaga,6.43,18.49
2015-08-31,Kirinyaga,8.24,28.3
2015-09-01,Kirinyaga,2.85,26.01
2015-09-02,Kirinyaga,2.05,18.54
2015-09-03,Kirinyaga,3.48,24.03
2015-09-04,Kirinyaga,5.03,26.69
2015-09-05,Kirinyaga,6.12,22.93
2015-09-06,Kirinyaga,3.82,26.06
2015-09-07,Kirinyaga,6.8,23.26
2015-09-08,Kirinyaga,6.43,26.66
2015-09-09,Kirinyaga,6.19,26.35
2015-09-10,Kirinyaga,5.9,24.95
2015-09-11,Kirinyaga,6.54,23.24
2015-09-12,Kirinyaga,6.98,20.63
2015-09-13,Kirinyaga,2.97,26.54
2015-09-14,Kirinyaga,8.32,28.32
2015-09-15,Kirinyaga,1.76,30.87
2015-09-16,Kirinyaga,3.19,29.77
2015-09-17,Kirinyaga,6.52,21.84
2015-09-18,Kirinyaga,3.44,28.66
2015-09-19,Kirinyaga,3.51,21.68
2015-09-20,Kirinyaga,8.82,17.97
2015-09-21,Kirinyaga,5.18,24.92
2015-09-22,Kirinyaga,5.69,21.35
2015-09-23,Kirinyaga,2.93,21.9
2015-09-24,Kirinyaga,6.78,26.52
2015-09-25,Kirinyaga,5.6,28.63
2015-09-26,Kirinyaga,7.1,22.56
2015-09-27,Kirinyaga,1.53,24.34
2015-09-28,Kirinyaga,4.71,21.79
2015-09-29,Kirinyaga,2.33,23.65
2015-09-30,Kirinyaga,7.09,20.16
2015-10-01,Kirinyaga,9.2,26.96
2015-10-02,Kirinyaga,14.1,26.6
2015-10-03,Kirinyaga,12.13,25.39
2015-10-04,Kirinyaga,3.92,23.77
2015-10-05,Kirinyaga,8.67,29.07
2015-10-06,Kirinyaga,8.69,24.03
2015-10-07,Kirinyaga,13.73,23.33
2015-10-08,Kirinyaga,4.35,24.92
2015-10-09,Kirinyaga,12.69,20.51
2015-10-10,Kirinyaga,11.28,18.88
2015-10-11,Kirinyaga,21.89,24.62
2015-10-12,Kirinyaga,1.42,21.14
2015-10-13,Kirinyaga,20.04,28.69
2015-10-14,Kirinyaga,11.42,23.81
2015-10-15,Kirinyaga,10.44,23.66
2015-10-16,Kirinyaga,13.21,17.07
2015-10-17,Kirinyaga,8.62,25.03
2015-10-18,Kirinyaga,9.19,20.65
2015-10-19,Kirinyaga,11.11,25.65
2015-10-20,Kirinyaga,11.19,20.49
2015-10-21,Kirinyaga,13.24,24.69
2015-10-22,Kirinyaga,10.62,24.41
2015-10-23,Kirinyaga,12.62,21.96
2015-10-24,Kirinyaga,10.2,24.66
2015-10-25,Kirinyaga,6.41,18.87
2015-10-26,Kirinyaga,12.9,25.49
2015-10-27,Kirinyaga,14.65,23.02
2015-10-28,Kirinyaga,12.33,27.83
2015-10-29,Kirinyaga,10.06,21.21
2015-10-30,Kirinyaga,7.27,21.45
2015-10-31,Kirinyaga,7.02,25.54
2015-11-01,Kirinyaga,12.76,21.78
2015-11-02,Kirinyaga,15.59,26.32
2015-11-03,Kirinyaga,8.88,22.26
2015-11-04,Kirinyaga,7.97,21.27
2015-11-05,Kirinyaga,13.36,26.88
2015-11-06,Kirinyaga,14.25,29.16
2015-11-07,Kirinyaga,2.4,16.64
2015-11-08,Kirinyaga,8.19,23.25
2015-11-09,Kirinyaga,10.96,20.81
2015-11-10,Kirinyaga,9.33,30.46
2015-11-11,Kirinyaga,6.8,21.59
2015-11-12,Kirinyaga,14.23,20.59
2015-11-13,Kirinyaga,12.42,23.45
2015-11-14,Kirinyaga,7.16,19.63
2015-11-15,Kirinyaga,7.75,21.63
2015-11-16,Kirinyaga,13.18,23.14
2015-11-17,Kirinyaga,10.97,22.52
2015-11-18,Kirinyaga,12.89,23.5
2015-11-19,Kirinyaga,8.75,24.18
2015-11-20,Kirinyaga,8.99,17.32
2015-11-21,Kirinyaga,16.41,16.51
2015-11-22,Kirinyaga,4.26,25.29
2015-11-23,Kirinyaga,2.18,21.21
2015-11-24,Kirinyaga,7.5,25.0
2015-11-25,Kirinyaga,9.61,22.98
2015-11-26,Kirinyaga,7.65,30.72
2015-11-27,Kirinyaga,7.89,27.97
2015-11-28,Kirinyaga,10.5,20.66
2015-11-29,Kirinyaga,8.41,17.87
2015-11-30,Kirinyaga,13.87,24.29
2015-12-01,Kirinyaga,5.58,24.22
2015-12-02,Kirinyaga,3.91,23.82
2015-12-03,Kirinyaga,5.21,26.3
2015-12-04,Kirinyaga,5.79,23.13
2015-12-05,Kirinyaga,3.57,12.62
2015-12-06,Kirinyaga,7.05,24.02
2015-12-07,Kirinyaga,5.83,24.16
2015-12-08,Kirinyaga,4.94,20.46
2015-12-09,Kirinyaga,2.84,31.91
2015-12-10,Kirinyaga,5.19,27.3
2015-12-11,Kirinyaga,6.13,25.68
2015-12-12,Kirinyaga,7.15,24.86
2015-12-13,Kirinyaga,2.75,23.1
2015-12-14,Kirinyaga,5.24,24.53
2015-12-15,Kirinyaga,2.75,25.39
2015-12-16,Kirinyaga,6.85,27.38
2015-12-17,Kirinyaga,2.83,24.18
2015-12-18,Kirinyaga,4.69,26.45
2015-12-19,Kirinyaga,1.57,23.56
2015-12-20,Kirinyaga,4.46,20.0
2015-12-21,Kirinyaga,3.0,29.28
2015-12-22,Kirinyaga,3.67,26.94
2015-12-23,Kirinyaga,6.14,25.16
2015-12-24,Kirinyaga,6.75,22.54
2015-12-25,Kirinyaga,5.62,22.82
2015-12-26,Kirinyaga,1.14,19.7
2015-12-27,Kirinyaga,4.65,28.98
2015-12-28,Kirinyaga,6.58,22.76
2015-12-29,Kirinyaga,3.4,26.25
2015-12-30,Kirinyaga,4.02,23.84
2015-12-31,Kirinyaga,9.34,21.98
2016-01-01,Kirinyaga,4.0,21.4
2016-01-02,Kirinyaga,5.4,26.85
2016-01-03,Kirinyaga,6.98,25.9
2016-01-04,Kirinyaga,4.85,27.57
2016-01-05,Kirinyaga,6.2,19.18
2016-01-06,Kirinyaga,8.42,20.45
2016-01-07,Kirinyaga,1.75,20.61
2016-01-08,Kirinyaga,1.34,24.03
2016-01-09,Kirinyaga,5.87,23.92
2016-01-10,Kirinyaga,3.75,24.7
2016-01-11,Kirinyaga,2.53,24.47
2016-01-12,Kirinyaga,6.46,29.44
2016-01-13,Kirinyaga,2.33,17.6
2016-01-14,Kirinyaga,5.44,25.16
2016-01-15,Kirinyaga,4.32,21.79
2016-01-16,Kirinyaga,3.53,20.14
2016-01-17,Kirinyaga,1.54,26.27
2016-01-18,Kirinyaga,3.61,24.61
2016-01-19,Kirinyaga,4.57,21.87
2016-01-20,Kirinyaga,7.99,27.65
2016-01-21,Kirinyaga,4.27,25.41
2016-01-22,Kirinyaga,3.16,21.77
2016-01-23,Kirinyaga,4.46,17.24
2016-01-24,Kirinyaga,4.49,23.47
2016-01-25,Kirinyaga,3.08,22.21
2016-01-26,Kirinyaga,4.78,22.67
2016-01-27,Kirinyaga,6.82,26.82
2016-01-28,Kirinyaga,3.18,26.23
2016-01-29,Kirinyaga,6.28,22.18
2016-01-30,Kirinyaga,2.41,26.46
2016-01-31,Kirinyaga,5.92,22.2
2016-02-01,Kirinyaga,1.23,28.07
2016-02-02,Kirinyaga,8.66,21.7
2016-02-03,Kirinyaga,3.89,26.96
2016-02-04,Kirinyaga,4.8,22.26
2016-02-05,Kirinyaga,6.3,26.67
2016-02-06,Kirinyaga,4.43,27.68
2016-02-07,Kirinyaga,2.72,25.11
2016-02-08,Kirinyaga,4.49,24.64
2016-02-09,Kirinyaga,3.73,30.04
2016-02-10,Kirinyaga,3.75,29.77
2016-02-11,Kirinyaga,4.48,19.28
2016-02-12,Kirinyaga,4.85,21.14
2016-02-13,Kirinyaga,7.09,22.41
2016-02-14,Kirinyaga,4.58,26.75
2016-02-15,Kirinyaga,3.83,29.67
2016-02-16,Kirinyaga,6.08,18.56
2016-02-17,Kirinyaga,3.21,26.69
2016-02-18,Kirinyaga,5.52,24.78
2016-02-19,Kirinyaga,7.89,28.76
2016-02-20,Kirinyaga,5.11,19.9
2016-02-21,Kirinyaga,5.4,18.82
2016-02-22,Kirinyaga,8.72,22.62
2016-02-23,Kirinyaga,4.06,21.95
2016-02-24,Kirinyaga,1.81,22.48
2016-02-25,Kirinyaga,3.63,23.37
2016-02-26,Kirinyaga,5.58,21.17
2016-02-27,Kirinyaga,6.59,26.64
2016-02-28,Kirinyaga,1.19,21.62
2016-02-29,Kirinyaga,4.45,22.58
2016-03-01,Kirinyaga,4.67,24.99
2016-03-02,Kirinyaga,0.68,23.17
2016-03-03,Kirinyaga,12.06,22.37
2016-03-04,Kirinyaga,13.19,22.17
2016-03-05,Kirinyaga,14.63,26.25
2016-03-06,Kirinyaga,12.8,23.93
2016-03-07,Kirinyaga,8.78,27.78
2016-03-08,Kirinyaga,5.99,20.41
2016-03-09,Kirinyaga,23.66,30.36
2016-03-10,Kirinyaga,14.39,25.65
2016-03-11,Kirinyaga,9.85,21.79
2016-03-12,Kirinyaga,15.04,25.71
2016-03-13,Kirinyaga,17.28,23.53
2016-03-14,Kirinyaga,16.38,31.39
2016-03-15,Kirinyaga,11.07,23.97
2016-03-16,Kirinyaga,16.48,18.32
2016-03-17,Kirinyaga,15.62,23.97
2016-03-18,Kirinyaga,13.26,20.82
2016-03-19,Kirinyaga,14.95,26.39
2016-03-20,Kirinyaga,19.79,21.45
2016-03-21,Kirinyaga,11.53,20.7
2016-03-22,Kirinyaga,18.4,25.86
2016-03-23,Kirinyaga,9.5,21.49
2016-03-24,Kirinyaga,9.89,29.09
2016-03-25,Kirinyaga,16.88,21.48
2016-03-26,Kirinyaga,11.93,25.72
2016-03-27,Kirinyaga,13.66,26.96
2016-03-28,Kirinyaga,8.02,19.66
2016-03-29,Kirinyaga,14.87,24.86
2016-03-30,Kirinyaga,13.02,21.34
2016-03-31,Kirinyaga,19.38,26.99
2016-04-01,Kirinyaga,17.71,22.05
2016-04-02,Kirinyaga,13.07,19.52
2016-04-03,Kirinyaga,14.36,28.9
2016-04-04,Kirinyaga,11.24,24.13
2016-04-05,Kirinyaga,6.65,23.93
2016-04-06,Kirinyaga,18.27,21.39
2016-04-07,Kirinyaga,8.36,21.69
2016-04-08,Kirinyaga,20.7,25.38
2016-04-09,Kirinyaga,13.53,27.6
2016-04-10,Kirinyaga,15.1,25.08
2016-04-11,Kirinyaga,11.07,21.82
2016-04-12,Kirinyaga,14.74,18.52
2016-04-13,Kirinyaga,11.04,21.54
2016-04-14,Kirinyaga,18.86,24.48
2016-04-15,Kirinyaga,21.51,22.34
2016-04-16,Kirinyaga,22.27,26.04
2016-04-17,Kirinyaga,18.86,19.69
2016-04-18,Kirinyaga,21.48,19.94
2016-04-19,Kirinyaga,16.99,21.85
2016-04-20,Kirinyaga,17.87,23.6
2016-04-21,Kirinyaga,18.02,24.76
2016-04-22,Kirinyaga,12.75,25.02
2016-04-23,Kirinyaga,21.44,20.74
2016-04-24,Kirinyaga,9.11,25.62
2016-04-25,Kirinyaga,12.48,23.09
2016-04-26,Kirinyaga,15.06,28.97
2016-04-27,Kirinyaga,14.44,26.76
2016-04-28,Kirinyaga,19.78,27.45
2016-04-29,Kirinyaga,12.17,21.66
2016-04-30,Kirinyaga,10.0,22.82
2016-05-01,Kirinyaga,20.42,23.24
2016-05-02,Kirinyaga,0.51,22.08
2016-05-03,Kirinyaga,9.67,24.48
2016-05-04,Kirinyaga,13.41,18.98
2016-05-05,Kirinyaga,20.55,23.98
2016-05-06,Kirinyaga,22.25,26.53
2016-05-07,Kirinyaga,20.56,23.89
2016-05-08,Kirinyaga,22.93,27.5
2016-05-09,Kirinyaga,13.92,23.5
2016-05-10,Kirinyaga,21.53,25.16
2016-05-11,Kirinyaga,19.57,21.42
2016-05-12,Kirinyaga,14.94,24.03
2016-05-13,Kirinyaga,16.84,24.99
2016-05-14,Kirinyaga,13.65,24.05
2016-05-15,Kirinyaga,18.61,24.37
2016-05-16,Kirinyaga,24.81,23.54
2016-05-17,Kirinyaga,14.38,25.7
2016-05-18,Kirinyaga,12.28,17.87
2016-05-19,Kirinyaga,12.08,23.31
2016-05-20,Kirinyaga,12.98,29.25
2016-05-21,Kirinyaga,20.63,21.27
2016-05-22,Kirinyaga,14.81,26.26
2016-05-23,Kirinyaga,31.38,24.05
2016-05-24,Kirinyaga,1.6,24.11
2016-05-25,Kirinyaga,17.16,26.0
2016-05-26,Kirinyaga,7.49,20.32
2016-05-27,Kirinyaga,24.67,15.27
2016-05-28,Kirinyaga,19.11,21.7
2016-05-29,Kirinyaga,13.11,23.76
2016-05-30,Kirinyaga,9.62,24.43
2016-05-31,Kirinyaga,16.77,23.56
2016-06-01,Kirinyaga,3.53,24.6
2016-06-02,Kirinyaga,6.99,19.41
2016-06-03,Kirinyaga,8.17,23.35
2016-06-04,Kirinyaga,7.18,20.33
2016-06-05,Kirinyaga,6.5,15.26
2016-06-06,Kirinyaga,7.22,22.95
2016-06-07,Kirinyaga,7.39,23.12
2016-06-08,Kirinyaga,10.43,25.07
2016-06-09,Kirinyaga,5.67,22.64
2016-06-10,Kirinyaga,7.68,21.58
2016-06-11,Kirinyaga,4.82,27.05
2016-06-12,Kirinyaga,4.36,32.32
2016-06-13,Kirinyaga,4.08,20.99
2016-06-14,Kirinyaga,9.3,23.78
2016-06-15,Kirinyaga,6.17,23.05
2016-06-16,Kirinyaga,3.77,23.53
2016-06-17,Kirinyaga,4.99,18.64
2016-06-18,Kirinyaga,9.35,22.14
2016-06-19,Kirinyaga,6.32,25.57
2016-06-20,Kirinyaga,5.03,22.59
2016-06-21,Kirinyaga,5.57,22.92
2016-06-22,Kirinyaga,7.15,25.76
2016-06-23,Kirinyaga,5.16,22.75
2016-06-24,Kirinyaga,4.98,23.2
2016-06-25,Kirinyaga,0.84,28.39
2016-06-26,Kirinyaga,7.12,24.52
2016-06-27,Kirinyaga,5.72,21.36
2016-06-28,Kirinyaga,5.26,23.94
2016-06-29,Kirinyaga,3.41,23.26
2016-06-30,Kirinyaga,6.89,23.71
2016-07-01,Kirinyaga,3.41,22.78
2016-07-02,Kirinyaga,3.83,22.01
2016-07-03,Kirinyaga,1.86,24.91
2016-07-04,Kirinyaga,9.82,24.64
2016-07-05,Kirinyaga,3.75,26.5
2016-07-06,Kirinyaga,6.47,23.48
2016-07-07,Kirinyaga,5.5,26.76
2016-07-08,Kirinyaga,7.3,20.81
2016-07-09,Kirinyaga,4.36,28.45
2016-07-10,Kirinyaga,5.77,26.42
2016-07-11,Kirinyaga,7.49,26.32
2016-07-12,Kirinyaga,7.66,23.35
2016-07-13,Kirinyaga,7.32,23.31
2016-07-14,Kirinyaga,1.95,21.55
2016-07-15,Kirinyaga,5.25,30.27
2016-07-16,Kirinyaga,5.57,20.68
2016-07-17,Kirinyaga,4.97,22.26
2016-07-18,Kirinyaga,1.37,22.98
2016-07-19,Kirinyaga,0.84,20.56
2016-07-20,Kirinyaga,6.89,22.84
2016-07-21,Kirinyaga,3.69,21.42
2016-07-22,Kirinyaga,0.53,24.72
2016-07-23,Kirinyaga,6.26,22.99
2016-07-24,Kirinyaga,2.7,25.9
2016-07-25,Kirinyaga,7.86,24.93
2016-07-26,Kirinyaga,5.78,25.59
2016-07-27,Kirinyaga,3.17,22.05
2016-07-28,Kirinyaga,2.84,21.8
2016-07-29,Kirinyaga,4.84,22.63
2016-07-30,Kirinyaga,3.56,26.61
2016-07-31,Kirinyaga,1.41,28.97
2016-08-01,Kirinyaga,1.44,22.01
2016-08-02,Kirinyaga,6.46,24.07
2016-08-03,Kirinyaga,2.93,26.83
2016-08-04,Kirinyaga,8.05,26.05
2016-08-05,Kirinyaga,6.76,21.27
2016-08-06,Kirinyaga,5.03,25.11
2016-08-07,Kirinyaga,7.17,27.84
2016-08-08,Kirinyaga,7.79,21.89
2016-08-09,Kirinyaga,4.24,28.67
2016-08-10,Kirinyaga,1.19,27.6
2016-08-11,Kirinyaga,2.11,25.35
2016-08-12,Kirinyaga,6.02,20.2
2016-08-13,Kirinyaga,2.46,24.36
2016-08-14,Kirinyaga,1.67,27.78
2016-08-15,Kirinyaga,2.54,20.9
2016-08-16,Kirinyaga,6.81,25.02
2016-08-17,Kirinyaga,2.88,21.99
2016-08-18,Kirinyaga,5.12,17.21
2016-08-19,Kirinyaga,7.32,29.89
2016-08-20,Kirinyaga,3.18,26.5
2016-08-21,Kirinyaga,4.64,27.76
2016-08-22,Kirinyaga,4.96,26.67
2016-08-23,Kirinyaga,5.18,29.42
2016-08-24,Kirinyaga,4.49,20.95
2016-08-25,Kirinyaga,7.4,25.67
2016-08-26,Kirinyaga,7.09,21.65
2016-08-27,Kirinyaga,5.51,29.61
2016-08-28,Kirinyaga,4.03,26.85
2016-08-29,Kirinyaga,6.89,22.32
2016-08-30,Kirinyaga,8.09,22.83
2016-08-31,Kirinyaga,6.65,24.48
2016-09-01,Kirinyaga,3.15,31.13
2016-09-02,Kirinyaga,2.52,23.9
2016-09-03,Kirinyaga,4.3,30.57
2016-09-04,Kirinyaga,5.19,22.48
2016-09-05,Kirinyaga,5.09,22.87
2016-09-06,Kirinyaga,5.67,23.16
2016-09-07,Kirinyaga,5.89,23.76
2016-09-08,Kirinyaga,5.69,22.82
2016-09-09,Kirinyaga,4.3,22.56
2016-09-10,Kirinyaga,5.59,23.74
2016-09-11,Kirinyaga,2.72,29.2
2016-09-12,Kirinyaga,1.92,20.69
2016-09-13,Kirinyaga,2.8,22.62
2016-09-14,Kirinyaga,3.75,21.69
2016-09-15,Kirinyaga,3.88,21.24
2016-09-16,Kirinyaga,4.59,26.69
2016-09-17,Kirinyaga,4.49,26.27
2016-09-18,Kirinyaga,3.08,21.02
2016-09-19,Kirinyaga,2.84,22.65
2016-09-20,Kirinyaga,4.2,27.1
2016-09-21,Kirinyaga,3.71,22.81
2016-09-22,Kirinyaga,7.78,22.98
2016-09-23,Kirinyaga,5.35,24.34
2016-09-24,Kirinyaga,6.69,23.02
2016-09-25,Kirinyaga,8.23,20.9
2016-09-26,Kirinyaga,5.66,23.35
2016-09-27,Kirinyaga,7.34,16.72
2016-09-28,Kirinyaga,2.51,21.95
2016-09-29,Kirinyaga,2.54,22.48
2016-09-30,Kirinyaga,6.26,23.59
2016-10-01,Kirinyaga,10.84,24.79
2015-01-01,Murang'a,7.19,24.94
2015-01-02,Murang'a,6.16,28.09
2015-01-03,Murang'a,5.74,27.7
2015-01-04,Murang'a,4.25,24.16
2015-01-05,Murang'a,3.82,22.13
2015-01-06,Murang'a,3.63,21.21
2015-01-07,Murang'a,0.79,19.78
2015-01-08,Murang'a,6.74,23.5
2015-01-09,Murang'a,11.23,20.89
2015-01-10,Murang'a,7.88,26.21
2015-01-11,Murang'a,6.03,24.73
2015-01-12,Murang'a,5.79,27.85
2015-01-13,Murang'a,4.34,23.7
2015-01-14,Murang'a,6.78,27.87
2015-01-15,Murang'a,7.82,24.63
2015-01-16,Murang'a,7.07,24.32
2015-01-17,Murang'a,4.38,23.9
2015-01-18,Murang'a,5.32,25.45
2015-01-19,Murang'a,6.13,24.4
2015-01-20,Murang'a,7.33,26.33
2015-01-21,Murang'a,4.95,24.81
2015-01-22,Murang'a,8.75,21.69
2015-01-23,Murang'a,5.8,25.95
2015-01-24,Murang'a,6.11,21.34
2015-01-25,Murang'a,3.56,21.01
2015-01-26,Murang'a,4.34,22.86
2015-01-27,Murang'a,8.08,26.59
2015-01-28,Murang'a,5.45,18.56
2015-01-29,Murang'a,8.5,22.65
2015-01-30,Murang'a,4.02,28.77
2015-01-31,Murang'a,4.94,26.79
2015-02-01,Murang'a,5.88,25.05
2015-02-02,Murang'a,2.1,19.95
2015-02-03,Murang'a,4.04,18.13
2015-02-04,Murang'a,8.6,24.29
2015-02-05,Murang'a,5.08,24.02
2015-02-06,Murang'a,5.27,25.99
2015-02-07,Murang'a,8.73,25.62
2015-02-08,Murang'a,6.29,21.55
2015-02-09,Murang'a,1.19,24.3
2015-02-10,Murang'a,7.73,19.0
2015-02-11,Murang'a,10.43,22.08
2015-02-12,Murang'a,2.81,23.11
2015-02-13,Murang'a,2.52,24.67
2015-02-14,Murang'a,5.4,27.14
2015-02-15,Murang'a,6.05,25.27
2015-02-16,Murang'a,2.18,30.15
2015-02-17,Murang'a,4.91,22.59
2015-02-18,Murang'a,3.94,22.35
2015-02-19,Murang'a,5.8,23.57
2015-02-20,Murang'a,5.97,24.8
2015-02-21,Murang'a,3.48,27.81
2015-02-22,Murang'a,4.64,22.03
2015-02-23,Murang'a,4.4,23.58
2015-02-24,Murang'a,1.58,23.7
2015-02-25,Murang'a,2.8,20.45
2015-02-26,Murang'a,7.33,21.71
2015-02-27,Murang'a,6.58,25.37
2015-02-28,Murang'a,7.12,24.81
2015-03-01,Murang'a,15.84,24.11
2015-03-02,Murang'a,14.78,21.75
2015-03-03,Murang'a,16.01,25.78
2015-03-04,Murang'a,12.44,23.82
2015-03-05,Murang'a,18.98,28.57
2015-03-06,Murang'a,17.21,23.74
2015-03-07,Murang'a,12.19,24.49
2015-03-08,Murang'a,15.82,22.07
2015-03-09,Murang'a,14.16,21.4
2015-03-10,Murang'a,19.83,27.31
2015-03-11,Murang'a,7.93,24.06
2015-03-12,Murang'a,17.0,24.4
2015-03-13,Murang'a,23.04,25.52
2015-03-14,Murang'a,15.3,26.93
2015-03-15,Murang'a,8.74,20.21
2015-03-16,Murang'a,18.7,23.03
2015-03-17,Murang'a,9.49,26.19
2015-03-18,Murang'a,2.21,25.52
2015-03-19,Murang'a,12.8,18.54
2015-03-20,Murang'a,8.64,28.91
2015-03-21,Murang'a,8.05,24.71
2015-03-22,Murang'a,10.55,22.31
2015-03-23,Murang'a,12.59,27.03
2015-03-24,Murang'a,15.05,27.49
2015-03-25,Murang'a,17.31,17.78
2015-03-26,Murang'a,16.03,20.78
2015-03-27,Murang'a,9.43,24.27
2015-03-28,Murang'a,13.13,27.83
2015-03-29,Murang'a,5.0,19.93
2015-03-30,Murang'a,10.16,25.2
2015-03-31,Murang'a,20.65,27.51
2015-04-01,Murang'a,8.82,27.82
2015-04-02,Murang'a,18.81,25.18
2015-04-03,Murang'a,9.59,24.38
2015-04-04,Murang'a,17.38,28.45
2015-04-05,Murang'a,17.05,25.76
2015-04-06,Murang'a,15.94,23.25
2015-04-07,Murang'a,16.31,25.83
2015-04-08,Murang'a,14.84,25.1
2015-04-09,Murang'a,15.79,24.8
2015-04-10,Murang'a,18.33,24.2
2015-04-11,Murang'a,16.37,21.66
2015-04-12,Murang'a,14.49,28.99
2015-04-13,Murang'a,24.61,22.72
2015-04-14,Murang'a,19.35,28.58
2015-04-15,Murang'a,3.59,26.01
2015-04-16,Murang'a,22.65,20.05
2015-04-17,Murang'a,21.52,18.69
2015-04-18,Murang'a,20.06,28.08
2015-04-19,Murang'a,8.24,26.23
2015-04-20,Murang'a,11.8,27.27
2015-04-21,Murang'a,15.18,24.65
2015-04-22,Murang'a,16.35,24.21
2015-04-23,Murang'a,17.15,25.26
2015-04-24,Murang'a,12.43,24.72
2015-04-25,Murang'a,14.84,25.17
2015-04-26,Murang'a,15.96,22.0
2015-04-27,Murang'a,11.04,22.91
2015-04-28,Murang'a,19.03,24.66
2015-04-29,Murang'a,14.13,22.56
2015-04-30,Murang'a,15.29,25.51
2015-05-01,Murang'a,33.02,19.22
2015-05-02,Murang'a,17.65,17.68
2015-05-03,Murang'a,22.65,26.47
2015-05-04,Murang'a,10.4,20.94
2015-05-05,Murang'a,17.68,23.03
2015-05-06,Murang'a,12.49,27.31
2015-05-07,Murang'a,19.37,21.45
2015-05-08,Murang'a,19.42,26.57
2015-05-09,Murang'a,12.71,23.87
2015-05-10,Murang'a,12.42,26.27
2015-05-11,Murang'a,0.0,23.05
2015-05-12,Murang'a,16.64,24.89
2015-05-13,Murang'a,19.26,30.55
2015-05-14,Murang'a,18.66,22.27
2015-05-15,Murang'a,13.08,22.05
2015-05-16,Murang'a,23.98,22.8
2015-05-17,Murang'a,12.99,25.04
2015-05-18,Murang'a,13.87,24.32
2015-05-19,Murang'a,14.05,17.65
2015-05-20,Murang'a,11.9,19.48
2015-05-21,Murang'a,16.56,25.56
2015-05-22,Murang'a,9.66,20.41
2015-05-23,Murang'a,10.72,25.2
2015-05-24,Murang'a,14.67,20.66
2015-05-25,Murang'a,18.19,25.07
2015-05-26,Murang'a,16.72,24.05
2015-05-27,Murang'a,18.51,21.53
2015-05-28,Murang'a,7.94,22.37
2015-05-29,Murang'a,17.81,26.53
2015-05-30,Murang'a,19.75,28.86
2015-05-31,Murang'a,17.04,20.84
2015-06-01,Murang'a,4.42,23.41
2015-06-02,Murang'a,3.61,23.1
2015-06-03,Murang'a,3.86,19.18
2015-06-04,Murang'a,4.72,23.26
2015-06-05,Murang'a,1.92,22.66
2015-06-06,Murang'a,3.38,22.13
2015-06-07,Murang'a,2.39,23.16
2015-06-08,Murang'a,7.28,20.81
2015-06-09,Murang'a,4.42,23.96
2015-06-10,Murang'a,8.28,21.18
2015-06-11,Murang'a,7.81,28.2
2015-06-12,Murang'a,9.18,27.09
2015-06-13,Murang'a,3.42,23.68
2015-06-14,Murang'a,7.33,22.82
2015-06-15,Murang'a,5.08,25.27
2015-06-16,Murang'a,2.79,27.41
2015-06-17,Murang'a,3.23,18.13
2015-06-18,Murang'a,5.28,20.93
2015-06-19,Murang'a,6.02,26.14
2015-06-20,Murang'a,4.4,21.22
2015-06-21,Murang'a,3.96,27.36
2015-06-22,Murang'a,8.38,27.74
2015-06-23,Murang'a,2.8,18.67
2015-06-24,Murang'a,4.11,24.92
2015-06-25,Murang'a,7.85,26.46
2015-06-26,Murang'a,5.2,21.7
2015-06-27,Murang'a,7.36,22.22
2015-06-28,Murang'a,9.43,24.76
2015-06-29,Murang'a,5.08,23.82
2015-06-30,Murang'a,3.29,20.4
2015-07-01,Murang'a,6.89,22.01
2015-07-02,Murang'a,7.4,24.63
2015-07-03,Murang'a,7.8,23.59
2015-07-04,Murang'a,3.66,23.95
2015-07-05,Murang'a,3.45,27.73
2015-07-06,Murang'a,4.63,24.02
2015-07-07,Murang'a,3.95,16.41
2015-07-08,Murang'a,4.03,22.32
2015-07-09,Murang'a,5.33,26.55
2015-07-10,Murang'a,6.49,25.06
2015-07-11,Murang'a,7.17,19.96
2015-07-12,Murang'a,5.83,21.29
2015-07-13,Murang'a,5.36,21.68
2015-07-14,Murang'a,7.68,26.16
2015-07-15,Murang'a,7.9,23.29
2015-07-16,Murang'a,7.22,22.25
2015-07-17,Murang'a,6.17,23.47
2015-07-18,Murang'a,6.5,20.93
2015-07-19,Murang'a,7.22,25.18
2015-07-20,Murang'a,6.15,15.62
2015-07-21,Murang'a,4.43,21.25
2015-07-22,Murang'a,5.81,23.75
2015-07-23,Murang'a,7.49,17.91
2015-07-24,Murang'a,4.2,23.89
2015-07-25,Murang'a,4.37,25.36
2015-07-26,Murang'a,2.98,21.95
2015-07-27,Murang'a,6.68,22.58
2015-07-28,Murang'a,0.0,24.98
2015-07-29,Murang'a,4.56,22.11
2015-07-30,Murang'a,1.32,19.44
2015-07-31,Murang'a,5.99,24.72
2015-08-01,Murang'a,4.38,25.75
2015-08-02,Murang'a,6.23,27.4
2015-08-03,Murang'a,4.06,18.17
2015-08-04,Murang'a,6.5,18.09
2015-08-05,Murang'a,8.54,22.7
2015-08-06,Murang'a,0.45,23.92
2015-08-07,Murang'a,3.55,19.59
2015-08-08,Murang'a,4.14,19.02
2015-08-09,Murang'a,4.51,20.93
2015-08-10,Murang'a,3.17,25.84
2015-08-11,Murang'a,4.68,25.73
2015-08-12,Murang'a,4.32,24.95
2015-08-13,Murang'a,4.9,27.91
2015-08-14,Murang'a,4.88,21.99
2015-08-15,Murang'a,5.28,24.69
2015-08-16,Murang'a,6.02,23.28
2015-08-17,Murang'a,4.49,28.68
2015-08-18,Murang'a,2.82,21.36
2015-08-19,Murang'a,4.19,27.22
2015-08-20,Murang'a,5.18,21.21
2015-08-21,Murang'a,5.98,24.5
2015-08-22,Murang'a,5.19,22.31
2015-08-23,Murang'a,7.17,27.09
2015-08-24,Murang'a,2.84,23.16
2015-08-25,Murang'a,3.32,27.89
2015-08-26,Murang'a,7.47,21.08
2015-08-27,Murang'a,6.92,23.92
2015-08-28,Murang'a,5.03,21.79
2015-08-29,Murang'a,8.81,23.54
2015-08-30,Murang'a,8.27,25.62
2015-08-31,Murang'a,6.39,23.57
2015-09-01,Murang'a,4.02,22.16
2015-09-02,Murang'a,7.97,26.36
2015-09-03,Murang'a,5.85,24.6
2015-09-04,Murang'a,6.2,23.02
2015-09-05,Murang'a,2.55,26.39
2015-09-06,Murang'a,5.33,33.68
2015-09-07,Murang'a,5.14,25.03
2015-09-08,Murang'a,9.12,24.74
2015-09-09,Murang'a,5.88,21.17
2015-09-10,Murang'a,3.7,21.08
2015-09-11,Murang'a,9.48,26.63
2015-09-12,Murang'a,5.95,22.42
2015-09-13,Murang'a,4.85,19.28
2015-09-14,Murang'a,4.58,24.39
2015-09-15,Murang'a,3.08,24.09
2015-09-16,Murang'a,0.51,25.35
2015-09-17,Murang'a,4.85,21.56
2015-09-18,Murang'a,6.72,21.97
2015-09-19,Murang'a,6.01,26.37
2015-09-20,Murang'a,7.84,27.94
2015-09-21,Murang'a,3.89,24.15
2015-09-22,Murang'a,5.89,22.88
2015-09-23,Murang'a,4.87,23.53
2015-09-24,Murang'a,1.65,25.53
2015-09-25,Murang'a,5.91,23.53
2015-09-26,Murang'a,6.35,20.63
2015-09-27,Murang'a,3.09,24.45
2015-09-28,Murang'a,7.72,26.66
2015-09-29,Murang'a,7.77,26.12
2015-09-30,Murang'a,3.34,28.21
2015-10-01,Murang'a,9.94,19.31
2015-10-02,Murang'a,17.39,26.05
2015-10-03,Murang'a,7.11,26.49
2015-10-04,Murang'a,4.1,27.78
2015-10-05,Murang'a,14.93,25.92
2015-10-06,Murang'a,3.23,26.88
2015-10-07,Murang'a,17.87,25.58
2015-10-08,Murang'a,8.07,18.96
2015-10-09,Murang'a,7.44,22.58
2015-10-10,Murang'a,11.84,24.37
2015-10-11,Murang'a,9.27,16.35
2015-10-12,Murang'a,13.85,18.5
2015-10-13,Murang'a,14.18,26.7
2015-10-14,Murang'a,12.64,22.25
2015-10-15,Murang'a,12.07,24.47
2015-10-16,Murang'a,12.27,23.44
2015-10-17,Murang'a,9.57,25.44
2015-10-18,Murang'a,13.85,25.84
2015-10-19,Murang'a,5.81,20.64
2015-10-20,Murang'a,12.41,25.29
2015-10-21,Murang'a,8.97,25.75
2015-10-22,Murang'a,10.7,23.75
2015-10-23,Murang'a,11.71,22.2
2015-10-24,Murang'a,15.23,23.59
2015-10-25,Murang'a,1.93,23.8
2015-10-26,Murang'a,11.88,17.71
2015-10-27,Murang'a,5.6,27.49
2015-10-28,Murang'a,9.98,22.62
2015-10-29,Murang'a,2.33,23.27
2015-10-30,Murang'a,4.16,23.18
2015-10-31,Murang'a,6.88,25.58
2015-11-01,Murang'a,8.21,28.04
2015-11-02,Murang'a,12.71,25.04
2015-11-03,Murang'a,9.98,25.53
2015-11-04,Murang'a,17.58,24.33
2015-11-05,Murang'a,8.66,18.04
2015-11-06,Murang'a,12.17,24.3
2015-11-07,Murang'a,8.67,25.16
2015-11-08,Murang'a,10.03,24.15
2015-11-09,Murang'a,10.36,24.9
2015-11-10,Murang'a,9.66,17.82
2015-11-11,Murang'a,12.21,22.35
2015-11-12,Murang'a,10.09,25.07
2015-11-13,Murang'a,12.1,21.13
2015-11-14,Murang'a,7.7,23.6
2015-11-15,Murang'a,9.31,20.95
2015-11-16,Murang'a,0.0,27.56
2015-11-17,Murang'a,8.24,24.98
2015-11-18,Murang'a,7.06,21.23
2015-11-19,Murang'a,9.33,24.97
2015-11-20,Murang'a,11.92,24.73
2015-11-21,Murang'a,11.14,17.86
2015-11-22,Murang'a,6.14,22.3
2015-11-23,Murang'a,8.83,25.66
2015-11-24,Murang'a,10.19,28.14
2015-11-25,Murang'a,10.93,21.61
2015-11-26,Murang'a,6.18,25.14
2015-11-27,Murang'a,11.63,20.44
2015-11-28,Murang'a,6.56,26.14
2015-11-29,Murang'a,3.82,26.51
2015-11-30,Murang'a,8.86,22.74
2015-12-01,Murang'a,3.62,20.26
2015-12-02,Murang'a,5.93,20.72
2015-12-03,Murang'a,4.07,21.98
2015-12-04,Murang'a,7.05,27.61
2015-12-05,Murang'a,3.57,21.13
2015-12-06,Murang'a,3.01,20.91
2015-12-07,Murang'a,3.49,26.83
2015-12-08,Murang'a,2.38,27.11
2015-12-09,Murang'a,5.78,24.8
2015-12-10,Murang'a,4.87,19.7
2015-12-11,Murang'a,5.78,26.18
2015-12-12,Murang'a,7.46,23.63
2015-12-13,Murang'a,4.67,21.3
2015-12-14,Murang'a,2.74,21.52
2015-12-15,Murang'a,5.85,20.26
2015-12-16,Murang'a,3.5,25.62
2015-12-17,Murang'a,7.4,26.61
2015-12-18,Murang'a,5.86,30.98
2015-12-19,Murang'a,4.65,23.65
2015-12-20,Murang'a,3.82,23.98
2015-12-21,Murang'a,3.97,23.69
2015-12-22,Murang'a,5.66,22.96
2015-12-23,Murang'a,3.42,23.82
2015-12-24,Murang'a,4.84,28.94
2015-12-25,Murang'a,5.02,25.68
2015-12-26,Murang'a,3.36,25.62
2015-12-27,Murang'a,5.41,22.81
2015-12-28,Murang'a,6.85,27.51
2015-12-29,Murang'a,0.22,22.78
2015-12-30,Murang'a,4.95,26.14
2015-12-31,Murang'a,8.35,24.26
2016-01-01,Murang'a,5.89,23.5
2016-01-02,Murang'a,5.23,20.6
2016-01-03,Murang'a,5.45,23.34
2016-01-04,Murang'a,3.3,24.65
2016-01-05,Murang'a,2.8,27.37
2016-01-06,Murang'a,3.26,29.73
2016-01-07,Murang'a,6.92,22.89
2016-01-08,Murang'a,7.52,22.37
2016-01-09,Murang'a,7.71,21.64
2016-01-10,Murang'a,2.05,20.97
2016-01-11,Murang'a,6.19,21.47
2016-01-12,Murang'a,3.34,24.49
2016-01-13,Murang'a,5.43,21.83
2016-01-14,Murang'a,3.65,29.67
2016-01-15,Murang'a,5.27,22.06
2016-01-16,Murang'a,1.16,25.4
2016-01-17,Murang'a,6.06,24.53
2016-01-18,Murang'a,7.92,19.34
2016-01-19,Murang'a,6.7,23.62
2016-01-20,Murang'a,4.73,25.74
2016-01-21,Murang'a,8.25,20.6
2016-01-22,Murang'a,6.67,24.9
2016-01-23,Murang'a,6.74,25.23
2016-01-24,Murang'a,7.0,22.02
2016-01-25,Murang'a,6.16,21.94
2016-01-26,Murang'a,4.36,29.54
2016-01-27,Murang'a,8.44,26.99
2016-01-28,Murang'a,6.08,30.14
2016-01-29,Murang'a,5.47,26.26
2016-01-30,Murang'a,7.09,26.22
2016-01-31,Murang'a,3.1,24.28
2016-02-01,Murang'a,4.16,19.99
2016-02-02,Murang'a,3.1,25.91
2016-02-03,Murang'a,7.44,24.47
2016-02-04,Murang'a,7.39,24.83
2016-02-05,Murang'a,3.97,20.97
2016-02-06,Murang'a,2.47,25.28
2016-02-07,Murang'a,7.24,26.78
2016-02-08,Murang'a,5.81,23.19
2016-02-09,Murang'a,2.8,25.31
2016-02-10,Murang'a,6.56,26.1
2016-02-11,Murang'a,2.88,24.83
2016-02-12,Murang'a,5.97,19.62
2016-02-13,Murang'a,3.61,31.37
2016-02-14,Murang'a,5.53,26.24
2016-02-15,Murang'a,9.27,24.68
2016-02-16,Murang'a,6.96,29.67
2016-02-17,Murang'a,1.65,21.98
2016-02-18,Murang'a,5.81,29.25
2016-02-19,Murang'a,3.67,22.67
2016-02-20,Murang'a,6.41,21.39
2016-02-21,Murang'a,5.64,23.04
2016-02-22,Murang'a,5.16,20.24
2016-02-23,Murang'a,7.99,26.68
2016-02-24,Murang'a,8.28,25.5
2016-02-25,Murang'a,4.75,23.36
2016-02-26,Murang'a,5.13,22.8
2016-02-27,Murang'a,6.58,22.06
2016-02-28,Murang'a,3.07,23.98
2016-02-29,Murang'a,5.03,26.41
2016-03-01,Murang'a,23.24,23.33
2016-03-02,Murang'a,11.25,27.68
2016-03-03,Murang'a,18.14,21.72
2016-03-04,Murang'a,11.59,21.98
2016-03-05,Murang'a,17.02,20.26
2016-03-06,Murang'a,17.95,26.91
2016-03-07,Murang'a,14.39,22.11
2016-03-08,Murang'a,16.63,27.54
2016-03-09,Murang'a,12.3,23.6
2016-03-10,Murang'a,10.4,14.87
2016-03-11,Murang'a,18.91,26.1
2016-03-12,Murang'a,10.61,24.82
2016-03-13,Murang'a,22.59,22.26
2016-03-14,Murang'a,9.9,25.96
2016-03-15,Murang'a,22.13,29.02
2016-03-16,Murang'a,9.99,27.13
2016-03-17,Murang'a,12.79,21.21
2016-03-18,Murang'a,17.99,21.34
2016-03-19,Murang'a,8.2,21.19
2016-03-20,Murang'a,13.29,23.38
2016-03-21,Murang'a,12.5,25.03
2016-03-22,Murang'a,5.31,26.6
2016-03-23,Murang'a,6.18,19.39
2016-03-24,Murang'a,12.18,27.25
2016-03-25,Murang'a,29.15,19.24
2016-03-26,Murang'a,12.43,25.25
2016-03-27,Murang'a,17.01,23.47
2016-03-28,Murang'a,13.4,20.64
2016-03-29,Murang'a,8.21,18.19
2016-03-30,Murang'a,9.36,24.97
2016-03-31,Murang'a,19.91,25.11
2016-04-01,Murang'a,20.03,20.75
2016-04-02,Murang'a,23.51,28.36
2016-04-03,Murang'a,22.41,26.81
2016-04-04,Murang'a,13.14,21.23
2016-04-05,Murang'a,2.65,26.84
2016-04-06,Murang'a,10.87,24.88
2016-04-07,Murang'a,16.22,24.6
2016-04-08,Murang'a,20.72,25.94
2016-04-09,Murang'a,18.91,20.94
2016-04-10,Murang'a,8.63,18.48
2016-04-11,Murang'a,13.82,25.78
2016-04-12,Murang'a,12.78,27.29
2016-04-13,Murang'a,17.45,27.17
2016-04-14,Murang'a,12.64,28.51
2016-04-15,Murang'a,16.37,20.04
2016-04-16,Murang'a,16.41,23.92
2016-04-17,Murang'a,8.5,30.13
2016-04-18,Murang'a,26.09,21.1
2016-04-19,Murang'a,8.01,25.26
2016-04-20,Murang'a,16.62,19.76
2016-04-21,Murang'a,10.87,21.56
2016-04-22,Murang'a,22.1,23.48
2016-04-23,Murang'a,21.4,21.64
2016-04-24,Murang'a,6.66,22.1
2016-04-25,Murang'a,11.3,21.32
2016-04-26,Murang'a,11.12,21.37
2016-04-27,Murang'a,15.93,27.55
2016-04-28,Murang'a,18.95,21.97
2016-04-29,Murang'a,14.65,18.39
2016-04-30,Murang'a,13.89,22.24
2016-05-01,Murang'a,19.91,27.11
2016-05-02,Murang'a,12.68,23.28
2016-05-03,Murang'a,19.02,23.47
2016-05-04,Murang'a,21.04,26.15
2016-05-05,Murang'a,13.89,19.02
2016-05-06,Murang'a,9.57,26.16
2016-05-07,Murang'a,15.04,24.87
2016-05-08,Murang'a,18.94,25.22
2016-05-09,Murang'a,21.53,25.95
2016-05-10,Murang'a,10.31,22.49
2016-05-11,Murang'a,20.33,22.56
2016-05-12,Murang'a,17.14,25.73
2016-05-13,Murang'a,14.31,22.45
2016-05-14,Murang'a,23.72,26.91
2016-05-15,Murang'a,8.87,20.26
2016-05-16,Murang'a,4.12,22.05
2016-05-17,Murang'a,11.54,22.23
2016-05-18,Murang'a,11.64,24.79
2016-05-19,Murang'a,13.24,23.54
2016-05-20,Murang'a,10.46,26.02
2016-05-21,Murang'a,13.91,20.29
2016-05-22,Murang'a,12.87,20.89
2016-05-23,Murang'a,21.11,27.23
2016-05-24,Murang'a,20.39,24.67
2016-05-25,Murang'a,14.22,24.48
2016-05-26,Murang'a,18.36,29.69
2016-05-27,Murang'a,9.51,18.27
2016-05-28,Murang'a,10.12,25.82
2016-05-29,Murang'a,19.17,24.41
2016-05-30,Murang'a,17.17,24.63
2016-05-31,Murang'a,10.81,25.05
2016-06-01,Murang'a,6.04,24.59
2016-06-02,Murang'a,2.7,24.48
2016-06-03,Murang'a,4.17,21.21
2016-06-04,Murang'a,5.05,19.61
2016-06-05,Murang'a,6.63,24.15
2016-06-06,Murang'a,5.5,22.92
2016-06-07,Murang'a,8.11,25.26
2016-06-08,Murang'a,5.8,22.21
2016-06-09,Murang'a,4.66,25.11
2016-06-10,Murang'a,7.11,24.53
2016-06-11,Murang'a,4.42,25.22
2016-06-12,Murang'a,1.02,23.57
2016-06-13,Murang'a,4.71,23.55
2016-06-14,Murang'a,2.58,23.29
2016-06-15,Murang'a,3.18,24.84
2016-06-16,Murang'a,5.49,23.05
2016-06-17,Murang'a,3.27,22.25
2016-06-18,Murang'a,8.93,20.45
2016-06-19,Murang'a,6.24,24.45
2016-06-20,Murang'a,4.25,26.15
2016-06-21,Murang'a,4.33,21.73
2016-06-22,Murang'a,6.67,22.26
2016-06-23,Murang'a,4.42,25.22
2016-06-24,Murang'a,7.82,29.64
2016-06-25,Murang'a,5.21,23.08
2016-06-26,Murang'a,3.71,22.66
2016-06-27,Murang'a,4.71,27.12
2016-06-28,Murang'a,2.53,22.7
2016-06-29,Murang'a,5.19,25.83
2016-06-30,Murang'a,6.46,26.49
2016-07-01,Murang'a,5.93,18.52
2016-07-02,Murang'a,5.71,29.13
2016-07-03,Murang'a,6.41,31.58
2016-07-04,Murang'a,5.41,21.62
2016-07-05,Murang'a,3.27,23.81
2016-07-06,Murang'a,5.57,22.76
2016-07-07,Murang'a,6.28,21.84
2016-07-08,Murang'a,3.7,20.37
2016-07-09,Murang'a,5.18,15.88
2016-07-10,Murang'a,7.03,21.02
2016-07-11,Murang'a,7.0,25.63
2016-07-12,Murang'a,3.84,20.61
2016-07-13,Murang'a,7.35,25.97
2016-07-14,Murang'a,4.75,28.18
2016-07-15,Murang'a,0.87,22.34
2016-07-16,Murang'a,8.32,23.27
2016-07-17,Murang'a,5.81,19.76
2016-07-18,Murang'a,5.46,25.79
2016-07-19,Murang'a,3.22,21.03
2016-07-20,Murang'a,3.6,20.32
2016-07-21,Murang'a,4.92,21.86
2016-07-22,Murang'a,6.3,21.28
2016-07-23,Murang'a,2.37,24.75
2016-07-24,Murang'a,10.44,26.45
2016-07-25,Murang'a,4.11,22.96
2016-07-26,Murang'a,3.66,24.68
2016-07-27,Murang'a,0.23,22.92
2016-07-28,Murang'a,9.99,23.13
2016-07-29,Murang'a,4.28,28.9
2016-07-30,Murang'a,5.58,22.46
2016-07-31,Murang'a,5.78,23.4
2016-08-01,Murang'a,6.17,20.86
2016-08-02,Murang'a,8.48,22.25
2016-08-03,Murang'a,6.32,27.03
2016-08-04,Murang'a,4.16,14.01
2016-08-05,Murang'a,6.26,21.75
2016-08-06,Murang'a,0.56,19.82
2016-08-07,Murang'a,7.06,21.85
2016-08-08,Murang'a,6.46,16.38
2016-08-09,Murang'a,2.35,22.81
2016-08-10,Murang'a,2.81,26.21
2016-08-11,Murang'a,4.87,20.99
2016-08-12,Murang'a,2.93,25.72
2016-08-13,Murang'a,5.67,24.21
2016-08-14,Murang'a,6.77,23.8
2016-08-15,Murang'a,3.73,27.99
2016-08-16,Murang'a,3.68,23.46
2016-08-17,Murang'a,7.66,28.98
2016-08-18,Murang'a,9.56,24.76
2016-08-19,Murang'a,4.04,25.48
2016-08-20,Murang'a,4.07,20.31
2016-08-21,Murang'a,1.94,23.19
2016-08-22,Murang'a,5.37,28.18
2016-08-23,Murang'a,4.72,27.22
2016-08-24,Murang'a,3.91,23.56
2016-08-25,Murang'a,7.11,23.03
2016-08-26,Murang'a,2.04,18.86
2016-08-27,Murang'a,5.19,25.15
2016-08-28,Murang'a,2.7,24.08
2016-08-29,Murang'a,6.79,21.62
2016-08-30,Murang'a,3.49,20.11
2016-08-31,Murang'a,5.1,23.09
2016-09-01,Murang'a,7.08,24.85
2016-09-02,Murang'a,3.61,22.78
2016-09-03,Murang'a,4.9,18.54
2016-09-04,Murang'a,4.95,23.29
2016-09-05,Murang'a,9.38,23.91
2016-09-06,Murang'a,0.0,23.88
2016-09-07,Murang'a,7.66,22.34
2016-09-08,Murang'a,5.12,23.13
2016-09-09,Murang'a,5.97,26.07
2016-09-10,Murang'a,6.12,20.06
2016-09-11,Murang'a,4.45,25.14
2016-09-12,Murang'a,4.12,24.7
2016-09-13,Murang'a,5.73,27.07
2016-09-14,Murang'a,1.2,20.37
2016-09-15,Murang'a,1.79,24.6
2016-09-16,Murang'a,7.8,25.12
2016-09-17,Murang'a,4.2,20.39
2016-09-18,Murang'a,1.12,22.21
2016-09-19,Murang'a,0.0,19.0
2016-09-20,Murang'a,4.65,21.54
2016-09-21,Murang'a,5.89,25.81
2016-09-22,Murang'a,3.76,19.95
2016-09-23,Murang'a,2.35,21.87
2016-09-24,Murang'a,3.21,21.71
2016-09-25,Murang'a,3.7,20.17
2016-09-26,Murang'a,3.42,28.69
2016-09-27,Murang'a,3.28,27.64
2016-09-28,Murang'a,6.88,26.26
2016-09-29,Murang'a,3.35,23.93
2016-09-30,Murang'a,8.85,24.38
2016-10-01,Murang'a,16.1,23.91
2015-01-01,Kiambu,6.05,24.55
2015-01-02,Kiambu,5.62,19.34
2015-01-03,Kiambu,4.4,18.34
2015-01-04,Kiambu,5.24,21.63
2015-01-05,Kiambu,6.75,21.22
2015-01-06,Kiambu,2.54,18.51
2015-01-07,Kiambu,5.69,19.76
2015-01-08,Kiambu,6.81,21.91
2015-01-09,Kiambu,5.09,22.15
2015-01-10,Kiambu,4.09,22.28
2015-01-11,Kiambu,3.71,19.68
2015-01-12,Kiambu,4.59,21.08
2015-01-13,Kiambu,5.65,22.07
2015-01-14,Kiambu,6.13,22.96
2015-01-15,Kiambu,5.08,20.85
2015-01-16,Kiambu,5.16,19.78
2015-01-17,Kiambu,5.72,20.61
2015-01-18,Kiambu,4.76,19.69
2015-01-19,Kiambu,4.65,20.93
2015-01-20,Kiambu,6.86,22.05
2015-01-21,Kiambu,3.64,19.54
2015-01-22,Kiambu,1.48,15.41
2015-01-23,Kiambu,5.23,19.36
2015-01-24,Kiambu,5.48,22.72
2015-01-25,Kiambu,5.58,18.38
2015-01-26,Kiambu,3.9,18.31
2015-01-27,Kiambu,5.6,15.42
2015-01-28,Kiambu,2.08,17.22
2015-01-29,Kiambu,4.4,17.21
2015-01-30,Kiambu,3.55,20.94
2015-01-31,Kiambu,5.12,21.27
2015-02-01,Kiambu,4.95,17.29
2015-02-02,Kiambu,6.72,18.56
2015-02-03,Kiambu,6.96,25.89
2015-02-04,Kiambu,6.67,19.29
2015-02-05,Kiambu,2.59,19.98
2015-02-06,Kiambu,6.58,19.22
2015-02-07,Kiambu,7.16,19.48
2015-02-08,Kiambu,4.51,20.33
2015-02-09,Kiambu,6.89,19.81
2015-02-10,Kiambu,5.28,20.49
2015-02-11,Kiambu,1.61,22.09
2015-02-12,Kiambu,7.04,22.21
2015-02-13,Kiambu,4.27,23.82
2015-02-14,Kiambu,7.28,19.96
2015-02-15,Kiambu,6.88,19.69
2015-02-16,Kiambu,1.91,19.31
2015-02-17,Kiambu,7.08,19.15
2015-02-18,Kiambu,3.4,22.16
2015-02-19,Kiambu,1.92,19.28
2015-02-20,Kiambu,0.57,20.4
2015-02-21,Kiambu,4.66,21.41
2015-02-22,Kiambu,6.7,19.25
2015-02-23,Kiambu,4.04,19.4
2015-02-24,Kiambu,7.31,22.79
2015-02-25,Kiambu,4.7,19.1
2015-02-26,Kiambu,4.02,19.57
2015-02-27,Kiambu,5.68,16.61
2015-02-28,Kiambu,3.29,22.25
2015-03-01,Kiambu,13.22,20.08
2015-03-02,Kiambu,7.33,21.16
2015-03-03,Kiambu,6.27,22.14
2015-03-04,Kiambu,5.66,16.26
2015-03-05,Kiambu,13.26,19.62
2015-03-06,Kiambu,7.24,21.12
2015-03-07,Kiambu,19.14,22.18
2015-03-08,Kiambu,15.15,22.41
2015-03-09,Kiambu,16.61,19.85
2015-03-10,Kiambu,27.52,20.57
2015-03-11,Kiambu,12.88,20.41
2015-03-12,Kiambu,20.63,21.0
2015-03-13,Kiambu,8.71,21.65
2015-03-14,Kiambu,5.59,17.16
2015-03-15,Kiambu,16.67,22.63
2015-03-16,Kiambu,23.21,21.02
2015-03-17,Kiambu,14.74,18.52
2015-03-18,Kiambu,19.15,19.01
2015-03-19,Kiambu,7.6,22.29
2015-03-20,Kiambu,22.7,19.51
2015-03-21,Kiambu,23.14,20.08
2015-03-22,Kiambu,18.07,19.65
2015-03-23,Kiambu,14.19,22.72
2015-03-24,Kiambu,6.95,18.76
2015-03-25,Kiambu,15.74,21.45
2015-03-26,Kiambu,12.11,18.67
2015-03-27,Kiambu,10.62,23.84
2015-03-28,Kiambu,16.65,20.47
2015-03-29,Kiambu,11.87,15.98
2015-03-30,Kiambu,19.88,18.33
2015-03-31,Kiambu,27.29,21.0
2015-04-01,Kiambu,9.77,21.35
2015-04-02,Kiambu,13.9,19.73
2015-04-03,Kiambu,25.49,20.76
2015-04-04,Kiambu,15.17,21.37
2015-04-05,Kiambu,12.81,21.4
2015-04-06,Kiambu,14.28,18.26
2015-04-07,Kiambu,6.39,22.97
2015-04-08,Kiambu,22.25,22.65
2015-04-09,Kiambu,13.58,22.06
2015-04-10,Kiambu,13.71,16.31
2015-04-11,Kiambu,18.43,21.44
2015-04-12,Kiambu,15.99,17.86
2015-04-13,Kiambu,12.7,21.24
2015-04-14,Kiambu,16.39,17.29
2015-04-15,Kiambu,8.16,17.93
2015-04-16,Kiambu,12.45,17.62
2015-04-17,Kiambu,8.93,19.08
2015-04-18,Kiambu,19.81,19.13
2015-04-19,Kiambu,16.88,18.41
2015-04-20,Kiambu,9.87,21.14
2015-04-21,Kiambu,9.36,16.4
2015-04-22,Kiambu,14.38,19.54
2015-04-23,Kiambu,16.59,19.45
2015-04-24,Kiambu,11.19,21.72
2015-04-25,Kiambu,14.88,23.66
2015-04-26,Kiambu,16.7,17.56
2015-04-27,Kiambu,8.23,16.25
2015-04-28,Kiambu,5.5,16.96
2015-04-29,Kiambu,22.06,20.11
2015-04-30,Kiambu,17.21,18.85
2015-05-01,Kiambu,14.24,20.33
2015-05-02,Kiambu,19.36,17.32
2015-05-03,Kiambu,20.47,18.97
2015-05-04,Kiambu,7.68,19.86
2015-05-05,Kiambu,16.17,18.41
2015-05-06,Kiambu,9.21,20.0
2015-05-07,Kiambu,13.1,25.0
2015-05-08,Kiambu,16.08,19.78
2015-05-09,Kiambu,19.05,19.19
2015-05-10,Kiambu,6.37,21.12
2015-05-11,Kiambu,22.39,19.95
2015-05-12,Kiambu,16.52,22.21
2015-05-13,Kiambu,17.93,18.81
2015-05-14,Kiambu,19.63,22.74
2015-05-15,Kiambu,21.51,22.11
2015-05-16,Kiambu,21.41,25.12
2015-05-17,Kiambu,23.11,18.49
2015-05-18,Kiambu,16.89,19.96
2015-05-19,Kiambu,13.8,17.52
2015-05-20,Kiambu,13.21,20.8
2015-05-21,Kiambu,22.13,19.86
2015-05-22,Kiambu,19.38,19.94
2015-05-23,Kiambu,14.62,22.5
2015-05-24,Kiambu,4.49,18.25
2015-05-25,Kiambu,27.41,18.85
2015-05-26,Kiambu,21.98,24.73
2015-05-27,Kiambu,16.68,19.3
2015-05-28,Kiambu,17.87,22.7
2015-05-29,Kiambu,8.12,18.95
2015-05-30,Kiambu,12.95,17.48
2015-05-31,Kiambu,15.2,16.54
2015-06-01,Kiambu,3.78,22.67
2015-06-02,Kiambu,3.3,18.7
2015-06-03,Kiambu,5.85,19.45
2015-06-04,Kiambu,3.27,18.77
2015-06-05,Kiambu,5.55,20.79
2015-06-06,Kiambu,5.34,19.99
2015-06-07,Kiambu,4.33,23.63
2015-06-08,Kiambu,6.54,15.73
2015-06-09,Kiambu,3.38,20.84
2015-06-10,Kiambu,2.42,18.3
2015-06-11,Kiambu,5.08,14.37
2015-06-12,Kiambu,4.53,22.8
2015-06-13,Kiambu,8.4,19.38
2015-06-14,Kiambu,3.95,22.48
2015-06-15,Kiambu,6.3,20.23
2015-06-16,Kiambu,2.69,17.48
2015-06-17,Kiambu,3.06,18.98
2015-06-18,Kiambu,3.24,19.38
2015-06-19,Kiambu,6.32,17.39
2015-06-20,Kiambu,5.04,24.09
2015-06-21,Kiambu,4.25,19.59
2015-06-22,Kiambu,5.29,21.17
2015-06-23,Kiambu,3.55,17.31
2015-06-24,Kiambu,2.99,22.68
2015-06-25,Kiambu,4.87,17.63
2015-06-26,Kiambu,8.22,17.43
2015-06-27,Kiambu,2.44,18.34
2015-06-28,Kiambu,6.3,20.28
2015-06-29,Kiambu,4.66,19.66
2015-06-30,Kiambu,2.93,20.23
2015-07-01,Kiambu,5.35,22.18
2015-07-02,Kiambu,8.96,17.95
2015-07-03,Kiambu,5.33,17.91
2015-07-04,Kiambu,3.66,19.64
2015-07-05,Kiambu,11.24,19.95
2015-07-06,Kiambu,3.85,19.04
2015-07-07,Kiambu,6.59,22.44
2015-07-08,Kiambu,5.1,19.68
2015-07-09,Kiambu,7.13,17.04
2015-07-10,Kiambu,4.09,18.86
2015-07-11,Kiambu,1.81,23.21
2015-07-12,Kiambu,5.7,22.07
2015-07-13,Kiambu,8.35,16.9
2015-07-14,Kiambu,3.95,18.23
2015-07-15,Kiambu,3.81,19.12
2015-07-16,Kiambu,6.55,23.2
2015-07-17,Kiambu,1.84,17.76
2015-07-18,Kiambu,5.57,21.7
2015-07-19,Kiambu,5.69,19.65
2015-07-20,Kiambu,6.51,20.13
2015-07-21,Kiambu,5.33,20.91
2015-07-22,Kiambu,6.55,19.77
2015-07-23,Kiambu,9.4,19.18
2015-07-24,Kiambu,8.49,18.55
2015-07-25,Kiambu,8.04,18.81
2015-07-26,Kiambu,8.74,19.37
2015-07-27,Kiambu,5.8,21.76
2015-07-28,Kiambu,6.63,21.79
2015-07-29,Kiambu,1.79,20.34
2015-07-30,Kiambu,3.09,22.28
2015-07-31,Kiambu,2.9,16.91
2015-08-01,Kiambu,5.43,21.66
2015-08-02,Kiambu,3.91,18.23
2015-08-03,Kiambu,8.18,18.71
2015-08-04,Kiambu,6.18,19.44
2015-08-05,Kiambu,3.06,21.62
2015-08-06,Kiambu,3.28,20.27
2015-08-07,Kiambu,7.58,21.06
2015-08-08,Kiambu,4.0,18.5
2015-08-09,Kiambu,7.42,22.89
2015-08-10,Kiambu,5.12,19.18
2015-08-11,Kiambu,4.12,18.63
2015-08-12,Kiambu,4.69,19.32
2015-08-13,Kiambu,3.45,19.66
2015-08-14,Kiambu,6.35,22.41
2015-08-15,Kiambu,8.46,20.57
2015-08-16,Kiambu,7.55,20.06
2015-08-17,Kiambu,8.85,18.9
2015-08-18,Kiambu,4.29,18.55
2015-08-19,Kiambu,7.73,20.64
2015-08-20,Kiambu,3.68,18.25
2015-08-21,Kiambu,5.2,22.27
2015-08-22,Kiambu,4.06,20.27
2015-08-23,Kiambu,4.82,20.16
2015-08-24,Kiambu,4.65,17.49
2015-08-25,Kiambu,3.82,20.05
2015-08-26,Kiambu,5.71,20.36
2015-08-27,Kiambu,3.79,23.28
2015-08-28,Kiambu,2.94,21.45
2015-08-29,Kiambu,2.32,22.66
2015-08-30,Kiambu,4.14,20.52
2015-08-31,Kiambu,3.08,21.57
2015-09-01,Kiambu,4.9,18.97
2015-09-02,Kiambu,4.97,18.63
2015-09-03,Kiambu,7.9,20.33
2015-09-04,Kiambu,8.06,21.78
2015-09-05,Kiambu,4.33,21.47
2015-09-06,Kiambu,3.91,21.74
2015-09-07,Kiambu,7.6,20.48
2015-09-08,Kiambu,1.92,21.27
2015-09-09,Kiambu,7.65,17.33
2015-09-10,Kiambu,5.58,20.25
2015-09-11,Kiambu,4.7,20.47
2015-09-12,Kiambu,6.21,20.67
2015-09-13,Kiambu,5.34,22.78
2015-09-14,Kiambu,2.88,20.32
2015-09-15,Kiambu,0.86,20.34
2015-09-16,Kiambu,5.11,18.55
2015-09-17,Kiambu,5.8,19.6
2015-09-18,Kiambu,0.0,19.63
2015-09-19,Kiambu,2.57,20.36
2015-09-20,Kiambu,7.58,17.67
2015-09-21,Kiambu,6.04,22.17
2015-09-22,Kiambu,1.81,24.24
2015-09-23,Kiambu,4.21,20.86
2015-09-24,Kiambu,3.81,19.89
2015-09-25,Kiambu,2.56,19.95
2015-09-26,Kiambu,7.0,20.3
2015-09-27,Kiambu,4.26,18.02
2015-09-28,Kiambu,8.11,17.73
2015-09-29,Kiambu,5.87,18.89
2015-09-30,Kiambu,3.9,21.1
2015-10-01,Kiambu,12.83,18.94
2015-10-02,Kiambu,8.69,20.89
2015-10-03,Kiambu,1.58,22.86
2015-10-04,Kiambu,13.83,17.81
2015-10-05,Kiambu,8.16,16.53
2015-10-06,Kiambu,12.85,20.04
2015-10-07,Kiambu,12.72,18.57
2015-10-08,Kiambu,5.86,22.25
2015-10-09,Kiambu,12.29,19.13
2015-10-10,Kiambu,6.53,19.11
2015-10-11,Kiambu,10.6,20.88
2015-10-12,Kiambu,8.82,20.99
2015-10-13,Kiambu,11.39,16.78
2015-10-14,Kiambu,14.42,15.78
2015-10-15,Kiambu,13.15,18.47
2015-10-16,Kiambu,10.0,18.17
2015-10-17,Kiambu,9.87,20.52
2015-10-18,Kiambu,6.22,19.75
2015-10-19,Kiambu,6.92,22.0
2015-10-20,Kiambu,7.15,20.23
2015-10-21,Kiambu,8.15,20.83
2015-10-22,Kiambu,13.52,22.1
2015-10-23,Kiambu,8.63,20.9
2015-10-24,Kiambu,8.03,22.68
2015-10-25,Kiambu,10.36,24.39
2015-10-26,Kiambu,12.25,20.13
2015-10-27,Kiambu,10.52,24.24
2015-10-28,Kiambu,11.5,22.49
2015-10-29,Kiambu,13.64,16.82
2015-10-30,Kiambu,8.37,21.03
2015-10-31,Kiambu,12.37,17.03
2015-11-01,Kiambu,7.8,18.49
2015-11-02,Kiambu,12.48,21.36
2015-11-03,Kiambu,6.66,16.48
2015-11-04,Kiambu,7.52,17.75
2015-11-05,Kiambu,11.92,19.83
2015-11-06,Kiambu,8.94,21.97
2015-11-07,Kiambu,16.87,22.4
2015-11-08,Kiambu,15.56,19.67
2015-11-09,Kiambu,11.39,16.45
2015-11-10,Kiambu,10.93,18.61
2015-11-11,Kiambu,8.53,21.96
2015-11-12,Kiambu,10.4,18.89
2015-11-13,Kiambu,7.67,20.21
2015-11-14,Kiambu,10.02,20.56
2015-11-15,Kiambu,6.61,19.28
2015-11-16,Kiambu,9.06,20.34
2015-11-17,Kiambu,17.19,18.53
2015-11-18,Kiambu,4.7,21.97
2015-11-19,Kiambu,12.86,20.49
2015-11-20,Kiambu,8.34,20.61
2015-11-21,Kiambu,11.19,18.88
2015-11-22,Kiambu,7.88,22.48
2015-11-23,Kiambu,9.64,16.52
2015-11-24,Kiambu,8.65,17.29
2015-11-25,Kiambu,6.69,19.75
2015-11-26,Kiambu,11.79,20.09
2015-11-27,Kiambu,7.93,21.78
2015-11-28,Kiambu,11.26,20.02
2015-11-29,Kiambu,17.4,17.38
2015-11-30,Kiambu,3.6,20.66
2015-12-01,Kiambu,2.07,18.1
2015-12-02,Kiambu,9.75,22.93
2015-12-03,Kiambu,6.47,19.64
2015-12-04,Kiambu,9.28,20.89
2015-12-05,Kiambu,3.46,19.01
2015-12-06,Kiambu,6.95,17.19
2015-12-07,Kiambu,2.55,19.82
2015-12-08,Kiambu,2.38,19.78
2015-12-09,Kiambu,6.61,21.04
2015-12-10,Kiambu,7.89,20.02
2015-12-11,Kiambu,4.88,20.44
2015-12-12,Kiambu,5.46,22.53
2015-12-13,Kiambu,5.05,20.93
2015-12-14,Kiambu,10.11,20.46
2015-12-15,Kiambu,6.77,18.8
2015-12-16,Kiambu,6.14,19.94
2015-12-17,Kiambu,2.02,21.16
2015-12-18,Kiambu,6.45,17.53
2015-12-19,Kiambu,5.39,19.57
2015-12-20,Kiambu,2.5,23.35
2015-12-21,Kiambu,4.54,16.92
2015-12-22,Kiambu,1.72,20.97
2015-12-23,Kiambu,4.74,21.16
2015-12-24,Kiambu,6.45,19.76
2015-12-25,Kiambu,3.83,21.37
2015-12-26,Kiambu,4.49,15.21
2015-12-27,Kiambu,3.85,21.57
2015-12-28,Kiambu,5.91,24.25
2015-12-29,Kiambu,2.56,22.22
2015-12-30,Kiambu,4.21,17.92
2015-12-31,Kiambu,6.96,22.91
2016-01-01,Kiambu,3.15,19.77
2016-01-02,Kiambu,5.14,21.53
2016-01-03,Kiambu,2.45,22.93
2016-01-04,Kiambu,5.13,15.54
2016-01-05,Kiambu,4.31,17.71
2016-01-06,Kiambu,1.73,21.42
2016-01-07,Kiambu,5.54,21.25
2016-01-08,Kiambu,2.4,19.69
2016-01-09,Kiambu,8.66,22.33
2016-01-10,Kiambu,5.47,19.65
2016-01-11,Kiambu,4.34,21.93
2016-01-12,Kiambu,4.25,21.86
2016-01-13,Kiambu,5.15,19.94
2016-01-14,Kiambu,7.52,19.71
2016-01-15,Kiambu,5.4,18.25
2016-01-16,Kiambu,7.19,20.3
2016-01-17,Kiambu,2.58,16.73
2016-01-18,Kiambu,6.88,21.93
2016-01-19,Kiambu,5.01,21.72
2016-01-20,Kiambu,5.08,19.8
2016-01-21,Kiambu,2.97,24.74
2016-01-22,Kiambu,5.39,17.09
2016-01-23,Kiambu,4.83,19.69
2016-01-24,Kiambu,2.11,21.02
2016-01-25,Kiambu,4.62,22.56
2016-01-26,Kiambu,3.58,20.92
2016-01-27,Kiambu,2.4,17.32
2016-01-28,Kiambu,4.01,20.62
2016-01-29,Kiambu,3.76,20.01
2016-01-30,Kiambu,3.61,18.71
2016-01-31,Kiambu,6.93,17.85
2016-02-01,Kiambu,0.6,19.13
2016-02-02,Kiambu,1.1,23.13
2016-02-03,Kiambu,5.56,20.02
2016-02-04,Kiambu,3.22,22.27
2016-02-05,Kiambu,6.03,18.14
2016-02-06,Kiambu,4.81,20.15
2016-02-07,Kiambu,4.99,20.33
2016-02-08,Kiambu,7.08,20.81
2016-02-09,Kiambu,8.17,21.5
2016-02-10,Kiambu,5.48,15.8
2016-02-11,Kiambu,6.31,18.8
2016-02-12,Kiambu,4.59,20.41
2016-02-13,Kiambu,5.1,22.62
2016-02-14,Kiambu,5.28,21.58
2016-02-15,Kiambu,5.74,24.74
2016-02-16,Kiambu,7.11,23.78
2016-02-17,Kiambu,9.08,21.42
2016-02-18,Kiambu,7.17,19.88
2016-02-19,Kiambu,2.71,21.91
2016-02-20,Kiambu,4.25,19.04
2016-02-21,Kiambu,8.28,23.66
2016-02-22,Kiambu,3.42,22.14
2016-02-23,Kiambu,5.63,22.61
2016-02-24,Kiambu,6.07,18.93
2016-02-25,Kiambu,3.31,22.77
2016-02-26,Kiambu,8.43,19.46
2016-02-27,Kiambu,5.98,23.26
2016-02-28,Kiambu,6.81,21.85
2016-02-29,Kiambu,6.27,17.62
2016-03-01,Kiambu,9.5,19.4
2016-03-02,Kiambu,10.79,18.04
2016-03-03,Kiambu,18.82,23.79
2016-03-04,Kiambu,12.97,20.84
2016-03-05,Kiambu,13.74,17.81
2016-03-06,Kiambu,15.02,17.31
2016-03-07,Kiambu,11.83,21.44
2016-03-08,Kiambu,19.38,21.54
2016-03-09,Kiambu,13.93,23.12
2016-03-10,Kiambu,15.87,22.49
2016-03-11,Kiambu,13.04,22.99
2016-03-12,Kiambu,14.21,20.02
2016-03-13,Kiambu,16.87,19.53
2016-03-14,Kiambu,12.82,20.94
2016-03-15,Kiambu,13.25,20.83
2016-03-16,Kiambu,9.69,24.22
2016-03-17,Kiambu,18.55,20.52
2016-03-18,Kiambu,14.96,21.32
2016-03-19,Kiambu,16.09,17.88
2016-03-20,Kiambu,14.42,19.37
2016-03-21,Kiambu,10.87,17.93
2016-03-22,Kiambu,23.58,20.78
2016-03-23,Kiambu,7.53,21.73
2016-03-24,Kiambu,10.25,20.67
2016-03-25,Kiambu,16.57,20.3
2016-03-26,Kiambu,17.36,20.36
2016-03-27,Kiambu,11.18,20.71
2016-03-28,Kiambu,14.47,20.03
2016-03-29,Kiambu,21.17,19.51
2016-03-30,Kiambu,15.87,20.9
2016-03-31,Kiambu,7.05,21.3
2016-04-01,Kiambu,23.44,20.86
2016-04-02,Kiambu,23.43,17.53
2016-04-03,Kiambu,15.11,19.14
2016-04-04,Kiambu,14.82,21.0
2016-04-05,Kiambu,19.82,20.43
2016-04-06,Kiambu,12.03,19.76
2016-04-07,Kiambu,15.09,17.99
2016-04-08,Kiambu,18.44,20.22
2016-04-09,Kiambu,21.24,22.19
2016-04-10,Kiambu,22.58,19.36
2016-04-11,Kiambu,14.96,21.08
2016-04-12,Kiambu,18.84,21.77
2016-04-13,Kiambu,11.23,19.21
2016-04-14,Kiambu,14.76,18.71
2016-04-15,Kiambu,16.97,20.13
2016-04-16,Kiambu,16.23,14.85
2016-04-17,Kiambu,15.34,17.04
2016-04-18,Kiambu,20.23,19.78
2016-04-19,Kiambu,11.77,21.31
2016-04-20,Kiambu,8.44,21.51
2016-04-21,Kiambu,16.46,20.95
2016-04-22,Kiambu,13.37,15.72
2016-04-23,Kiambu,7.62,20.96
2016-04-24,Kiambu,20.96,17.96
2016-04-25,Kiambu,10.62,16.27
2016-04-26,Kiambu,15.05,18.21
2016-04-27,Kiambu,21.55,17.63
2016-04-28,Kiambu,24.91,21.03
2016-04-29,Kiambu,13.12,20.48
2016-04-30,Kiambu,18.55,20.19
2016-05-01,Kiambu,8.39,16.37
2016-05-02,Kiambu,15.09,18.93
2016-05-03,Kiambu,11.23,22.81
2016-05-04,Kiambu,9.32,23.43
2016-05-05,Kiambu,16.06,20.94
2016-05-06,Kiambu,23.55,23.11
2016-05-07,Kiambu,20.91,19.54
2016-05-08,Kiambu,24.12,20.65
2016-05-09,Kiambu,19.32,20.77
2016-05-10,Kiambu,12.14,20.87
2016-05-11,Kiambu,22.49,20.27
2016-05-12,Kiambu,10.01,18.76
2016-05-13,Kiambu,22.25,21.31
2016-05-14,Kiambu,11.64,18.19
2016-05-15,Kiambu,10.36,20.42
2016-05-16,Kiambu,17.84,19.1
2016-05-17,Kiambu,21.54,18.77
2016-05-18,Kiambu,21.71,20.13
2016-05-19,Kiambu,13.67,20.84
2016-05-20,Kiambu,11.8,21.85
2016-05-21,Kiambu,18.73,18.11
2016-05-22,Kiambu,15.98,20.24
2016-05-23,Kiambu,20.54,19.64
2016-05-24,Kiambu,9.09,19.27
2016-05-25,Kiambu,10.2,24.41
2016-05-26,Kiambu,17.39,18.2
2016-05-27,Kiambu,16.39,20.48
2016-05-28,Kiambu,22.69,21.32
2016-05-29,Kiambu,22.71,18.79
2016-05-30,Kiambu,16.1,19.2
2016-05-31,Kiambu,17.73,20.71
2016-06-01,Kiambu,6.24,19.94
2016-06-02,Kiambu,2.9,16.74
2016-06-03,Kiambu,8.83,18.95
2016-06-04,Kiambu,0.66,18.89
2016-06-05,Kiambu,7.01,20.6
2016-06-06,Kiambu,5.23,21.33
2016-06-07,Kiambu,2.51,18.47
2016-06-08,Kiambu,1.42,19.78
2016-06-09,Kiambu,8.08,21.15
2016-06-10,Kiambu,6.39,21.34
2016-06-11,Kiambu,6.91,19.02
2016-06-12,Kiambu,2.17,16.38
2016-06-13,Kiambu,6.69,19.24
2016-06-14,Kiambu,5.35,22.71
2016-06-15,Kiambu,6.14,18.82
2016-06-16,Kiambu,5.25,21.74
2016-06-17,Kiambu,1.38,20.96
2016-06-18,Kiambu,6.94,19.24
2016-06-19,Kiambu,3.07,18.78
2016-06-20,Kiambu,1.82,18.65
2016-06-21,Kiambu,9.03,21.11
2016-06-22,Kiambu,6.36,19.37
2016-06-23,Kiambu,7.42,19.51
2016-06-24,Kiambu,5.43,20.33
2016-06-25,Kiambu,6.78,18.3
2016-06-26,Kiambu,0.84,20.33
2016-06-27,Kiambu,6.07,20.25
2016-06-28,Kiambu,2.4,20.82
2016-06-29,Kiambu,3.71,19.29
2016-06-30,Kiambu,7.75,18.66
2016-07-01,Kiambu,0.0,19.27
2016-07-02,Kiambu,5.39,18.73
2016-07-03,Kiambu,0.0,17.08
2016-07-04,Kiambu,2.54,20.35
2016-07-05,Kiambu,7.59,21.11
2016-07-06,Kiambu,2.31,22.08
2016-07-07,Kiambu,0.01,21.16
2016-07-08,Kiambu,8.07,20.05
2016-07-09,Kiambu,3.91,22.11
2016-07-10,Kiambu,7.68,16.51
2016-07-11,Kiambu,2.3,19.47
2016-07-12,Kiambu,4.97,18.13
2016-07-13,Kiambu,5.87,19.41
2016-07-14,Kiambu,5.49,22.19
2016-07-15,Kiambu,1.24,21.01
2016-07-16,Kiambu,7.08,18.41
2016-07-17,Kiambu,7.03,17.49
2016-07-18,Kiambu,4.93,22.39
2016-07-19,Kiambu,6.4,22.21
2016-07-20,Kiambu,3.51,17.2
2016-07-21,Kiambu,2.76,17.56
2016-07-22,Kiambu,3.57,19.96
2016-07-23,Kiambu,6.26,16.12
2016-07-24,Kiambu,2.97,18.17
2016-07-25,Kiambu,1.71,19.32
2016-07-26,Kiambu,4.9,21.98
2016-07-27,Kiambu,3.71,15.49
2016-07-28,Kiambu,4.15,17.19
2016-07-29,Kiambu,4.51,22.26
2016-07-30,Kiambu,5.97,22.28
2016-07-31,Kiambu,3.81,20.54
2016-08-01,Kiambu,0.65,18.75
2016-08-02,Kiambu,0.39,20.3
2016-08-03,Kiambu,1.46,22.28
2016-08-04,Kiambu,4.28,20.45
2016-08-05,Kiambu,5.47,20.38
2016-08-06,Kiambu,2.33,20.09
2016-08-07,Kiambu,9.7,18.73
2016-08-08,Kiambu,4.52,20.25
2016-08-09,Kiambu,6.22,21.24
2016-08-10,Kiambu,6.9,19.43
2016-08-11,Kiambu,5.16,18.06
2016-08-12,Kiambu,3.67,16.43
2016-08-13,Kiambu,6.4,20.55
2016-08-14,Kiambu,8.32,15.99
2016-08-15,Kiambu,5.56,20.47
2016-08-16,Kiambu,5.4,19.58
2016-08-17,Kiambu,7.02,19.42
2016-08-18,Kiambu,4.01,19.46
2016-08-19,Kiambu,5.44,20.49
2016-08-20,Kiambu,4.47,19.9
2016-08-21,Kiambu,6.89,18.08
2016-08-22,Kiambu,5.36,22.49
2016-08-23,Kiambu,4.78,17.05
2016-08-24,Kiambu,6.52,20.7
2016-08-25,Kiambu,4.74,19.71
2016-08-26,Kiambu,4.48,19.51
2016-08-27,Kiambu,1.62,21.06
2016-08-28,Kiambu,3.83,19.85
2016-08-29,Kiambu,5.19,22.03
2016-08-30,Kiambu,9.43,20.31
2016-08-31,Kiambu,6.78,19.81
2016-09-01,Kiambu,8.74,21.06
2016-09-02,Kiambu,4.03,21.59
2016-09-03,Kiambu,3.95,17.83
2016-09-04,Kiambu,4.8,20.14
2016-09-05,Kiambu,4.52,15.87
2016-09-06,Kiambu,5.11,20.2
2016-09-07,Kiambu,5.17,18.53
2016-09-08,Kiambu,7.98,21.92
2016-09-09,Kiambu,5.03,19.81
2016-09-10,Kiambu,3.58,18.62
2016-09-11,Kiambu,4.18,20.35
2016-09-12,Kiambu,3.15,20.41
2016-09-13,Kiambu,6.07,22.12
2016-09-14,Kiambu,3.14,20.96
2016-09-15,Kiambu,3.76,18.1
2016-09-16,Kiambu,7.43,17.06
2016-09-17,Kiambu,8.43,20.92
2016-09-18,Kiambu,3.59,16.94
2016-09-19,Kiambu,9.32,18.88
2016-09-20,Kiambu,2.54,17.36
2016-09-21,Kiambu,4.68,19.51
2016-09-22,Kiambu,4.54,19.87
2016-09-23,Kiambu,6.81,22.05
2016-09-24,Kiambu,6.19,20.04
2016-09-25,Kiambu,3.8,19.12
2016-09-26,Kiambu,5.54,21.2
2016-09-27,Kiambu,7.17,19.88
2016-09-28,Kiambu,7.4,19.63
2016-09-29,Kiambu,3.98,18.91
2016-09-30,Kiambu,1.76,20.35
2016-10-01,Kiambu,10.78,21.17
2015-01-01,Turkana,2.82,23.49
2015-01-02,Turkana,2.84,23.81
2015-01-03,Turkana,1.93,27.02
2015-01-04,Turkana,0.35,27.6
2015-01-05,Turkana,5.87,24.45
2015-01-06,Turkana,6.14,24.44
2015-01-07,Turkana,4.13,24.05
2015-01-08,Turkana,2.07,24.58
2015-01-09,Turkana,7.49,23.89
2015-01-10,Turkana,4.99,25.0
2015-01-11,Turkana,6.05,24.77
2015-01-12,Turkana,3.15,20.41
2015-01-13,Turkana,8.06,21.87
2015-01-14,Turkana,6.65,23.57
2015-01-15,Turkana,4.6,23.58
2015-01-16,Turkana,5.66,17.19
2015-01-17,Turkana,3.48,28.03
2015-01-18,Turkana,5.45,18.12
2015-01-19,Turkana,2.82,23.73
2015-01-20,Turkana,5.54,23.0
2015-01-21,Turkana,4.58,28.4
2015-01-22,Turkana,9.03,24.96
2015-01-23,Turkana,8.58,23.16
2015-01-24,Turkana,2.22,23.48
2015-01-25,Turkana,2.95,21.99
2015-01-26,Turkana,1.96,22.14
2015-01-27,Turkana,2.48,21.2
2015-01-28,Turkana,3.61,23.37
2015-01-29,Turkana,9.34,25.9
2015-01-30,Turkana,5.19,23.66
2015-01-31,Turkana,1.27,22.46
2015-02-01,Turkana,3.63,28.43
2015-02-02,Turkana,6.27,23.52
2015-02-03,Turkana,7.46,24.6
2015-02-04,Turkana,5.58,24.16
2015-02-05,Turkana,3.84,22.05
2015-02-06,Turkana,9.2,24.82
2015-02-07,Turkana,1.36,20.68
2015-02-08,Turkana,5.14,24.96
2015-02-09,Turkana,2.42,23.3
2015-02-10,Turkana,3.8,29.91
2015-02-11,Turkana,3.55,18.74
2015-02-12,Turkana,3.69,21.38
2015-02-13,Turkana,3.54,26.96
2015-02-14,Turkana,5.29,23.88
2015-02-15,Turkana,6.95,21.39
2015-02-16,Turkana,0.0,23.75
2015-02-17,Turkana,6.22,28.98
2015-02-18,Turkana,5.72,23.74
2015-02-19,Turkana,5.42,24.46
2015-02-20,Turkana,2.72,22.39
2015-02-21,Turkana,4.85,23.47
2015-02-22,Turkana,5.6,25.44
2015-02-23,Turkana,7.5,28.01
2015-02-24,Turkana,2.8,28.02
2015-02-25,Turkana,4.6,21.71
2015-02-26,Turkana,1.52,24.47
2015-02-27,Turkana,5.17,27.58
2015-02-28,Turkana,2.01,21.85
2015-03-01,Turkana,16.29,20.71
2015-03-02,Turkana,12.35,19.25
2015-03-03,Turkana,14.77,24.86
2015-03-04,Turkana,16.31,22.13
2015-03-05,Turkana,10.92,23.45
2015-03-06,Turkana,13.32,31.37
2015-03-07,Turkana,13.37,20.32
2015-03-08,Turkana,9.71,26.87
2015-03-09,Turkana,13.37,18.26
2015-03-10,Turkana,8.09,26.27
2015-03-11,Turkana,6.73,27.06
2015-03-12,Turkana,17.1,24.68
2015-03-13,Turkana,18.11,24.41
2015-03-14,Turkana,25.63,23.97
2015-03-15,Turkana,17.17,27.8
2015-03-16,Turkana,27.92,20.6
2015-03-17,Turkana,16.98,27.12
2015-03-18,Turkana,7.21,22.17
2015-03-19,Turkana,24.04,19.08
2015-03-20,Turkana,18.87,25.8
2015-03-21,Turkana,27.11,18.64
2015-03-22,Turkana,9.01,32.65
2015-03-23,Turkana,20.51,22.23
2015-03-24,Turkana,14.46,27.78
2015-03-25,Turkana,21.0,26.71
2015-03-26,Turkana,19.21,26.56
2015-03-27,Turkana,18.23,27.12
2015-03-28,Turkana,12.02,22.82
2015-03-29,Turkana,18.19,29.44
2015-03-30,Turkana,12.12,21.05
2015-03-31,Turkana,16.25,30.19
2015-04-01,Turkana,14.98,21.43
2015-04-02,Turkana,16.41,21.95
2015-04-03,Turkana,10.76,25.31
2015-04-04,Turkana,13.44,24.06
2015-04-05,Turkana,10.37,21.24
2015-04-06,Turkana,5.41,25.91
2015-04-07,Turkana,9.0,22.36
2015-04-08,Turkana,2.49,23.28
2015-04-09,Turkana,13.99,24.74
2015-04-10,Turkana,14.08,26.82
2015-04-11,Turkana,20.98,22.46
2015-04-12,Turkana,17.67,20.68
2015-04-13,Turkana,9.88,24.22
2015-04-14,Turkana,6.8,22.26
2015-04-15,Turkana,17.56,27.46
2015-04-16,Turkana,20.32,22.32
2015-04-17,Turkana,13.37,20.84
2015-04-18,Turkana,26.89,20.33
2015-04-19,Turkana,19.18,25.63
2015-04-20,Turkana,17.28,24.16
2015-04-21,Turkana,5.84,24.29
2015-04-22,Turkana,17.54,25.45
2015-04-23,Turkana,21.23,22.83
2015-04-24,Turkana,12.81,23.15
2015-04-25,Turkana,13.34,29.09
2015-04-26,Turkana,16.38,21.05
2015-04-27,Turkana,19.52,21.74
2015-04-28,Turkana,17.22,25.01
2015-04-29,Turkana,15.02,26.64
2015-04-30,Turkana,23.09,23.36
2015-05-01,Turkana,17.0,24.96
2015-05-02,Turkana,17.81,28.33
2015-05-03,Turkana,11.35,25.47
2015-05-04,Turkana,24.28,24.34
2015-05-05,Turkana,8.06,26.92
2015-05-06,Turkana,28.0,23.14
2015-05-07,Turkana,15.43,27.0
2015-05-08,Turkana,17.15,20.85
2015-05-09,Turkana,15.42,21.31
2015-05-10,Turkana,11.56,20.04
2015-05-11,Turkana,4.45,23.46
2015-05-12,Turkana,8.89,23.03
2015-05-13,Turkana,16.16,22.96
2015-05-14,Turkana,3.34,25.76
2015-05-15,Turkana,22.76,24.77
2015-05-16,Turkana,14.79,26.66
2015-05-17,Turkana,22.57,22.48
2015-05-18,Turkana,14.55,20.81
2015-05-19,Turkana,11.66,20.92
2015-05-20,Turkana,5.2,23.78
2015-05-21,Turkana,21.43,21.4
2015-05-22,Turkana,19.53,22.1
2015-05-23,Turkana,17.33,20.0
2015-05-24,Turkana,12.0,27.22
2015-05-25,Turkana,16.28,25.83
2015-05-26,Turkana,11.97,18.56
2015-05-27,Turkana,12.92,26.22
2015-05-28,Turkana,11.19,26.69
2015-05-29,Turkana,7.63,19.73
2015-05-30,Turkana,13.67,23.82
2015-05-31,Turkana,15.19,20.37
2015-06-01,Turkana,6.54,27.68
2015-06-02,Turkana,4.56,25.84
2015-06-03,Turkana,4.68,25.19
2015-06-04,Turkana,5.34,22.68
2015-06-05,Turkana,6.83,25.67
2015-06-06,Turkana,4.07,18.02
2015-06-07,Turkana,6.77,25.27
2015-06-08,Turkana,1.43,25.56
2015-06-09,Turkana,6.06,21.29
2015-06-10,Turkana,2.27,28.72
2015-06-11,Turkana,7.31,19.03
2015-06-12,Turkana,5.49,26.16
2015-06-13,Turkana,4.35,22.98
2015-06-14,Turkana,4.75,25.97
2015-06-15,Turkana,4.72,22.05
2015-06-16,Turkana,0.4,26.22
2015-06-17,Turkana,4.36,24.97
2015-06-18,Turkana,7.52,25.54
2015-06-19,Turkana,5.7,23.29
2015-06-20,Turkana,1.82,21.1
2015-06-21,Turkana,5.35,24.28
2015-06-22,Turkana,4.43,23.67
2015-06-23,Turkana,2.08,24.56
2015-06-24,Turkana,4.19,25.85
2015-06-25,Turkana,7.73,26.07
2015-06-26,Turkana,4.58,22.07
2015-06-27,Turkana,8.25,26.13
2015-06-28,Turkana,7.63,20.63
2015-06-29,Turkana,3.08,23.96
2015-06-30,Turkana,10.98,25.99
2015-07-01,Turkana,3.99,18.98
2015-07-02,Turkana,5.66,22.68
2015-07-03,Turkana,2.96,22.02
2015-07-04,Turkana,2.02,22.75
2015-07-05,Turkana,1.29,23.62
2015-07-06,Turkana,5.43,23.91
2015-07-07,Turkana,4.89,26.82
2015-07-08,Turkana,4.96,25.0
2015-07-09,Turkana,6.26,29.75
2015-07-10,Turkana,7.01,20.02
2015-07-11,Turkana,7.76,22.66
2015-07-12,Turkana,5.43,22.39
2015-07-13,Turkana,2.66,26.6
2015-07-14,Turkana,4.79,24.17
2015-07-15,Turkana,6.17,22.87
2015-07-16,Turkana,8.16,24.42
2015-07-17,Turkana,7.8,23.97
2015-07-18,Turkana,6.61,19.92
2015-07-19,Turkana,1.49,26.33
2015-07-20,Turkana,5.27,25.79
2015-07-21,Turkana,4.42,17.95
2015-07-22,Turkana,4.54,28.56
2015-07-23,Turkana,5.36,26.62
2015-07-24,Turkana,3.48,26.69
2015-07-25,Turkana,6.98,21.85
2015-07-26,Turkana,1.82,25.92
2015-07-27,Turkana,4.12,28.37
2015-07-28,Turkana,6.51,27.32
2015-07-29,Turkana,4.27,25.52
2015-07-30,Turkana,3.46,24.53
2015-07-31,Turkana,5.49,13.04
2015-08-01,Turkana,1.72,28.93
2015-08-02,Turkana,3.9,20.43
2015-08-03,Turkana,3.75,24.73
2015-08-04,Turkana,6.84,28.45
2015-08-05,Turkana,8.34,25.09
2015-08-06,Turkana,5.99,19.07
2015-08-07,Turkana,3.07,25.12
2015-08-08,Turkana,5.12,21.4
2015-08-09,Turkana,5.7,24.02
2015-08-10,Turkana,7.01,17.92
2015-08-11,Turkana,5.6,23.25
2015-08-12,Turkana,5.58,25.7
2015-08-13,Turkana,5.27,25.42
2015-08-14,Turkana,7.04,21.23
2015-08-15,Turkana,7.85,19.47
2015-08-16,Turkana,4.11,22.86
2015-08-17,Turkana,5.56,24.81
2015-08-18,Turkana,3.41,25.54
2015-08-19,Turkana,6.31,18.53
2015-08-20,Turkana,6.82,21.86
2015-08-21,Turkana,3.88,22.79
2015-08-22,Turkana,1.62,29.25
2015-08-23,Turkana,3.59,23.0
2015-08-24,Turkana,4.08,23.93
2015-08-25,Turkana,6.61,28.71
2015-08-26,Turkana,4.37,23.61
2015-08-27,Turkana,5.51,24.25
2015-08-28,Turkana,4.38,23.46
2015-08-29,Turkana,5.69,24.77
2015-08-30,Turkana,5.02,25.61
2015-08-31,Turkana,6.21,28.4
2015-09-01,Turkana,4.84,21.48
2015-09-02,Turkana,4.14,23.13
2015-09-03,Turkana,4.06,21.36
2015-09-04,Turkana,3.67,21.77
2015-09-05,Turkana,5.09,22.95
2015-09-06,Turkana,3.84,23.81
2015-09-07,Turkana,2.13,25.3
2015-09-08,Turkana,7.23,25.45
2015-09-09,Turkana,4.61,20.2
2015-09-10,Turkana,4.78,25.42
2015-09-11,Turkana,2.59,27.48
2015-09-12,Turkana,9.33,23.77
2015-09-13,Turkana,1.82,22.41
2015-09-14,Turkana,1.3,24.81
2015-09-15,Turkana,7.12,21.03
2015-09-16,Turkana,5.49,26.77
2015-09-17,Turkana,3.83,21.41
2015-09-18,Turkana,7.01,29.27
2015-09-19,Turkana,7.33,24.51
2015-09-20,Turkana,6.32,26.99
2015-09-21,Turkana,4.81,19.06
2015-09-22,Turkana,2.94,24.22
2015-09-23,Turkana,6.47,30.92
2015-09-24,Turkana,7.42,23.0
2015-09-25,Turkana,2.55,19.63
2015-09-26,Turkana,1.47,24.51
2015-09-27,Turkana,5.08,23.92
2015-09-28,Turkana,7.89,21.99
2015-09-29,Turkana,3.61,25.24
2015-09-30,Turkana,5.7,23.09
2015-10-01,Turkana,16.04,23.18
2015-10-02,Turkana,11.43,28.99
2015-10-03,Turkana,15.34,29.3
2015-10-04,Turkana,9.28,29.03
2015-10-05,Turkana,9.75,21.8
2015-10-06,Turkana,15.06,29.08
2015-10-07,Turkana,7.11,28.19
2015-10-08,Turkana,9.84,24.32
2015-10-09,Turkana,10.37,23.49
2015-10-10,Turkana,11.02,20.35
2015-10-11,Turkana,8.3,23.99
2015-10-12,Turkana,8.24,26.03
2015-10-13,Turkana,11.33,22.21
2015-10-14,Turkana,1.57,23.57
2015-10-15,Turkana,10.04,27.22
2015-10-16,Turkana,5.98,26.09
2015-10-17,Turkana,17.7,21.32
2015-10-18,Turkana,10.59,29.38
2015-10-19,Turkana,6.87,25.41
2015-10-20,Turkana,9.43,21.0
2015-10-21,Turkana,15.56,24.92
2015-10-22,Turkana,7.7,24.18
2015-10-23,Turkana,8.41,16.92
2015-10-24,Turkana,7.3,21.93
2015-10-25,Turkana,6.68,24.11
2015-10-26,Turkana,11.67,26.84
2015-10-27,Turkana,2.96,21.51
2015-10-28,Turkana,3.47,27.37
2015-10-29,Turkana,11.84,23.39
2015-10-30,Turkana,15.27,26.89
2015-10-31,Turkana,7.71,26.84
2015-11-01,Turkana,10.11,20.24
2015-11-02,Turkana,6.39,24.76
2015-11-03,Turkana,7.3,24.07
2015-11-04,Turkana,10.84,18.04
2015-11-05,Turkana,11.33,28.04
2015-11-06,Turkana,9.42,23.95
2015-11-07,Turkana,10.73,34.4
2015-11-08,Turkana,12.51,25.12
2015-11-09,Turkana,15.27,24.79
2015-11-10,Turkana,12.13,25.22
2015-11-11,Turkana,15.81,24.71
2015-11-12,Turkana,12.71,23.3
2015-11-13,Turkana,13.14,27.2
2015-11-14,Turkana,13.84,30.82
2015-11-15,Turkana,10.74,17.14
2015-11-16,Turkana,15.76,18.34
2015-11-17,Turkana,3.27,25.64
2015-11-18,Turkana,14.48,22.5
2015-11-19,Turkana,11.27,24.33
2015-11-20,Turkana,9.25,17.52
2015-11-21,Turkana,14.08,27.76
2015-11-22,Turkana,8.87,18.52
2015-11-23,Turkana,10.68,18.91
2015-11-24,Turkana,10.06,19.94
2015-11-25,Turkana,12.37,22.8
2015-11-26,Turkana,9.33,28.61
2015-11-27,Turkana,6.94,27.04
2015-11-28,Turkana,10.38,21.98
2015-11-29,Turkana,9.93,23.06
2015-11-30,Turkana,12.29,28.78
2015-12-01,Turkana,4.8,21.03
2015-12-02,Turkana,6.89,23.82
2015-12-03,Turkana,4.54,31.15
2015-12-04,Turkana,3.75,17.6
2015-12-05,Turkana,1.81,19.89
2015-12-06,Turkana,7.02,22.64
2015-12-07,Turkana,5.64,18.9
2015-12-08,Turkana,8.8,20.3
2015-12-09,Turkana,2.61,23.75
2015-12-10,Turkana,5.16,24.67
2015-12-11,Turkana,3.89,20.98
2015-12-12,Turkana,4.9,26.1
2015-12-13,Turkana,4.5,20.79
2015-12-14,Turkana,1.42,28.67
2015-12-15,Turkana,5.07,21.27
2015-12-16,Turkana,6.61,22.13
2015-12-17,Turkana,2.94,23.6
2015-12-18,Turkana,2.63,23.03
2015-12-19,Turkana,4.41,21.54
2015-12-20,Turkana,6.21,23.86
2015-12-21,Turkana,5.32,21.77
2015-12-22,Turkana,6.32,25.16
2015-12-23,Turkana,6.55,21.19
2015-12-24,Turkana,5.07,22.92
2015-12-25,Turkana,4.35,21.54
2015-12-26,Turkana,5.4,25.13
2015-12-27,Turkana,6.55,22.73
2015-12-28,Turkana,4.63,25.13
2015-12-29,Turkana,3.19,26.94
2015-12-30,Turkana,8.02,20.94
2015-12-31,Turkana,4.7,17.51
2016-01-01,Turkana,5.57,27.09
2016-01-02,Turkana,5.76,20.39
2016-01-03,Turkana,5.61,24.54
2016-01-04,Turkana,4.85,17.87
2016-01-05,Turkana,5.63,21.82
2016-01-06,Turkana,1.69,22.13
2016-01-07,Turkana,3.11,25.75
2016-01-08,Turkana,3.61,24.7
2016-01-09,Turkana,5.23,22.67
2016-01-10,Turkana,0.0,24.21
2016-01-11,Turkana,0.52,26.01
2016-01-12,Turkana,3.18,24.68
2016-01-13,Turkana,7.49,28.9
2016-01-14,Turkana,1.68,20.53
2016-01-15,Turkana,5.94,23.05
2016-01-16,Turkana,3.82,21.53
2016-01-17,Turkana,9.03,27.78
2016-01-18,Turkana,3.55,22.6
2016-01-19,Turkana,2.44,26.84
2016-01-20,Turkana,3.59,21.9
2016-01-21,Turkana,3.47,19.59
2016-01-22,Turkana,7.87,21.15
2016-01-23,Turkana,7.86,29.95
2016-01-24,Turkana,3.81,20.74
2016-01-25,Turkana,3.08,27.72
2016-01-26,Turkana,5.8,23.77
2016-01-27,Turkana,4.76,24.31
2016-01-28,Turkana,3.96,25.52
2016-01-29,Turkana,6.05,28.67
2016-01-30,Turkana,5.09,20.96
2016-01-31,Turkana,6.03,22.64
2016-02-01,Turkana,7.08,20.58
2016-02-02,Turkana,4.5,26.03
2016-02-03,Turkana,1.7,25.67
2016-02-04,Turkana,3.01,27.62
2016-02-05,Turkana,4.56,29.45
2016-02-06,Turkana,6.39,23.73
2016-02-07,Turkana,2.51,24.71
2016-02-08,Turkana,5.49,26.41
2016-02-09,Turkana,2.45,25.18
2016-02-10,Turkana,3.88,28.86
2016-02-11,Turkana,4.19,27.33
2016-02-12,Turkana,3.58,29.96
2016-02-13,Turkana,8.15,25.44
2016-02-14,Turkana,5.12,26.89
2016-02-15,Turkana,2.42,27.3
2016-02-16,Turkana,3.33,26.26
2016-02-17,Turkana,1.68,25.03
2016-02-18,Turkana,9.09,24.45
2016-02-19,Turkana,4.9,23.06
2016-02-20,Turkana,4.7,23.15
2016-02-21,Turkana,8.17,27.39
2016-02-22,Turkana,7.63,21.35
2016-02-23,Turkana,3.93,21.61
2016-02-24,Turkana,1.39,29.04
2016-02-25,Turkana,1.67,23.44
2016-02-26,Turkana,3.16,19.4
2016-02-27,Turkana,7.93,21.16
2016-02-28,Turkana,8.41,24.78
2016-02-29,Turkana,7.17,25.0
2016-03-01,Turkana,25.83,24.22
2016-03-02,Turkana,12.15,25.34
2016-03-03,Turkana,23.43,24.54
2016-03-04,Turkana,19.72,22.61
2016-03-05,Turkana,12.15,23.51
2016-03-06,Turkana,19.07,24.56
2016-03-07,Turkana,17.16,31.63
2016-03-08,Turkana,17.06,22.18
2016-03-09,Turkana,19.75,19.89
2016-03-10,Turkana,0.2,28.32
2016-03-11,Turkana,10.0,24.13
2016-03-12,Turkana,10.75,19.93
2016-03-13,Turkana,12.51,26.78
2016-03-14,Turkana,16.42,24.2
2016-03-15,Turkana,14.32,23.23
2016-03-16,Turkana,20.44,21.32
2016-03-17,Turkana,8.01,24.86
2016-03-18,Turkana,16.12,20.77
2016-03-19,Turkana,5.91,23.87
2016-03-20,Turkana,18.67,21.75
2016-03-21,Turkana,15.96,19.56
2016-03-22,Turkana,16.5,27.87
2016-03-23,Turkana,19.67,23.54
2016-03-24,Turkana,12.41,24.49
2016-03-25,Turkana,15.01,27.08
2016-03-26,Turkana,23.2,25.19
2016-03-27,Turkana,9.8,16.44
2016-03-28,Turkana,14.92,24.62
2016-03-29,Turkana,20.91,30.86
2016-03-30,Turkana,15.96,22.82
2016-03-31,Turkana,17.46,24.51
2016-04-01,Turkana,18.06,20.56
2016-04-02,Turkana,12.42,13.75
2016-04-03,Turkana,9.73,21.02
2016-04-04,Turkana,29.93,24.61
2016-04-05,Turkana,15.59,24.1
2016-04-06,Turkana,23.79,22.5
2016-04-07,Turkana,15.92,22.42
2016-04-08,Turkana,20.88,20.94
2016-04-09,Turkana,18.55,23.44
2016-04-10,Turkana,17.37,19.15
2016-04-11,Turkana,16.15,23.84
2016-04-12,Turkana,15.16,24.96
2016-04-13,Turkana,18.74,24.9
2016-04-14,Turkana,13.6,22.52
2016-04-15,Turkana,19.89,25.11
2016-04-16,Turkana,10.37,25.53
2016-04-17,Turkana,15.5,26.12
2016-04-18,Turkana,17.75,30.9
2016-04-19,Turkana,8.68,21.9
2016-04-20,Turkana,21.91,24.58
2016-04-21,Turkana,18.06,25.52
2016-04-22,Turkana,11.24,28.28
2016-04-23,Turkana,16.46,25.52
2016-04-24,Turkana,15.02,26.76
2016-04-25,Turkana,13.72,25.97
2016-04-26,Turkana,13.58,25.85
2016-04-27,Turkana,23.46,27.18
2016-04-28,Turkana,9.77,24.0
2016-04-29,Turkana,13.63,23.16
2016-04-30,Turkana,14.01,26.52
2016-05-01,Turkana,13.21,23.33
2016-05-02,Turkana,22.2,24.22
2016-05-03,Turkana,15.72,25.03
2016-05-04,Turkana,13.9,24.41
2016-05-05,Turkana,11.82,20.2
2016-05-06,Turkana,17.87,25.59
2016-05-07,Turkana,3.4,30.27
2016-05-08,Turkana,14.97,25.73
2016-05-09,Turkana,15.86,28.02
2016-05-10,Turkana,15.2,23.96
2016-05-11,Turkana,12.37,26.42
2016-05-12,Turkana,10.93,24.58
2016-05-13,Turkana,16.39,25.35
2016-05-14,Turkana,12.73,22.94
2016-05-15,Turkana,11.89,24.84
2016-05-16,Turkana,17.24,22.94
2016-05-17,Turkana,19.09,20.58
2016-05-18,Turkana,2.64,24.08
2016-05-19,Turkana,5.17,24.03
2016-05-20,Turkana,13.76,24.88
2016-05-21,Turkana,7.01,25.81
2016-05-22,Turkana,10.4,25.87
2016-05-23,Turkana,2.07,24.81
2016-05-24,Turkana,17.19,31.06
2016-05-25,Turkana,13.43,24.19
2016-05-26,Turkana,1.17,18.06
2016-05-27,Turkana,10.62,22.85
2016-05-28,Turkana,14.07,22.55
2016-05-29,Turkana,7.99,22.64
2016-05-30,Turkana,11.43,22.08
2016-05-31,Turkana,2.47,26.49
2016-06-01,Turkana,5.91,22.77
2016-06-02,Turkana,8.81,26.74
2016-06-03,Turkana,4.92,22.94
2016-06-04,Turkana,4.63,21.73
2016-06-05,Turkana,5.47,24.98
2016-06-06,Turkana,4.09,19.1
2016-06-07,Turkana,6.17,24.65
2016-06-08,Turkana,6.25,28.54
2016-06-09,Turkana,4.88,21.64
2016-06-10,Turkana,6.03,24.05
2016-06-11,Turkana,4.85,19.25
2016-06-12,Turkana,3.99,20.94
2016-06-13,Turkana,4.77,26.79
2016-06-14,Turkana,4.12,22.93
2016-06-15,Turkana,7.13,28.99
2016-06-16,Turkana,4.95,15.44
2016-06-17,Turkana,5.19,26.65
2016-06-18,Turkana,7.26,20.81
2016-06-19,Turkana,3.29,24.56
2016-06-20,Turkana,4.61,25.94
2016-06-21,Turkana,4.24,26.04
2016-06-22,Turkana,5.41,24.87
2016-06-23,Turkana,3.42,27.5
2016-06-24,Turkana,5.89,21.96
2016-06-25,Turkana,3.49,27.61
2016-06-26,Turkana,7.69,26.15
2016-06-27,Turkana,4.93,22.33
2016-06-28,Turkana,5.09,26.9
2016-06-29,Turkana,3.37,24.87
2016-06-30,Turkana,3.39,26.81
2016-07-01,Turkana,5.75,27.96
2016-07-02,Turkana,5.93,21.6
2016-07-03,Turkana,3.88,25.42
2016-07-04,Turkana,6.36,19.79
2016-07-05,Turkana,5.26,23.02
2016-07-06,Turkana,1.81,18.64
2016-07-07,Turkana,5.83,23.62
2016-07-08,Turkana,4.69,22.71
2016-07-09,Turkana,7.07,20.78
2016-07-10,Turkana,4.51,28.33
2016-07-11,Turkana,4.81,27.83
2016-07-12,Turkana,4.21,24.17
2016-07-13,Turkana,5.14,23.84
2016-07-14,Turkana,4.67,23.82
2016-07-15,Turkana,3.91,18.19
2016-07-16,Turkana,3.34,24.25
2016-07-17,Turkana,3.6,21.03
2016-07-18,Turkana,6.98,23.69
2016-07-19,Turkana,3.45,26.06
2016-07-20,Turkana,3.34,22.78
2016-07-21,Turkana,5.13,27.7
2016-07-22,Turkana,9.29,26.94
2016-07-23,Turkana,3.5,26.03
2016-07-24,Turkana,6.14,21.49
2016-07-25,Turkana,5.39,23.81
2016-07-26,Turkana,7.86,22.89
2016-07-27,Turkana,4.53,27.19
2016-07-28,Turkana,7.89,27.01
2016-07-29,Turkana,3.46,22.26
2016-07-30,Turkana,4.09,29.22
2016-07-31,Turkana,4.91,26.83
2016-08-01,Turkana,0.92,21.45
2016-08-02,Turkana,6.7,25.43
2016-08-03,Turkana,7.34,32.89
2016-08-04,Turkana,5.51,20.58
2016-08-05,Turkana,4.96,17.59
2016-08-06,Turkana,3.3,19.4
2016-08-07,Turkana,4.61,26.82
2016-08-08,Turkana,6.13,21.65
2016-08-09,Turkana,8.66,20.58
2016-08-10,Turkana,1.63,18.04
2016-08-11,Turkana,6.33,23.91
2016-08-12,Turkana,2.98,28.77
2016-08-13,Turkana,3.0,26.74
2016-08-14,Turkana,4.14,23.08
2016-08-15,Turkana,4.92,28.41
2016-08-16,Turkana,3.84,24.45
2016-08-17,Turkana,4.86,23.99
2016-08-18,Turkana,6.52,23.38
2016-08-19,Turkana,1.93,26.55
2016-08-20,Turkana,1.95,21.7
2016-08-21,Turkana,9.12,21.75
2016-08-22,Turkana,6.89,25.09
2016-08-23,Turkana,5.33,24.33
2016-08-24,Turkana,8.32,18.68
2016-08-25,Turkana,5.97,27.49
2016-08-26,Turkana,5.58,20.36
2016-08-27,Turkana,6.03,24.16
2016-08-28,Turkana,3.29,20.09
2016-08-29,Turkana,10.79,23.46
2016-08-30,Turkana,3.13,29.19
2016-08-31,Turkana,5.2,26.98
2016-09-01,Turkana,5.37,21.62
2016-09-02,Turkana,1.16,24.65
2016-09-03,Turkana,7.46,28.75
2016-09-04,Turkana,4.21,24.41
2016-09-05,Turkana,4.67,19.34
2016-09-06,Turkana,6.22,20.43
2016-09-07,Turkana,5.61,22.35
2016-09-08,Turkana,4.56,19.86
2016-09-09,Turkana,5.24,21.81
2016-09-10,Turkana,7.1,28.76
2016-09-11,Turkana,4.04,24.67
2016-09-12,Turkana,1.42,25.06
2016-09-13,Turkana,5.01,23.69
2016-09-14,Turkana,3.35,24.28
2016-09-15,Turkana,0.0,24.73
2016-09-16,Turkana,5.65,25.5
2016-09-17,Turkana,5.6,27.23
2016-09-18,Turkana,1.82,22.93
2016-09-19,Turkana,7.01,26.58
2016-09-20,Turkana,4.55,21.54
2016-09-21,Turkana,4.3,21.22
2016-09-22,Turkana,4.1,27.56
2016-09-23,Turkana,3.93,25.45
2016-09-24,Turkana,4.43,18.49
2016-09-25,Turkana,6.93,23.94
2016-09-26,Turkana,5.71,28.05
2016-09-27,Turkana,3.91,22.53
2016-09-28,Turkana,2.18,25.84
2016-09-29,Turkana,5.81,28.04
2016-09-30,Turkana,4.92,23.37
2016-10-01,Turkana,7.94,21.0
2015-01-01,West Pokot,6.86,23.61
2015-01-02,West Pokot,3.67,14.78
2015-01-03,West Pokot,7.38,21.32
2015-01-04,West Pokot,5.72,24.53
2015-01-05,West Pokot,6.2,19.48
2015-01-06,West Pokot,1.61,25.75
2015-01-07,West Pokot,2.99,19.48
2015-01-08,West Pokot,2.81,25.11
2015-01-09,West Pokot,6.62,23.51
2015-01-10,West Pokot,4.39,22.64
2015-01-11,West Pokot,2.88,19.59
2015-01-12,West Pokot,2.51,23.36
2015-01-13,West Pokot,4.99,22.38
2015-01-14,West Pokot,2.6,27.41
2015-01-15,West Pokot,2.71,26.66
2015-01-16,West Pokot,5.14,27.57
2015-01-17,West Pokot,5.38,25.05
2015-01-18,West Pokot,5.03,27.51
2015-01-19,West Pokot,7.83,19.4
2015-01-20,West Pokot,6.47,22.71
2015-01-21,West Pokot,6.92,29.82
2015-01-22,West Pokot,3.51,26.9
2015-01-23,West Pokot,5.85,21.39
2015-01-24,West Pokot,6.92,20.6
2015-01-25,West Pokot,5.48,24.54
2015-01-26,West Pokot,5.92,18.31
2015-01-27,West Pokot,4.53,26.06
2015-01-28,West Pokot,3.09,25.79
2015-01-29,West Pokot,7.42,24.35
2015-01-30,West Pokot,6.73,28.16
2015-01-31,West Pokot,4.2,26.28
2015-02-01,West Pokot,4.8,22.4
2015-02-02,West Pokot,4.94,25.48
2015-02-03,West Pokot,6.42,21.41
2015-02-04,West Pokot,5.35,26.93
2015-02-05,West Pokot,3.39,21.03
2015-02-06,West Pokot,3.52,27.96
2015-02-07,West Pokot,4.78,19.95
2015-02-08,West Pokot,9.22,28.86
2015-02-09,West Pokot,5.19,21.89
2015-02-10,West Pokot,1.74,26.94
2015-02-11,West Pokot,6.05,24.97
2015-02-12,West Pokot,4.14,25.66
2015-02-13,West Pokot,1.93,25.83
2015-02-14,West Pokot,5.84,22.16
2015-02-15,West Pokot,3.5,21.12
2015-02-16,West Pokot,3.97,22.51
2015-02-17,West Pokot,4.38,23.24
2015-02-18,West Pokot,4.34,22.79
2015-02-19,West Pokot,8.49,20.23
2015-02-20,West Pokot,5.87,18.58
2015-02-21,West Pokot,5.3,20.78
2015-02-22,West Pokot,8.56,20.46
2015-02-23,West Pokot,4.06,24.6
2015-02-24,West Pokot,8.38,27.73
2015-02-25,West Pokot,7.07,24.05
2015-02-26,West Pokot,4.27,21.43
2015-02-27,West Pokot,5.82,21.1
2015-02-28,West Pokot,0.84,29.4
2015-03-01,West Pokot,14.89,28.71
2015-03-02,West Pokot,9.6,26.65
2015-03-03,West Pokot,18.01,27.46
2015-03-04,West Pokot,19.55,17.98
2015-03-05,West Pokot,18.87,22.71
2015-03-06,West Pokot,12.84,18.3
2015-03-07,West Pokot,7.85,19.32
2015-03-08,West Pokot,20.34,25.0
2015-03-09,West Pokot,14.98,22.42
2015-03-10,West Pokot,12.54,24.92
2015-03-11,West Pokot,16.07,20.51
2015-03-12,West Pokot,15.69,25.48
2015-03-13,West Pokot,10.51,28.15
2015-03-14,West Pokot,12.39,27.76
2015-03-15,West Pokot,21.51,25.1
2015-03-16,West Pokot,19.21,25.96
2015-03-17,West Pokot,10.84,21.33
2015-03-18,West Pokot,28.13,21.05
2015-03-19,West Pokot,17.24,24.99
2015-03-20,West Pokot,14.03,26.03
2015-03-21,West Pokot,10.39,22.75
2015-03-22,West Pokot,18.46,26.87
2015-03-23,West Pokot,14.4,25.39
2015-03-24,West Pokot,13.68,28.52
2015-03-25,West Pokot,13.77,28.07
2015-03-26,West Pokot,20.35,26.65
2015-03-27,West Pokot,11.61,20.52
2015-03-28,West Pokot,23.23,19.9
2015-03-29,West Pokot,15.97,23.39
2015-03-30,West Pokot,15.52,22.43
2015-03-31,West Pokot,13.55,22.35
2015-04-01,West Pokot,8.81,20.9
2015-04-02,West Pokot,6.87,22.29
2015-04-03,West Pokot,14.42,26.39
2015-04-04,West Pokot,15.86,21.93
2015-04-05,West Pokot,23.15,25.83
2015-04-06,West Pokot,17.24,20.37
2015-04-07,West Pokot,15.58,24.57
2015-04-08,West Pokot,9.82,19.73
2015-04-09,West Pokot,8.9,22.75
2015-04-10,West Pokot,22.14,22.88
2015-04-11,West Pokot,18.59,23.07
2015-04-12,West Pokot,16.89,24.9
2015-04-13,West Pokot,17.07,26.77
2015-04-14,West Pokot,21.03,22.36
2015-04-15,West Pokot,7.49,24.14
2015-04-16,West Pokot,21.98,26.29
2015-04-17,West Pokot,25.83,25.09
2015-04-18,West Pokot,19.96,28.63
2015-04-19,West Pokot,8.43,20.32
2015-04-20,West Pokot,12.92,28.51
2015-04-21,West Pokot,6.19,25.64
2015-04-22,West Pokot,6.12,20.56
2015-04-23,West Pokot,12.72,23.93
2015-04-24,West Pokot,11.97,26.36
2015-04-25,West Pokot,18.11,21.68
2015-04-26,West Pokot,14.46,27.59
2015-04-27,West Pokot,16.97,31.79
2015-04-28,West Pokot,12.79,22.63
2015-04-29,West Pokot,16.44,31.83
2015-04-30,West Pokot,16.13,22.59
2015-05-01,West Pokot,7.69,23.58
2015-05-02,West Pokot,16.16,25.0
2015-05-03,West Pokot,18.09,16.95
2015-05-04,West Pokot,24.71,18.12
2015-05-05,West Pokot,18.36,17.36
2015-05-06,West Pokot,19.66,19.06
2015-05-07,West Pokot,20.64,27.56
2015-05-08,West Pokot,13.26,25.58
2015-05-09,West Pokot,21.98,23.75
2015-05-10,West Pokot,21.43,21.2
2015-05-11,West Pokot,18.89,26.16
2015-05-12,West Pokot,13.41,27.39
2015-05-13,West Pokot,13.09,28.33
2015-05-14,West Pokot,10.73,21.82
2015-05-15,West Pokot,11.57,22.5
2015-05-16,West Pokot,20.52,22.73
2015-05-17,West Pokot,26.72,22.98
2015-05-18,West Pokot,10.91,21.59
2015-05-19,West Pokot,15.21,28.21
2015-05-20,West Pokot,23.16,24.16
2015-05-21,West Pokot,19.25,27.67
2015-05-22,West Pokot,14.23,22.05
2015-05-23,West Pokot,19.1,22.28
2015-05-24,West Pokot,14.9,24.13
2015-05-25,West Pokot,20.62,24.26
2015-05-26,West Pokot,16.61,24.44
2015-05-27,West Pokot,18.95,23.26
2015-05-28,West Pokot,9.77,24.49
2015-05-29,West Pokot,19.26,25.42
2015-05-30,West Pokot,18.53,21.24
2015-05-31,West Pokot,28.75,24.26
2015-06-01,West Pokot,2.91,25.33
2015-06-02,West Pokot,3.16,26.13
2015-06-03,West Pokot,2.02,26.03
2015-06-04,West Pokot,5.41,25.46
2015-06-05,West Pokot,4.98,26.17
2015-06-06,West Pokot,1.75,25.28
2015-06-07,West Pokot,8.16,22.03
2015-06-08,West Pokot,2.72,19.93
2015-06-09,West Pokot,7.25,21.66
2015-06-10,West Pokot,3.38,23.34
2015-06-11,West Pokot,0.69,22.9
2015-06-12,West Pokot,6.13,23.49
2015-06-13,West Pokot,3.6,24.68
2015-06-14,West Pokot,1.9,23.62
2015-06-15,West Pokot,3.88,30.2
2015-06-16,West Pokot,3.69,23.38
2015-06-17,West Pokot,3.89,29.0
2015-06-18,West Pokot,5.66,24.98
2015-06-19,West Pokot,3.0,25.58
2015-06-20,West Pokot,1.69,19.08
2015-06-21,West Pokot,5.13,20.99
2015-06-22,West Pokot,8.84,22.53
2015-06-23,West Pokot,3.93,24.41
2015-06-24,West Pokot,8.05,23.98
2015-06-25,West Pokot,5.75,24.34
2015-06-26,West Pokot,4.29,20.25
2015-06-27,West Pokot,4.46,23.41
2015-06-28,West Pokot,4.22,26.69
2015-06-29,West Pokot,8.66,25.45
2015-06-30,West Pokot,3.83,19.84
2015-07-01,West Pokot,0.51,22.14
2015-07-02,West Pokot,4.33,25.1
2015-07-03,West Pokot,5.99,19.82
2015-07-04,West Pokot,4.59,18.87
2015-07-05,West Pokot,10.23,18.24
2015-07-06,West Pokot,2.58,20.76
2015-07-07,West Pokot,6.35,27.87
2015-07-08,West Pokot,4.96,23.56
2015-07-09,West Pokot,6.36,27.14
2015-07-10,West Pokot,3.46,20.56
2015-07-11,West Pokot,7.41,23.08
2015-07-12,West Pokot,3.1,23.78
2015-07-13,West Pokot,3.06,31.01
2015-07-14,West Pokot,3.02,24.24
2015-07-15,West Pokot,6.16,25.07
2015-07-16,West Pokot,6.93,23.3
2015-07-17,West Pokot,3.82,20.48
2015-07-18,West Pokot,6.38,20.57
2015-07-19,West Pokot,0.47,19.8
2015-07-20,West Pokot,5.46,24.14
2015-07-21,West Pokot,2.81,26.85
2015-07-22,West Pokot,5.62,22.57
2015-07-23,West Pokot,6.43,20.9
2015-07-24,West Pokot,4.21,27.61
2015-07-25,West Pokot,5.14,24.77
2015-07-26,West Pokot,7.46,25.57
2015-07-27,West Pokot,2.26,26.25
2015-07-28,West Pokot,1.85,20.56
2015-07-29,West Pokot,3.05,27.19
2015-07-30,West Pokot,6.04,20.13
2015-07-31,West Pokot,7.64,26.79
2015-08-01,West Pokot,5.02,18.73
2015-08-02,West Pokot,2.67,21.75
2015-08-03,West Pokot,10.91,23.47
2015-08-04,West Pokot,0.0,23.56
2015-08-05,West Pokot,5.66,21.76
2015-08-06,West Pokot,4.18,24.0
2015-08-07,West Pokot,4.5,23.37
2015-08-08,West Pokot,4.98,29.3
2015-08-09,West Pokot,3.41,27.04
2015-08-10,West Pokot,0.0,24.77
2015-08-11,West Pokot,6.94,25.36
2015-08-12,West Pokot,6.46,21.27
2015-08-13,West Pokot,6.66,18.3
2015-08-14,West Pokot,4.5,19.82
2015-08-15,West Pokot,8.16,25.08
2015-08-16,West Pokot,6.74,31.42
2015-08-17,West Pokot,5.73,21.89
2015-08-18,West Pokot,6.64,24.03
2015-08-19,West Pokot,2.99,26.42
2015-08-20,West Pokot,5.24,22.61
2015-08-21,West Pokot,7.43,25.22
2015-08-22,West Pokot,7.7,28.12
2015-08-23,West Pokot,1.87,21.49
2015-08-24,West Pokot,6.78,24.43
2015-08-25,West Pokot,6.74,21.5
2015-08-26,West Pokot,4.79,24.23
2015-08-27,West Pokot,3.36,25.81
2015-08-28,West Pokot,3.41,26.32
2015-08-29,West Pokot,8.55,23.22
2015-08-30,West Pokot,5.31,21.85
2015-08-31,West Pokot,3.82,23.74
2015-09-01,West Pokot,6.27,21.51
2015-09-02,West Pokot,5.75,21.43
2015-09-03,West Pokot,3.95,21.1
2015-09-04,West Pokot,2.27,24.36
2015-09-05,West Pokot,3.8,23.63
2015-09-06,West Pokot,8.16,23.74
2015-09-07,West Pokot,5.39,27.2
2015-09-08,West Pokot,5.47,25.01
2015-09-09,West Pokot,1.89,21.36
2015-09-10,West Pokot,2.97,31.35
2015-09-11,West Pokot,5.13,24.45
2015-09-12,West Pokot,5.0,24.68
2015-09-13,West Pokot,6.71,27.03
2015-09-14,West Pokot,5.92,22.64
2015-09-15,West Pokot,2.8,24.76
2015-09-16,West Pokot,8.12,25.55
2015-09-17,West Pokot,4.31,24.66
2015-09-18,West Pokot,4.36,22.51
2015-09-19,West Pokot,0.24,23.68
2015-09-20,West Pokot,3.68,22.32
2015-09-21,West Pokot,5.25,21.28
2015-09-22,West Pokot,5.91,23.39
2015-09-23,West Pokot,6.09,23.57
2015-09-24,West Pokot,3.51,20.79
2015-09-25,West Pokot,8.37,24.55
2015-09-26,West Pokot,4.57,22.72
2015-09-27,West Pokot,0.28,19.22
2015-09-28,West Pokot,7.32,19.99
2015-09-29,West Pokot,1.43,25.26
2015-09-30,West Pokot,2.54,21.19
2015-10-01,West Pokot,7.16,18.01
2015-10-02,West Pokot,5.53,25.56
2015-10-03,West Pokot,9.26,25.82
2015-10-04,West Pokot,6.66,22.48
2015-10-05,West Pokot,9.85,25.93
2015-10-06,West Pokot,9.35,21.48
2015-10-07,West Pokot,10.86,25.06
2015-10-08,West Pokot,14.51,24.78
2015-10-09,West Pokot,4.52,24.03
2015-10-10,West Pokot,16.06,19.73
2015-10-11,West Pokot,2.2,20.7
2015-10-12,West Pokot,8.98,26.88
2015-10-13,West Pokot,10.51,23.63
2015-10-14,West Pokot,11.63,27.22
2015-10-15,West Pokot,7.8,21.32
2015-10-16,West Pokot,8.82,24.46
2015-10-17,West Pokot,13.79,26.7
2015-10-18,West Pokot,7.47,23.93
2015-10-19,West Pokot,8.38,22.72
2015-10-20,West Pokot,7.94,27.54
2015-10-21,West Pokot,9.19,20.9
2015-10-22,West Pokot,9.37,23.58
2015-10-23,West Pokot,6.95,21.78
2015-10-24,West Pokot,6.01,22.1
2015-10-25,West Pokot,11.35,21.45
2015-10-26,West Pokot,3.11,24.24
2015-10-27,West Pokot,11.18,24.63
2015-10-28,West Pokot,12.81,20.83
2015-10-29,West Pokot,11.9,25.19
2015-10-30,West Pokot,8.4,28.51
2015-10-31,West Pokot,13.18,25.31
2015-11-01,West Pokot,6.41,21.85
2015-11-02,West Pokot,7.76,23.96
2015-11-03,West Pokot,11.0,17.38
2015-11-04,West Pokot,9.76,25.81
2015-11-05,West Pokot,9.68,25.72
2015-11-06,West Pokot,13.15,23.35
2015-11-07,West Pokot,14.05,24.18
2015-11-08,West Pokot,8.55,23.09
2015-11-09,West Pokot,7.88,24.81
2015-11-10,West Pokot,12.3,24.08
2015-11-11,West Pokot,4.56,26.77
2015-11-12,West Pokot,10.15,20.79
2015-11-13,West Pokot,12.41,25.96
2015-11-14,West Pokot,10.75,30.29
2015-11-15,West Pokot,14.33,25.32
2015-11-16,West Pokot,6.2,25.57
2015-11-17,West Pokot,16.07,26.3
2015-11-18,West Pokot,6.7,24.75
2015-11-19,West Pokot,7.8,23.93
2015-11-20,West Pokot,12.56,21.75
2015-11-21,West Pokot,10.47,24.58
2015-11-22,West Pokot,7.97,23.67
2015-11-23,West Pokot,6.1,16.13
2015-11-24,West Pokot,1.93,26.84
2015-11-25,West Pokot,4.08,23.14
2015-11-26,West Pokot,13.3,22.74
2015-11-27,West Pokot,9.01,19.47
2015-11-28,West Pokot,7.41,22.56
2015-11-29,West Pokot,4.57,17.15
2015-11-30,West Pokot,19.56,22.84
2015-12-01,West Pokot,5.66,25.53
2015-12-02,West Pokot,7.23,28.08
2015-12-03,West Pokot,1.96,23.4
2015-12-04,West Pokot,7.41,24.24
2015-12-05,West Pokot,4.17,20.12
2015-12-06,West Pokot,6.37,26.61
2015-12-07,West Pokot,5.95,18.89
2015-12-08,West Pokot,6.22,20.98
2015-12-09,West Pokot,5.5,31.94
2015-12-10,West Pokot,4.02,28.15
2015-12-11,West Pokot,2.02,24.82
2015-12-12,West Pokot,4.84,23.94
2015-12-13,West Pokot,3.11,21.83
2015-12-14,West Pokot,4.18,21.83
2015-12-15,West Pokot,5.96,23.49
2015-12-16,West Pokot,3.38,17.15
2015-12-17,West Pokot,3.95,18.36
2015-12-18,West Pokot,5.08,24.68
2015-12-19,West Pokot,4.32,21.87
2015-12-20,West Pokot,3.97,23.5
2015-12-21,West Pokot,4.58,25.41
2015-12-22,West Pokot,4.79,19.42
2015-12-23,West Pokot,2.68,27.36
2015-12-24,West Pokot,5.74,23.04
2015-12-25,West Pokot,4.24,25.47
2015-12-26,West Pokot,2.64,27.09
2015-12-27,West Pokot,3.96,25.17
2015-12-28,West Pokot,4.63,29.46
2015-12-29,West Pokot,5.74,23.28
2015-12-30,West Pokot,3.75,19.46
2015-12-31,West Pokot,0.52,21.88
2016-01-01,West Pokot,2.3,22.56
2016-01-02,West Pokot,4.12,24.62
2016-01-03,West Pokot,9.52,23.79
2016-01-04,West Pokot,5.68,21.36
2016-01-05,West Pokot,3.93,23.79
2016-01-06,West Pokot,3.17,26.67
2016-01-07,West Pokot,7.7,19.84
2016-01-08,West Pokot,7.57,25.44
2016-01-09,West Pokot,5.56,18.81
2016-01-10,West Pokot,4.89,19.3
2016-01-11,West Pokot,2.62,29.6
2016-01-12,West Pokot,2.24,25.34
2016-01-13,West Pokot,9.04,27.48
2016-01-14,West Pokot,6.26,22.3
2016-01-15,West Pokot,5.08,25.52
2016-01-16,West Pokot,5.36,23.99
2016-01-17,West Pokot,7.11,30.08
2016-01-18,West Pokot,2.58,27.77
2016-01-19,West Pokot,8.23,23.63
2016-01-20,West Pokot,6.39,25.09
2016-01-21,West Pokot,2.94,25.67
2016-01-22,West Pokot,7.18,22.92
2016-01-23,West Pokot,1.44,23.09
2016-01-24,West Pokot,6.09,24.64
2016-01-25,West Pokot,5.38,22.65
2016-01-26,West Pokot,5.04,22.33
2016-01-27,West Pokot,5.6,26.74
2016-01-28,West Pokot,6.85,20.73
2016-01-29,West Pokot,2.13,24.76
2016-01-30,West Pokot,3.88,23.4
2016-01-31,West Pokot,2.39,23.06
2016-02-01,West Pokot,4.29,28.53
2016-02-02,West Pokot,6.14,26.84
2016-02-03,West Pokot,5.16,20.23
2016-02-04,West Pokot,1.96,17.46
2016-02-05,West Pokot,4.31,27.98
2016-02-06,West Pokot,3.14,22.16
2016-02-07,West Pokot,5.78,27.02
2016-02-08,West Pokot,6.97,22.47
2016-02-09,West Pokot,7.41,27.16
2016-02-10,West Pokot,5.9,25.51
2016-02-11,West Pokot,1.03,21.58
2016-02-12,West Pokot,3.43,24.51
2016-02-13,West Pokot,4.6,27.1
2016-02-14,West Pokot,1.79,20.56
2016-02-15,West Pokot,4.9,27.24
2016-02-16,West Pokot,5.2,20.22
2016-02-17,West Pokot,5.88,25.24
2016-02-18,West Pokot,2.71,23.91
2016-02-19,West Pokot,6.19,27.65
2016-02-20,West Pokot,6.18,25.72
2016-02-21,West Pokot,7.92,27.53
2016-02-22,West Pokot,4.06,27.63
2016-02-23,West Pokot,5.95,21.68
2016-02-24,West Pokot,7.79,20.65
2016-02-25,West Pokot,7.52,26.14
2016-02-26,West Pokot,8.22,26.69
2016-02-27,West Pokot,6.66,25.75
2016-02-28,West Pokot,4.83,25.33
2016-02-29,West Pokot,5.96,17.77
2016-03-01,West Pokot,14.06,24.07
2016-03-02,West Pokot,16.56,23.78
2016-03-03,West Pokot,14.85,20.15
2016-03-04,West Pokot,26.61,27.21
2016-03-05,West Pokot,8.71,21.33
2016-03-06,West Pokot,19.73,20.66
2016-03-07,West Pokot,29.95,24.97
2016-03-08,West Pokot,14.43,31.09
2016-03-09,West Pokot,10.95,20.18
2016-03-10,West Pokot,16.08,25.38
2016-03-11,West Pokot,6.64,23.52
2016-03-12,West Pokot,10.48,27.66
2016-03-13,West Pokot,19.42,29.25
2016-03-14,West Pokot,22.25,25.39
2016-03-15,West Pokot,8.4,23.57
2016-03-16,West Pokot,19.57,23.4
2016-03-17,West Pokot,11.5,21.56
2016-03-18,West Pokot,10.39,21.65
2016-03-19,West Pokot,14.07,26.17
2016-03-20,West Pokot,0.76,28.71
2016-03-21,West Pokot,5.69,23.17
2016-03-22,West Pokot,21.88,22.91
2016-03-23,West Pokot,8.2,18.09
2016-03-24,West Pokot,15.89,18.74
2016-03-25,West Pokot,23.02,23.01
2016-03-26,West Pokot,17.0,22.42
2016-03-27,West Pokot,20.46,17.74
2016-03-28,West Pokot,17.64,25.65
2016-03-29,West Pokot,16.77,20.87
2016-03-30,West Pokot,27.78,28.44
2016-03-31,West Pokot,16.28,27.66
2016-04-01,West Pokot,9.61,23.31
2016-04-02,West Pokot,15.61,26.97
2016-04-03,West Pokot,11.25,25.22
2016-04-04,West Pokot,12.48,23.46
2016-04-05,West Pokot,17.28,24.93
2016-04-06,West Pokot,17.1,24.01
2016-04-07,West Pokot,18.42,25.94
2016-04-08,West Pokot,23.2,22.24
2016-04-09,West Pokot,19.41,22.03
2016-04-10,West Pokot,17.34,27.95
2016-04-11,West Pokot,8.38,19.72
2016-04-12,West Pokot,16.06,25.05
2016-04-13,West Pokot,13.28,21.6
2016-04-14,West Pokot,3.82,26.17
2016-04-15,West Pokot,26.64,24.2
2016-04-16,West Pokot,18.99,19.33
2016-04-17,West Pokot,13.31,20.86
2016-04-18,West Pokot,13.64,28.17
2016-04-19,West Pokot,15.46,24.57
2016-04-20,West Pokot,11.51,27.93
2016-04-21,West Pokot,14.5,24.47
2016-04-22,West Pokot,13.94,21.17
2016-04-23,West Pokot,9.3,24.16
2016-04-24,West Pokot,17.33,29.72
2016-04-25,West Pokot,13.72,26.25
2016-04-26,West Pokot,10.12,26.57
2016-04-27,West Pokot,14.74,23.17
2016-04-28,West Pokot,12.23,18.25
2016-04-29,West Pokot,19.85,27.99
2016-04-30,West Pokot,14.52,20.85
2016-05-01,West Pokot,17.67,18.44
2016-05-02,West Pokot,17.06,22.63
2016-05-03,West Pokot,17.68,22.27
2016-05-04,West Pokot,16.25,25.09
2016-05-05,West Pokot,28.93,22.82
2016-05-06,West Pokot,20.58,22.53
2016-05-07,West Pokot,5.49,26.96
2016-05-08,West Pokot,17.77,28.94
2016-05-09,West Pokot,6.98,27.6
2016-05-10,West Pokot,14.45,16.49
2016-05-11,West Pokot,10.85,24.4
2016-05-12,West Pokot,20.88,25.06
2016-05-13,West Pokot,16.15,22.22
2016-05-14,West Pokot,11.93,23.38
2016-05-15,West Pokot,13.02,24.92
2016-05-16,West Pokot,14.09,25.81
2016-05-17,West Pokot,11.18,23.44
2016-05-18,West Pokot,14.44,21.42
2016-05-19,West Pokot,13.95,19.6
2016-05-20,West Pokot,11.69,23.55
2016-05-21,West Pokot,8.83,22.66
2016-05-22,West Pokot,14.7,21.24
2016-05-23,West Pokot,8.41,22.85
2016-05-24,West Pokot,17.59,24.54
2016-05-25,West Pokot,16.07,26.35
2016-05-26,West Pokot,15.42,26.06
2016-05-27,West Pokot,6.58,25.79
2016-05-28,West Pokot,15.55,17.46
2016-05-29,West Pokot,20.55,25.04
2016-05-30,West Pokot,12.11,22.6
2016-05-31,West Pokot,8.72,24.83
2016-06-01,West Pokot,3.82,20.25
2016-06-02,West Pokot,0.05,25.38
2016-06-03,West Pokot,3.41,21.61
2016-06-04,West Pokot,4.84,26.39
2016-06-05,West Pokot,4.58,24.85
2016-06-06,West Pokot,5.59,17.97
2016-06-07,West Pokot,2.2,26.18
2016-06-08,West Pokot,4.95,21.68
2016-06-09,West Pokot,4.17,25.1
2016-06-10,West Pokot,6.8,26.33
2016-06-11,West Pokot,5.39,19.13
2016-06-12,West Pokot,5.89,28.11
2016-06-13,West Pokot,6.2,23.22
2016-06-14,West Pokot,7.85,17.75
2016-06-15,West Pokot,4.39,23.66
2016-06-16,West Pokot,4.8,19.75
2016-06-17,West Pokot,5.1,21.55
2016-06-18,West Pokot,3.93,23.43
2016-06-19,West Pokot,2.12,24.68
2016-06-20,West Pokot,5.41,21.29
2016-06-21,West Pokot,5.58,26.84
2016-06-22,West Pokot,4.91,30.2
2016-06-23,West Pokot,6.0,22.57
2016-06-24,West Pokot,4.88,25.17
2016-06-25,West Pokot,5.42,22.52
2016-06-26,West Pokot,6.47,27.43
2016-06-27,West Pokot,6.95,18.83
2016-06-28,West Pokot,3.99,17.94
2016-06-29,West Pokot,3.74,21.51
2016-06-30,West Pokot,10.14,21.62
2016-07-01,West Pokot,5.97,27.13
2016-07-02,West Pokot,3.39,20.76
2016-07-03,West Pokot,4.96,21.57
2016-07-04,West Pokot,5.82,25.19
2016-07-05,West Pokot,4.8,27.7
2016-07-06,West Pokot,9.21,22.01
2016-07-07,West Pokot,0.94,20.72
2016-07-08,West Pokot,7.06,25.17
2016-07-09,West Pokot,5.36,22.31
2016-07-10,West Pokot,4.64,24.28
2016-07-11,West Pokot,3.17,25.88
2016-07-12,West Pokot,6.57,23.21
2016-07-13,West Pokot,4.33,21.14
2016-07-14,West Pokot,3.03,21.71
2016-07-15,West Pokot,4.33,28.83
2016-07-16,West Pokot,1.04,28.73
2016-07-17,West Pokot,4.52,25.61
2016-07-18,West Pokot,3.89,29.49
2016-07-19,West Pokot,3.03,25.75
2016-07-20,West Pokot,3.21,19.08
2016-07-21,West Pokot,6.4,23.47
2016-07-22,West Pokot,1.09,23.78
2016-07-23,West Pokot,6.18,25.07
2016-07-24,West Pokot,1.43,23.4
2016-07-25,West Pokot,0.58,26.37
2016-07-26,West Pokot,6.87,21.7
2016-07-27,West Pokot,7.3,25.31
2016-07-28,West Pokot,8.24,25.68
2016-07-29,West Pokot,5.81,18.45
2016-07-30,West Pokot,7.23,27.36
2016-07-31,West Pokot,5.41,21.8
2016-08-01,West Pokot,4.6,18.53
2016-08-02,West Pokot,5.12,26.77
2016-08-03,West Pokot,4.35,21.9
2016-08-04,West Pokot,0.57,24.57
2016-08-05,West Pokot,6.18,25.95
2016-08-06,West Pokot,1.57,23.99
2016-08-07,West Pokot,2.83,17.45
2016-08-08,West Pokot,8.46,23.04
2016-08-09,West Pokot,4.88,27.59
2016-08-10,West Pokot,6.89,30.45
2016-08-11,West Pokot,5.44,23.87
2016-08-12,West Pokot,4.81,27.63
2016-08-13,West Pokot,2.01,25.64
2016-08-14,West Pokot,5.15,20.22
2016-08-15,West Pokot,5.42,20.86
2016-08-16,West Pokot,6.37,20.49
2016-08-17,West Pokot,5.33,22.59
2016-08-18,West Pokot,2.07,20.12
2016-08-19,West Pokot,6.16,28.57
2016-08-20,West Pokot,5.64,18.57
2016-08-21,West Pokot,3.04,28.05
2016-08-22,West Pokot,4.4,25.9
2016-08-23,West Pokot,6.76,24.5
2016-08-24,West Pokot,0.32,25.76
2016-08-25,West Pokot,6.29,29.0
2016-08-26,West Pokot,2.97,26.38
2016-08-27,West Pokot,6.49,26.99
2016-08-28,West Pokot,5.27,17.72
2016-08-29,West Pokot,3.68,26.53
2016-08-30,West Pokot,2.26,25.31
2016-08-31,West Pokot,4.33,22.47
2016-09-01,West Pokot,2.16,24.11
2016-09-02,West Pokot,8.85,24.42
2016-09-03,West Pokot,3.73,23.24
2016-09-04,West Pokot,3.37,28.13
2016-09-05,West Pokot,3.53,23.19
2016-09-06,West Pokot,6.52,25.81
2016-09-07,West Pokot,3.8,22.15
2016-09-08,West Pokot,7.54,24.05
2016-09-09,West Pokot,2.83,19.94
2016-09-10,West Pokot,4.52,29.47
2016-09-11,West Pokot,6.64,24.98
2016-09-12,West Pokot,1.6,27.44
2016-09-13,West Pokot,3.31,21.97
2016-09-14,West Pokot,6.32,29.86
2016-09-15,West Pokot,6.83,20.83
2016-09-16,West Pokot,8.5,26.57
2016-09-17,West Pokot,4.87,21.15
2016-09-18,West Pokot,2.88,23.25
2016-09-19,West Pokot,5.4,24.29
2016-09-20,West Pokot,5.81,23.15
2016-09-21,West Pokot,8.4,20.25
2016-09-22,West Pokot,5.33,22.65
2016-09-23,West Pokot,4.79,25.67
2016-09-24,West Pokot,6.26,22.17
2016-09-25,West Pokot,6.36,21.69
2016-09-26,West Pokot,3.49,19.93
2016-09-27,West Pokot,8.18,29.4
2016-09-28,West Pokot,2.89,19.21
2016-09-29,West Pokot,4.58,24.58
2016-09-30,West Pokot,2.79,19.63
2016-10-01,West Pokot,8.06,22.8
2015-01-01,Samburu,5.64,22.4
2015-01-02,Samburu,0.56,26.73
2015-01-03,Samburu,7.16,25.52
2015-01-04,Samburu,3.95,20.2
2015-01-05,Samburu,6.79,28.59
2015-01-06,Samburu,6.34,25.46
2015-01-07,Samburu,8.57,24.83
2015-01-08,Samburu,5.25,30.79
2015-01-09,Samburu,3.08,22.89
2015-01-10,Samburu,1.02,18.02
2015-01-11,Samburu,5.2,24.45
2015-01-12,Samburu,4.04,24.93
2015-01-13,Samburu,4.85,26.93
2015-01-14,Samburu,4.82,25.69
2015-01-15,Samburu,7.24,28.05
2015-01-16,Samburu,7.58,25.68
2015-01-17,Samburu,5.36,22.5
2015-01-18,Samburu,6.04,26.71
2015-01-19,Samburu,7.58,24.57
2015-01-20,Samburu,4.0,15.67
2015-01-21,Samburu,4.25,19.31
2015-01-22,Samburu,4.74,24.86
2015-01-23,Samburu,2.01,21.6
2015-01-24,Samburu,2.79,28.6
2015-01-25,Samburu,6.99,28.28
2015-01-26,Samburu,6.52,21.96
2015-01-27,Samburu,6.05,26.46
2015-01-28,Samburu,3.7,32.53
2015-01-29,Samburu,8.29,18.89
2015-01-30,Samburu,6.85,34.95
2015-01-31,Samburu,6.13,25.72
2015-02-01,Samburu,4.22,27.16
2015-02-02,Samburu,5.62,22.96
2015-02-03,Samburu,7.96,19.37
2015-02-04,Samburu,0.75,24.96
2015-02-05,Samburu,8.09,25.86
2015-02-06,Samburu,3.07,24.32
2015-02-07,Samburu,3.51,21.23
2015-02-08,Samburu,7.22,24.18
2015-02-09,Samburu,1.84,19.11
2015-02-10,Samburu,5.22,25.92
2015-02-11,Samburu,7.57,22.0
2015-02-12,Samburu,7.86,22.64
2015-02-13,Samburu,4.24,24.58
2015-02-14,Samburu,6.1,21.74
2015-02-15,Samburu,1.82,22.68
2015-02-16,Samburu,2.89,26.21
2015-02-17,Samburu,5.48,19.53
2015-02-18,Samburu,5.57,28.35
2015-02-19,Samburu,6.33,22.99
2015-02-20,Samburu,4.88,21.58
2015-02-21,Samburu,3.49,20.42
2015-02-22,Samburu,4.11,19.37
2015-02-23,Samburu,2.44,24.52
2015-02-24,Samburu,8.3,21.37
2015-02-25,Samburu,5.41,31.64
2015-02-26,Samburu,4.81,21.09
2015-02-27,Samburu,6.76,27.64
2015-02-28,Samburu,4.07,25.03
2015-03-01,Samburu,21.71,25.71
2015-03-02,Samburu,20.17,23.93
2015-03-03,Samburu,10.7,28.62
2015-03-04,Samburu,9.84,23.97
2015-03-05,Samburu,20.1,24.46
2015-03-06,Samburu,8.16,27.58
2015-03-07,Samburu,10.94,20.78
2015-03-08,Samburu,23.29,24.94
2015-03-09,Samburu,19.79,25.4
2015-03-10,Samburu,17.55,28.64
2015-03-11,Samburu,9.79,21.54
2015-03-12,Samburu,21.77,24.34
2015-03-13,Samburu,12.44,29.51
2015-03-14,Samburu,11.47,26.67
2015-03-15,Samburu,15.68,30.82
2015-03-16,Samburu,19.82,20.35
2015-03-17,Samburu,14.35,21.43
2015-03-18,Samburu,9.52,24.76
2015-03-19,Samburu,0.0,24.73
2015-03-20,Samburu,13.61,24.42
2015-03-21,Samburu,17.52,29.44
2015-03-22,Samburu,28.28,27.73
2015-03-23,Samburu,16.91,21.8
2015-03-24,Samburu,11.96,20.48
2015-03-25,Samburu,18.38,23.58
2015-03-26,Samburu,10.59,26.89
2015-03-27,Samburu,22.23,25.93
2015-03-28,Samburu,24.51,29.41
2015-03-29,Samburu,19.74,27.35
2015-03-30,Samburu,14.1,25.24
2015-03-31,Samburu,16.57,21.64
2015-04-01,Samburu,15.16,23.48
2015-04-02,Samburu,10.84,27.77
2015-04-03,Samburu,6.98,23.27
2015-04-04,Samburu,5.2,30.41
2015-04-05,Samburu,15.82,27.17
2015-04-06,Samburu,25.19,19.42
2015-04-07,Samburu,15.46,23.49
2015-04-08,Samburu,10.02,21.25
2015-04-09,Samburu,25.86,27.29
2015-04-10,Samburu,12.86,23.58
2015-04-11,Samburu,13.25,22.32
2015-04-12,Samburu,6.01,21.68
2015-04-13,Samburu,12.03,24.65
2015-04-14,Samburu,16.86,20.52
2015-04-15,Samburu,13.49,22.0
2015-04-16,Samburu,17.92,25.57
2015-04-17,Samburu,12.43,26.45
2015-04-18,Samburu,10.39,23.47
2015-04-19,Samburu,19.43,23.12
2015-04-20,Samburu,14.19,26.51
2015-04-21,Samburu,4.5,24.97
2015-04-22,Samburu,11.31,20.76
2015-04-23,Samburu,18.02,23.69
2015-04-24,Samburu,13.76,25.91
2015-04-25,Samburu,18.75,22.49
2015-04-26,Samburu,16.97,18.82
2015-04-27,Samburu,9.36,23.43
2015-04-28,Samburu,23.17,21.15
2015-04-29,Samburu,11.32,23.4
2015-04-30,Samburu,18.52,22.23
2015-05-01,Samburu,15.51,24.5
2015-05-02,Samburu,19.95,22.34
2015-05-03,Samburu,21.27,31.68
2015-05-04,Samburu,11.14,27.09
2015-05-05,Samburu,13.28,22.79
2015-05-06,Samburu,15.98,24.22
2015-05-07,Samburu,15.85,25.72
2015-05-08,Samburu,17.46,21.78
2015-05-09,Samburu,18.45,18.82
2015-05-10,Samburu,17.65,25.66
2015-05-11,Samburu,3.89,23.86
2015-05-12,Samburu,23.67,21.28
2015-05-13,Samburu,17.09,21.81
2015-05-14,Samburu,15.68,25.21
2015-05-15,Samburu,23.44,22.05
2015-05-16,Samburu,14.76,24.52
2015-05-17,Samburu,24.14,18.71
2015-05-18,Samburu,4.81,26.26
2015-05-19,Samburu,2.18,19.5
2015-05-20,Samburu,13.46,27.56
2015-05-21,Samburu,15.48,21.73
2015-05-22,Samburu,13.79,18.48
2015-05-23,Samburu,15.58,19.66
2015-05-24,Samburu,17.59,26.69
2015-05-25,Samburu,22.32,21.72
2015-05-26,Samburu,21.77,31.0
2015-05-27,Samburu,15.27,24.55
2015-05-28,Samburu,8.79,24.32
2015-05-29,Samburu,13.04,27.2
2015-05-30,Samburu,5.82,22.59
2015-05-31,Samburu,11.61,24.54
2015-06-01,Samburu,2.18,27.25
2015-06-02,Samburu,5.34,26.09
2015-06-03,Samburu,3.29,21.52
2015-06-04,Samburu,2.63,24.06
2015-06-05,Samburu,4.1,20.2
2015-06-06,Samburu,6.09,22.19
2015-06-07,Samburu,6.28,22.13
2015-06-08,Samburu,4.5,21.58
2015-06-09,Samburu,6.5,27.24
2015-06-10,Samburu,7.8,26.72
2015-06-11,Samburu,9.2,26.73
2015-06-12,Samburu,5.03,24.54
2015-06-13,Samburu,5.85,25.5
2015-06-14,Samburu,4.53,23.22
2015-06-15,Samburu,3.79,26.28
2015-06-16,Samburu,6.8,17.98
2015-06-17,Samburu,5.25,23.08
2015-06-18,Samburu,5.02,25.84
2015-06-19,Samburu,5.51,26.88
2015-06-20,Samburu,3.7,18.2
2015-06-21,Samburu,6.76,21.66
2015-06-22,Samburu,3.6,23.45
2015-06-23,Samburu,5.13,27.56
2015-06-24,Samburu,9.52,25.27
2015-06-25,Samburu,4.89,24.42
2015-06-26,Samburu,4.86,26.21
2015-06-27,Samburu,4.39,25.38
2015-06-28,Samburu,1.37,20.03
2015-06-29,Samburu,4.64,24.64
2015-06-30,Samburu,4.45,22.5
2015-07-01,Samburu,1.1,23.97
2015-07-02,Samburu,6.56,26.15
2015-07-03,Samburu,5.81,19.1
2015-07-04,Samburu,4.83,22.49
2015-07-05,Samburu,5.86,20.74
2015-07-06,Samburu,5.72,24.84
2015-07-07,Samburu,4.15,26.76
2015-07-08,Samburu,8.81,22.69
2015-07-09,Samburu,3.44,25.21
2015-07-10,Samburu,0.87,23.74
2015-07-11,Samburu,1.51,25.33
2015-07-12,Samburu,5.54,23.68
2015-07-13,Samburu,4.58,28.22
2015-07-14,Samburu,6.98,24.42
2015-07-15,Samburu,7.02,22.81
2015-07-16,Samburu,4.94,30.86
2015-07-17,Samburu,3.65,23.01
2015-07-18,Samburu,5.15,25.79
2015-07-19,Samburu,6.5,28.14
2015-07-20,Samburu,7.12,23.43
2015-07-21,Samburu,2.65,32.22
2015-07-22,Samburu,8.4,22.99
2015-07-23,Samburu,3.99,25.84
2015-07-24,Samburu,4.02,21.24
2015-07-25,Samburu,7.46,22.49
2015-07-26,Samburu,2.67,25.59
2015-07-27,Samburu,4.44,22.89
2015-07-28,Samburu,5.58,16.88
2015-07-29,Samburu,4.43,23.07
2015-07-30,Samburu,5.67,27.68
2015-07-31,Samburu,4.85,23.41
2015-08-01,Samburu,1.66,14.82
2015-08-02,Samburu,4.49,27.17
2015-08-03,Samburu,3.29,27.07
2015-08-04,Samburu,2.71,21.09
2015-08-05,Samburu,3.85,24.97
2015-08-06,Samburu,4.59,19.58
2015-08-07,Samburu,7.67,23.53
2015-08-08,Samburu,6.35,23.35
2015-08-09,Samburu,5.81,21.04
2015-08-10,Samburu,8.37,28.69
2015-08-11,Samburu,0.29,23.98
2015-08-12,Samburu,3.29,22.52
2015-08-13,Samburu,6.35,23.23
2015-08-14,Samburu,5.05,28.68
2015-08-15,Samburu,7.76,25.05
2015-08-16,Samburu,7.1,26.06
2015-08-17,Samburu,0.0,24.34
2015-08-18,Samburu,4.33,22.47
2015-08-19,Samburu,2.52,22.74
2015-08-20,Samburu,4.79,26.69
2015-08-21,Samburu,3.82,26.16
2015-08-22,Samburu,2.96,26.18
2015-08-23,Samburu,6.64,22.56
2015-08-24,Samburu,1.85,22.87
2015-08-25,Samburu,7.2,22.58
2015-08-26,Samburu,4.93,22.48
2015-08-27,Samburu,6.0,27.52
2015-08-28,Samburu,3.71,23.65
2015-08-29,Samburu,2.4,19.72
2015-08-30,Samburu,5.72,25.28
2015-08-31,Samburu,5.6,22.91
2015-09-01,Samburu,8.73,23.76
2015-09-02,Samburu,6.85,22.31
2015-09-03,Samburu,2.94,24.86
2015-09-04,Samburu,3.09,22.29
2015-09-05,Samburu,6.08,30.26
2015-09-06,Samburu,5.88,22.32
2015-09-07,Samburu,3.6,25.54
2015-09-08,Samburu,6.61,21.84
2015-09-09,Samburu,5.71,27.63
2015-09-10,Samburu,1.22,21.99
2015-09-11,Samburu,5.95,23.18
2015-09-12,Samburu,9.56,21.12
2015-09-13,Samburu,5.11,27.27
2015-09-14,Samburu,5.37,18.88
2015-09-15,Samburu,4.77,18.37
2015-09-16,Samburu,8.48,25.94
2015-09-17,Samburu,4.0,24.8
2015-09-18,Samburu,6.46,23.89
2015-09-19,Samburu,3.88,24.68
2015-09-20,Samburu,6.12,21.49
2015-09-21,Samburu,4.53,23.65
2015-09-22,Samburu,6.36,28.38
2015-09-23,Samburu,4.09,27.63
2015-09-24,Samburu,2.71,20.26
2015-09-25,Samburu,4.8,21.97
2015-09-26,Samburu,2.98,26.52
2015-09-27,Samburu,5.67,25.43
2015-09-28,Samburu,5.12,26.56
2015-09-29,Samburu,5.32,22.27
2015-09-30,Samburu,7.64,25.08
2015-10-01,Samburu,5.18,29.16
2015-10-02,Samburu,6.92,21.88
2015-10-03,Samburu,15.23,24.71
2015-10-04,Samburu,9.67,21.29
2015-10-05,Samburu,6.4,19.15
2015-10-06,Samburu,10.63,24.11
2015-10-07,Samburu,11.89,26.4
2015-10-08,Samburu,10.52,20.07
2015-10-09,Samburu,8.93,22.5
2015-10-10,Samburu,8.9,20.2
2015-10-11,Samburu,4.08,22.32
2015-10-12,Samburu,13.66,24.94
2015-10-13,Samburu,12.98,25.59
2015-10-14,Samburu,14.13,20.18
2015-10-15,Samburu,13.3,24.22
2015-10-16,Samburu,16.6,26.59
2015-10-17,Samburu,6.57,24.68
2015-10-18,Samburu,8.84,21.62
2015-10-19,Samburu,12.15,28.24
2015-10-20,Samburu,6.52,19.91
2015-10-21,Samburu,12.96,24.23
2015-10-22,Samburu,7.15,17.1
2015-10-23,Samburu,9.92,25.24
2015-10-24,Samburu,7.42,30.11
2015-10-25,Samburu,11.69,22.92
2015-10-26,Samburu,9.95,23.45
2015-10-27,Samburu,5.5,26.41
2015-10-28,Samburu,2.37,21.63
2015-10-29,Samburu,10.5,22.64
2015-10-30,Samburu,12.37,23.39
2015-10-31,Samburu,14.81,22.64
2015-11-01,Samburu,12.94,23.9
2015-11-02,Samburu,1.76,23.15
2015-11-03,Samburu,8.62,26.97
2015-11-04,Samburu,13.11,28.09
2015-11-05,Samburu,11.45,23.08
2015-11-06,Samburu,7.82,21.97
2015-11-07,Samburu,13.8,27.7
2015-11-08,Samburu,6.29,24.11
2015-11-09,Samburu,10.97,23.07
2015-11-10,Samburu,6.99,25.06
2015-11-11,Samburu,11.7,23.59
2015-11-12,Samburu,11.0,29.03
2015-11-13,Samburu,8.86,29.06
2015-11-14,Samburu,5.72,25.05
2015-11-15,Samburu,9.89,22.13
2015-11-16,Samburu,14.42,23.7
2015-11-17,Samburu,10.36,22.72
2015-11-18,Samburu,12.2,22.94
2015-11-19,Samburu,8.52,30.37
2015-11-20,Samburu,2.23,23.85
2015-11-21,Samburu,11.39,23.08
2015-11-22,Samburu,7.32,25.67
2015-11-23,Samburu,18.39,20.0
2015-11-24,Samburu,12.67,26.74
2015-11-25,Samburu,9.63,21.53
2015-11-26,Samburu,11.74,26.71
2015-11-27,Samburu,10.99,17.71
2015-11-28,Samburu,5.36,16.64
2015-11-29,Samburu,13.06,25.43
2015-11-30,Samburu,13.86,25.0
2015-12-01,Samburu,5.58,19.1
2015-12-02,Samburu,7.53,23.18
2015-12-03,Samburu,3.94,23.38
2015-12-04,Samburu,2.36,23.28
2015-12-05,Samburu,6.46,22.02
2015-12-06,Samburu,2.9,20.7
2015-12-07,Samburu,5.43,23.46
2015-12-08,Samburu,5.59,27.99
2015-12-09,Samburu,5.65,20.76
2015-12-10,Samburu,5.5,26.26
2015-12-11,Samburu,2.76,21.59
2015-12-12,Samburu,2.6,21.83
2015-12-13,Samburu,4.88,22.42
2015-12-14,Samburu,6.35,21.07
2015-12-15,Samburu,1.6,24.91
2015-12-16,Samburu,6.33,19.24
2015-12-17,Samburu,8.71,20.85
2015-12-18,Samburu,5.16,19.1
2015-12-19,Samburu,5.62,23.72
2015-12-20,Samburu,3.71,22.55
2015-12-21,Samburu,4.97,29.37
2015-12-22,Samburu,6.59,25.76
2015-12-23,Samburu,5.03,23.13
2015-12-24,Samburu,7.0,20.05
2015-12-25,Samburu,4.59,22.59
2015-12-26,Samburu,8.54,23.39
2015-12-27,Samburu,3.97,27.09
2015-12-28,Samburu,5.34,24.75
2015-12-29,Samburu,0.4,23.59
2015-12-30,Samburu,6.27,27.47
2015-12-31,Samburu,3.62,27.08
2016-01-01,Samburu,1.29,27.32
2016-01-02,Samburu,2.06,28.89
2016-01-03,Samburu,4.24,20.21
2016-01-04,Samburu,6.86,25.84
2016-01-05,Samburu,4.74,26.66
2016-01-06,Samburu,4.92,22.14
2016-01-07,Samburu,3.06,22.56
2016-01-08,Samburu,7.55,20.43
2016-01-09,Samburu,6.63,27.86
2016-01-10,Samburu,5.37,25.66
2016-01-11,Samburu,2.75,26.1
2016-01-12,Samburu,6.25,26.95
2016-01-13,Samburu,6.6,21.37
2016-01-14,Samburu,4.36,27.7
2016-01-15,Samburu,0.5,28.24
2016-01-16,Samburu,5.56,20.89
2016-01-17,Samburu,4.53,24.64
2016-01-18,Samburu,1.3,25.97
2016-01-19,Samburu,8.12,23.07
2016-01-20,Samburu,7.13,22.37
2016-01-21,Samburu,3.65,26.02
2016-01-22,Samburu,6.54,17.36
2016-01-23,Samburu,4.45,22.15
2016-01-24,Samburu,8.95,25.45
2016-01-25,Samburu,0.52,26.98
2016-01-26,Samburu,7.43,26.69
2016-01-27,Samburu,1.34,20.66
2016-01-28,Samburu,1.21,18.63
2016-01-29,Samburu,7.28,24.74
2016-01-30,Samburu,4.35,24.85
2016-01-31,Samburu,2.86,24.53
2016-02-01,Samburu,5.27,21.5
2016-02-02,Samburu,5.65,24.94
2016-02-03,Samburu,6.0,20.46
2016-02-04,Samburu,4.48,28.45
2016-02-05,Samburu,1.99,22.91
2016-02-06,Samburu,4.28,26.64
2016-02-07,Samburu,0.0,21.03
2016-02-08,Samburu,5.95,25.42
2016-02-09,Samburu,7.69,24.75
2016-02-10,Samburu,2.62,29.46
2016-02-11,Samburu,8.78,24.12
2016-02-12,Samburu,5.78,28.5
2016-02-13,Samburu,5.42,25.08
2016-02-14,Samburu,5.86,24.12
2016-02-15,Samburu,3.29,23.45
2016-02-16,Samburu,2.78,25.87
2016-02-17,Samburu,4.1,17.19
2016-02-18,Samburu,3.49,26.52
2016-02-19,Samburu,6.51,25.75
2016-02-20,Samburu,2.78,21.98
2016-02-21,Samburu,7.95,20.23
2016-02-22,Samburu,4.54,24.84
2016-02-23,Samburu,2.02,25.72
2016-02-24,Samburu,3.65,22.18
2016-02-25,Samburu,4.88,27.26
2016-02-26,Samburu,0.32,28.46
2016-02-27,Samburu,5.71,26.91
2016-02-28,Samburu,4.48,28.0
2016-02-29,Samburu,9.71,25.19
2016-03-01,Samburu,13.61,24.27
2016-03-02,Samburu,14.79,28.34
2016-03-03,Samburu,17.83,22.53
2016-03-04,Samburu,15.68,23.0
2016-03-05,Samburu,14.64,27.96
2016-03-06,Samburu,17.27,24.95
2016-03-07,Samburu,20.84,22.09
2016-03-08,Samburu,21.66,23.07
2016-03-09,Samburu,13.62,25.09
2016-03-10,Samburu,13.57,25.42
2016-03-11,Samburu,10.0,20.42
2016-03-12,Samburu,23.54,27.08
2016-03-13,Samburu,11.85,25.09
2016-03-14,Samburu,7.39,19.52
2016-03-15,Samburu,14.7,22.89
2016-03-16,Samburu,5.19,26.12
2016-03-17,Samburu,12.5,18.38
2016-03-18,Samburu,17.78,23.98
2016-03-19,Samburu,6.44,21.23
2016-03-20,Samburu,9.22,27.15
2016-03-21,Samburu,11.12,27.18
2016-03-22,Samburu,9.09,22.19
2016-03-23,Samburu,18.37,26.61
2016-03-24,Samburu,14.16,22.77
2016-03-25,Samburu,20.9,25.19
2016-03-26,Samburu,16.17,24.96
2016-03-27,Samburu,13.0,25.86
2016-03-28,Samburu,10.78,24.17
2016-03-29,Samburu,9.4,19.89
2016-03-30,Samburu,23.4,21.35
2016-03-31,Samburu,14.81,20.12
2016-04-01,Samburu,18.96,21.07
2016-04-02,Samburu,6.61,21.79
2016-04-03,Samburu,16.98,23.8
2016-04-04,Samburu,19.61,23.19
2016-04-05,Samburu,17.54,27.78
2016-04-06,Samburu,20.44,24.24
2016-04-07,Samburu,15.3,20.23
2016-04-08,Samburu,18.01,22.96
2016-04-09,Samburu,14.88,21.8
2016-04-10,Samburu,12.04,21.15
2016-04-11,Samburu,13.73,22.34
2016-04-12,Samburu,10.94,25.2
2016-04-13,Samburu,13.93,18.89
2016-04-14,Samburu,6.81,28.1
2016-04-15,Samburu,15.96,28.28
2016-04-16,Samburu,20.23,24.57
2016-04-17,Samburu,18.94,26.04
2016-04-18,Samburu,5.73,27.52
2016-04-19,Samburu,15.03,28.88
2016-04-20,Samburu,18.18,26.63
2016-04-21,Samburu,16.05,22.55
2016-04-22,Samburu,19.63,27.05
2016-04-23,Samburu,14.63,20.62
2016-04-24,Samburu,16.01,25.31
2016-04-25,Samburu,22.16,26.54
2016-04-26,Samburu,10.88,19.89
2016-04-27,Samburu,14.54,18.57
2016-04-28,Samburu,16.61,28.75
2016-04-29,Samburu,17.58,23.58
2016-04-30,Samburu,22.4,25.41
2016-05-01,Samburu,4.63,24.34
2016-05-02,Samburu,18.11,29.47
2016-05-03,Samburu,13.91,23.71
2016-05-04,Samburu,15.49,27.56
2016-05-05,Samburu,10.74,19.93
2016-05-06,Samburu,14.43,20.99
2016-05-07,Samburu,14.82,24.04
2016-05-08,Samburu,9.52,25.63
2016-05-09,Samburu,7.11,24.9
2016-05-10,Samburu,15.7,27.37
2016-05-11,Samburu,20.94,20.52
2016-05-12,Samburu,22.26,22.13
2016-05-13,Samburu,14.48,24.75
2016-05-14,Samburu,9.26,26.88
2016-05-15,Samburu,14.33,22.15
2016-05-16,Samburu,13.18,22.27
2016-05-17,Samburu,20.94,25.31
2016-05-18,Samburu,21.44,30.08
2016-05-19,Samburu,17.9,20.47
2016-05-20,Samburu,14.22,28.08
2016-05-21,Samburu,9.08,28.8
2016-05-22,Samburu,8.91,24.96
2016-05-23,Samburu,16.51,24.29
2016-05-24,Samburu,5.95,24.25
2016-05-25,Samburu,7.67,24.67
2016-05-26,Samburu,12.53,23.73
2016-05-27,Samburu,15.61,23.19
2016-05-28,Samburu,27.44,22.38
2016-05-29,Samburu,16.02,20.11
2016-05-30,Samburu,19.13,18.91
2016-05-31,Samburu,15.44,25.62
2016-06-01,Samburu,4.03,21.98
2016-06-02,Samburu,3.72,24.73
2016-06-03,Samburu,3.51,25.5
2016-06-04,Samburu,3.37,28.95
2016-06-05,Samburu,2.11,23.02
2016-06-06,Samburu,7.48,19.33
2016-06-07,Samburu,6.83,21.33
2016-06-08,Samburu,5.77,19.38
2016-06-09,Samburu,6.84,29.78
2016-06-10,Samburu,4.36,28.04
2016-06-11,Samburu,3.74,26.12
2016-06-12,Samburu,9.39,22.93
2016-06-13,Samburu,7.4,23.13
2016-06-14,Samburu,4.89,25.37
2016-06-15,Samburu,3.59,24.2
2016-06-16,Samburu,5.94,23.33
2016-06-17,Samburu,6.88,25.32
2016-06-18,Samburu,4.13,21.28
2016-06-19,Samburu,4.03,24.28
2016-06-20,Samburu,6.12,25.34
2016-06-21,Samburu,5.66,20.11
2016-06-22,Samburu,4.49,21.94
2016-06-23,Samburu,2.44,25.69
2016-06-24,Samburu,1.57,25.75
2016-06-25,Samburu,2.29,26.42
2016-06-26,Samburu,1.09,29.11
2016-06-27,Samburu,4.19,23.24
2016-06-28,Samburu,6.36,22.47
2016-06-29,Samburu,3.88,23.63
2016-06-30,Samburu,2.22,23.16
2016-07-01,Samburu,2.79,23.4
2016-07-02,Samburu,1.2,23.76
2016-07-03,Samburu,6.15,28.59
2016-07-04,Samburu,3.26,23.08
2016-07-05,Samburu,5.77,26.66
2016-07-06,Samburu,3.3,26.94
2016-07-07,Samburu,3.59,20.34
2016-07-08,Samburu,0.09,26.25
2016-07-09,Samburu,5.36,24.08
2016-07-10,Samburu,6.29,22.58
2016-07-11,Samburu,5.76,18.97
2016-07-12,Samburu,6.37,30.04
2016-07-13,Samburu,3.17,23.65
2016-07-14,Samburu,4.56,27.91
2016-07-15,Samburu,4.71,26.75
2016-07-16,Samburu,5.95,32.88
2016-07-17,Samburu,0.0,24.99
2016-07-18,Samburu,5.63,22.89
2016-07-19,Samburu,5.59,21.52
2016-07-20,Samburu,2.89,21.96
2016-07-21,Samburu,4.86,25.54
2016-07-22,Samburu,7.41,17.72
2016-07-23,Samburu,5.71,24.73
2016-07-24,Samburu,0.81,20.06
2016-07-25,Samburu,7.53,21.71
2016-07-26,Samburu,3.48,28.89
2016-07-27,Samburu,3.64,19.87
2016-07-28,Samburu,4.92,19.69
2016-07-29,Samburu,6.0,22.56
2016-07-30,Samburu,5.73,22.61
2016-07-31,Samburu,2.84,24.28
2016-08-01,Samburu,3.98,24.0
2016-08-02,Samburu,5.95,23.36
2016-08-03,Samburu,7.14,21.81
2016-08-04,Samburu,0.0,30.82
2016-08-05,Samburu,6.63,21.1
2016-08-06,Samburu,7.12,24.98
2016-08-07,Samburu,6.18,29.48
2016-08-08,Samburu,8.52,24.01
2016-08-09,Samburu,4.22,27.69
2016-08-10,Samburu,4.88,28.11
2016-08-11,Samburu,5.4,20.61
2016-08-12,Samburu,6.2,27.29
2016-08-13,Samburu,2.06,22.72
2016-08-14,Samburu,6.85,25.57
2016-08-15,Samburu,7.47,23.95
2016-08-16,Samburu,6.44,26.83
2016-08-17,Samburu,5.82,23.37
2016-08-18,Samburu,3.92,20.54
2016-08-19,Samburu,7.69,24.19
2016-08-20,Samburu,6.11,23.61
2016-08-21,Samburu,4.51,20.48
2016-08-22,Samburu,2.56,26.53
2016-08-23,Samburu,6.59,22.62
2016-08-24,Samburu,0.22,28.29
2016-08-25,Samburu,4.9,23.21
2016-08-26,Samburu,9.89,18.04
2016-08-27,Samburu,2.71,27.7
2016-08-28,Samburu,2.01,23.61
2016-08-29,Samburu,7.09,28.64
2016-08-30,Samburu,6.65,22.96
2016-08-31,Samburu,3.42,23.27
2016-09-01,Samburu,5.21,22.35
2016-09-02,Samburu,5.81,29.64
2016-09-03,Samburu,4.85,26.56
2016-09-04,Samburu,4.37,24.9
2016-09-05,Samburu,9.75,20.36
2016-09-06,Samburu,2.65,27.85
2016-09-07,Samburu,4.76,21.83
2016-09-08,Samburu,1.62,25.16
2016-09-09,Samburu,5.18,23.99
2016-09-10,Samburu,2.79,24.52
2016-09-11,Samburu,3.41,23.76
2016-09-12,Samburu,5.33,27.99
2016-09-13,Samburu,2.8,20.44
2016-09-14,Samburu,5.09,25.8
2016-09-15,Samburu,3.18,22.8
2016-09-16,Samburu,5.71,24.16
2016-09-17,Samburu,9.06,21.52
2016-09-18,Samburu,1.48,21.06
2016-09-19,Samburu,7.59,24.92
2016-09-20,Samburu,5.85,30.77
2016-09-21,Samburu,3.07,21.63
2016-09-22,Samburu,4.35,16.19
2016-09-23,Samburu,3.39,18.48
2016-09-24,Samburu,6.8,22.0
2016-09-25,Samburu,6.63,20.77
2016-09-26,Samburu,4.82,22.61
2016-09-27,Samburu,7.91,25.22
2016-09-28,Samburu,4.34,25.62
2016-09-29,Samburu,5.55,24.08
2016-09-30,Samburu,10.43,23.76
2016-10-01,Samburu,14.68,21.82
2015-01-01,Trans Nzoia,6.47,20.83
2015-01-02,Trans Nzoia,3.63,26.29
2015-01-03,Trans Nzoia,4.88,27.09
2015-01-04,Trans Nzoia,7.25,19.27
2015-01-05,Trans Nzoia,3.06,25.98
2015-01-06,Trans Nzoia,5.43,21.92
2015-01-07,Trans Nzoia,6.1,24.94
2015-01-08,Trans Nzoia,9.16,21.15
2015-01-09,Trans Nzoia,3.35,26.17
2015-01-10,Trans Nzoia,6.35,21.19
2015-01-11,Trans Nzoia,2.73,22.88
2015-01-12,Trans Nzoia,6.24,23.43
2015-01-13,Trans Nzoia,3.74,23.99
2015-01-14,Trans Nzoia,4.65,23.98
2015-01-15,Trans Nzoia,5.42,21.07
2015-01-16,Trans Nzoia,3.91,25.06
2015-01-17,Trans Nzoia,4.78,27.52
2015-01-18,Trans Nzoia,4.81,17.56
2015-01-19,Trans Nzoia,3.01,19.26
2015-01-20,Trans Nzoia,7.52,24.38
2015-01-21,Trans Nzoia,8.31,25.12
2015-01-22,Trans Nzoia,5.14,23.39
2015-01-23,Trans Nzoia,7.75,22.96
2015-01-24,Trans Nzoia,4.24,23.68
2015-01-25,Trans Nzoia,8.06,24.8
2015-01-26,Trans Nzoia,3.32,31.13
2015-01-27,Trans Nzoia,6.32,21.42
2015-01-28,Trans Nzoia,8.88,24.77
2015-01-29,Trans Nzoia,5.64,25.4
2015-01-30,Trans Nzoia,5.31,22.82
2015-01-31,Trans Nzoia,8.69,23.46
2015-02-01,Trans Nzoia,8.33,26.31
2015-02-02,Trans Nzoia,4.89,26.07
2015-02-03,Trans Nzoia,3.94,24.0
2015-02-04,Trans Nzoia,4.74,15.92
2015-02-05,Trans Nzoia,4.43,21.84
2015-02-06,Trans Nzoia,5.45,22.17
2015-02-07,Trans Nzoia,3.78,15.78
2015-02-08,Trans Nzoia,0.84,26.24
2015-02-09,Trans Nzoia,7.43,28.57
2015-02-10,Trans Nzoia,6.3,25.77
2015-02-11,Trans Nzoia,4.5,26.16
2015-02-12,Trans Nzoia,4.78,26.15
2015-02-13,Trans Nzoia,4.14,27.92
2015-02-14,Trans Nzoia,4.56,24.25
2015-02-15,Trans Nzoia,5.88,22.98
2015-02-16,Trans Nzoia,2.03,24.2
2015-02-17,Trans Nzoia,10.18,21.03
2015-02-18,Trans Nzoia,4.93,27.52
2015-02-19,Trans Nzoia,6.58,27.47
2015-02-20,Trans Nzoia,4.74,23.44
2015-02-21,Trans Nzoia,4.15,23.91
2015-02-22,Trans Nzoia,4.32,21.8
2015-02-23,Trans Nzoia,4.28,29.33
2015-02-24,Trans Nzoia,4.85,26.38
2015-02-25,Trans Nzoia,5.11,21.37
2015-02-26,Trans Nzoia,5.79,25.14
2015-02-27,Trans Nzoia,4.28,21.44
2015-02-28,Trans Nzoia,8.19,24.21
2015-03-01,Trans Nzoia,11.01,27.64
2015-03-02,Trans Nzoia,18.74,26.23
2015-03-03,Trans Nzoia,16.08,26.94
2015-03-04,Trans Nzoia,14.12,25.69
2015-03-05,Trans Nzoia,14.45,26.01
2015-03-06,Trans Nzoia,16.25,26.44
2015-03-07,Trans Nzoia,15.95,24.31
2015-03-08,Trans Nzoia,16.21,26.35
2015-03-09,Trans Nzoia,4.91,23.54
2015-03-10,Trans Nzoia,11.94,26.04
2015-03-11,Trans Nzoia,7.02,21.4
2015-03-12,Trans Nzoia,15.86,23.22
2015-03-13,Trans Nzoia,18.27,27.13
2015-03-14,Trans Nzoia,10.5,19.82
2015-03-15,Trans Nzoia,14.99,23.84
2015-03-16,Trans Nzoia,10.47,22.64
2015-03-17,Trans Nzoia,11.42,25.17
2015-03-18,Trans Nzoia,10.58,26.71
2015-03-19,Trans Nzoia,15.07,22.95
2015-03-20,Trans Nzoia,22.09,26.54
2015-03-21,Trans Nzoia,20.07,27.66
2015-03-22,Trans Nzoia,20.57,27.65
2015-03-23,Trans Nzoia,20.45,20.82
2015-03-24,Trans Nzoia,10.73,30.86
2015-03-25,Trans Nzoia,17.06,25.79
2015-03-26,Trans Nzoia,16.21,26.9
2015-03-27,Trans Nzoia,14.32,22.76
2015-03-28,Trans Nzoia,6.15,26.93
2015-03-29,Trans Nzoia,11.89,19.98
2015-03-30,Trans Nzoia,7.43,23.59
2015-03-31,Trans Nzoia,18.46,25.37
2015-04-01,Trans Nzoia,14.86,22.05
2015-04-02,Trans Nzoia,14.47,28.8
2015-04-03,Trans Nzoia,21.42,24.12
2015-04-04,Trans Nzoia,17.75,19.83
2015-04-05,Trans Nzoia,23.89,25.75
2015-04-06,Trans Nzoia,15.18,22.1
2015-04-07,Trans Nzoia,21.18,30.84
2015-04-08,Trans Nzoia,14.06,22.0
2015-04-09,Trans Nzoia,7.48,26.93
2015-04-10,Trans Nzoia,17.32,27.16
2015-04-11,Trans Nzoia,17.43,21.28
2015-04-12,Trans Nzoia,13.03,25.31
2015-04-13,Trans Nzoia,10.38,19.87
2015-04-14,Trans Nzoia,21.24,25.34
2015-04-15,Trans Nzoia,20.59,23.93
2015-04-16,Trans Nzoia,17.88,22.14
2015-04-17,Trans Nzoia,14.23,22.95
2015-04-18,Trans Nzoia,17.04,26.98
2015-04-19,Trans Nzoia,11.87,21.47
2015-04-20,Trans Nzoia,11.85,23.98
2015-04-21,Trans Nzoia,13.38,25.21
2015-04-22,Trans Nzoia,24.3,24.22
2015-04-23,Trans Nzoia,21.19,22.19
2015-04-24,Trans Nzoia,13.83,24.03
2015-04-25,Trans Nzoia,18.29,19.54
2015-04-26,Trans Nzoia,12.66,23.39
2015-04-27,Trans Nzoia,21.18,21.54
2015-04-28,Trans Nzoia,20.42,26.29
2015-04-29,Trans Nzoia,20.99,24.79
2015-04-30,Trans Nzoia,14.34,21.8
2015-05-01,Trans Nzoia,8.15,24.63
2015-05-02,Trans Nzoia,14.52,23.29
2015-05-03,Trans Nzoia,19.67,23.07
2015-05-04,Trans Nzoia,10.56,20.19
2015-05-05,Trans Nzoia,0.0,24.51
2015-05-06,Trans Nzoia,8.26,21.59
2015-05-07,Trans Nzoia,15.01,28.7
2015-05-08,Trans Nzoia,23.88,24.93
2015-05-09,Trans Nzoia,17.06,24.14
2015-05-10,Trans Nzoia,7.64,23.95
2015-05-11,Trans Nzoia,20.95,23.81
2015-05-12,Trans Nzoia,16.05,23.59
2015-05-13,Trans Nzoia,16.85,29.95
2015-05-14,Trans Nzoia,17.15,18.71
2015-05-15,Trans Nzoia,11.13,21.66
2015-05-16,Trans Nzoia,11.73,26.25
2015-05-17,Trans Nzoia,15.07,24.87
2015-05-18,Trans Nzoia,8.74,22.88
2015-05-19,Trans Nzoia,10.74,23.0
2015-05-20,Trans Nzoia,24.38,30.64
2015-05-21,Trans Nzoia,23.0,29.1
2015-05-22,Trans Nzoia,13.17,26.48
2015-05-23,Trans Nzoia,15.37,21.49
2015-05-24,Trans Nzoia,22.9,26.86
2015-05-25,Trans Nzoia,7.13,26.48
2015-05-26,Trans Nzoia,17.75,23.0
2015-05-27,Trans Nzoia,23.96,24.83
2015-05-28,Trans Nzoia,13.59,26.28
2015-05-29,Trans Nzoia,19.67,19.72
2015-05-30,Trans Nzoia,6.09,26.45
2015-05-31,Trans Nzoia,14.96,18.38
2015-06-01,Trans Nzoia,4.32,26.31
2015-06-02,Trans Nzoia,5.68,21.57
2015-06-03,Trans Nzoia,6.4,25.47
2015-06-04,Trans Nzoia,6.42,24.24
2015-06-05,Trans Nzoia,1.44,26.94
2015-06-06,Trans Nzoia,5.78,30.02
2015-06-07,Trans Nzoia,5.66,21.58
2015-06-08,Trans Nzoia,1.23,18.02
2015-06-09,Trans Nzoia,6.69,28.83
2015-06-10,Trans Nzoia,6.82,25.0
2015-06-11,Trans Nzoia,7.22,27.05
2015-06-12,Trans Nzoia,4.5,17.72
2015-06-13,Trans Nzoia,8.21,22.8
2015-06-14,Trans Nzoia,7.38,20.74
2015-06-15,Trans Nzoia,2.93,29.39
2015-06-16,Trans Nzoia,2.77,21.2
2015-06-17,Trans Nzoia,3.85,23.26
2015-06-18,Trans Nzoia,7.78,24.24
2015-06-19,Trans Nzoia,2.75,22.91
2015-06-20,Trans Nzoia,3.56,23.62
2015-06-21,Trans Nzoia,3.71,24.8
2015-06-22,Trans Nzoia,7.12,27.55
2015-06-23,Trans Nzoia,3.09,23.83
2015-06-24,Trans Nzoia,6.93,25.79
2015-06-25,Trans Nzoia,4.71,25.7
2015-06-26,Trans Nzoia,6.32,21.07
2015-06-27,Trans Nzoia,7.8,24.9
2015-06-28,Trans Nzoia,8.63,19.44
2015-06-29,Trans Nzoia,2.6,17.88
2015-06-30,Trans Nzoia,5.54,22.29
2015-07-01,Trans Nzoia,4.44,25.42
2015-07-02,Trans Nzoia,6.44,22.24
2015-07-03,Trans Nzoia,6.96,26.56
2015-07-04,Trans Nzoia,6.03,26.99
2015-07-05,Trans Nzoia,4.52,19.65
2015-07-06,Trans Nzoia,9.63,22.93
2015-07-07,Trans Nzoia,3.28,27.39
2015-07-08,Trans Nzoia,4.13,22.47
2015-07-09,Trans Nzoia,4.7,20.93
2015-07-10,Trans Nzoia,3.65,20.3
2015-07-11,Trans Nzoia,5.76,15.69
2015-07-12,Trans Nzoia,1.86,17.44
2015-07-13,Trans Nzoia,1.09,25.97
2015-07-14,Trans Nzoia,2.39,24.41
2015-07-15,Trans Nzoia,1.78,27.02
2015-07-16,Trans Nzoia,7.55,22.43
2015-07-17,Trans Nzoia,7.21,22.18
2015-07-18,Trans Nzoia,6.41,22.2
2015-07-19,Trans Nzoia,2.82,22.88
2015-07-20,Trans Nzoia,1.9,19.26
2015-07-21,Trans Nzoia,5.67,21.52
2015-07-22,Trans Nzoia,3.62,24.27
2015-07-23,Trans Nzoia,9.35,18.69
2015-07-24,Trans Nzoia,4.61,21.8
2015-07-25,Trans Nzoia,4.88,25.28
2015-07-26,Trans Nzoia,6.03,21.19
2015-07-27,Trans Nzoia,3.89,21.95
2015-07-28,Trans Nzoia,4.13,26.37
2015-07-29,Trans Nzoia,3.71,27.02
2015-07-30,Trans Nzoia,2.92,26.19
2015-07-31,Trans Nzoia,1.3,24.26
2015-08-01,Trans Nzoia,3.61,19.04
2015-08-02,Trans Nzoia,3.25,31.31
2015-08-03,Trans Nzoia,3.73,16.51
2015-08-04,Trans Nzoia,4.01,29.04
2015-08-05,Trans Nzoia,2.72,23.73
2015-08-06,Trans Nzoia,6.32,26.72
2015-08-07,Trans Nzoia,5.25,24.05
2015-08-08,Trans Nzoia,5.6,20.68
2015-08-09,Trans Nzoia,5.25,23.41
2015-08-10,Trans Nzoia,8.2,23.3
2015-08-11,Trans Nzoia,2.35,23.45
2015-08-12,Trans Nzoia,5.72,28.99
2015-08-13,Trans Nzoia,2.27,24.21
2015-08-14,Trans Nzoia,3.65,18.2
2015-08-15,Trans Nzoia,5.54,22.39
2015-08-16,Trans Nzoia,6.33,24.5
2015-08-17,Trans Nzoia,6.48,24.03
2015-08-18,Trans Nzoia,8.13,32.13
2015-08-19,Trans Nzoia,3.44,26.47
2015-08-20,Trans Nzoia,6.64,21.07
2015-08-21,Trans Nzoia,5.31,20.67
2015-08-22,Trans Nzoia,5.57,22.22
2015-08-23,Trans Nzoia,6.61,19.8
2015-08-24,Trans Nzoia,9.24,24.78
2015-08-25,Trans Nzoia,5.68,26.61
2015-08-26,Trans Nzoia,5.57,28.61
2015-08-27,Trans Nzoia,4.06,24.16
2015-08-28,Trans Nzoia,5.44,20.93
2015-08-29,Trans Nzoia,1.49,21.17
2015-08-30,Trans Nzoia,4.78,27.09
2015-08-31,Trans Nzoia,3.72,21.59
2015-09-01,Trans Nzoia,6.43,19.39
2015-09-02,Trans Nzoia,3.73,22.85
2015-09-03,Trans Nzoia,4.42,29.01
2015-09-04,Trans Nzoia,9.62,28.48
2015-09-05,Trans Nzoia,5.91,24.82
2015-09-06,Trans Nzoia,5.99,19.46
2015-09-07,Trans Nzoia,5.91,22.73
2015-09-08,Trans Nzoia,2.71,22.13
2015-09-09,Trans Nzoia,3.94,24.48
2015-09-10,Trans Nzoia,7.18,18.04
2015-09-11,Trans Nzoia,1.4,17.53
2015-09-12,Trans Nzoia,6.4,27.16
2015-09-13,Trans Nzoia,2.02,29.18
2015-09-14,Trans Nzoia,5.41,24.21
2015-09-15,Trans Nzoia,5.0,22.89
2015-09-16,Trans Nzoia,7.63,25.1
2015-09-17,Trans Nzoia,6.7,24.8
2015-09-18,Trans Nzoia,6.88,26.34
2015-09-19,Trans Nzoia,7.61,25.8
2015-09-20,Trans Nzoia,7.0,24.94
2015-09-21,Trans Nzoia,4.2,21.65
2015-09-22,Trans Nzoia,5.08,24.18
2015-09-23,Trans Nzoia,5.02,23.87
2015-09-24,Trans Nzoia,4.45,25.89
2015-09-25,Trans Nzoia,10.88,21.65
2015-09-26,Trans Nzoia,9.54,28.82
2015-09-27,Trans Nzoia,3.73,15.74
2015-09-28,Trans Nzoia,3.96,20.54
2015-09-29,Trans Nzoia,0.9,23.96
2015-09-30,Trans Nzoia,7.05,23.11
2015-10-01,Trans Nzoia,7.95,27.46
2015-10-02,Trans Nzoia,6.83,23.63
2015-10-03,Trans Nzoia,12.45,26.86
2015-10-04,Trans Nzoia,6.21,24.87
2015-10-05,Trans Nzoia,5.98,22.89
2015-10-06,Trans Nzoia,7.58,24.07
2015-10-07,Trans Nzoia,12.03,24.36
2015-10-08,Trans Nzoia,9.02,24.63
2015-10-09,Trans Nzoia,12.49,26.59
2015-10-10,Trans Nzoia,11.12,24.19
2015-10-11,Trans Nzoia,8.99,21.72
2015-10-12,Trans Nzoia,0.0,22.98
2015-10-13,Trans Nzoia,6.21,24.25
2015-10-14,Trans Nzoia,11.37,25.38
2015-10-15,Trans Nzoia,3.34,25.4
2015-10-16,Trans Nzoia,8.33,26.13
2015-10-17,Trans Nzoia,8.82,24.2
2015-10-18,Trans Nzoia,0.7,23.87
2015-10-19,Trans Nzoia,9.26,20.38
2015-10-20,Trans Nzoia,4.47,25.66
2015-10-21,Trans Nzoia,8.7,22.63
2015-10-22,Trans Nzoia,12.27,22.48
2015-10-23,Trans Nzoia,7.3,21.56
2015-10-24,Trans Nzoia,8.17,22.39
2015-10-25,Trans Nzoia,4.47,22.11
2015-10-26,Trans Nzoia,5.37,22.38
2015-10-27,Trans Nzoia,11.42,22.14
2015-10-28,Trans Nzoia,9.09,24.83
2015-10-29,Trans Nzoia,10.18,24.28
2015-10-30,Trans Nzoia,8.27,25.23
2015-10-31,Trans Nzoia,19.83,26.32
2015-11-01,Trans Nzoia,13.12,25.98
2015-11-02,Trans Nzoia,8.26,29.63
2015-11-03,Trans Nzoia,11.55,25.32
2015-11-04,Trans Nzoia,9.75,28.42
2015-11-05,Trans Nzoia,15.62,25.55
2015-11-06,Trans Nzoia,16.18,26.15
2015-11-07,Trans Nzoia,10.35,27.67
2015-11-08,Trans Nzoia,7.84,28.56
2015-11-09,Trans Nzoia,12.14,25.5
2015-11-10,Trans Nzoia,10.48,22.74
2015-11-11,Trans Nzoia,17.87,24.09
2015-11-12,Trans Nzoia,7.41,20.05
2015-11-13,Trans Nzoia,6.38,27.76
2015-11-14,Trans Nzoia,15.65,24.94
2015-11-15,Trans Nzoia,21.63,21.67
2015-11-16,Trans Nzoia,5.83,22.69
2015-11-17,Trans Nzoia,11.64,26.97
2015-11-18,Trans Nzoia,6.19,21.24
2015-11-19,Trans Nzoia,5.95,24.81
2015-11-20,Trans Nzoia,4.65,23.93
2015-11-21,Trans Nzoia,9.3,25.08
2015-11-22,Trans Nzoia,11.99,22.19
2015-11-23,Trans Nzoia,8.09,22.5
2015-11-24,Trans Nzoia,6.48,20.41
2015-11-25,Trans Nzoia,12.01,23.99
2015-11-26,Trans Nzoia,7.27,26.03
2015-11-27,Trans Nzoia,8.86,24.63
2015-11-28,Trans Nzoia,9.25,22.8
2015-11-29,Trans Nzoia,6.64,17.56
2015-11-30,Trans Nzoia,14.08,26.7
2015-12-01,Trans Nzoia,0.65,25.26
2015-12-02,Trans Nzoia,5.58,28.45
2015-12-03,Trans Nzoia,3.8,22.57
2015-12-04,Trans Nzoia,3.49,20.27
2015-12-05,Trans Nzoia,5.41,24.05
2015-12-06,Trans Nzoia,1.08,24.81
2015-12-07,Trans Nzoia,6.09,19.54
2015-12-08,Trans Nzoia,4.93,20.45
2015-12-09,Trans Nzoia,5.43,24.69
2015-12-10,Trans Nzoia,2.02,21.57
2015-12-11,Trans Nzoia,3.75,25.72
2015-12-12,Trans Nzoia,5.7,26.22
2015-12-13,Trans Nzoia,5.16,23.15
2015-12-14,Trans Nzoia,6.4,24.3
2015-12-15,Trans Nzoia,4.24,24.26
2015-12-16,Trans Nzoia,7.69,23.5
2015-12-17,Trans Nzoia,5.04,28.59
2015-12-18,Trans Nzoia,0.2,24.95
2015-12-19,Trans Nzoia,5.29,28.36
2015-12-20,Trans Nzoia,5.72,29.97
2015-12-21,Trans Nzoia,5.26,25.3
2015-12-22,Trans Nzoia,4.06,18.26
2015-12-23,Trans Nzoia,5.31,19.2
2015-12-24,Trans Nzoia,7.33,25.16
2015-12-25,Trans Nzoia,0.47,25.73
2015-12-26,Trans Nzoia,5.45,24.83
2015-12-27,Trans Nzoia,1.1,24.16
2015-12-28,Trans Nzoia,3.33,26.66
2015-12-29,Trans Nzoia,6.46,21.23
2015-12-30,Trans Nzoia,8.11,22.21
2015-12-31,Trans Nzoia,5.46,26.37
2016-01-01,Trans Nzoia,2.67,29.73
2016-01-02,Trans Nzoia,1.06,27.06
2016-01-03,Trans Nzoia,0.95,25.32
2016-01-04,Trans Nzoia,4.58,28.8
2016-01-05,Trans Nzoia,4.55,27.72
2016-01-06,Trans Nzoia,1.95,18.88
2016-01-07,Trans Nzoia,7.55,24.99
2016-01-08,Trans Nzoia,5.03,26.96
2016-01-09,Trans Nzoia,4.5,22.77
2016-01-10,Trans Nzoia,4.76,24.83
2016-01-11,Trans Nzoia,5.85,30.05
2016-01-12,Trans Nzoia,7.55,29.11
2016-01-13,Trans Nzoia,4.23,22.22
2016-01-14,Trans Nzoia,0.36,21.45
2016-01-15,Trans Nzoia,4.22,26.81
2016-01-16,Trans Nzoia,7.57,23.26
2016-01-17,Trans Nzoia,6.21,18.04
2016-01-18,Trans Nzoia,6.99,26.17
2016-01-19,Trans Nzoia,7.7,27.89
2016-01-20,Trans Nzoia,5.32,22.33
2016-01-21,Trans Nzoia,8.24,21.05
2016-01-22,Trans Nzoia,8.13,29.03
2016-01-23,Trans Nzoia,6.14,23.06
2016-01-24,Trans Nzoia,2.22,20.76
2016-01-25,Trans Nzoia,3.52,26.21
2016-01-26,Trans Nzoia,5.45,27.19
2016-01-27,Trans Nzoia,5.08,18.84
2016-01-28,Trans Nzoia,6.75,25.3
2016-01-29,Trans Nzoia,2.46,26.34
2016-01-30,Trans Nzoia,6.73,23.97
2016-01-31,Trans Nzoia,5.56,20.76
2016-02-01,Trans Nzoia,5.73,20.48
2016-02-02,Trans Nzoia,4.51,20.75
2016-02-03,Trans Nzoia,9.9,20.74
2016-02-04,Trans Nzoia,6.69,25.77
2016-02-05,Trans Nzoia,2.68,19.26
2016-02-06,Trans Nzoia,5.75,30.2
2016-02-07,Trans Nzoia,1.83,24.25
2016-02-08,Trans Nzoia,3.06,26.59
2016-02-09,Trans Nzoia,2.84,31.76
2016-02-10,Trans Nzoia,3.37,23.41
2016-02-11,Trans Nzoia,6.42,21.15
2016-02-12,Trans Nzoia,5.6,21.11
2016-02-13,Trans Nzoia,7.07,19.76
2016-02-14,Trans Nzoia,5.87,21.72
2016-02-15,Trans Nzoia,3.45,17.98
2016-02-16,Trans Nzoia,5.81,25.47
2016-02-17,Trans Nzoia,4.11,24.01
2016-02-18,Trans Nzoia,6.89,25.81
2016-02-19,Trans Nzoia,9.34,24.87
2016-02-20,Trans Nzoia,7.89,21.28
2016-02-21,Trans Nzoia,5.74,25.08
2016-02-22,Trans Nzoia,3.6,23.79
2016-02-23,Trans Nzoia,5.82,23.97
2016-02-24,Trans Nzoia,3.84,28.66
2016-02-25,Trans Nzoia,5.49,27.99
2016-02-26,Trans Nzoia,3.35,25.87
2016-02-27,Trans Nzoia,7.01,26.21
2016-02-28,Trans Nzoia,3.86,24.1
2016-02-29,Trans Nzoia,3.22,25.98
2016-03-01,Trans Nzoia,20.77,22.59
2016-03-02,Trans Nzoia,25.59,26.7
2016-03-03,Trans Nzoia,9.11,25.75
2016-03-04,Trans Nzoia,15.22,18.41
2016-03-05,Trans Nzoia,13.89,26.27
2016-03-06,Trans Nzoia,13.31,24.6
2016-03-07,Trans Nzoia,8.78,23.2
2016-03-08,Trans Nzoia,15.88,26.14
2016-03-09,Trans Nzoia,20.83,20.68
2016-03-10,Trans Nzoia,15.93,26.84
2016-03-11,Trans Nzoia,23.07,25.1
2016-03-12,Trans Nzoia,7.36,22.22
2016-03-13,Trans Nzoia,23.32,19.21
2016-03-14,Trans Nzoia,15.6,29.26
2016-03-15,Trans Nzoia,23.32,24.76
2016-03-16,Trans Nzoia,21.74,20.21
2016-03-17,Trans Nzoia,4.85,20.46
2016-03-18,Trans Nzoia,14.83,23.71
2016-03-19,Trans Nzoia,6.82,22.55
2016-03-20,Trans Nzoia,6.93,22.41
2016-03-21,Trans Nzoia,15.35,27.86
2016-03-22,Trans Nzoia,23.11,24.13
2016-03-23,Trans Nzoia,21.03,30.62
2016-03-24,Trans Nzoia,14.67,26.01
2016-03-25,Trans Nzoia,13.45,22.47
2016-03-26,Trans Nzoia,16.12,17.93
2016-03-27,Trans Nzoia,11.2,21.02
2016-03-28,Trans Nzoia,18.88,23.51
2016-03-29,Trans Nzoia,6.26,25.05
2016-03-30,Trans Nzoia,15.52,24.94
2016-03-31,Trans Nzoia,12.61,21.91
2016-04-01,Trans Nzoia,11.98,23.84
2016-04-02,Trans Nzoia,13.41,22.73
2016-04-03,Trans Nzoia,12.86,23.35
2016-04-04,Trans Nzoia,24.33,23.87
2016-04-05,Trans Nzoia,18.53,26.14
2016-04-06,Trans Nzoia,17.44,24.97
2016-04-07,Trans Nzoia,20.64,24.65
2016-04-08,Trans Nzoia,13.82,24.65
2016-04-09,Trans Nzoia,16.94,23.71
2016-04-10,Trans Nzoia,11.16,28.15
2016-04-11,Trans Nzoia,15.7,21.86
2016-04-12,Trans Nzoia,10.75,23.95
2016-04-13,Trans Nzoia,14.14,24.12
2016-04-14,Trans Nzoia,7.73,20.35
2016-04-15,Trans Nzoia,5.92,21.66
2016-04-16,Trans Nzoia,13.79,26.6
2016-04-17,Trans Nzoia,19.73,18.35
2016-04-18,Trans Nzoia,16.42,27.8
2016-04-19,Trans Nzoia,15.53,26.06
2016-04-20,Trans Nzoia,16.75,26.91
2016-04-21,Trans Nzoia,16.12,23.9
2016-04-22,Trans Nzoia,14.97,24.78
2016-04-23,Trans Nzoia,23.26,25.4
2016-04-24,Trans Nzoia,18.17,25.76
2016-04-25,Trans Nzoia,8.9,25.54
2016-04-26,Trans Nzoia,15.47,27.41
2016-04-27,Trans Nzoia,3.78,26.97
2016-04-28,Trans Nzoia,17.82,22.68
2016-04-29,Trans Nzoia,21.77,22.42
2016-04-30,Trans Nzoia,11.29,24.13
2016-05-01,Trans Nzoia,14.45,27.46
2016-05-02,Trans Nzoia,16.72,22.59
2016-05-03,Trans Nzoia,10.35,20.95
2016-05-04,Trans Nzoia,13.24,21.31
2016-05-05,Trans Nzoia,6.46,24.98
2016-05-06,Trans Nzoia,14.37,25.41
2016-05-07,Trans Nzoia,8.76,22.33
2016-05-08,Trans Nzoia,16.92,23.19
2016-05-09,Trans Nzoia,16.53,23.49
2016-05-10,Trans Nzoia,4.47,25.67
2016-05-11,Trans Nzoia,12.22,28.71
2016-05-12,Trans Nzoia,9.44,20.66
2016-05-13,Trans Nzoia,18.06,23.67
2016-05-14,Trans Nzoia,17.3,25.66
2016-05-15,Trans Nzoia,15.88,23.62
2016-05-16,Trans Nzoia,8.37,27.95
2016-05-17,Trans Nzoia,12.56,28.16
2016-05-18,Trans Nzoia,11.32,23.29
2016-05-19,Trans Nzoia,9.71,20.94
2016-05-20,Trans Nzoia,17.68,20.42
2016-05-21,Trans Nzoia,17.85,24.72
2016-05-22,Trans Nzoia,6.93,23.8
2016-05-23,Trans Nzoia,6.09,21.96
2016-05-24,Trans Nzoia,13.09,26.78
2016-05-25,Trans Nzoia,21.06,21.99
2016-05-26,Trans Nzoia,20.62,18.77
2016-05-27,Trans Nzoia,9.67,23.69
2016-05-28,Trans Nzoia,12.62,25.14
2016-05-29,Trans Nzoia,16.52,23.13
2016-05-30,Trans Nzoia,9.81,29.16
2016-05-31,Trans Nzoia,18.55,21.59
2016-06-01,Trans Nzoia,5.63,21.9
2016-06-02,Trans Nzoia,5.86,23.62
2016-06-03,Trans Nzoia,1.53,21.89
2016-06-04,Trans Nzoia,7.99,25.77
2016-06-05,Trans Nzoia,9.11,19.24
2016-06-06,Trans Nzoia,6.04,30.07
2016-06-07,Trans Nzoia,3.93,26.21
2016-06-08,Trans Nzoia,8.8,20.74
2016-06-09,Trans Nzoia,2.49,27.1
2016-06-10,Trans Nzoia,3.96,21.72
2016-06-11,Trans Nzoia,2.55,21.05
2016-06-12,Trans Nzoia,4.93,23.0
2016-06-13,Trans Nzoia,5.94,26.18
2016-06-14,Trans Nzoia,4.22,22.28
2016-06-15,Trans Nzoia,1.91,25.12
2016-06-16,Trans Nzoia,2.52,23.52
2016-06-17,Trans Nzoia,3.38,24.94
2016-06-18,Trans Nzoia,4.78,26.11
2016-06-19,Trans Nzoia,1.76,23.52
2016-06-20,Trans Nzoia,4.54,24.09
2016-06-21,Trans Nzoia,1.68,25.69
2016-06-22,Trans Nzoia,3.02,27.48
2016-06-23,Trans Nzoia,5.19,28.0
2016-06-24,Trans Nzoia,5.9,20.42
2016-06-25,Trans Nzoia,7.9,24.17
2016-06-26,Trans Nzoia,4.13,24.68
2016-06-27,Trans Nzoia,2.15,20.22
2016-06-28,Trans Nzoia,7.95,28.08
2016-06-29,Trans Nzoia,4.35,21.27
2016-06-30,Trans Nzoia,5.7,25.36
2016-07-01,Trans Nzoia,3.5,21.62
2016-07-02,Trans Nzoia,5.81,23.05
2016-07-03,Trans Nzoia,2.41,30.34
2016-07-04,Trans Nzoia,7.11,25.17
2016-07-05,Trans Nzoia,5.4,24.37
2016-07-06,Trans Nzoia,4.13,27.18
2016-07-07,Trans Nzoia,7.97,16.87
2016-07-08,Trans Nzoia,3.14,23.63
2016-07-09,Trans Nzoia,7.1,26.71
2016-07-10,Trans Nzoia,2.41,22.01
2016-07-11,Trans Nzoia,9.57,22.15
2016-07-12,Trans Nzoia,10.17,23.17
2016-07-13,Trans Nzoia,3.03,23.71
2016-07-14,Trans Nzoia,6.93,23.24
2016-07-15,Trans Nzoia,4.08,26.59
2016-07-16,Trans Nzoia,7.16,24.5
2016-07-17,Trans Nzoia,5.56,31.2
2016-07-18,Trans Nzoia,6.75,29.21
2016-07-19,Trans Nzoia,2.89,26.84
2016-07-20,Trans Nzoia,1.16,29.3
2016-07-21,Trans Nzoia,3.65,24.82
2016-07-22,Trans Nzoia,5.11,22.99
2016-07-23,Trans Nzoia,9.15,27.07
2016-07-24,Trans Nzoia,5.35,25.68
2016-07-25,Trans Nzoia,6.57,22.83
2016-07-26,Trans Nzoia,5.45,26.72
2016-07-27,Trans Nzoia,3.44,27.84
2016-07-28,Trans Nzoia,7.95,22.6
2016-07-29,Trans Nzoia,4.76,21.14
2016-07-30,Trans Nzoia,2.83,19.13
2016-07-31,Trans Nzoia,1.64,20.77
2016-08-01,Trans Nzoia,7.76,20.57
2016-08-02,Trans Nzoia,8.45,22.39
2016-08-03,Trans Nzoia,0.0,18.38
2016-08-04,Trans Nzoia,3.4,25.96
2016-08-05,Trans Nzoia,8.16,24.3
2016-08-06,Trans Nzoia,0.62,20.06
2016-08-07,Trans Nzoia,4.11,25.3
2016-08-08,Trans Nzoia,6.48,26.01
2016-08-09,Trans Nzoia,0.73,25.61
2016-08-10,Trans Nzoia,5.35,22.43
2016-08-11,Trans Nzoia,4.73,19.43
2016-08-12,Trans Nzoia,6.4,25.49
2016-08-13,Trans Nzoia,4.17,22.88
2016-08-14,Trans Nzoia,7.33,28.4
2016-08-15,Trans Nzoia,8.92,25.69
2016-08-16,Trans Nzoia,5.16,22.24
2016-08-17,Trans Nzoia,3.52,21.8
2016-08-18,Trans Nzoia,8.27,22.7
2016-08-19,Trans Nzoia,6.3,26.93
2016-08-20,Trans Nzoia,4.89,23.81
2016-08-21,Trans Nzoia,4.56,24.54
2016-08-22,Trans Nzoia,3.91,25.02
2016-08-23,Trans Nzoia,5.92,20.23
2016-08-24,Trans Nzoia,8.97,23.85
2016-08-25,Trans Nzoia,4.02,19.58
2016-08-26,Trans Nzoia,4.6,23.82
2016-08-27,Trans Nzoia,6.83,21.76
2016-08-28,Trans Nzoia,5.7,19.83
2016-08-29,Trans Nzoia,6.75,21.59
2016-08-30,Trans Nzoia,7.36,23.67
2016-08-31,Trans Nzoia,10.26,19.8
2016-09-01,Trans Nzoia,4.6,23.52
2016-09-02,Trans Nzoia,4.22,29.21
2016-09-03,Trans Nzoia,3.19,25.92
2016-09-04,Trans Nzoia,8.99,23.86
2016-09-05,Trans Nzoia,6.11,24.05
2016-09-06,Trans Nzoia,4.04,23.63
2016-09-07,Trans Nzoia,3.05,19.88
2016-09-08,Trans Nzoia,2.37,19.82
2016-09-09,Trans Nzoia,4.3,26.38
2016-09-10,Trans Nzoia,3.71,24.37
2016-09-11,Trans Nzoia,5.92,29.07
2016-09-12,Trans Nzoia,5.76,23.59
2016-09-13,Trans Nzoia,2.65,28.62
2016-09-14,Trans Nzoia,8.66,32.96
2016-09-15,Trans Nzoia,6.64,24.06
2016-09-16,Trans Nzoia,4.78,21.45
2016-09-17,Trans Nzoia,6.67,27.37
2016-09-18,Trans Nzoia,4.18,24.3
2016-09-19,Trans Nzoia,4.13,22.5
2016-09-20,Trans Nzoia,5.09,18.0
2016-09-21,Trans Nzoia,6.96,20.04
2016-09-22,Trans Nzoia,7.92,17.08
2016-09-23,Trans Nzoia,6.45,21.11
2016-09-24,Trans Nzoia,0.8,21.94
2016-09-25,Trans Nzoia,8.45,18.94
2016-09-26,Trans Nzoia,4.31,23.54
2016-09-27,Trans Nzoia,4.0,23.68
2016-09-28,Trans Nzoia,2.54,17.63
2016-09-29,Trans Nzoia,4.91,26.02
2016-09-30,Trans Nzoia,4.34,27.19
2016-10-01,Trans Nzoia,8.48,23.53
2015-01-01,Uasin Gishu,8.31,20.07
2015-01-02,Uasin Gishu,5.0,23.22
2015-01-03,Uasin Gishu,4.16,26.76
2015-01-04,Uasin Gishu,5.18,20.33
2015-01-05,Uasin Gishu,5.8,31.33
2015-01-06,Uasin Gishu,4.19,21.83
2015-01-07,Uasin Gishu,3.57,20.54
2015-01-08,Uasin Gishu,4.35,24.85
2015-01-09,Uasin Gishu,6.35,28.04
2015-01-10,Uasin Gishu,3.0,26.97
2015-01-11,Uasin Gishu,3.76,23.57
2015-01-12,Uasin Gishu,7.98,28.42
2015-01-13,Uasin Gishu,5.89,25.29
2015-01-14,Uasin Gishu,2.39,21.25
2015-01-15,Uasin Gishu,3.46,25.64
2015-01-16,Uasin Gishu,5.62,25.36
2015-01-17,Uasin Gishu,8.05,22.58
2015-01-18,Uasin Gishu,4.79,26.76
2015-01-19,Uasin Gishu,3.21,27.9
2015-01-20,Uasin Gishu,7.41,20.94
2015-01-21,Uasin Gishu,3.82,19.53
2015-01-22,Uasin Gishu,5.06,20.71
2015-01-23,Uasin Gishu,6.64,25.25
2015-01-24,Uasin Gishu,5.1,23.22
2015-01-25,Uasin Gishu,4.31,27.43
2015-01-26,Uasin Gishu,4.8,21.64
2015-01-27,Uasin Gishu,3.89,18.77
2015-01-28,Uasin Gishu,3.29,25.23
2015-01-29,Uasin Gishu,5.55,29.37
2015-01-30,Uasin Gishu,3.37,20.52
2015-01-31,Uasin Gishu,5.36,23.01
2015-02-01,Uasin Gishu,3.14,24.88
2015-02-02,Uasin Gishu,5.1,23.31
2015-02-03,Uasin Gishu,4.31,20.2
2015-02-04,Uasin Gishu,6.0,25.91
2015-02-05,Uasin Gishu,4.84,19.2
2015-02-06,Uasin Gishu,6.02,25.07
2015-02-07,Uasin Gishu,4.52,21.73
2015-02-08,Uasin Gishu,3.92,20.34
2015-02-09,Uasin Gishu,2.6,24.0
2015-02-10,Uasin Gishu,3.7,20.66
2015-02-11,Uasin Gishu,3.04,24.99
2015-02-12,Uasin Gishu,5.67,27.54
2015-02-13,Uasin Gishu,4.74,24.83
2015-02-14,Uasin Gishu,4.73,22.91
2015-02-15,Uasin Gishu,4.84,28.95
2015-02-16,Uasin Gishu,5.66,29.78
2015-02-17,Uasin Gishu,3.37,22.19
2015-02-18,Uasin Gishu,5.45,22.48
2015-02-19,Uasin Gishu,2.86,25.46
2015-02-20,Uasin Gishu,2.68,24.13
2015-02-21,Uasin Gishu,5.66,23.23
2015-02-22,Uasin Gishu,5.49,17.59
2015-02-23,Uasin Gishu,4.26,25.86
2015-02-24,Uasin Gishu,5.58,28.47
2015-02-25,Uasin Gishu,6.42,28.2
2015-02-26,Uasin Gishu,4.33,24.19
2015-02-27,Uasin Gishu,9.35,23.37
2015-02-28,Uasin Gishu,7.04,25.45
2015-03-01,Uasin Gishu,15.88,24.01
2015-03-02,Uasin Gishu,14.53,22.41
2015-03-03,Uasin Gishu,26.26,24.46
2015-03-04,Uasin Gishu,14.76,24.7
2015-03-05,Uasin Gishu,11.77,23.02
2015-03-06,Uasin Gishu,11.22,27.4
2015-03-07,Uasin Gishu,18.27,27.86
2015-03-08,Uasin Gishu,6.19,29.38
2015-03-09,Uasin Gishu,18.91,24.42
2015-03-10,Uasin Gishu,19.97,21.72
2015-03-11,Uasin Gishu,13.02,24.66
2015-03-12,Uasin Gishu,15.05,17.75
2015-03-13,Uasin Gishu,0.0,24.21
2015-03-14,Uasin Gishu,14.15,21.13
2015-03-15,Uasin Gishu,17.97,22.99
2015-03-16,Uasin Gishu,16.03,21.47
2015-03-17,Uasin Gishu,11.55,23.86
2015-03-18,Uasin Gishu,17.53,25.84
2015-03-19,Uasin Gishu,12.05,24.43
2015-03-20,Uasin Gishu,8.98,26.63
2015-03-21,Uasin Gishu,1.86,31.43
2015-03-22,Uasin Gishu,17.34,22.32
2015-03-23,Uasin Gishu,25.31,22.5
2015-03-24,Uasin Gishu,15.26,26.47
2015-03-25,Uasin Gishu,14.97,27.77
2015-03-26,Uasin Gishu,16.44,26.12
2015-03-27,Uasin Gishu,15.63,22.51
2015-03-28,Uasin Gishu,20.18,25.89
2015-03-29,Uasin Gishu,14.63,20.88
2015-03-30,Uasin Gishu,6.05,22.03
2015-03-31,Uasin Gishu,7.57,26.83
2015-04-01,Uasin Gishu,13.62,26.15
2015-04-02,Uasin Gishu,13.99,22.38
2015-04-03,Uasin Gishu,18.39,17.6
2015-04-04,Uasin Gishu,11.9,16.64
2015-04-05,Uasin Gishu,22.8,18.97
2015-04-06,Uasin Gishu,21.37,18.58
2015-04-07,Uasin Gishu,8.64,23.46
2015-04-08,Uasin Gishu,9.76,24.22
2015-04-09,Uasin Gishu,12.45,21.56
2015-04-10,Uasin Gishu,22.97,28.1
2015-04-11,Uasin Gishu,23.84,21.19
2015-04-12,Uasin Gishu,20.63,27.89
2015-04-13,Uasin Gishu,14.66,29.37
2015-04-14,Uasin Gishu,14.69,27.02
2015-04-15,Uasin Gishu,13.78,24.34
2015-04-16,Uasin Gishu,8.49,28.6
2015-04-17,Uasin Gishu,13.76,23.68
2015-04-18,Uasin Gishu,17.41,26.43
2015-04-19,Uasin Gishu,12.83,28.08
2015-04-20,Uasin Gishu,11.92,24.41
2015-04-21,Uasin Gishu,0.93,28.72
2015-04-22,Uasin Gishu,11.08,28.6
2015-04-23,Uasin Gishu,7.94,23.39
2015-04-24,Uasin Gishu,18.19,28.03
2015-04-25,Uasin Gishu,15.0,26.28
2015-04-26,Uasin Gishu,20.17,22.76
2015-04-27,Uasin Gishu,8.68,26.54
2015-04-28,Uasin Gishu,16.62,22.45
2015-04-29,Uasin Gishu,13.49,21.53
2015-04-30,Uasin Gishu,25.19,21.51
2015-05-01,Uasin Gishu,19.03,24.19
2015-05-02,Uasin Gishu,19.65,17.97
2015-05-03,Uasin Gishu,8.19,24.42
2015-05-04,Uasin Gishu,15.46,28.44
2015-05-05,Uasin Gishu,9.44,26.8
2015-05-06,Uasin Gishu,7.06,28.09
2015-05-07,Uasin Gishu,16.97,27.67
2015-05-08,Uasin Gishu,18.94,25.81
2015-05-09,Uasin Gishu,19.33,25.15
2015-05-10,Uasin Gishu,17.62,22.33
2015-05-11,Uasin Gishu,16.77,27.37
2015-05-12,Uasin Gishu,22.29,23.68
2015-05-13,Uasin Gishu,10.49,32.34
2015-05-14,Uasin Gishu,9.12,17.83
2015-05-15,Uasin Gishu,15.87,19.07
2015-05-16,Uasin Gishu,12.93,23.76
2015-05-17,Uasin Gishu,18.19,22.83
2015-05-18,Uasin Gishu,13.83,21.79
2015-05-19,Uasin Gishu,15.57,30.14
2015-05-20,Uasin Gishu,15.03,24.74
2015-05-21,Uasin Gishu,10.38,26.07
2015-05-22,Uasin Gishu,31.3,23.68
2015-05-23,Uasin Gishu,16.5,22.36
2015-05-24,Uasin Gishu,20.61,28.65
2015-05-25,Uasin Gishu,17.31,20.22
2015-05-26,Uasin Gishu,22.17,22.56
2015-05-27,Uasin Gishu,14.35,18.65
2015-05-28,Uasin Gishu,10.08,27.45
2015-05-29,Uasin Gishu,9.53,15.87
2015-05-30,Uasin Gishu,23.1,20.93
2015-05-31,Uasin Gishu,18.29,30.06
2015-06-01,Uasin Gishu,5.12,21.52
2015-06-02,Uasin Gishu,7.33,21.19
2015-06-03,Uasin Gishu,1.95,24.67
2015-06-04,Uasin Gishu,4.66,25.48
2015-06-05,Uasin Gishu,5.73,22.79
2015-06-06,Uasin Gishu,2.75,23.7
2015-06-07,Uasin Gishu,3.05,21.64
2015-06-08,Uasin Gishu,0.0,22.23
2015-06-09,Uasin Gishu,4.13,27.52
2015-06-10,Uasin Gishu,7.08,28.4
2015-06-11,Uasin Gishu,4.29,26.22
2015-06-12,Uasin Gishu,5.18,25.3
2015-06-13,Uasin Gishu,2.77,24.15
2015-06-14,Uasin Gishu,9.31,23.83
2015-06-15,Uasin Gishu,6.8,26.74
2015-06-16,Uasin Gishu,0.0,26.87
2015-06-17,Uasin Gishu,10.41,28.23
2015-06-18,Uasin Gishu,6.74,23.6
2015-06-19,Uasin Gishu,3.29,24.42
2015-06-20,Uasin Gishu,5.98,24.82
2015-06-21,Uasin Gishu,6.75,20.89
2015-06-22,Uasin Gishu,8.43,21.63
2015-06-23,Uasin Gishu,4.87,23.13
2015-06-24,Uasin Gishu,6.64,25.23
2015-06-25,Uasin Gishu,3.09,13.27
2015-06-26,Uasin Gishu,4.96,24.54
2015-06-27,Uasin Gishu,4.28,23.93
2015-06-28,Uasin Gishu,1.86,21.11
2015-06-29,Uasin Gishu,7.49,23.55
2015-06-30,Uasin Gishu,3.61,29.43
2015-07-01,Uasin Gishu,7.87,25.98
2015-07-02,Uasin Gishu,3.38,24.97
2015-07-03,Uasin Gishu,5.28,26.98
2015-07-04,Uasin Gishu,5.51,20.87
2015-07-05,Uasin Gishu,1.8,23.58
2015-07-06,Uasin Gishu,5.08,24.92
2015-07-07,Uasin Gishu,5.67,21.0
2015-07-08,Uasin Gishu,6.77,26.33
2015-07-09,Uasin Gishu,6.38,24.3
2015-07-10,Uasin Gishu,9.87,29.25
2015-07-11,Uasin Gishu,4.02,24.92
2015-07-12,Uasin Gishu,3.9,23.66
2015-07-13,Uasin Gishu,2.3,22.67
2015-07-14,Uasin Gishu,4.18,21.45
2015-07-15,Uasin Gishu,6.54,22.17
2015-07-16,Uasin Gishu,4.24,24.32
2015-07-17,Uasin Gishu,7.53,24.72
2015-07-18,Uasin Gishu,5.53,27.42
2015-07-19,Uasin Gishu,4.75,24.86
2015-07-20,Uasin Gishu,4.92,23.11
2015-07-21,Uasin Gishu,6.19,29.07
2015-07-22,Uasin Gishu,6.08,22.85
2015-07-23,Uasin Gishu,3.98,21.48
2015-07-24,Uasin Gishu,4.95,24.37
2015-07-25,Uasin Gishu,4.29,27.78
2015-07-26,Uasin Gishu,5.14,21.61
2015-07-27,Uasin Gishu,3.19,22.82
2015-07-28,Uasin Gishu,2.66,19.86
2015-07-29,Uasin Gishu,6.47,22.3
2015-07-30,Uasin Gishu,7.29,26.95
2015-07-31,Uasin Gishu,7.82,16.62
2015-08-01,Uasin Gishu,4.35,22.38
2015-08-02,Uasin Gishu,1.23,25.49
2015-08-03,Uasin Gishu,4.79,18.32
2015-08-04,Uasin Gishu,4.86,27.5
2015-08-05,Uasin Gishu,2.95,19.27
2015-08-06,Uasin Gishu,4.55,24.36
2015-08-07,Uasin Gishu,3.57,17.69
2015-08-08,Uasin Gishu,8.39,23.24
2015-08-09,Uasin Gishu,7.04,19.66
2015-08-10,Uasin Gishu,5.17,22.25
2015-08-11,Uasin Gishu,3.47,20.09
2015-08-12,Uasin Gishu,3.93,24.74
2015-08-13,Uasin Gishu,3.58,22.49
2015-08-14,Uasin Gishu,4.74,28.33
2015-08-15,Uasin Gishu,5.73,25.75
2015-08-16,Uasin Gishu,6.09,18.59
2015-08-17,Uasin Gishu,1.58,21.89
2015-08-18,Uasin Gishu,3.66,19.33
2015-08-19,Uasin Gishu,6.15,26.41
2015-08-20,Uasin Gishu,5.46,26.75
2015-08-21,Uasin Gishu,6.15,22.46
2015-08-22,Uasin Gishu,5.02,25.69
2015-08-23,Uasin Gishu,1.03,23.14
2015-08-24,Uasin Gishu,7.89,26.05
2015-08-25,Uasin Gishu,5.35,20.19
2015-08-26,Uasin Gishu,4.12,25.75
2015-08-27,Uasin Gishu,4.72,23.86
2015-08-28,Uasin Gishu,7.11,21.44
2015-08-29,Uasin Gishu,5.79,21.41
2015-08-30,Uasin Gishu,5.15,21.83
2015-08-31,Uasin Gishu,4.44,21.39
2015-09-01,Uasin Gishu,8.15,22.94
2015-09-02,Uasin Gishu,2.85,23.98
2015-09-03,Uasin Gishu,7.84,28.3
2015-09-04,Uasin Gishu,0.64,25.91
2015-09-05,Uasin Gishu,2.69,23.39
2015-09-06,Uasin Gishu,3.53,27.17
2015-09-07,Uasin Gishu,1.79,22.49
2015-09-08,Uasin Gishu,4.48,18.15
2015-09-09,Uasin Gishu,6.86,24.67
2015-09-10,Uasin Gishu,6.01,20.1
2015-09-11,Uasin Gishu,1.88,20.95
2015-09-12,Uasin Gishu,3.63,19.65
2015-09-13,Uasin Gishu,4.1,25.74
2015-09-14,Uasin Gishu,4.8,29.53
2015-09-15,Uasin Gishu,4.31,25.51
2015-09-16,Uasin Gishu,3.99,20.54
2015-09-17,Uasin Gishu,4.87,27.23
2015-09-18,Uasin Gishu,1.55,22.58
2015-09-19,Uasin Gishu,7.0,22.86
2015-09-20,Uasin Gishu,2.96,21.88
2015-09-21,Uasin Gishu,6.19,27.09
2015-09-22,Uasin Gishu,4.49,23.05
2015-09-23,Uasin Gishu,6.16,22.57
2015-09-24,Uasin Gishu,7.72,18.39
2015-09-25,Uasin Gishu,2.5,18.99
2015-09-26,Uasin Gishu,4.49,21.17
2015-09-27,Uasin Gishu,3.36,24.48
2015-09-28,Uasin Gishu,6.15,29.07
2015-09-29,Uasin Gishu,7.11,26.33
2015-09-30,Uasin Gishu,2.75,25.32
2015-10-01,Uasin Gishu,9.13,22.6
2015-10-02,Uasin Gishu,6.78,24.15
2015-10-03,Uasin Gishu,9.68,26.76
2015-10-04,Uasin Gishu,9.28,24.22
2015-10-05,Uasin Gishu,9.73,27.51
2015-10-06,Uasin Gishu,7.79,25.59
2015-10-07,Uasin Gishu,6.51,31.72
2015-10-08,Uasin Gishu,7.31,22.66
2015-10-09,Uasin Gishu,10.08,20.11
2015-10-10,Uasin Gishu,7.0,24.96
2015-10-11,Uasin Gishu,5.63,19.4
2015-10-12,Uasin Gishu,8.24,23.2
2015-10-13,Uasin Gishu,8.72,25.64
2015-10-14,Uasin Gishu,6.96,25.02
2015-10-15,Uasin Gishu,12.01,26.67
2015-10-16,Uasin Gishu,2.11,23.61
2015-10-17,Uasin Gishu,6.77,23.96
2015-10-18,Uasin Gishu,10.39,28.95
2015-10-19,Uasin Gishu,15.1,23.9
2015-10-20,Uasin Gishu,16.88,24.25
2015-10-21,Uasin Gishu,12.2,19.52
2015-10-22,Uasin Gishu,20.34,26.83
2015-10-23,Uasin Gishu,11.88,23.61
2015-10-24,Uasin Gishu,8.83,22.8
2015-10-25,Uasin Gishu,12.46,30.42
2015-10-26,Uasin Gishu,11.22,24.98
2015-10-27,Uasin Gishu,10.24,22.1
2015-10-28,Uasin Gishu,5.89,22.44
2015-10-29,Uasin Gishu,6.68,22.99
2015-10-30,Uasin Gishu,13.65,18.82
2015-10-31,Uasin Gishu,12.0,23.4
2015-11-01,Uasin Gishu,9.89,19.8
2015-11-02,Uasin Gishu,6.61,26.63
2015-11-03,Uasin Gishu,14.9,22.1
2015-11-04,Uasin Gishu,5.37,21.54
2015-11-05,Uasin Gishu,6.53,23.36
2015-11-06,Uasin Gishu,6.7,20.61
2015-11-07,Uasin Gishu,13.99,24.84
2015-11-08,Uasin Gishu,6.82,20.98
2015-11-09,Uasin Gishu,15.23,22.24
2015-11-10,Uasin Gishu,8.96,25.69
2015-11-11,Uasin Gishu,5.44,22.77
2015-11-12,Uasin Gishu,0.66,23.63
2015-11-13,Uasin Gishu,10.71,26.77
2015-11-14,Uasin Gishu,14.48,17.81
2015-11-15,Uasin Gishu,13.04,26.31
2015-11-16,Uasin Gishu,5.99,23.75
2015-11-17,Uasin Gishu,7.03,18.64
2015-11-18,Uasin Gishu,8.18,19.48
2015-11-19,Uasin Gishu,9.74,21.16
2015-11-20,Uasin Gishu,19.45,29.45
2015-11-21,Uasin Gishu,13.51,16.62
2015-11-22,Uasin Gishu,11.63,25.05
2015-11-23,Uasin Gishu,12.48,18.06
2015-11-24,Uasin Gishu,14.75,25.42
2015-11-25,Uasin Gishu,13.15,23.29
2015-11-26,Uasin Gishu,10.96,22.21
2015-11-27,Uasin Gishu,16.55,25.18
2015-11-28,Uasin Gishu,11.68,20.65
2015-11-29,Uasin Gishu,9.24,26.46
2015-11-30,Uasin Gishu,4.27,26.47
2015-12-01,Uasin Gishu,8.62,24.24
2015-12-02,Uasin Gishu,5.71,22.75
2015-12-03,Uasin Gishu,9.51,24.77
2015-12-04,Uasin Gishu,2.96,28.28
2015-12-05,Uasin Gishu,3.73,21.89
2015-12-06,Uasin Gishu,0.68,25.37
2015-12-07,Uasin Gishu,4.36,26.07
2015-12-08,Uasin Gishu,6.83,24.92
2015-12-09,Uasin Gishu,1.91,25.09
2015-12-10,Uasin Gishu,3.98,25.46
2015-12-11,Uasin Gishu,5.01,24.53
2015-12-12,Uasin Gishu,7.07,19.98
2015-12-13,Uasin Gishu,8.16,24.48
2015-12-14,Uasin Gishu,6.37,28.1
2015-12-15,Uasin Gishu,5.42,23.25
2015-12-16,Uasin Gishu,9.41,30.29
2015-12-17,Uasin Gishu,2.69,24.85
2015-12-18,Uasin Gishu,7.96,24.76
2015-12-19,Uasin Gishu,7.53,20.77
2015-12-20,Uasin Gishu,3.96,23.69
2015-12-21,Uasin Gishu,5.17,17.45
2015-12-22,Uasin Gishu,4.75,21.12
2015-12-23,Uasin Gishu,6.94,26.2
2015-12-24,Uasin Gishu,0.23,20.44
2015-12-25,Uasin Gishu,4.74,21.2
2015-12-26,Uasin Gishu,8.29,28.15
2015-12-27,Uasin Gishu,0.6,19.31
2015-12-28,Uasin Gishu,10.02,24.79
2015-12-29,Uasin Gishu,5.22,22.77
2015-12-30,Uasin Gishu,5.4,21.2
2015-12-31,Uasin Gishu,7.54,25.66
2016-01-01,Uasin Gishu,5.75,18.76
2016-01-02,Uasin Gishu,6.01,23.11
2016-01-03,Uasin Gishu,2.8,22.1
2016-01-04,Uasin Gishu,6.32,18.67
2016-01-05,Uasin Gishu,1.83,22.28
2016-01-06,Uasin Gishu,2.03,23.18
2016-01-07,Uasin Gishu,4.53,18.02
2016-01-08,Uasin Gishu,1.53,24.37
2016-01-09,Uasin Gishu,3.0,24.7
2016-01-10,Uasin Gishu,6.79,21.62
2016-01-11,Uasin Gishu,5.6,23.74
2016-01-12,Uasin Gishu,3.77,27.78
2016-01-13,Uasin Gishu,4.67,25.38
2016-01-14,Uasin Gishu,6.69,20.99
2016-01-15,Uasin Gishu,5.08,25.14
2016-01-16,Uasin Gishu,4.12,21.69
2016-01-17,Uasin Gishu,1.82,28.72
2016-01-18,Uasin Gishu,1.57,20.79
2016-01-19,Uasin Gishu,2.9,27.32
2016-01-20,Uasin Gishu,4.99,22.1
2016-01-21,Uasin Gishu,5.29,20.32
2016-01-22,Uasin Gishu,3.3,23.2
2016-01-23,Uasin Gishu,7.42,25.63
2016-01-24,Uasin Gishu,4.15,24.98
2016-01-25,Uasin Gishu,4.79,22.13
2016-01-26,Uasin Gishu,3.12,21.96
2016-01-27,Uasin Gishu,5.98,23.71
2016-01-28,Uasin Gishu,5.24,18.98
2016-01-29,Uasin Gishu,4.84,24.67
2016-01-30,Uasin Gishu,5.47,25.11
2016-01-31,Uasin Gishu,4.08,20.7
2016-02-01,Uasin Gishu,6.23,26.89
2016-02-02,Uasin Gishu,4.13,30.95
2016-02-03,Uasin Gishu,3.12,22.51
2016-02-04,Uasin Gishu,1.7,27.91
2016-02-05,Uasin Gishu,6.64,23.57
2016-02-06,Uasin Gishu,6.63,26.71
2016-02-07,Uasin Gishu,1.53,19.3
2016-02-08,Uasin Gishu,4.07,21.68
2016-02-09,Uasin Gishu,3.49,19.93
2016-02-10,Uasin Gishu,4.79,26.62
2016-02-11,Uasin Gishu,6.1,24.33
2016-02-12,Uasin Gishu,7.25,20.8
2016-02-13,Uasin Gishu,3.6,22.95
2016-02-14,Uasin Gishu,3.36,23.09
2016-02-15,Uasin Gishu,3.32,22.4
2016-02-16,Uasin Gishu,3.38,26.52
2016-02-17,Uasin Gishu,6.6,24.11
2016-02-18,Uasin Gishu,6.59,25.04
2016-02-19,Uasin Gishu,5.4,26.72
2016-02-20,Uasin Gishu,4.16,23.34
2016-02-21,Uasin Gishu,1.74,22.94
2016-02-22,Uasin Gishu,0.0,24.41
2016-02-23,Uasin Gishu,7.69,30.48
2016-02-24,Uasin Gishu,5.96,24.06
2016-02-25,Uasin Gishu,2.56,27.73
2016-02-26,Uasin Gishu,5.09,26.8
2016-02-27,Uasin Gishu,5.95,21.6
2016-02-28,Uasin Gishu,6.24,26.57
2016-02-29,Uasin Gishu,2.64,23.28
2016-03-01,Uasin Gishu,13.66,22.96
2016-03-02,Uasin Gishu,13.81,23.81
2016-03-03,Uasin Gishu,13.29,23.3
2016-03-04,Uasin Gishu,19.41,22.59
2016-03-05,Uasin Gishu,15.61,23.61
2016-03-06,Uasin Gishu,11.92,33.2
2016-03-07,Uasin Gishu,18.93,24.34
2016-03-08,Uasin Gishu,13.06,24.29
2016-03-09,Uasin Gishu,22.57,25.58
2016-03-10,Uasin Gishu,15.03,24.32
2016-03-11,Uasin Gishu,10.43,21.89
2016-03-12,Uasin Gishu,14.27,24.65
2016-03-13,Uasin Gishu,8.36,26.49
2016-03-14,Uasin Gishu,18.71,22.51
2016-03-15,Uasin Gishu,10.02,21.85
2016-03-16,Uasin Gishu,8.67,24.71
2016-03-17,Uasin Gishu,13.9,26.51
2016-03-18,Uasin Gishu,16.4,26.89
2016-03-19,Uasin Gishu,9.0,21.84
2016-03-20,Uasin Gishu,12.97,18.76
2016-03-21,Uasin Gishu,22.79,24.69
2016-03-22,Uasin Gishu,4.28,25.44
2016-03-23,Uasin Gishu,17.2,22.11
2016-03-24,Uasin Gishu,17.45,24.94
2016-03-25,Uasin Gishu,17.29,23.94
2016-03-26,Uasin Gishu,11.95,23.89
2016-03-27,Uasin Gishu,19.73,23.1
2016-03-28,Uasin Gishu,16.75,19.05
2016-03-29,Uasin Gishu,11.5,23.39
2016-03-30,Uasin Gishu,13.76,21.75
2016-03-31,Uasin Gishu,19.4,19.91
2016-04-01,Uasin Gishu,11.97,24.82
2016-04-02,Uasin Gishu,10.37,20.7
2016-04-03,Uasin Gishu,13.04,25.1
2016-04-04,Uasin Gishu,7.56,23.43
2016-04-05,Uasin Gishu,10.08,22.8
2016-04-06,Uasin Gishu,16.98,21.92
2016-04-07,Uasin Gishu,16.94,23.67
2016-04-08,Uasin Gishu,16.38,20.23
2016-04-09,Uasin Gishu,13.14,26.82
2016-04-10,Uasin Gishu,13.94,25.4
2016-04-11,Uasin Gishu,2.89,23.81
2016-04-12,Uasin Gishu,11.97,21.39
2016-04-13,Uasin Gishu,22.57,23.48
2016-04-14,Uasin Gishu,22.11,22.69
2016-04-15,Uasin Gishu,9.74,21.45
2016-04-16,Uasin Gishu,7.06,32.37
2016-04-17,Uasin Gishu,7.84,23.28
2016-04-18,Uasin Gishu,16.41,25.07
2016-04-19,Uasin Gishu,18.73,20.9
2016-04-20,Uasin Gishu,24.18,19.97
2016-04-21,Uasin Gishu,13.68,25.64
2016-04-22,Uasin Gishu,12.04,22.0
2016-04-23,Uasin Gishu,17.07,26.05
2016-04-24,Uasin Gishu,21.35,25.65
2016-04-25,Uasin Gishu,5.54,25.32
2016-04-26,Uasin Gishu,13.77,25.58
2016-04-27,Uasin Gishu,9.22,21.62
2016-04-28,Uasin Gishu,20.78,19.03
2016-04-29,Uasin Gishu,15.77,19.73
2016-04-30,Uasin Gishu,12.23,25.63
2016-05-01,Uasin Gishu,12.49,23.22
2016-05-02,Uasin Gishu,16.88,21.55
2016-05-03,Uasin Gishu,12.72,24.87
2016-05-04,Uasin Gishu,24.88,21.85
2016-05-05,Uasin Gishu,3.83,25.09
2016-05-06,Uasin Gishu,16.83,22.85
2016-05-07,Uasin Gishu,14.37,19.61
2016-05-08,Uasin Gishu,16.7,19.6
2016-05-09,Uasin Gishu,12.82,25.21
2016-05-10,Uasin Gishu,15.68,19.31
2016-05-11,Uasin Gishu,13.42,28.71
2016-05-12,Uasin Gishu,25.93,22.06
2016-05-13,Uasin Gishu,19.69,25.11
2016-05-14,Uasin Gishu,17.53,18.87
2016-05-15,Uasin Gishu,17.45,26.85
2016-05-16,Uasin Gishu,14.66,20.74
2016-05-17,Uasin Gishu,24.52,23.2
2016-05-18,Uasin Gishu,6.4,27.14
2016-05-19,Uasin Gishu,14.4,27.68
2016-05-20,Uasin Gishu,14.97,26.09
2016-05-21,Uasin Gishu,5.1,27.04
2016-05-22,Uasin Gishu,18.25,23.45
2016-05-23,Uasin Gishu,14.24,26.89
2016-05-24,Uasin Gishu,9.51,22.56
2016-05-25,Uasin Gishu,21.7,21.92
2016-05-26,Uasin Gishu,16.44,24.36
2016-05-27,Uasin Gishu,22.08,24.69
2016-05-28,Uasin Gishu,23.6,23.57
2016-05-29,Uasin Gishu,19.15,19.37
2016-05-30,Uasin Gishu,18.8,27.46
2016-05-31,Uasin Gishu,13.01,25.64
2016-06-01,Uasin Gishu,9.12,22.96
2016-06-02,Uasin Gishu,6.19,23.91
2016-06-03,Uasin Gishu,7.31,30.78
2016-06-04,Uasin Gishu,4.85,24.19
2016-06-05,Uasin Gishu,3.51,24.22
2016-06-06,Uasin Gishu,3.82,25.4
2016-06-07,Uasin Gishu,3.35,25.11
2016-06-08,Uasin Gishu,8.31,19.86
2016-06-09,Uasin Gishu,0.85,22.39
2016-06-10,Uasin Gishu,6.18,28.1
2016-06-11,Uasin Gishu,3.96,24.25
2016-06-12,Uasin Gishu,5.49,25.72
2016-06-13,Uasin Gishu,5.22,21.79
2016-06-14,Uasin Gishu,7.96,19.08
2016-06-15,Uasin Gishu,9.12,30.13
2016-06-16,Uasin Gishu,2.52,24.22
2016-06-17,Uasin Gishu,3.01,24.97
2016-06-18,Uasin Gishu,7.79,24.94
2016-06-19,Uasin Gishu,5.34,28.22
2016-06-20,Uasin Gishu,5.03,22.17
2016-06-21,Uasin Gishu,8.4,20.93
2016-06-22,Uasin Gishu,5.81,27.07
2016-06-23,Uasin Gishu,4.65,21.05
2016-06-24,Uasin Gishu,5.33,26.45
2016-06-25,Uasin Gishu,1.77,26.87
2016-06-26,Uasin Gishu,6.45,22.0
2016-06-27,Uasin Gishu,2.33,23.36
2016-06-28,Uasin Gishu,11.05,27.17
2016-06-29,Uasin Gishu,3.26,25.22
2016-06-30,Uasin Gishu,2.11,29.09
2016-07-01,Uasin Gishu,1.92,27.92
2016-07-02,Uasin Gishu,5.26,18.42
2016-07-03,Uasin Gishu,4.51,29.82
2016-07-04,Uasin Gishu,8.23,24.78
2016-07-05,Uasin Gishu,5.94,24.9
2016-07-06,Uasin Gishu,3.78,18.98
2016-07-07,Uasin Gishu,2.32,21.02
2016-07-08,Uasin Gishu,4.83,24.8
2016-07-09,Uasin Gishu,4.33,24.99
2016-07-10,Uasin Gishu,6.2,19.12
2016-07-11,Uasin Gishu,2.27,21.81
2016-07-12,Uasin Gishu,4.99,23.72
2016-07-13,Uasin Gishu,5.68,26.17
2016-07-14,Uasin Gishu,2.55,26.49
2016-07-15,Uasin Gishu,1.75,20.66
2016-07-16,Uasin Gishu,5.23,25.46
2016-07-17,Uasin Gishu,4.16,25.73
2016-07-18,Uasin Gishu,0.86,22.43
2016-07-19,Uasin Gishu,5.16,23.42
2016-07-20,Uasin Gishu,6.88,21.95
2016-07-21,Uasin Gishu,4.41,27.47
2016-07-22,Uasin Gishu,4.7,24.57
2016-07-23,Uasin Gishu,4.34,22.5
2016-07-24,Uasin Gishu,7.57,28.97
2016-07-25,Uasin Gishu,2.61,20.83
2016-07-26,Uasin Gishu,2.66,16.99
2016-07-27,Uasin Gishu,4.33,20.52
2016-07-28,Uasin Gishu,4.21,28.89
2016-07-29,Uasin Gishu,4.16,22.74
2016-07-30,Uasin Gishu,7.45,27.88
2016-07-31,Uasin Gishu,3.88,24.6
2016-08-01,Uasin Gishu,4.26,26.36
2016-08-02,Uasin Gishu,6.03,24.12
2016-08-03,Uasin Gishu,3.54,21.84
2016-08-04,Uasin Gishu,0.25,21.4
2016-08-05,Uasin Gishu,1.89,24.3
2016-08-06,Uasin Gishu,7.25,16.11
2016-08-07,Uasin Gishu,4.93,29.49
2016-08-08,Uasin Gishu,2.21,25.99
2016-08-09,Uasin Gishu,4.56,23.85
2016-08-10,Uasin Gishu,6.11,22.89
2016-08-11,Uasin Gishu,6.02,15.89
2016-08-12,Uasin Gishu,2.79,25.72
2016-08-13,Uasin Gishu,6.56,25.24
2016-08-14,Uasin Gishu,0.56,21.57
2016-08-15,Uasin Gishu,4.36,25.03
2016-08-16,Uasin Gishu,4.76,21.21
2016-08-17,Uasin Gishu,4.55,24.54
2016-08-18,Uasin Gishu,4.7,17.86
2016-08-19,Uasin Gishu,2.51,23.32
2016-08-20,Uasin Gishu,6.35,22.55
2016-08-21,Uasin Gishu,7.23,26.77
2016-08-22,Uasin Gishu,7.81,24.32
2016-08-23,Uasin Gishu,4.59,21.71
2016-08-24,Uasin Gishu,8.95,20.47
2016-08-25,Uasin Gishu,4.43,18.15
2016-08-26,Uasin Gishu,7.69,25.98
2016-08-27,Uasin Gishu,5.62,23.11
2016-08-28,Uasin Gishu,4.11,24.95
2016-08-29,Uasin Gishu,5.94,25.03
2016-08-30,Uasin Gishu,5.44,24.88
2016-08-31,Uasin Gishu,5.44,28.56
2016-09-01,Uasin Gishu,4.79,22.18
2016-09-02,Uasin Gishu,7.35,23.48
2016-09-03,Uasin Gishu,7.12,23.08
2016-09-04,Uasin Gishu,4.84,27.76
2016-09-05,Uasin Gishu,4.82,21.49
2016-09-06,Uasin Gishu,4.03,25.29
2016-09-07,Uasin Gishu,4.87,26.62
2016-09-08,Uasin Gishu,9.65,22.51
2016-09-09,Uasin Gishu,5.07,23.79
2016-09-10,Uasin Gishu,7.72,21.13
2016-09-11,Uasin Gishu,4.69,19.7
2016-09-12,Uasin Gishu,5.68,24.92
2016-09-13,Uasin Gishu,10.83,27.2
2016-09-14,Uasin Gishu,4.64,23.08
2016-09-15,Uasin Gishu,5.59,24.35
2016-09-16,Uasin Gishu,6.26,20.44
2016-09-17,Uasin Gishu,3.33,26.76
2016-09-18,Uasin Gishu,4.95,21.11
2016-09-19,Uasin Gishu,3.55,28.82
2016-09-20,Uasin Gishu,9.11,22.56
2016-09-21,Uasin Gishu,5.68,23.27
2016-09-22,Uasin Gishu,5.82,24.29
2016-09-23,Uasin Gishu,10.24,25.16
2016-09-24,Uasin Gishu,4.1,27.66
2016-09-25,Uasin Gishu,4.63,21.23
2016-09-26,Uasin Gishu,5.72,23.26
2016-09-27,Uasin Gishu,6.52,23.32
2016-09-28,Uasin Gishu,5.89,16.68
2016-09-29,Uasin Gishu,5.96,21.98
2016-09-30,Uasin Gishu,4.9,32.58
2016-10-01,Uasin Gishu,11.45,24.59
2015-01-01,Elgeyo Marakwet,10.86,26.71
2015-01-02,Elgeyo Marakwet,5.94,18.24
2015-01-03,Elgeyo Marakwet,5.44,26.88
2015-01-04,Elgeyo Marakwet,6.79,23.3
2015-01-05,Elgeyo Marakwet,7.39,22.18
2015-01-06,Elgeyo Marakwet,5.23,21.97
2015-01-07,Elgeyo Marakwet,7.6,26.86
2015-01-08,Elgeyo Marakwet,2.32,23.31
2015-01-09,Elgeyo Marakwet,2.1,19.95
2015-01-10,Elgeyo Marakwet,5.68,17.21
2015-01-11,Elgeyo Marakwet,3.03,26.14
2015-01-12,Elgeyo Marakwet,0.88,19.64
2015-01-13,Elgeyo Marakwet,7.45,23.8
2015-01-14,Elgeyo Marakwet,6.39,26.53
2015-01-15,Elgeyo Marakwet,6.05,22.78
2015-01-16,Elgeyo Marakwet,7.0,22.11
2015-01-17,Elgeyo Marakwet,1.56,21.41
2015-01-18,Elgeyo Marakwet,6.72,28.12
2015-01-19,Elgeyo Marakwet,4.92,25.65
2015-01-20,Elgeyo Marakwet,3.9,24.78
2015-01-21,Elgeyo Marakwet,5.26,24.22
2015-01-22,Elgeyo Marakwet,4.62,24.8
2015-01-23,Elgeyo Marakwet,4.63,24.85
2015-01-24,Elgeyo Marakwet,2.61,29.86
2015-01-25,Elgeyo Marakwet,10.26,27.21
2015-01-26,Elgeyo Marakwet,6.97,22.35
2015-01-27,Elgeyo Marakwet,3.57,21.76
2015-01-28,Elgeyo Marakwet,6.62,23.59
2015-01-29,Elgeyo Marakwet,5.41,20.96
2015-01-30,Elgeyo Marakwet,4.58,24.99
2015-01-31,Elgeyo Marakwet,3.11,21.02
2015-02-01,Elgeyo Marakwet,0.23,26.7
2015-02-02,Elgeyo Marakwet,3.93,22.08
2015-02-03,Elgeyo Marakwet,4.43,22.34
2015-02-04,Elgeyo Marakwet,5.72,24.88
2015-02-05,Elgeyo Marakwet,5.81,20.06
2015-02-06,Elgeyo Marakwet,1.77,18.85
2015-02-07,Elgeyo Marakwet,5.76,23.32
2015-02-08,Elgeyo Marakwet,5.91,18.2
2015-02-09,Elgeyo Marakwet,3.1,25.28
2015-02-10,Elgeyo Marakwet,5.26,22.34
2015-02-11,Elgeyo Marakwet,5.92,22.71
2015-02-12,Elgeyo Marakwet,3.87,21.6
2015-02-13,Elgeyo Marakwet,8.74,21.96
2015-02-14,Elgeyo Marakwet,4.03,19.5
2015-02-15,Elgeyo Marakwet,8.5,23.34
2015-02-16,Elgeyo Marakwet,6.08,27.7
2015-02-17,Elgeyo Marakwet,5.8,27.41
2015-02-18,Elgeyo Marakwet,2.97,23.57
2015-02-19,Elgeyo Marakwet,8.91,24.84
2015-02-20,Elgeyo Marakwet,6.25,23.18
2015-02-21,Elgeyo Marakwet,7.39,22.49
2015-02-22,Elgeyo Marakwet,2.86,22.21
2015-02-23,Elgeyo Marakwet,4.3,28.67
2015-02-24,Elgeyo Marakwet,4.74,20.72
2015-02-25,Elgeyo Marakwet,1.94,21.52
2015-02-26,Elgeyo Marakwet,5.86,25.65
2015-02-27,Elgeyo Marakwet,2.58,31.67
2015-02-28,Elgeyo Marakwet,7.01,21.91
2015-03-01,Elgeyo Marakwet,4.98,24.36
2015-03-02,Elgeyo Marakwet,18.77,17.1
2015-03-03,Elgeyo Marakwet,16.53,25.65
2015-03-04,Elgeyo Marakwet,12.57,25.19
2015-03-05,Elgeyo Marakwet,8.42,25.43
2015-03-06,Elgeyo Marakwet,24.04,22.08
2015-03-07,Elgeyo Marakwet,17.55,20.42
2015-03-08,Elgeyo Marakwet,16.92,24.33
2015-03-09,Elgeyo Marakwet,6.13,25.68
2015-03-10,Elgeyo Marakwet,18.47,21.59
2015-03-11,Elgeyo Marakwet,10.38,21.44
2015-03-12,Elgeyo Marakwet,11.73,22.59
2015-03-13,Elgeyo Marakwet,13.87,21.67
2015-03-14,Elgeyo Marakwet,14.36,21.64
2015-03-15,Elgeyo Marakwet,16.12,23.95
2015-03-16,Elgeyo Marakwet,7.23,28.1
2015-03-17,Elgeyo Marakwet,6.8,24.45
2015-03-18,Elgeyo Marakwet,12.44,28.51
2015-03-19,Elgeyo Marakwet,6.17,20.13
2015-03-20,Elgeyo Marakwet,1.36,22.53
2015-03-21,Elgeyo Marakwet,19.94,21.19
2015-03-22,Elgeyo Marakwet,16.6,22.25
2015-03-23,Elgeyo Marakwet,12.66,32.53
2015-03-24,Elgeyo Marakwet,13.28,25.14
2015-03-25,Elgeyo Marakwet,14.15,27.76
2015-03-26,Elgeyo Marakwet,10.45,23.59
2015-03-27,Elgeyo Marakwet,16.72,21.67
2015-03-28,Elgeyo Marakwet,10.54,25.08
2015-03-29,Elgeyo Marakwet,16.46,20.65
2015-03-30,Elgeyo Marakwet,10.17,29.17
2015-03-31,Elgeyo Marakwet,16.57,28.31
2015-04-01,Elgeyo Marakwet,11.65,28.44
2015-04-02,Elgeyo Marakwet,23.28,29.34
2015-04-03,Elgeyo Marakwet,12.18,25.76
2015-04-04,Elgeyo Marakwet,5.95,24.07
2015-04-05,Elgeyo Marakwet,5.98,23.91
2015-04-06,Elgeyo Marakwet,14.15,20.41
2015-04-07,Elgeyo Marakwet,15.19,19.33
2015-04-08,Elgeyo Marakwet,16.34,27.48
2015-04-09,Elgeyo Marakwet,13.27,20.75
2015-04-10,Elgeyo Marakwet,15.94,25.36
2015-04-11,Elgeyo Marakwet,7.71,24.76
2015-04-12,Elgeyo Marakwet,17.95,25.02
2015-04-13,Elgeyo Marakwet,19.15,22.25
2015-04-14,Elgeyo Marakwet,15.46,27.47
2015-04-15,Elgeyo Marakwet,23.22,26.75
2015-04-16,Elgeyo Marakwet,19.94,27.42
2015-04-17,Elgeyo Marakwet,7.67,26.42
2015-04-18,Elgeyo Marakwet,0.56,21.33
2015-04-19,Elgeyo Marakwet,16.84,19.8
2015-04-20,Elgeyo Marakwet,7.87,30.29
2015-04-21,Elgeyo Marakwet,15.04,25.22
2015-04-22,Elgeyo Marakwet,13.92,17.16
2015-04-23,Elgeyo Marakwet,22.06,22.72
2015-04-24,Elgeyo Marakwet,17.22,31.72
2015-04-25,Elgeyo Marakwet,8.56,27.48
2015-04-26,Elgeyo Marakwet,21.74,29.49
2015-04-27,Elgeyo Marakwet,16.89,24.98
2015-04-28,Elgeyo Marakwet,10.35,20.99
2015-04-29,Elgeyo Marakwet,10.71,22.4
2015-04-30,Elgeyo Marakwet,16.44,22.32
2015-05-01,Elgeyo Marakwet,4.83,26.84
2015-05-02,Elgeyo Marakwet,7.66,20.21
2015-05-03,Elgeyo Marakwet,6.01,22.5
2015-05-04,Elgeyo Marakwet,18.61,32.77
2015-05-05,Elgeyo Marakwet,10.69,28.84
2015-05-06,Elgeyo Marakwet,19.1,30.21
2015-05-07,Elgeyo Marakwet,8.98,24.09
2015-05-08,Elgeyo Marakwet,23.71,24.11
2015-05-09,Elgeyo Marakwet,17.12,23.97
2015-05-10,Elgeyo Marakwet,16.59,23.09
2015-05-11,Elgeyo Marakwet,20.83,18.19
2015-05-12,Elgeyo Marakwet,22.17,26.32
2015-05-13,Elgeyo Marakwet,13.13,23.44
2015-05-14,Elgeyo Marakwet,18.91,22.11
2015-05-15,Elgeyo Marakwet,17.5,20.81
2015-05-16,Elgeyo Marakwet,16.99,17.46
2015-05-17,Elgeyo Marakwet,21.72,25.8
2015-05-18,Elgeyo Marakwet,28.01,22.46
2015-05-19,Elgeyo Marakwet,10.96,25.39
2015-05-20,Elgeyo Marakwet,17.17,23.81
2015-05-21,Elgeyo Marakwet,18.41,17.23
2015-05-22,Elgeyo Marakwet,5.92,23.51
2015-05-23,Elgeyo Marakwet,21.85,25.82
2015-05-24,Elgeyo Marakwet,17.15,28.53
2015-05-25,Elgeyo Marakwet,14.95,21.58
2015-05-26,Elgeyo Marakwet,21.06,27.77
2015-05-27,Elgeyo Marakwet,19.99,28.18
2015-05-28,Elgeyo Marakwet,26.5,21.27
2015-05-29,Elgeyo Marakwet,9.85,26.64
2015-05-30,Elgeyo Marakwet,23.48,28.13
2015-05-31,Elgeyo Marakwet,11.08,22.35
2015-06-01,Elgeyo Marakwet,5.32,26.09
2015-06-02,Elgeyo Marakwet,0.88,25.21
2015-06-03,Elgeyo Marakwet,4.94,27.42
2015-06-04,Elgeyo Marakwet,2.84,25.74
2015-06-05,Elgeyo Marakwet,5.7,24.07
2015-06-06,Elgeyo Marakwet,3.4,18.57
2015-06-07,Elgeyo Marakwet,8.18,23.15
2015-06-08,Elgeyo Marakwet,4.44,21.85
2015-06-09,Elgeyo Marakwet,4.18,20.85
2015-06-10,Elgeyo Marakwet,3.96,21.43
2015-06-11,Elgeyo Marakwet,2.47,22.3
2015-06-12,Elgeyo Marakwet,3.43,24.87
2015-06-13,Elgeyo Marakwet,5.18,20.2
2015-06-14,Elgeyo Marakwet,2.67,18.75
2015-06-15,Elgeyo Marakwet,4.52,26.91
2015-06-16,Elgeyo Marakwet,6.51,21.09
2015-06-17,Elgeyo Marakwet,6.15,24.02
2015-06-18,Elgeyo Marakwet,8.86,23.38
2015-06-19,Elgeyo Marakwet,6.23,26.37
2015-06-20,Elgeyo Marakwet,7.47,26.63
2015-06-21,Elgeyo Marakwet,5.42,23.28
2015-06-22,Elgeyo Marakwet,7.85,24.26
2015-06-23,Elgeyo Marakwet,7.02,22.58
2015-06-24,Elgeyo Marakwet,5.19,23.92
2015-06-25,Elgeyo Marakwet,7.64,23.53
2015-06-26,Elgeyo Marakwet,4.68,22.5
2015-06-27,Elgeyo Marakwet,4.98,23.69
2015-06-28,Elgeyo Marakwet,5.37,24.61
2015-06-29,Elgeyo Marakwet,3.81,26.01
2015-06-30,Elgeyo Marakwet,6.27,22.37
2015-07-01,Elgeyo Marakwet,6.55,24.21
2015-07-02,Elgeyo Marakwet,6.15,22.19
2015-07-03,Elgeyo Marakwet,2.73,26.47
2015-07-04,Elgeyo Marakwet,3.43,25.0
2015-07-05,Elgeyo Marakwet,5.42,24.25
2015-07-06,Elgeyo Marakwet,1.14,21.71
2015-07-07,Elgeyo Marakwet,8.41,25.42
2015-07-08,Elgeyo Marakwet,5.85,22.0
2015-07-09,Elgeyo Marakwet,7.75,22.65
2015-07-10,Elgeyo Marakwet,5.64,21.93
2015-07-11,Elgeyo Marakwet,3.17,24.58
2015-07-12,Elgeyo Marakwet,4.34,28.61
2015-07-13,Elgeyo Marakwet,5.76,22.32
2015-07-14,Elgeyo Marakwet,8.78,26.83
2015-07-15,Elgeyo Marakwet,4.62,31.18
2015-07-16,Elgeyo Marakwet,4.15,24.31
2015-07-17,Elgeyo Marakwet,6.9,23.43
2015-07-18,Elgeyo Marakwet,4.02,20.35
2015-07-19,Elgeyo Marakwet,7.39,22.28
2015-07-20,Elgeyo Marakwet,6.65,24.56
2015-07-21,Elgeyo Marakwet,8.34,19.05
2015-07-22,Elgeyo Marakwet,0.68,21.51
2015-07-23,Elgeyo Marakwet,8.26,21.15
2015-07-24,Elgeyo Marakwet,3.55,27.78
2015-07-25,Elgeyo Marakwet,7.32,19.71
2015-07-26,Elgeyo Marakwet,0.97,21.84
2015-07-27,Elgeyo Marakwet,5.29,28.6
2015-07-28,Elgeyo Marakwet,9.61,29.96
2015-07-29,Elgeyo Marakwet,5.18,23.78
2015-07-30,Elgeyo Marakwet,1.64,16.71
2015-07-31,Elgeyo Marakwet,4.5,22.34
2015-08-01,Elgeyo Marakwet,7.43,27.56
2015-08-02,Elgeyo Marakwet,4.02,19.26
2015-08-03,Elgeyo Marakwet,2.71,23.83
2015-08-04,Elgeyo Marakwet,5.98,27.73
2015-08-05,Elgeyo Marakwet,2.43,22.35
2015-08-06,Elgeyo Marakwet,3.27,23.69
2015-08-07,Elgeyo Marakwet,4.03,22.64
2015-08-08,Elgeyo Marakwet,2.95,20.89
2015-08-09,Elgeyo Marakwet,1.15,22.85
2015-08-10,Elgeyo Marakwet,3.52,26.62
2015-08-11,Elgeyo Marakwet,5.56,28.06
2015-08-12,Elgeyo Marakwet,3.0,22.37
2015-08-13,Elgeyo Marakwet,8.8,19.78
2015-08-14,Elgeyo Marakwet,4.46,25.66
2015-08-15,Elgeyo Marakwet,7.37,20.5
2015-08-16,Elgeyo Marakwet,5.69,29.86
2015-08-17,Elgeyo Marakwet,6.51,22.96
2015-08-18,Elgeyo Marakwet,4.27,23.98
2015-08-19,Elgeyo Marakwet,5.8,26.99
2015-08-20,Elgeyo Marakwet,1.72,17.51
2015-08-21,Elgeyo Marakwet,4.54,24.28
2015-08-22,Elgeyo Marakwet,6.64,23.89
2015-08-23,Elgeyo Marakwet,8.39,25.91
2015-08-24,Elgeyo Marakwet,8.66,22.25
2015-08-25,Elgeyo Marakwet,2.35,25.0
2015-08-26,Elgeyo Marakwet,4.11,19.31
2015-08-27,Elgeyo Marakwet,4.1,24.71
2015-08-28,Elgeyo Marakwet,3.79,20.32
2015-08-29,Elgeyo Marakwet,7.0,29.29
2015-08-30,Elgeyo Marakwet,4.77,20.41
2015-08-31,Elgeyo Marakwet,7.39,24.42
2015-09-01,Elgeyo Marakwet,4.45,25.57
2015-09-02,Elgeyo Marakwet,5.04,19.28
2015-09-03,Elgeyo Marakwet,6.32,26.84
2015-09-04,Elgeyo Marakwet,6.79,24.88
2015-09-05,Elgeyo Marakwet,5.29,20.13
2015-09-06,Elgeyo Marakwet,5.67,21.56
2015-09-07,Elgeyo Marakwet,4.71,23.95
2015-09-08,Elgeyo Marakwet,3.16,24.49
2015-09-09,Elgeyo Marakwet,3.98,23.21
2015-09-10,Elgeyo Marakwet,2.98,22.58
2015-09-11,Elgeyo Marakwet,3.13,22.65
2015-09-12,Elgeyo Marakwet,3.47,19.94
2015-09-13,Elgeyo Marakwet,4.03,22.35
2015-09-14,Elgeyo Marakwet,0.0,31.73
2015-09-15,Elgeyo Marakwet,2.93,21.48
2015-09-16,Elgeyo Marakwet,5.76,25.73
2015-09-17,Elgeyo Marakwet,1.56,20.94
2015-09-18,Elgeyo Marakwet,6.23,23.12
2015-09-19,Elgeyo Marakwet,4.58,24.37
2015-09-20,Elgeyo Marakwet,5.51,24.3
2015-09-21,Elgeyo Marakwet,5.88,18.87
2015-09-22,Elgeyo Marakwet,1.68,21.64
2015-09-23,Elgeyo Marakwet,6.24,21.82
2015-09-24,Elgeyo Marakwet,7.99,27.02
2015-09-25,Elgeyo Marakwet,2.56,21.97
2015-09-26,Elgeyo Marakwet,5.23,29.71
2015-09-27,Elgeyo Marakwet,6.43,24.67
2015-09-28,Elgeyo Marakwet,2.15,25.11
2015-09-29,Elgeyo Marakwet,4.18,26.38
2015-09-30,Elgeyo Marakwet,4.36,20.04
2015-10-01,Elgeyo Marakwet,5.01,19.6
2015-10-02,Elgeyo Marakwet,9.87,22.38
2015-10-03,Elgeyo Marakwet,12.83,25.33
2015-10-04,Elgeyo Marakwet,16.06,24.12
2015-10-05,Elgeyo Marakwet,3.85,16.68
2015-10-06,Elgeyo Marakwet,14.1,25.84
2015-10-07,Elgeyo Marakwet,13.14,23.49
2015-10-08,Elgeyo Marakwet,12.08,22.16
2015-10-09,Elgeyo Marakwet,8.5,21.72
2015-10-10,Elgeyo Marakwet,9.95,14.63
2015-10-11,Elgeyo Marakwet,8.21,23.75
2015-10-12,Elgeyo Marakwet,2.15,23.91
2015-10-13,Elgeyo Marakwet,11.27,29.28
2015-10-14,Elgeyo Marakwet,13.8,24.64
2015-10-15,Elgeyo Marakwet,13.89,25.15
2015-10-16,Elgeyo Marakwet,7.97,20.29
2015-10-17,Elgeyo Marakwet,5.61,29.02
2015-10-18,Elgeyo Marakwet,4.54,26.31
2015-10-19,Elgeyo Marakwet,5.71,21.46
2015-10-20,Elgeyo Marakwet,8.55,23.55
2015-10-21,Elgeyo Marakwet,12.31,25.82
2015-10-22,Elgeyo Marakwet,11.0,24.07
2015-10-23,Elgeyo Marakwet,10.69,19.81
2015-10-24,Elgeyo Marakwet,11.13,22.56
2015-10-25,Elgeyo Marakwet,8.48,26.7
2015-10-26,Elgeyo Marakwet,4.74,28.64
2015-10-27,Elgeyo Marakwet,13.65,28.64
2015-10-28,Elgeyo Marakwet,11.19,25.54
2015-10-29,Elgeyo Marakwet,8.31,25.92
2015-10-30,Elgeyo Marakwet,13.99,21.73
2015-10-31,Elgeyo Marakwet,13.08,26.32
2015-11-01,Elgeyo Marakwet,7.42,28.25
2015-11-02,Elgeyo Marakwet,12.74,19.43
2015-11-03,Elgeyo Marakwet,12.52,24.07
2015-11-04,Elgeyo Marakwet,10.63,20.28
2015-11-05,Elgeyo Marakwet,8.91,23.62
2015-11-06,Elgeyo Marakwet,10.24,25.92
2015-11-07,Elgeyo Marakwet,18.67,23.03
2015-11-08,Elgeyo Marakwet,12.26,23.31
2015-11-09,Elgeyo Marakwet,13.1,25.51
2015-11-10,Elgeyo Marakwet,11.92,22.31
2015-11-11,Elgeyo Marakwet,2.95,21.48
2015-11-12,Elgeyo Marakwet,10.94,17.55
2015-11-13,Elgeyo Marakwet,4.16,19.46
2015-11-14,Elgeyo Marakwet,4.63,22.96
2015-11-15,Elgeyo Marakwet,6.99,19.48
2015-11-16,Elgeyo Marakwet,9.0,25.2
2015-11-17,Elgeyo Marakwet,10.15,24.21
2015-11-18,Elgeyo Marakwet,10.59,20.57
2015-11-19,Elgeyo Marakwet,8.62,21.8
2015-11-20,Elgeyo Marakwet,11.96,17.99
2015-11-21,Elgeyo Marakwet,9.18,29.68
2015-11-22,Elgeyo Marakwet,1.84,23.24
2015-11-23,Elgeyo Marakwet,11.82,22.19
2015-11-24,Elgeyo Marakwet,4.72,27.52
2015-11-25,Elgeyo Marakwet,7.92,24.25
2015-11-26,Elgeyo Marakwet,11.79,28.25
2015-11-27,Elgeyo Marakwet,5.46,24.09
2015-11-28,Elgeyo Marakwet,10.6,24.59
2015-11-29,Elgeyo Marakwet,4.37,21.3
2015-11-30,Elgeyo Marakwet,8.15,22.87
2015-12-01,Elgeyo Marakwet,5.6,29.44
2015-12-02,Elgeyo Marakwet,2.63,23.61
2015-12-03,Elgeyo Marakwet,6.12,28.09
2015-12-04,Elgeyo Marakwet,0.0,23.4
2015-12-05,Elgeyo Marakwet,4.1,19.68
2015-12-06,Elgeyo Marakwet,3.14,26.66
2015-12-07,Elgeyo Marakwet,3.34,24.33
2015-12-08,Elgeyo Marakwet,6.69,22.35
2015-12-09,Elgeyo Marakwet,3.7,23.01
2015-12-10,Elgeyo Marakwet,5.43,27.04
2015-12-11,Elgeyo Marakwet,6.57,24.42
2015-12-12,Elgeyo Marakwet,1.6,17.43
2015-12-13,Elgeyo Marakwet,6.08,22.81
2015-12-14,Elgeyo Marakwet,7.97,22.79
2015-12-15,Elgeyo Marakwet,5.51,22.42
2015-12-16,Elgeyo Marakwet,5.67,26.83
2015-12-17,Elgeyo Marakwet,3.68,23.68
2015-12-18,Elgeyo Marakwet,6.74,21.4
2015-12-19,Elgeyo Marakwet,5.41,28.53
2015-12-20,Elgeyo Marakwet,4.91,26.31
2015-12-21,Elgeyo Marakwet,6.73,26.82
2015-12-22,Elgeyo Marakwet,2.25,17.79
2015-12-23,Elgeyo Marakwet,5.48,26.21
2015-12-24,Elgeyo Marakwet,4.36,26.21
2015-12-25,Elgeyo Marakwet,8.58,25.36
2015-12-26,Elgeyo Marakwet,6.93,21.24
2015-12-27,Elgeyo Marakwet,3.24,24.43
2015-12-28,Elgeyo Marakwet,3.49,25.5
2015-12-29,Elgeyo Marakwet,7.68,20.91
2015-12-30,Elgeyo Marakwet,5.27,23.46
2015-12-31,Elgeyo Marakwet,9.43,24.43
2016-01-01,Elgeyo Marakwet,3.77,20.64
2016-01-02,Elgeyo Marakwet,4.64,23.15
2016-01-03,Elgeyo Marakwet,3.39,26.41
2016-01-04,Elgeyo Marakwet,5.01,26.11
2016-01-05,Elgeyo Marakwet,4.46,21.68
2016-01-06,Elgeyo Marakwet,3.49,23.91
2016-01-07,Elgeyo Marakwet,3.5,24.68
2016-01-08,Elgeyo Marakwet,3.2,27.32
2016-01-09,Elgeyo Marakwet,3.92,22.94
2016-01-10,Elgeyo Marakwet,6.26,24.36
2016-01-11,Elgeyo Marakwet,4.78,21.34
2016-01-12,Elgeyo Marakwet,3.66,26.96
2016-01-13,Elgeyo Marakwet,5.7,26.11
2016-01-14,Elgeyo Marakwet,2.25,26.58
2016-01-15,Elgeyo Marakwet,3.53,25.28
2016-01-16,Elgeyo Marakwet,4.65,29.14
2016-01-17,Elgeyo Marakwet,4.13,25.08
2016-01-18,Elgeyo Marakwet,5.59,22.94
2016-01-19,Elgeyo Marakwet,4.22,20.03
2016-01-20,Elgeyo Marakwet,0.92,28.73
2016-01-21,Elgeyo Marakwet,4.82,25.25
2016-01-22,Elgeyo Marakwet,0.23,24.05
2016-01-23,Elgeyo Marakwet,5.82,28.26
2016-01-24,Elgeyo Marakwet,6.96,24.56
2016-01-25,Elgeyo Marakwet,5.77,23.41
2016-01-26,Elgeyo Marakwet,6.04,27.72
2016-01-27,Elgeyo Marakwet,4.33,19.77
2016-01-28,Elgeyo Marakwet,6.96,26.78
2016-01-29,Elgeyo Marakwet,2.61,26.1
2016-01-30,Elgeyo Marakwet,6.83,22.34
2016-01-31,Elgeyo Marakwet,4.58,27.18
2016-02-01,Elgeyo Marakwet,2.83,27.42
2016-02-02,Elgeyo Marakwet,1.54,27.27
2016-02-03,Elgeyo Marakwet,3.79,22.93
2016-02-04,Elgeyo Marakwet,0.0,21.17
2016-02-05,Elgeyo Marakwet,8.58,18.38
2016-02-06,Elgeyo Marakwet,6.06,26.71
2016-02-07,Elgeyo Marakwet,4.39,22.82
2016-02-08,Elgeyo Marakwet,5.58,23.39
2016-02-09,Elgeyo Marakwet,1.61,22.37
2016-02-10,Elgeyo Marakwet,9.3,29.71
2016-02-11,Elgeyo Marakwet,5.08,26.21
2016-02-12,Elgeyo Marakwet,4.92,25.44
2016-02-13,Elgeyo Marakwet,5.33,24.24
2016-02-14,Elgeyo Marakwet,3.26,21.85
2016-02-15,Elgeyo Marakwet,7.76,25.84
2016-02-16,Elgeyo Marakwet,5.72,22.05
2016-02-17,Elgeyo Marakwet,1.44,28.99
2016-02-18,Elgeyo Marakwet,6.39,21.48
2016-02-19,Elgeyo Marakwet,4.1,29.73
2016-02-20,Elgeyo Marakwet,5.26,21.83
2016-02-21,Elgeyo Marakwet,5.13,20.41
2016-02-22,Elgeyo Marakwet,0.91,25.6
2016-02-23,Elgeyo Marakwet,5.63,24.75
2016-02-24,Elgeyo Marakwet,3.87,22.61
2016-02-25,Elgeyo Marakwet,3.37,25.24
2016-02-26,Elgeyo Marakwet,5.72,26.68
2016-02-27,Elgeyo Marakwet,4.11,24.02
2016-02-28,Elgeyo Marakwet,4.1,18.72
2016-02-29,Elgeyo Marakwet,4.97,24.99
2016-03-01,Elgeyo Marakwet,9.29,25.88
2016-03-02,Elgeyo Marakwet,8.84,24.28
2016-03-03,Elgeyo Marakwet,18.47,20.69
2016-03-04,Elgeyo Marakwet,11.85,22.58
2016-03-05,Elgeyo Marakwet,19.32,30.49
2016-03-06,Elgeyo Marakwet,14.39,28.64
2016-03-07,Elgeyo Marakwet,12.16,30.29
2016-03-08,Elgeyo Marakwet,24.73,27.89
2016-03-09,Elgeyo Marakwet,3.85,28.44
2016-03-10,Elgeyo Marakwet,8.07,19.38
2016-03-11,Elgeyo Marakwet,14.71,23.83
2016-03-12,Elgeyo Marakwet,23.42,19.96
2016-03-13,Elgeyo Marakwet,19.47,28.51
2016-03-14,Elgeyo Marakwet,8.06,28.61
2016-03-15,Elgeyo Marakwet,14.12,24.09
2016-03-16,Elgeyo Marakwet,15.36,26.93
2016-03-17,Elgeyo Marakwet,20.14,23.48
2016-03-18,Elgeyo Marakwet,13.6,27.84
2016-03-19,Elgeyo Marakwet,20.26,24.42
2016-03-20,Elgeyo Marakwet,15.28,24.44
2016-03-21,Elgeyo Marakwet,21.54,25.09
2016-03-22,Elgeyo Marakwet,16.83,25.9
2016-03-23,Elgeyo Marakwet,22.77,19.25
2016-03-24,Elgeyo Marakwet,16.2,24.8
2016-03-25,Elgeyo Marakwet,14.55,26.67
2016-03-26,Elgeyo Marakwet,1.99,29.27
2016-03-27,Elgeyo Marakwet,8.09,25.88
2016-03-28,Elgeyo Marakwet,12.81,28.31
2016-03-29,Elgeyo Marakwet,14.76,26.36
2016-03-30,Elgeyo Marakwet,15.53,27.23
2016-03-31,Elgeyo Marakwet,7.47,27.52
2016-04-01,Elgeyo Marakwet,11.84,19.0
2016-04-02,Elgeyo Marakwet,10.92,25.2
2016-04-03,Elgeyo Marakwet,11.11,23.36
2016-04-04,Elgeyo Marakwet,13.74,25.83
2016-04-05,Elgeyo Marakwet,18.74,21.08
2016-04-06,Elgeyo Marakwet,9.57,27.21
2016-04-07,Elgeyo Marakwet,5.55,22.37
2016-04-08,Elgeyo Marakwet,8.5,22.46
2016-04-09,Elgeyo Marakwet,11.82,23.05
2016-04-10,Elgeyo Marakwet,7.71,22.61
2016-04-11,Elgeyo Marakwet,8.78,23.78
2016-04-12,Elgeyo Marakwet,19.58,17.04
2016-04-13,Elgeyo Marakwet,14.96,20.78
2016-04-14,Elgeyo Marakwet,17.32,25.34
2016-04-15,Elgeyo Marakwet,10.19,24.18
2016-04-16,Elgeyo Marakwet,13.54,25.22
2016-04-17,Elgeyo Marakwet,20.29,21.22
2016-04-18,Elgeyo Marakwet,27.53,21.17
2016-04-19,Elgeyo Marakwet,9.45,25.99
2016-04-20,Elgeyo Marakwet,19.35,23.44
2016-04-21,Elgeyo Marakwet,13.72,20.45
2016-04-22,Elgeyo Marakwet,13.23,24.73
2016-04-23,Elgeyo Marakwet,23.84,23.54
2016-04-24,Elgeyo Marakwet,15.35,24.88
2016-04-25,Elgeyo Marakwet,7.04,24.72
2016-04-26,Elgeyo Marakwet,4.65,23.67
2016-04-27,Elgeyo Marakwet,9.42,26.55
2016-04-28,Elgeyo Marakwet,11.6,28.04
2016-04-29,Elgeyo Marakwet,11.59,23.57
2016-04-30,Elgeyo Marakwet,14.62,27.53
2016-05-01,Elgeyo Marakwet,14.76,26.97
2016-05-02,Elgeyo Marakwet,10.21,25.64
2016-05-03,Elgeyo Marakwet,12.78,21.92
2016-05-04,Elgeyo Marakwet,16.83,25.48
2016-05-05,Elgeyo Marakwet,10.61,22.52
2016-05-06,Elgeyo Marakwet,10.5,22.52
2016-05-07,Elgeyo Marakwet,10.82,25.11
2016-05-08,Elgeyo Marakwet,7.2,21.76
2016-05-09,Elgeyo Marakwet,14.69,19.8
2016-05-10,Elgeyo Marakwet,21.11,21.92
2016-05-11,Elgeyo Marakwet,17.31,28.19
2016-05-12,Elgeyo Marakwet,16.34,24.82
2016-05-13,Elgeyo Marakwet,13.74,27.56
2016-05-14,Elgeyo Marakwet,21.93,23.78
2016-05-15,Elgeyo Marakwet,8.31,24.54
2016-05-16,Elgeyo Marakwet,12.76,25.33
2016-05-17,Elgeyo Marakwet,7.35,24.51
2016-05-18,Elgeyo Marakwet,27.16,28.16
2016-05-19,Elgeyo Marakwet,18.8,27.0
2016-05-20,Elgeyo Marakwet,6.32,25.77
2016-05-21,Elgeyo Marakwet,10.93,27.61
2016-05-22,Elgeyo Marakwet,15.45,25.69
2016-05-23,Elgeyo Marakwet,24.97,26.27
2016-05-24,Elgeyo Marakwet,4.89,26.94
2016-05-25,Elgeyo Marakwet,22.98,21.61
2016-05-26,Elgeyo Marakwet,12.54,25.37
2016-05-27,Elgeyo Marakwet,18.25,25.24
2016-05-28,Elgeyo Marakwet,24.91,24.83
2016-05-29,Elgeyo Marakwet,15.03,29.97
2016-05-30,Elgeyo Marakwet,12.71,25.79
2016-05-31,Elgeyo Marakwet,14.21,25.27
2016-06-01,Elgeyo Marakwet,7.47,25.24
2016-06-02,Elgeyo Marakwet,7.67,28.62
2016-06-03,Elgeyo Marakwet,2.97,28.47
2016-06-04,Elgeyo Marakwet,5.38,28.29
2016-06-05,Elgeyo Marakwet,6.16,25.25
2016-06-06,Elgeyo Marakwet,6.58,23.4
2016-06-07,Elgeyo Marakwet,7.57,27.61
2016-06-08,Elgeyo Marakwet,2.58,25.58
2016-06-09,Elgeyo Marakwet,6.63,21.95
2016-06-10,Elgeyo Marakwet,3.67,24.01
2016-06-11,Elgeyo Marakwet,5.24,25.02
2016-06-12,Elgeyo Marakwet,6.93,22.04
2016-06-13,Elgeyo Marakwet,3.77,22.08
2016-06-14,Elgeyo Marakwet,7.68,19.7
2016-06-15,Elgeyo Marakwet,6.06,26.06
2016-06-16,Elgeyo Marakwet,7.09,22.68
2016-06-17,Elgeyo Marakwet,5.79,25.16
2016-06-18,Elgeyo Marakwet,7.51,24.09
2016-06-19,Elgeyo Marakwet,4.01,29.28
2016-06-20,Elgeyo Marakwet,8.04,16.96
2016-06-21,Elgeyo Marakwet,5.59,27.15
2016-06-22,Elgeyo Marakwet,5.47,20.19
2016-06-23,Elgeyo Marakwet,8.93,19.87
2016-06-24,Elgeyo Marakwet,4.98,24.32
2016-06-25,Elgeyo Marakwet,4.8,26.82
2016-06-26,Elgeyo Marakwet,3.24,25.91
2016-06-27,Elgeyo Marakwet,6.47,25.32
2016-06-28,Elgeyo Marakwet,7.1,30.93
2016-06-29,Elgeyo Marakwet,7.14,23.97
2016-06-30,Elgeyo Marakwet,7.5,28.39
2016-07-01,Elgeyo Marakwet,6.05,20.05
2016-07-02,Elgeyo Marakwet,7.6,26.06
2016-07-03,Elgeyo Marakwet,7.94,22.02
2016-07-04,Elgeyo Marakwet,6.12,20.25
2016-07-05,Elgeyo Marakwet,3.64,25.9
2016-07-06,Elgeyo Marakwet,5.82,22.72
2016-07-07,Elgeyo Marakwet,4.51,26.5
2016-07-08,Elgeyo Marakwet,1.95,19.71
2016-07-09,Elgeyo Marakwet,5.98,22.39
2016-07-10,Elgeyo Marakwet,1.72,26.7
2016-07-11,Elgeyo Marakwet,6.0,23.59
2016-07-12,Elgeyo Marakwet,5.07,24.9
2016-07-13,Elgeyo Marakwet,4.51,23.78
2016-07-14,Elgeyo Marakwet,7.62,21.11
2016-07-15,Elgeyo Marakwet,6.72,26.18
2016-07-16,Elgeyo Marakwet,3.03,26.0
2016-07-17,Elgeyo Marakwet,6.51,27.87
2016-07-18,Elgeyo Marakwet,6.35,27.26
2016-07-19,Elgeyo Marakwet,4.98,27.62
2016-07-20,Elgeyo Marakwet,5.61,20.22
2016-07-21,Elgeyo Marakwet,4.68,26.7
2016-07-22,Elgeyo Marakwet,3.86,26.76
2016-07-23,Elgeyo Marakwet,3.47,23.5
2016-07-24,Elgeyo Marakwet,2.11,20.48
2016-07-25,Elgeyo Marakwet,5.36,26.8
2016-07-26,Elgeyo Marakwet,2.06,22.24
2016-07-27,Elgeyo Marakwet,5.3,23.71
2016-07-28,Elgeyo Marakwet,3.2,25.4
2016-07-29,Elgeyo Marakwet,8.99,25.52
2016-07-30,Elgeyo Marakwet,3.27,23.0
2016-07-31,Elgeyo Marakwet,7.75,29.97
2016-08-01,Elgeyo Marakwet,7.6,23.81
2016-08-02,Elgeyo Marakwet,5.07,18.45
2016-08-03,Elgeyo Marakwet,6.18,28.13
2016-08-04,Elgeyo Marakwet,3.48,23.83
2016-08-05,Elgeyo Marakwet,3.64,24.34
2016-08-06,Elgeyo Marakwet,4.68,19.38
2016-08-07,Elgeyo Marakwet,6.61,24.64
2016-08-08,Elgeyo Marakwet,4.2,24.51
2016-08-09,Elgeyo Marakwet,8.46,25.63
2016-08-10,Elgeyo Marakwet,1.58,16.44
2016-08-11,Elgeyo Marakwet,5.74,23.02
2016-08-12,Elgeyo Marakwet,4.35,25.25
2016-08-13,Elgeyo Marakwet,1.51,26.58
2016-08-14,Elgeyo Marakwet,5.45,25.94
2016-08-15,Elgeyo Marakwet,3.4,22.7
2016-08-16,Elgeyo Marakwet,3.49,24.46
2016-08-17,Elgeyo Marakwet,2.07,20.96
2016-08-18,Elgeyo Marakwet,9.94,17.9
2016-08-19,Elgeyo Marakwet,5.37,26.52
2016-08-20,Elgeyo Marakwet,8.39,24.61
2016-08-21,Elgeyo Marakwet,9.71,17.01
2016-08-22,Elgeyo Marakwet,6.0,27.1
2016-08-23,Elgeyo Marakwet,4.47,20.77
2016-08-24,Elgeyo Marakwet,6.28,25.01
2016-08-25,Elgeyo Marakwet,2.74,30.19
2016-08-26,Elgeyo Marakwet,7.4,24.43
2016-08-27,Elgeyo Marakwet,6.09,22.6
2016-08-28,Elgeyo Marakwet,6.41,25.65
2016-08-29,Elgeyo Marakwet,3.57,20.96
2016-08-30,Elgeyo Marakwet,8.74,23.02
2016-08-31,Elgeyo Marakwet,6.69,26.77
2016-09-01,Elgeyo Marakwet,7.97,22.79
2016-09-02,Elgeyo Marakwet,7.35,20.55
2016-09-03,Elgeyo Marakwet,2.73,20.34
2016-09-04,Elgeyo Marakwet,6.71,21.95
2016-09-05,Elgeyo Marakwet,5.59,26.0
2016-09-06,Elgeyo Marakwet,2.28,23.76
2016-09-07,Elgeyo Marakwet,7.31,23.12
2016-09-08,Elgeyo Marakwet,5.2,27.74
2016-09-09,Elgeyo Marakwet,1.68,23.49
2016-09-10,Elgeyo Marakwet,6.19,24.78
2016-09-11,Elgeyo Marakwet,3.31,27.59
2016-09-12,Elgeyo Marakwet,3.13,29.12
2016-09-13,Elgeyo Marakwet,4.04,21.83
2016-09-14,Elgeyo Marakwet,5.89,33.16
2016-09-15,Elgeyo Marakwet,8.89,26.59
2016-09-16,Elgeyo Marakwet,5.32,23.36
2016-09-17,Elgeyo Marakwet,4.06,26.05
2016-09-18,Elgeyo Marakwet,3.08,21.41
2016-09-19,Elgeyo Marakwet,4.62,24.82
2016-09-20,Elgeyo Marakwet,0.82,23.85
2016-09-21,Elgeyo Marakwet,4.81,21.39
2016-09-22,Elgeyo Marakwet,6.02,25.51
2016-09-23,Elgeyo Marakwet,6.52,27.75
2016-09-24,Elgeyo Marakwet,8.8,26.1
2016-09-25,Elgeyo Marakwet,5.64,15.6
2016-09-26,Elgeyo Marakwet,5.1,30.07
2016-09-27,Elgeyo Marakwet,2.49,24.7
2016-09-28,Elgeyo Marakwet,7.3,23.33
2016-09-29,Elgeyo Marakwet,5.1,20.78
2016-09-30,Elgeyo Marakwet,1.5,25.05
2016-10-01,Elgeyo Marakwet,6.25,24.77
2015-01-01,Nandi,5.99,30.02
2015-01-02,Nandi,5.88,24.52
2015-01-03,Nandi,5.21,23.26
2015-01-04,Nandi,5.49,20.6
2015-01-05,Nandi,7.68,20.92
2015-01-06,Nandi,7.7,22.43
2015-01-07,Nandi,3.37,23.65
2015-01-08,Nandi,7.9,21.36
2015-01-09,Nandi,4.4,23.56
2015-01-10,Nandi,4.05,20.83
2015-01-11,Nandi,6.72,23.59
2015-01-12,Nandi,4.76,27.79
2015-01-13,Nandi,4.61,25.34
2015-01-14,Nandi,6.04,24.7
2015-01-15,Nandi,5.41,25.19
2015-01-16,Nandi,3.57,30.47
2015-01-17,Nandi,7.87,18.76
2015-01-18,Nandi,6.54,22.59
2015-01-19,Nandi,4.64,26.44
2015-01-20,Nandi,3.41,21.75
2015-01-21,Nandi,3.82,26.11
2015-01-22,Nandi,2.58,19.21
2015-01-23,Nandi,1.58,22.81
2015-01-24,Nandi,4.02,28.7
2015-01-25,Nandi,5.11,25.42
2015-01-26,Nandi,3.6,26.26
2015-01-27,Nandi,6.46,24.29
2015-01-28,Nandi,8.15,22.1
2015-01-29,Nandi,5.03,23.45
2015-01-30,Nandi,5.12,19.45
2015-01-31,Nandi,3.23,23.22
2015-02-01,Nandi,5.42,25.33
2015-02-02,Nandi,5.13,25.3
2015-02-03,Nandi,2.81,16.65
2015-02-04,Nandi,4.99,22.35
2015-02-05,Nandi,7.14,22.11
2015-02-06,Nandi,4.46,26.58
2015-02-07,Nandi,6.75,23.85
2015-02-08,Nandi,5.4,25.22
2015-02-09,Nandi,3.28,29.4
2015-02-10,Nandi,5.97,23.65
2015-02-11,Nandi,3.04,28.3
2015-02-12,Nandi,4.14,25.62
2015-02-13,Nandi,7.75,21.31
2015-02-14,Nandi,3.98,21.92
2015-02-15,Nandi,7.68,28.66
2015-02-16,Nandi,6.19,25.62
2015-02-17,Nandi,1.33,25.13
2015-02-18,Nandi,4.18,23.61
2015-02-19,Nandi,7.01,24.73
2015-02-20,Nandi,7.44,25.23
2015-02-21,Nandi,5.68,21.9
2015-02-22,Nandi,6.05,23.97
2015-02-23,Nandi,6.89,22.93
2015-02-24,Nandi,5.49,30.2
2015-02-25,Nandi,7.48,21.38
2015-02-26,Nandi,6.5,20.23
2015-02-27,Nandi,5.62,26.4
2015-02-28,Nandi,6.59,21.19
2015-03-01,Nandi,19.67,27.96
2015-03-02,Nandi,18.94,23.32
2015-03-03,Nandi,17.07,29.95
2015-03-04,Nandi,17.83,21.5
2015-03-05,Nandi,21.47,19.86
2015-03-06,Nandi,24.26,19.05
2015-03-07,Nandi,18.48,22.04
2015-03-08,Nandi,21.94,29.64
2015-03-09,Nandi,9.19,24.7
2015-03-10,Nandi,9.13,21.85
2015-03-11,Nandi,17.48,24.11
2015-03-12,Nandi,18.55,24.79
2015-03-13,Nandi,5.16,27.99
2015-03-14,Nandi,18.95,28.35
2015-03-15,Nandi,22.57,23.43
2015-03-16,Nandi,14.65,27.54
2015-03-17,Nandi,19.03,25.16
2015-03-18,Nandi,13.4,26.01
2015-03-19,Nandi,2.85,23.38
2015-03-20,Nandi,23.47,25.3
2015-03-21,Nandi,21.07,24.1
2015-03-22,Nandi,13.23,25.56
2015-03-23,Nandi,8.52,25.65
2015-03-24,Nandi,13.85,23.99
2015-03-25,Nandi,2.51,25.08
2015-03-26,Nandi,15.18,26.66
2015-03-27,Nandi,14.33,22.52
2015-03-28,Nandi,26.57,25.94
2015-03-29,Nandi,4.99,23.02
2015-03-30,Nandi,19.69,29.07
2015-03-31,Nandi,13.8,19.95
2015-04-01,Nandi,11.23,24.76
2015-04-02,Nandi,14.18,25.24
2015-04-03,Nandi,6.59,24.54
2015-04-04,Nandi,17.84,24.31
2015-04-05,Nandi,21.02,24.61
2015-04-06,Nandi,19.97,24.32
2015-04-07,Nandi,16.74,23.42
2015-04-08,Nandi,21.05,25.6
2015-04-09,Nandi,20.16,31.37
2015-04-10,Nandi,24.53,26.62
2015-04-11,Nandi,16.29,24.21
2015-04-12,Nandi,12.31,20.53
2015-04-13,Nandi,13.52,26.39
2015-04-14,Nandi,17.2,25.28
2015-04-15,Nandi,7.11,25.31
2015-04-16,Nandi,12.33,21.75
2015-04-17,Nandi,17.22,23.46
2015-04-18,Nandi,13.52,27.63
2015-04-19,Nandi,20.19,24.37
2015-04-20,Nandi,15.55,27.43
2015-04-21,Nandi,17.63,18.8
2015-04-22,Nandi,6.26,25.57
2015-04-23,Nandi,16.84,23.15
2015-04-24,Nandi,12.26,20.94
2015-04-25,Nandi,5.84,26.15
2015-04-26,Nandi,5.09,21.02
2015-04-27,Nandi,22.43,26.41
2015-04-28,Nandi,7.36,25.59
2015-04-29,Nandi,4.23,25.07
2015-04-30,Nandi,15.01,24.6
2015-05-01,Nandi,17.85,19.51
2015-05-02,Nandi,11.82,23.84
2015-05-03,Nandi,10.59,19.97
2015-05-04,Nandi,27.15,28.52
2015-05-05,Nandi,8.62,21.78
2015-05-06,Nandi,16.66,22.11
2015-05-07,Nandi,16.4,24.79
2015-05-08,Nandi,11.33,29.59
2015-05-09,Nandi,22.1,26.75
2015-05-10,Nandi,10.42,25.78
2015-05-11,Nandi,13.11,21.19
2015-05-12,Nandi,17.96,17.09
2015-05-13,Nandi,12.84,25.44
2015-05-14,Nandi,18.58,24.22
2015-05-15,Nandi,17.34,28.09
2015-05-16,Nandi,27.38,22.22
2015-05-17,Nandi,17.27,22.87
2015-05-18,Nandi,11.91,24.11
2015-05-19,Nandi,8.64,24.35
2015-05-20,Nandi,18.0,20.45
2015-05-21,Nandi,8.48,23.38
2015-05-22,Nandi,8.06,24.45
2015-05-23,Nandi,13.85,27.65
2015-05-24,Nandi,16.77,22.41
2015-05-25,Nandi,14.91,18.18
2015-05-26,Nandi,12.81,28.03
2015-05-27,Nandi,17.45,26.73
2015-05-28,Nandi,17.74,24.55
2015-05-29,Nandi,13.94,26.53
2015-05-30,Nandi,19.14,22.59
2015-05-31,Nandi,11.63,27.24
2015-06-01,Nandi,9.15,19.72
2015-06-02,Nandi,4.8,25.66
2015-06-03,Nandi,7.6,28.59
2015-06-04,Nandi,4.77,21.49
2015-06-05,Nandi,5.48,28.92
2015-06-06,Nandi,7.95,27.81
2015-06-07,Nandi,5.11,26.99
2015-06-08,Nandi,4.69,27.96
2015-06-09,Nandi,6.16,31.25
2015-06-10,Nandi,6.59,24.14
2015-06-11,Nandi,5.79,28.2
2015-06-12,Nandi,4.61,19.62
2015-06-13,Nandi,4.81,22.02
2015-06-14,Nandi,3.37,24.44
2015-06-15,Nandi,5.12,21.8
2015-06-16,Nandi,4.35,23.14
2015-06-17,Nandi,8.09,23.91
2015-06-18,Nandi,6.46,25.96
2015-06-19,Nandi,4.52,23.2
2015-06-20,Nandi,4.68,24.73
2015-06-21,Nandi,4.28,25.99
2015-06-22,Nandi,4.55,20.84
2015-06-23,Nandi,6.36,25.09
2015-06-24,Nandi,5.5,21.75
2015-06-25,Nandi,4.08,25.43
2015-06-26,Nandi,3.67,23.82
2015-06-27,Nandi,9.05,25.7
2015-06-28,Nandi,8.25,18.67
2015-06-29,Nandi,4.51,23.49
2015-06-30,Nandi,7.89,21.58
2015-07-01,Nandi,6.27,24.62
2015-07-02,Nandi,5.1,21.35
2015-07-03,Nandi,4.94,29.56
2015-07-04,Nandi,5.96,25.6
2015-07-05,Nandi,3.51,29.11
2015-07-06,Nandi,3.71,23.55
2015-07-07,Nandi,8.21,24.61
2015-07-08,Nandi,6.73,25.6
2015-07-09,Nandi,3.74,23.74
2015-07-10,Nandi,4.86,23.19
2015-07-11,Nandi,2.32,21.97
2015-07-12,Nandi,3.1,16.83
2015-07-13,Nandi,2.66,23.44
2015-07-14,Nandi,5.91,30.64
2015-07-15,Nandi,6.2,20.69
2015-07-16,Nandi,3.77,22.76
2015-07-17,Nandi,6.63,24.49
2015-07-18,Nandi,5.25,30.45
2015-07-19,Nandi,3.25,25.66
2015-07-20,Nandi,1.13,16.87
2015-07-21,Nandi,7.46,22.58
2015-07-22,Nandi,8.82,21.9
2015-07-23,Nandi,4.88,22.15
2015-07-24,Nandi,6.9,24.31
2015-07-25,Nandi,10.28,24.45
2015-07-26,Nandi,1.64,27.09
2015-07-27,Nandi,4.84,27.35
2015-07-28,Nandi,2.58,20.68
2015-07-29,Nandi,3.89,19.35
2015-07-30,Nandi,5.32,23.26
2015-07-31,Nandi,0.02,25.84
2015-08-01,Nandi,3.69,22.29
2015-08-02,Nandi,8.92,28.6
2015-08-03,Nandi,2.84,23.14
2015-08-04,Nandi,5.58,28.37
2015-08-05,Nandi,3.21,22.6
2015-08-06,Nandi,5.59,23.64
2015-08-07,Nandi,6.36,17.87
2015-08-08,Nandi,6.15,29.4
2015-08-09,Nandi,3.9,22.29
2015-08-10,Nandi,6.41,20.94
2015-08-11,Nandi,7.54,23.92
2015-08-12,Nandi,1.79,25.1
2015-08-13,Nandi,6.87,25.82
2015-08-14,Nandi,4.87,25.82
2015-08-15,Nandi,7.11,25.34
2015-08-16,Nandi,7.8,21.18
2015-08-17,Nandi,3.86,25.93
2015-08-18,Nandi,2.62,23.09
2015-08-19,Nandi,7.37,27.61
2015-08-20,Nandi,2.36,25.29
2015-08-21,Nandi,7.75,25.32
2015-08-22,Nandi,5.08,19.66
2015-08-23,Nandi,5.78,19.36
2015-08-24,Nandi,8.93,25.8
2015-08-25,Nandi,7.37,20.61
2015-08-26,Nandi,4.75,29.64
2015-08-27,Nandi,4.94,26.1
2015-08-28,Nandi,5.36,22.98
2015-08-29,Nandi,5.4,30.08
2015-08-30,Nandi,9.69,23.85
2015-08-31,Nandi,5.67,24.89
2015-09-01,Nandi,4.57,25.17
2015-09-02,Nandi,1.41,24.47
2015-09-03,Nandi,10.47,22.5
2015-09-04,Nandi,4.88,19.04
2015-09-05,Nandi,7.34,26.91
2015-09-06,Nandi,4.39,21.46
2015-09-07,Nandi,5.49,22.03
2015-09-08,Nandi,10.69,28.41
2015-09-09,Nandi,2.29,22.31
2015-09-10,Nandi,4.21,28.11
2015-09-11,Nandi,5.53,22.41
2015-09-12,Nandi,5.46,24.24
2015-09-13,Nandi,5.02,19.94
2015-09-14,Nandi,5.11,27.09
2015-09-15,Nandi,2.17,26.69
2015-09-16,Nandi,5.74,19.75
2015-09-17,Nandi,5.54,19.3
2015-09-18,Nandi,4.11,20.68
2015-09-19,Nandi,7.94,22.69
2015-09-20,Nandi,7.89,30.55
2015-09-21,Nandi,5.24,24.22
2015-09-22,Nandi,3.62,26.5
2015-09-23,Nandi,7.4,23.4
2015-09-24,Nandi,2.42,20.27
2015-09-25,Nandi,0.0,23.17
2015-09-26,Nandi,2.72,24.25
2015-09-27,Nandi,7.42,21.87
2015-09-28,Nandi,2.64,24.57
2015-09-29,Nandi,6.59,26.91
2015-09-30,Nandi,6.82,22.58
2015-10-01,Nandi,13.07,19.68
2015-10-02,Nandi,11.25,23.07
2015-10-03,Nandi,7.77,23.49
2015-10-04,Nandi,8.74,21.18
2015-10-05,Nandi,15.83,26.81
2015-10-06,Nandi,16.2,23.41
2015-10-07,Nandi,12.84,24.79
2015-10-08,Nandi,12.25,24.4
2015-10-09,Nandi,12.36,25.57
2015-10-10,Nandi,13.33,19.28
2015-10-11,Nandi,13.15,24.62
2015-10-12,Nandi,11.69,22.43
2015-10-13,Nandi,10.18,23.51
2015-10-14,Nandi,6.72,26.56
2015-10-15,Nandi,16.43,22.83
2015-10-16,Nandi,15.94,20.1
2015-10-17,Nandi,8.87,23.3
2015-10-18,Nandi,8.19,21.14
2015-10-19,Nandi,7.46,25.01
2015-10-20,Nandi,2.94,23.51
2015-10-21,Nandi,4.76,23.54
2015-10-22,Nandi,2.55,24.97
2015-10-23,Nandi,9.53,21.96
2015-10-24,Nandi,6.73,22.64
2015-10-25,Nandi,4.33,22.62
2015-10-26,Nandi,11.29,22.57
2015-10-27,Nandi,7.9,24.31
2015-10-28,Nandi,12.11,23.05
2015-10-29,Nandi,13.26,26.31
2015-10-30,Nandi,14.65,21.91
2015-10-31,Nandi,14.07,21.49
2015-11-01,Nandi,8.75,20.09
2015-11-02,Nandi,9.33,24.22
2015-11-03,Nandi,4.78,28.07
2015-11-04,Nandi,12.42,21.13
2015-11-05,Nandi,11.5,23.3
2015-11-06,Nandi,13.61,27.25
2015-11-07,Nandi,9.83,24.42
2015-11-08,Nandi,10.8,25.98
2015-11-09,Nandi,9.05,24.44
2015-11-10,Nandi,7.7,23.43
2015-11-11,Nandi,11.53,28.45
2015-11-12,Nandi,4.94,25.76
2015-11-13,Nandi,17.2,20.45
2015-11-14,Nandi,10.97,18.84
2015-11-15,Nandi,4.48,22.86
2015-11-16,Nandi,7.32,18.75
2015-11-17,Nandi,6.13,24.51
2015-11-18,Nandi,7.63,23.27
2015-11-19,Nandi,8.08,22.65
2015-11-20,Nandi,12.82,22.88
2015-11-21,Nandi,15.95,20.97
2015-11-22,Nandi,6.21,25.58
2015-11-23,Nandi,12.53,29.43
2015-11-24,Nandi,9.89,26.25
2015-11-25,Nandi,11.15,19.95
2015-11-26,Nandi,7.92,20.71
2015-11-27,Nandi,15.15,25.92
2015-11-28,Nandi,7.86,25.15
2015-11-29,Nandi,7.55,30.1
2015-11-30,Nandi,2.03,20.79
2015-12-01,Nandi,3.18,21.81
2015-12-02,Nandi,3.2,22.2
2015-12-03,Nandi,2.97,26.98
2015-12-04,Nandi,7.9,28.44
2015-12-05,Nandi,5.71,28.26
2015-12-06,Nandi,5.52,21.78
2015-12-07,Nandi,4.68,25.06
2015-12-08,Nandi,6.45,21.62
2015-12-09,Nandi,6.74,21.29
2015-12-10,Nandi,5.97,24.37
2015-12-11,Nandi,5.53,27.05
2015-12-12,Nandi,5.32,22.89
2015-12-13,Nandi,4.33,23.16
2015-12-14,Nandi,9.16,24.75
2015-12-15,Nandi,8.73,22.96
2015-12-16,Nandi,8.48,19.08
2015-12-17,Nandi,5.33,22.82
2015-12-18,Nandi,4.52,19.98
2015-12-19,Nandi,5.3,19.78
2015-12-20,Nandi,6.56,18.96
2015-12-21,Nandi,8.59,24.7
2015-12-22,Nandi,2.61,20.03
2015-12-23,Nandi,5.56,22.33
2015-12-24,Nandi,6.74,19.23
2015-12-25,Nandi,7.57,28.97
2015-12-26,Nandi,6.61,18.84
2015-12-27,Nandi,4.74,22.61
2015-12-28,Nandi,2.04,22.17
2015-12-29,Nandi,5.06,25.49
2015-12-30,Nandi,1.42,21.61
2015-12-31,Nandi,6.51,15.57
2016-01-01,Nandi,6.76,25.81
2016-01-02,Nandi,1.82,21.6
2016-01-03,Nandi,2.83,18.84
2016-01-04,Nandi,8.54,18.55
2016-01-05,Nandi,2.87,27.11
2016-01-06,Nandi,6.75,26.55
2016-01-07,Nandi,5.28,26.87
2016-01-08,Nandi,4.44,25.82
2016-01-09,Nandi,2.48,25.95
2016-01-10,Nandi,3.32,23.98
2016-01-11,Nandi,5.17,27.64
2016-01-12,Nandi,6.29,26.33
2016-01-13,Nandi,2.64,24.52
2016-01-14,Nandi,5.09,30.13
2016-01-15,Nandi,2.86,26.05
2016-01-16,Nandi,4.05,16.6
2016-01-17,Nandi,5.54,21.97
2016-01-18,Nandi,9.84,22.41
2016-01-19,Nandi,5.13,26.46
2016-01-20,Nandi,4.07,23.38
2016-01-21,Nandi,3.73,21.7
2016-01-22,Nandi,5.98,28.77
2016-01-23,Nandi,5.93,18.15
2016-01-24,Nandi,5.84,20.12
2016-01-25,Nandi,4.71,26.39
2016-01-26,Nandi,6.19,22.21
2016-01-27,Nandi,4.55,29.0
2016-01-28,Nandi,2.58,20.12
2016-01-29,Nandi,3.06,20.07
2016-01-30,Nandi,1.1,23.55
2016-01-31,Nandi,0.77,24.36
2016-02-01,Nandi,2.6,29.16
2016-02-02,Nandi,7.55,20.4
2016-02-03,Nandi,5.06,23.07
2016-02-04,Nandi,4.24,20.77
2016-02-05,Nandi,3.19,19.94
2016-02-06,Nandi,3.57,23.5
2016-02-07,Nandi,5.7,22.42
2016-02-08,Nandi,3.03,24.11
2016-02-09,Nandi,6.58,19.33
2016-02-10,Nandi,9.01,23.7
2016-02-11,Nandi,5.44,23.84
2016-02-12,Nandi,6.33,23.23
2016-02-13,Nandi,7.54,20.93
2016-02-14,Nandi,5.18,26.39
2016-02-15,Nandi,5.0,22.58
2016-02-16,Nandi,6.76,21.05
2016-02-17,Nandi,3.46,25.57
2016-02-18,Nandi,8.34,24.64
2016-02-19,Nandi,8.39,25.17
2016-02-20,Nandi,8.94,19.67
2016-02-21,Nandi,6.82,21.6
2016-02-22,Nandi,6.04,20.92
2016-02-23,Nandi,4.07,25.41
2016-02-24,Nandi,5.5,29.43
2016-02-25,Nandi,2.93,23.53
2016-02-26,Nandi,5.98,19.67
2016-02-27,Nandi,7.85,21.93
2016-02-28,Nandi,7.12,25.43
2016-02-29,Nandi,4.66,26.02
2016-03-01,Nandi,11.54,18.89
2016-03-02,Nandi,11.31,24.14
2016-03-03,Nandi,11.65,21.26
2016-03-04,Nandi,16.4,22.19
2016-03-05,Nandi,17.69,27.45
2016-03-06,Nandi,16.82,25.2
2016-03-07,Nandi,24.78,25.54
2016-03-08,Nandi,2.29,26.85
2016-03-09,Nandi,18.63,28.73
2016-03-10,Nandi,31.24,20.75
2016-03-11,Nandi,14.77,28.37
2016-03-12,Nandi,19.45,24.4
2016-03-13,Nandi,20.78,21.45
2016-03-14,Nandi,25.25,28.03
2016-03-15,Nandi,7.58,25.2
2016-03-16,Nandi,9.84,20.66
2016-03-17,Nandi,8.87,27.12
2016-03-18,Nandi,18.46,19.62
2016-03-19,Nandi,13.46,22.34
2016-03-20,Nandi,12.84,23.48
2016-03-21,Nandi,10.84,27.51
2016-03-22,Nandi,17.96,29.85
2016-03-23,Nandi,15.7,22.6
2016-03-24,Nandi,10.27,24.4
2016-03-25,Nandi,10.49,26.59
2016-03-26,Nandi,26.08,21.82
2016-03-27,Nandi,13.99,16.99
2016-03-28,Nandi,18.14,19.51
2016-03-29,Nandi,1.43,30.42
2016-03-30,Nandi,9.65,19.09
2016-03-31,Nandi,8.65,21.1
2016-04-01,Nandi,22.52,22.68
2016-04-02,Nandi,11.38,24.59
2016-04-03,Nandi,24.68,20.88
2016-04-04,Nandi,18.75,20.55
2016-04-05,Nandi,12.43,17.33
2016-04-06,Nandi,15.87,23.0
2016-04-07,Nandi,17.69,22.41
2016-04-08,Nandi,20.21,21.14
2016-04-09,Nandi,5.05,21.12
2016-04-10,Nandi,22.04,22.14
2016-04-11,Nandi,18.0,20.1
2016-04-12,Nandi,10.76,23.74
2016-04-13,Nandi,35.31,22.35
2016-04-14,Nandi,13.34,24.63
2016-04-15,Nandi,13.88,17.8
2016-04-16,Nandi,17.7,24.12
2016-04-17,Nandi,8.64,22.71
2016-04-18,Nandi,24.99,26.13
2016-04-19,Nandi,17.87,26.19
2016-04-20,Nandi,12.75,27.31
2016-04-21,Nandi,16.45,20.09
2016-04-22,Nandi,4.96,29.1
2016-04-23,Nandi,21.04,19.18
2016-04-24,Nandi,21.16,27.82
2016-04-25,Nandi,14.62,25.14
2016-04-26,Nandi,21.56,21.25
2016-04-27,Nandi,14.84,19.59
2016-04-28,Nandi,10.66,30.54
2016-04-29,Nandi,6.89,24.9
2016-04-30,Nandi,19.58,29.63
2016-05-01,Nandi,7.44,22.95
2016-05-02,Nandi,13.62,24.75
2016-05-03,Nandi,12.79,20.87
2016-05-04,Nandi,31.72,25.25
2016-05-05,Nandi,22.2,21.1
2016-05-06,Nandi,12.39,17.41
2016-05-07,Nandi,14.94,21.46
2016-05-08,Nandi,18.7,24.64
2016-05-09,Nandi,10.9,27.15
2016-05-10,Nandi,8.09,31.93
2016-05-11,Nandi,22.46,25.53
2016-05-12,Nandi,15.99,25.69
2016-05-13,Nandi,17.29,25.02
2016-05-14,Nandi,20.28,27.2
2016-05-15,Nandi,20.23,22.51
2016-05-16,Nandi,13.06,24.48
2016-05-17,Nandi,16.37,23.87
2016-05-18,Nandi,13.4,27.95
2016-05-19,Nandi,17.66,26.55
2016-05-20,Nandi,20.24,21.22
2016-05-21,Nandi,11.51,24.0
2016-05-22,Nandi,21.13,22.69
2016-05-23,Nandi,18.34,21.78
2016-05-24,Nandi,9.74,27.02
2016-05-25,Nandi,12.13,29.28
2016-05-26,Nandi,26.35,25.28
2016-05-27,Nandi,19.33,27.77
2016-05-28,Nandi,19.57,22.25
2016-05-29,Nandi,13.83,27.52
2016-05-30,Nandi,25.63,24.73
2016-05-31,Nandi,17.87,23.91
2016-06-01,Nandi,3.67,27.24
2016-06-02,Nandi,9.68,18.37
2016-06-03,Nandi,3.9,23.47
2016-06-04,Nandi,4.1,26.23
2016-06-05,Nandi,7.26,21.66
2016-06-06,Nandi,4.15,25.38
2016-06-07,Nandi,5.0,27.1
2016-06-08,Nandi,5.31,24.02
2016-06-09,Nandi,8.26,26.94
2016-06-10,Nandi,6.41,33.85
2016-06-11,Nandi,5.84,23.13
2016-06-12,Nandi,6.75,23.16
2016-06-13,Nandi,5.53,23.91
2016-06-14,Nandi,1.75,24.95
2016-06-15,Nandi,6.11,24.44
2016-06-16,Nandi,3.99,26.22
2016-06-17,Nandi,8.16,19.48
2016-06-18,Nandi,3.98,21.38
2016-06-19,Nandi,4.12,20.05
2016-06-20,Nandi,3.13,24.06
2016-06-21,Nandi,2.71,25.66
2016-06-22,Nandi,7.3,20.17
2016-06-23,Nandi,3.47,18.58
2016-06-24,Nandi,3.48,28.64
2016-06-25,Nandi,2.52,24.19
2016-06-26,Nandi,8.51,24.33
2016-06-27,Nandi,3.55,28.65
2016-06-28,Nandi,2.92,19.38
2016-06-29,Nandi,2.59,26.2
2016-06-30,Nandi,6.63,32.95
2016-07-01,Nandi,5.55,22.84
2016-07-02,Nandi,6.55,23.53
2016-07-03,Nandi,3.25,19.87
2016-07-04,Nandi,3.78,22.54
2016-07-05,Nandi,3.88,23.15
2016-07-06,Nandi,3.51,29.64
2016-07-07,Nandi,6.66,26.14
2016-07-08,Nandi,3.89,21.25
2016-07-09,Nandi,6.06,24.64
2016-07-10,Nandi,4.68,24.18
2016-07-11,Nandi,5.59,25.4
2016-07-12,Nandi,5.9,26.95
2016-07-13,Nandi,6.23,19.87
2016-07-14,Nandi,3.5,22.98
2016-07-15,Nandi,5.59,29.9
2016-07-16,Nandi,3.43,21.85
2016-07-17,Nandi,4.66,22.17
2016-07-18,Nandi,2.99,23.87
2016-07-19,Nandi,6.53,23.08
2016-07-20,Nandi,5.89,24.77
2016-07-21,Nandi,7.51,24.05
2016-07-22,Nandi,2.54,29.95
2016-07-23,Nandi,6.05,24.97
2016-07-24,Nandi,8.92,24.1
2016-07-25,Nandi,4.97,18.93
2016-07-26,Nandi,5.97,24.69
2016-07-27,Nandi,5.53,24.08
2016-07-28,Nandi,0.95,24.5
2016-07-29,Nandi,5.2,24.16
2016-07-30,Nandi,0.0,24.72
2016-07-31,Nandi,4.59,30.92
2016-08-01,Nandi,4.14,23.77
2016-08-02,Nandi,4.87,19.02
2016-08-03,Nandi,4.52,23.5
2016-08-04,Nandi,3.25,26.82
2016-08-05,Nandi,5.16,21.43
2016-08-06,Nandi,7.93,27.1
2016-08-07,Nandi,4.64,23.08
2016-08-08,Nandi,5.62,22.15
2016-08-09,Nandi,10.47,20.17
2016-08-10,Nandi,2.94,25.19
2016-08-11,Nandi,2.92,27.76
2016-08-12,Nandi,6.02,20.68
2016-08-13,Nandi,6.75,20.76
2016-08-14,Nandi,5.5,20.14
2016-08-15,Nandi,3.51,23.7
2016-08-16,Nandi,4.38,30.4
2016-08-17,Nandi,1.13,23.12
2016-08-18,Nandi,1.29,26.66
2016-08-19,Nandi,5.7,24.56
2016-08-20,Nandi,5.25,30.52
2016-08-21,Nandi,4.4,28.3
2016-08-22,Nandi,6.12,22.5
2016-08-23,Nandi,4.16,25.8
2016-08-24,Nandi,6.46,23.71
2016-08-25,Nandi,6.71,27.06
2016-08-26,Nandi,5.78,20.84
2016-08-27,Nandi,4.07,26.15
2016-08-28,Nandi,6.97,25.67
2016-08-29,Nandi,3.76,21.49
2016-08-30,Nandi,3.82,23.51
2016-08-31,Nandi,3.84,28.61
2016-09-01,Nandi,6.84,26.18
2016-09-02,Nandi,7.78,21.93
2016-09-03,Nandi,3.67,22.02
2016-09-04,Nandi,5.0,23.61
2016-09-05,Nandi,5.66,24.53
2016-09-06,Nandi,5.06,19.37
2016-09-07,Nandi,3.97,26.96
2016-09-08,Nandi,3.85,21.87
2016-09-09,Nandi,6.01,19.07
2016-09-10,Nandi,9.62,21.61
2016-09-11,Nandi,5.6,22.14
2016-09-12,Nandi,7.78,18.42
2016-09-13,Nandi,6.21,18.45
2016-09-14,Nandi,4.47,20.55
2016-09-15,Nandi,8.06,24.35
2016-09-16,Nandi,3.72,27.63
2016-09-17,Nandi,5.59,19.0
2016-09-18,Nandi,5.21,24.15
2016-09-19,Nandi,5.7,20.0
2016-09-20,Nandi,6.44,26.22
2016-09-21,Nandi,4.62,23.81
2016-09-22,Nandi,4.68,23.35
2016-09-23,Nandi,4.24,24.28
2016-09-24,Nandi,3.73,22.72
2016-09-25,Nandi,5.65,23.92
2016-09-26,Nandi,5.7,25.72
2016-09-27,Nandi,3.01,15.96
2016-09-28,Nandi,5.28,24.31
2016-09-29,Nandi,8.16,26.71
2016-09-30,Nandi,5.8,26.18
2016-10-01,Nandi,4.94,21.17
2015-01-01,Baringo,6.39,22.17
2015-01-02,Baringo,5.48,24.36
2015-01-03,Baringo,5.94,26.39
2015-01-04,Baringo,9.87,20.65
2015-01-05,Baringo,3.91,21.7
2015-01-06,Baringo,5.09,23.87
2015-01-07,Baringo,3.96,20.97
2015-01-08,Baringo,6.67,25.94
2015-01-09,Baringo,5.63,26.42
2015-01-10,Baringo,4.56,24.07
2015-01-11,Baringo,6.47,25.86
2015-01-12,Baringo,5.68,21.8
2015-01-13,Baringo,8.66,25.0
2015-01-14,Baringo,6.0,24.2
2015-01-15,Baringo,5.22,22.05
2015-01-16,Baringo,5.7,24.88
2015-01-17,Baringo,4.42,25.73
2015-01-18,Baringo,4.98,22.7
2015-01-19,Baringo,4.49,21.23
2015-01-20,Baringo,5.85,24.97
2015-01-21,Baringo,5.95,22.18
2015-01-22,Baringo,7.21,24.27
2015-01-23,Baringo,5.08,23.06
2015-01-24,Baringo,2.92,23.39
2015-01-25,Baringo,5.39,22.28
2015-01-26,Baringo,3.07,19.82
2015-01-27,Baringo,8.06,21.8
2015-01-28,Baringo,5.76,19.42
2015-01-29,Baringo,5.28,21.7
2015-01-30,Baringo,0.0,21.4
2015-01-31,Baringo,5.21,23.82
2015-02-01,Baringo,9.42,22.11
2015-02-02,Baringo,5.6,21.54
2015-02-03,Baringo,7.2,24.13
2015-02-04,Baringo,7.87,20.16
2015-02-05,Baringo,4.35,27.71
2015-02-06,Baringo,5.67,22.19
2015-02-07,Baringo,4.62,22.9
2015-02-08,Baringo,4.82,26.94
2015-02-09,Baringo,4.75,22.94
2015-02-10,Baringo,9.26,24.83
2015-02-11,Baringo,5.97,23.11
2015-02-12,Baringo,5.93,24.04
2015-02-13,Baringo,2.51,26.68
2015-02-14,Baringo,2.81,23.73
2015-02-15,Baringo,3.05,26.83
2015-02-16,Baringo,3.53,22.05
2015-02-17,Baringo,6.07,19.36
2015-02-18,Baringo,7.39,21.76
2015-02-19,Baringo,9.69,21.38
2015-02-20,Baringo,4.64,25.1
2015-02-21,Baringo,7.39,23.1
2015-02-22,Baringo,7.07,19.12
2015-02-23,Baringo,9.69,25.41
2015-02-24,Baringo,4.68,20.24
2015-02-25,Baringo,5.95,24.98
2015-02-26,Baringo,3.01,27.0
2015-02-27,Baringo,6.67,19.28
2015-02-28,Baringo,5.76,26.52
2015-03-01,Baringo,20.48,27.64
2015-03-02,Baringo,15.3,25.68
2015-03-03,Baringo,7.14,22.42
2015-03-04,Baringo,20.52,18.01
2015-03-05,Baringo,13.52,24.93
2015-03-06,Baringo,17.85,27.41
2015-03-07,Baringo,29.41,25.09
2015-03-08,Baringo,2.97,25.0
2015-03-09,Baringo,20.34,22.24
2015-03-10,Baringo,12.1,27.6
2015-03-11,Baringo,7.68,25.23
2015-03-12,Baringo,16.47,23.26
2015-03-13,Baringo,24.66,25.23
2015-03-14,Baringo,22.03,26.41
2015-03-15,Baringo,21.82,17.02
2015-03-16,Baringo,12.98,19.44
2015-03-17,Baringo,17.86,27.12
2015-03-18,Baringo,17.65,23.13
2015-03-19,Baringo,6.77,22.25
2015-03-20,Baringo,17.47,26.51
2015-03-21,Baringo,16.19,23.81
2015-03-22,Baringo,22.14,27.87
2015-03-23,Baringo,14.24,27.61
2015-03-24,Baringo,15.62,26.83
2015-03-25,Baringo,19.65,19.76
2015-03-26,Baringo,19.3,23.52
2015-03-27,Baringo,19.07,24.32
2015-03-28,Baringo,8.1,25.53
2015-03-29,Baringo,18.4,22.59
2015-03-30,Baringo,16.71,22.94
2015-03-31,Baringo,16.25,27.85
2015-04-01,Baringo,18.47,25.2
2015-04-02,Baringo,12.24,27.61
2015-04-03,Baringo,16.91,26.51
2015-04-04,Baringo,28.93,22.34
2015-04-05,Baringo,12.58,25.78
2015-04-06,Baringo,16.02,20.18
2015-04-07,Baringo,11.74,20.56
2015-04-08,Baringo,15.91,22.36
2015-04-09,Baringo,15.21,22.34
2015-04-10,Baringo,13.15,27.14
2015-04-11,Baringo,12.4,24.46
2015-04-12,Baringo,13.67,23.89
2015-04-13,Baringo,15.34,18.56
2015-04-14,Baringo,15.7,22.34
2015-04-15,Baringo,15.33,23.59
2015-04-16,Baringo,13.05,24.0
2015-04-17,Baringo,16.46,16.52
2015-04-18,Baringo,24.46,24.23
2015-04-19,Baringo,12.38,24.88
2015-04-20,Baringo,12.34,26.37
2015-04-21,Baringo,0.8,18.85
2015-04-22,Baringo,6.55,25.25
2015-04-23,Baringo,17.81,21.96
2015-04-24,Baringo,14.41,21.7
2015-04-25,Baringo,13.53,22.07
2015-04-26,Baringo,17.57,28.47
2015-04-27,Baringo,4.21,20.3
2015-04-28,Baringo,12.28,24.53
2015-04-29,Baringo,9.3,19.4
2015-04-30,Baringo,15.76,26.63
2015-05-01,Baringo,10.56,23.59
2015-05-02,Baringo,11.9,24.64
2015-05-03,Baringo,8.47,22.14
2015-05-04,Baringo,16.09,27.12
2015-05-05,Baringo,16.69,23.14
2015-05-06,Baringo,15.24,19.6
2015-05-07,Baringo,18.04,26.33
2015-05-08,Baringo,2.66,29.22
2015-05-09,Baringo,23.2,26.2
2015-05-10,Baringo,15.89,20.78
2015-05-11,Baringo,11.17,18.42
2015-05-12,Baringo,15.9,21.33
2015-05-13,Baringo,17.24,27.32
2015-05-14,Baringo,16.92,23.06
2015-05-15,Baringo,17.95,21.48
2015-05-16,Baringo,16.32,24.83
2015-05-17,Baringo,5.89,23.4
2015-05-18,Baringo,10.4,22.58
2015-05-19,Baringo,16.43,28.18
2015-05-20,Baringo,19.25,24.71
2015-05-21,Baringo,15.15,25.39
2015-05-22,Baringo,12.55,20.02
2015-05-23,Baringo,12.25,21.06
2015-05-24,Baringo,21.71,26.78
2015-05-25,Baringo,9.78,24.15
2015-05-26,Baringo,12.54,18.66
2015-05-27,Baringo,20.45,21.32
2015-05-28,Baringo,19.68,25.02
2015-05-29,Baringo,17.54,25.93
2015-05-30,Baringo,17.75,23.79
2015-05-31,Baringo,12.21,24.81
2015-06-01,Baringo,4.86,25.33
2015-06-02,Baringo,4.79,22.44
2015-06-03,Baringo,9.32,22.12
2015-06-04,Baringo,2.53,17.97
2015-06-05,Baringo,7.03,24.29
2015-06-06,Baringo,1.28,25.32
2015-06-07,Baringo,4.25,26.41
2015-06-08,Baringo,4.5,22.96
2015-06-09,Baringo,7.08,24.09
2015-06-10,Baringo,5.91,26.91
2015-06-11,Baringo,4.15,27.77
2015-06-12,Baringo,3.08,24.01
2015-06-13,Baringo,7.69,27.92
2015-06-14,Baringo,5.93,29.19
2015-06-15,Baringo,6.6,26.18
2015-06-16,Baringo,6.5,25.05
2015-06-17,Baringo,5.53,23.92
2015-06-18,Baringo,4.91,20.48
2015-06-19,Baringo,7.89,25.14
2015-06-20,Baringo,4.54,23.84
2015-06-21,Baringo,3.09,22.2
2015-06-22,Baringo,2.84,23.43
2015-06-23,Baringo,7.02,24.6
2015-06-24,Baringo,5.66,26.26
2015-06-25,Baringo,6.0,21.25
2015-06-26,Baringo,3.2,19.63
2015-06-27,Baringo,3.48,27.93
2015-06-28,Baringo,6.74,26.31
2015-06-29,Baringo,2.6,22.31
2015-06-30,Baringo,8.81,21.17
2015-07-01,Baringo,1.97,19.84
2015-07-02,Baringo,0.94,24.9
2015-07-03,Baringo,5.6,23.85
2015-07-04,Baringo,4.96,24.16
2015-07-05,Baringo,3.94,26.83
2015-07-06,Baringo,4.22,25.84
2015-07-07,Baringo,5.27,28.44
2015-07-08,Baringo,3.36,22.5
2015-07-09,Baringo,7.32,25.27
2015-07-10,Baringo,6.63,26.63
2015-07-11,Baringo,4.84,23.6
2015-07-12,Baringo,3.83,22.45
2015-07-13,Baringo,4.59,20.89
2015-07-14,Baringo,3.71,26.25
2015-07-15,Baringo,5.1,21.74
2015-07-16,Baringo,5.2,24.91
2015-07-17,Baringo,5.01,25.68
2015-07-18,Baringo,2.74,25.15
2015-07-19,Baringo,6.58,15.76
2015-07-20,Baringo,2.78,19.15
2015-07-21,Baringo,1.37,22.53
2015-07-22,Baringo,2.19,21.91
2015-07-23,Baringo,5.07,23.08
2015-07-24,Baringo,4.14,25.44
2015-07-25,Baringo,4.95,26.16
2015-07-26,Baringo,3.95,21.63
2015-07-27,Baringo,3.98,24.74
2015-07-28,Baringo,6.31,23.13
2015-07-29,Baringo,4.36,25.53
2015-07-30,Baringo,5.01,30.23
2015-07-31,Baringo,4.6,26.31
2015-08-01,Baringo,7.02,27.21
2015-08-02,Baringo,3.12,22.51
2015-08-03,Baringo,5.53,27.39
2015-08-04,Baringo,6.4,24.35
2015-08-05,Baringo,3.49,20.64
2015-08-06,Baringo,5.35,25.21
2015-08-07,Baringo,7.12,30.05
2015-08-08,Baringo,5.83,19.11
2015-08-09,Baringo,2.51,19.91
2015-08-10,Baringo,7.15,24.69
2015-08-11,Baringo,1.6,25.68
2015-08-12,Baringo,5.22,18.84
2015-08-13,Baringo,4.43,20.15
2015-08-14,Baringo,4.67,22.4
2015-08-15,Baringo,7.3,28.23
2015-08-16,Baringo,1.55,27.95
2015-08-17,Baringo,2.64,21.27
2015-08-18,Baringo,6.5,26.41
2015-08-19,Baringo,5.9,26.02
2015-08-20,Baringo,5.95,24.82
2015-08-21,Baringo,3.67,24.7
2015-08-22,Baringo,5.79,24.61
2015-08-23,Baringo,9.25,19.26
2015-08-24,Baringo,6.12,30.17
2015-08-25,Baringo,4.5,23.71
2015-08-26,Baringo,9.05,25.44
2015-08-27,Baringo,6.1,26.29
2015-08-28,Baringo,3.33,20.45
2015-08-29,Baringo,6.32,20.17
2015-08-30,Baringo,4.53,17.8
2015-08-31,Baringo,5.98,25.12
2015-09-01,Baringo,3.75,16.65
2015-09-02,Baringo,3.64,26.73
2015-09-03,Baringo,2.2,23.72
2015-09-04,Baringo,3.28,23.2
2015-09-05,Baringo,3.0,26.03
2015-09-06,Baringo,5.99,25.01
2015-09-07,Baringo,8.41,26.3
2015-09-08,Baringo,2.63,30.02
2015-09-09,Baringo,6.05,23.09
2015-09-10,Baringo,4.33,23.2
2015-09-11,Baringo,0.0,23.88
2015-09-12,Baringo,4.52,25.56
2015-09-13,Baringo,3.21,17.9
2015-09-14,Baringo,5.69,20.46
2015-09-15,Baringo,7.52,20.85
2015-09-16,Baringo,3.41,22.67
2015-09-17,Baringo,5.2,19.02
2015-09-18,Baringo,8.96,23.69
2015-09-19,Baringo,3.43,20.67
2015-09-20,Baringo,6.56,25.57
2015-09-21,Baringo,5.22,20.67
2015-09-22,Baringo,6.53,20.66
2015-09-23,Baringo,6.03,20.04
2015-09-24,Baringo,3.39,22.56
2015-09-25,Baringo,6.26,21.15
2015-09-26,Baringo,4.06,25.8
2015-09-27,Baringo,5.47,23.42
2015-09-28,Baringo,8.13,23.14
2015-09-29,Baringo,7.24,23.6
2015-09-30,Baringo,3.2,22.54
2015-10-01,Baringo,8.45,25.97
2015-10-02,Baringo,11.1,22.92
2015-10-03,Baringo,11.83,30.03
2015-10-04,Baringo,7.3,21.87
2015-10-05,Baringo,11.61,26.93
2015-10-06,Baringo,10.67,27.47
2015-10-07,Baringo,8.93,23.43
2015-10-08,Baringo,3.43,25.58
2015-10-09,Baringo,10.2,28.72
2015-10-10,Baringo,11.32,22.7
2015-10-11,Baringo,10.33,21.96
2015-10-12,Baringo,6.46,17.95
2015-10-13,Baringo,9.69,24.16
2015-10-14,Baringo,12.73,25.28
2015-10-15,Baringo,12.89,22.21
2015-10-16,Baringo,9.64,23.0
2015-10-17,Baringo,14.58,18.79
2015-10-18,Baringo,11.94,19.63
2015-10-19,Baringo,7.83,26.52
2015-10-20,Baringo,17.62,27.4
2015-10-21,Baringo,11.18,23.49
2015-10-22,Baringo,7.96,28.14
2015-10-23,Baringo,9.58,20.74
2015-10-24,Baringo,9.21,26.53
2015-10-25,Baringo,10.43,24.17
2015-10-26,Baringo,10.39,18.74
2015-10-27,Baringo,9.7,25.05
2015-10-28,Baringo,5.05,18.49
2015-10-29,Baringo,13.51,23.32
2015-10-30,Baringo,12.72,26.43
2015-10-31,Baringo,20.32,26.4
2015-11-01,Baringo,5.9,24.87
2015-11-02,Baringo,8.84,16.55
2015-11-03,Baringo,15.93,20.19
2015-11-04,Baringo,8.45,22.02
2015-11-05,Baringo,13.25,23.89
2015-11-06,Baringo,7.13,22.89
2015-11-07,Baringo,9.36,25.56
2015-11-08,Baringo,15.07,25.23
2015-11-09,Baringo,8.08,25.16
2015-11-10,Baringo,5.95,21.05
2015-11-11,Baringo,7.54,21.02
2015-11-12,Baringo,10.94,24.16
2015-11-13,Baringo,3.54,24.67
2015-11-14,Baringo,8.76,20.48
2015-11-15,Baringo,11.69,23.19
2015-11-16,Baringo,8.03,28.33
2015-11-17,Baringo,8.59,26.73
2015-11-18,Baringo,14.08,25.13
2015-11-19,Baringo,9.64,24.24
2015-11-20,Baringo,10.03,25.1
2015-11-21,Baringo,10.38,22.64
2015-11-22,Baringo,13.47,24.21
2015-11-23,Baringo,9.3,23.98
2015-11-24,Baringo,14.86,21.38
2015-11-25,Baringo,15.58,26.57
2015-11-26,Baringo,16.51,19.79
2015-11-27,Baringo,5.69,25.86
2015-11-28,Baringo,13.43,22.27
2015-11-29,Baringo,12.87,21.85
2015-11-30,Baringo,16.21,22.5
2015-12-01,Baringo,4.44,24.63
2015-12-02,Baringo,5.78,23.27
2015-12-03,Baringo,7.09,27.16
2015-12-04,Baringo,2.85,24.58
2015-12-05,Baringo,7.84,25.88
2015-12-06,Baringo,6.82,24.98
2015-12-07,Baringo,5.31,21.35
2015-12-08,Baringo,2.9,21.82
2015-12-09,Baringo,4.69,25.39
2015-12-10,Baringo,4.75,25.04
2015-12-11,Baringo,5.54,28.38
2015-12-12,Baringo,4.4,25.91
2015-12-13,Baringo,6.24,25.38
2015-12-14,Baringo,4.23,21.49
2015-12-15,Baringo,4.82,21.46
2015-12-16,Baringo,7.89,18.14
2015-12-17,Baringo,4.26,23.07
2015-12-18,Baringo,3.56,28.77
2015-12-19,Baringo,7.23,19.82
2015-12-20,Baringo,4.55,21.01
2015-12-21,Baringo,1.97,28.81
2015-12-22,Baringo,8.55,23.42
2015-12-23,Baringo,2.29,24.33
2015-12-24,Baringo,5.8,24.86
2015-12-25,Baringo,4.49,21.91
2015-12-26,Baringo,5.19,18.61
2015-12-27,Baringo,6.95,27.94
2015-12-28,Baringo,5.49,26.7
2015-12-29,Baringo,3.25,23.2
2015-12-30,Baringo,9.54,24.24
2015-12-31,Baringo,4.71,23.6
2016-01-01,Baringo,3.55,29.1
2016-01-02,Baringo,5.73,28.23
2016-01-03,Baringo,4.96,23.22
2016-01-04,Baringo,4.24,25.34
2016-01-05,Baringo,0.37,23.39
2016-01-06,Baringo,10.89,25.2
2016-01-07,Baringo,7.14,24.96
2016-01-08,Baringo,0.0,22.34
2016-01-09,Baringo,6.03,22.91
2016-01-10,Baringo,5.58,26.2
2016-01-11,Baringo,5.7,26.78
2016-01-12,Baringo,3.46,31.53
2016-01-13,Baringo,5.34,21.57
2016-01-14,Baringo,3.99,23.4
2016-01-15,Baringo,1.88,27.04
2016-01-16,Baringo,4.94,27.24
2016-01-17,Baringo,1.92,24.13
2016-01-18,Baringo,4.08,21.84
2016-01-19,Baringo,3.65,24.55
2016-01-20,Baringo,7.34,22.06
2016-01-21,Baringo,6.47,26.78
2016-01-22,Baringo,7.48,19.78
2016-01-23,Baringo,5.34,19.97
2016-01-24,Baringo,5.64,24.07
2016-01-25,Baringo,6.72,17.34
2016-01-26,Baringo,3.71,26.36
2016-01-27,Baringo,0.0,29.87
2016-01-28,Baringo,5.02,23.13
2016-01-29,Baringo,1.59,22.94
2016-01-30,Baringo,6.02,27.37
2016-01-31,Baringo,7.16,20.62
2016-02-01,Baringo,3.04,22.29
2016-02-02,Baringo,1.9,25.38
2016-02-03,Baringo,5.67,23.01
2016-02-04,Baringo,3.25,21.39
2016-02-05,Baringo,2.74,20.18
2016-02-06,Baringo,3.48,21.71
2016-02-07,Baringo,10.24,19.83
2016-02-08,Baringo,5.06,24.01
2016-02-09,Baringo,5.22,21.54
2016-02-10,Baringo,4.67,23.07
2016-02-11,Baringo,2.61,22.17
2016-02-12,Baringo,7.76,19.37
2016-02-13,Baringo,6.22,27.1
2016-02-14,Baringo,4.49,24.9
2016-02-15,Baringo,5.55,20.25
2016-02-16,Baringo,5.95,22.88
2016-02-17,Baringo,3.01,20.29
2016-02-18,Baringo,5.26,22.67
2016-02-19,Baringo,6.5,17.7
2016-02-20,Baringo,6.17,26.16
2016-02-21,Baringo,3.31,25.59
2016-02-22,Baringo,2.73,21.44
2016-02-23,Baringo,5.21,23.69
2016-02-24,Baringo,5.8,25.6
2016-02-25,Baringo,3.01,18.09
2016-02-26,Baringo,3.32,23.67
2016-02-27,Baringo,3.66,15.52
2016-02-28,Baringo,8.53,28.29
2016-02-29,Baringo,3.17,22.71
2016-03-01,Baringo,20.11,26.26
2016-03-02,Baringo,13.14,25.27
2016-03-03,Baringo,12.64,15.89
2016-03-04,Baringo,15.44,18.45
2016-03-05,Baringo,19.27,22.94
2016-03-06,Baringo,16.21,24.95
2016-03-07,Baringo,17.31,27.12
2016-03-08,Baringo,16.94,25.44
2016-03-09,Baringo,17.99,22.25
2016-03-10,Baringo,18.64,26.06
2016-03-11,Baringo,24.91,24.35
2016-03-12,Baringo,8.43,22.22
2016-03-13,Baringo,7.81,24.86
2016-03-14,Baringo,13.01,26.27
2016-03-15,Baringo,15.96,22.35
2016-03-16,Baringo,22.12,23.26
2016-03-17,Baringo,15.51,26.59
2016-03-18,Baringo,26.0,21.32
2016-03-19,Baringo,15.72,25.61
2016-03-20,Baringo,15.02,27.67
2016-03-21,Baringo,16.18,28.22
2016-03-22,Baringo,9.85,20.39
2016-03-23,Baringo,5.85,25.62
2016-03-24,Baringo,18.04,25.36
2016-03-25,Baringo,16.13,15.98
2016-03-26,Baringo,12.77,25.36
2016-03-27,Baringo,22.56,23.07
2016-03-28,Baringo,28.1,27.01
2016-03-29,Baringo,11.61,22.9
2016-03-30,Baringo,13.16,25.33
2016-03-31,Baringo,18.48,27.74
2016-04-01,Baringo,12.07,16.85
2016-04-02,Baringo,6.82,24.86
2016-04-03,Baringo,11.99,23.93
2016-04-04,Baringo,10.12,22.02
2016-04-05,Baringo,10.39,20.16
2016-04-06,Baringo,19.68,26.93
2016-04-07,Baringo,27.15,21.59
2016-04-08,Baringo,5.46,22.38
2016-04-09,Baringo,18.56,27.38
2016-04-10,Baringo,20.49,26.38
2016-04-11,Baringo,21.02,21.23
2016-04-12,Baringo,21.57,23.08
2016-04-13,Baringo,21.39,22.59
2016-04-14,Baringo,14.09,23.03
2016-04-15,Baringo,15.56,26.19
2016-04-16,Baringo,14.47,23.92
2016-04-17,Baringo,13.52,18.67
2016-04-18,Baringo,10.12,24.31
2016-04-19,Baringo,16.16,23.04
2016-04-20,Baringo,15.28,22.86
2016-04-21,Baringo,7.53,24.53
2016-04-22,Baringo,8.22,22.32
2016-04-23,Baringo,22.71,25.02
2016-04-24,Baringo,11.24,20.03
2016-04-25,Baringo,28.56,27.93
2016-04-26,Baringo,15.78,25.8
2016-04-27,Baringo,17.89,22.16
2016-04-28,Baringo,11.19,22.74
2016-04-29,Baringo,11.13,23.44
2016-04-30,Baringo,5.26,19.97
2016-05-01,Baringo,15.65,25.59
2016-05-02,Baringo,18.63,27.01
2016-05-03,Baringo,13.67,24.25
2016-05-04,Baringo,11.03,23.28
2016-05-05,Baringo,11.15,26.95
2016-05-06,Baringo,25.79,22.66
2016-05-07,Baringo,18.32,18.56
2016-05-08,Baringo,17.95,21.62
2016-05-09,Baringo,11.32,26.28
2016-05-10,Baringo,9.88,25.46
2016-05-11,Baringo,15.55,21.52
2016-05-12,Baringo,20.46,23.62
2016-05-13,Baringo,17.67,25.74
2016-05-14,Baringo,13.42,24.34
2016-05-15,Baringo,8.83,24.71
2016-05-16,Baringo,12.29,24.8
2016-05-17,Baringo,14.11,25.41
2016-05-18,Baringo,17.67,18.1
2016-05-19,Baringo,20.78,23.36
2016-05-20,Baringo,0.69,24.53
2016-05-21,Baringo,12.76,27.73
2016-05-22,Baringo,22.7,20.77
2016-05-23,Baringo,16.61,23.57
2016-05-24,Baringo,10.14,22.8
2016-05-25,Baringo,10.81,24.76
2016-05-26,Baringo,26.64,25.22
2016-05-27,Baringo,6.08,24.17
2016-05-28,Baringo,15.6,24.28
2016-05-29,Baringo,17.61,28.34
2016-05-30,Baringo,26.58,21.25
2016-05-31,Baringo,9.52,19.89
2016-06-01,Baringo,5.75,21.6
2016-06-02,Baringo,6.14,25.88
2016-06-03,Baringo,6.34,24.83
2016-06-04,Baringo,6.03,25.27
2016-06-05,Baringo,7.82,26.74
2016-06-06,Baringo,4.95,28.38
2016-06-07,Baringo,4.92,24.69
2016-06-08,Baringo,1.55,27.22
2016-06-09,Baringo,5.36,17.49
2016-06-10,Baringo,3.28,24.27
2016-06-11,Baringo,2.68,20.94
2016-06-12,Baringo,8.29,25.78
2016-06-13,Baringo,7.1,25.62
2016-06-14,Baringo,4.49,23.84
2016-06-15,Baringo,3.98,25.31
2016-06-16,Baringo,7.26,26.28
2016-06-17,Baringo,1.15,29.08
2016-06-18,Baringo,7.65,24.68
2016-06-19,Baringo,6.28,18.51
2016-06-20,Baringo,1.36,24.39
2016-06-21,Baringo,3.77,23.52
2016-06-22,Baringo,9.07,25.95
2016-06-23,Baringo,5.44,25.5
2016-06-24,Baringo,6.33,23.5
2016-06-25,Baringo,4.69,23.64
2016-06-26,Baringo,4.46,19.75
2016-06-27,Baringo,3.27,24.37
2016-06-28,Baringo,4.86,26.39
2016-06-29,Baringo,5.84,22.14
2016-06-30,Baringo,6.86,21.93
2016-07-01,Baringo,6.22,22.02
2016-07-02,Baringo,5.0,23.5
2016-07-03,Baringo,4.33,22.07
2016-07-04,Baringo,7.18,25.43
2016-07-05,Baringo,5.2,29.85
2016-07-06,Baringo,3.95,21.41
2016-07-07,Baringo,8.01,29.92
2016-07-08,Baringo,3.39,22.11
2016-07-09,Baringo,4.99,25.75
2016-07-10,Baringo,6.17,29.58
2016-07-11,Baringo,4.12,24.0
2016-07-12,Baringo,4.05,21.06
2016-07-13,Baringo,5.63,30.25
2016-07-14,Baringo,4.66,23.95
2016-07-15,Baringo,5.37,28.58
2016-07-16,Baringo,4.26,19.71
2016-07-17,Baringo,6.03,23.84
2016-07-18,Baringo,0.0,25.33
2016-07-19,Baringo,3.33,21.51
2016-07-20,Baringo,5.25,24.44
2016-07-21,Baringo,3.91,24.44
2016-07-22,Baringo,6.62,26.74
2016-07-23,Baringo,4.55,22.87
2016-07-24,Baringo,6.65,27.28
2016-07-25,Baringo,5.4,23.34
2016-07-26,Baringo,5.28,25.89
2016-07-27,Baringo,8.19,24.6
2016-07-28,Baringo,4.17,25.08
2016-07-29,Baringo,5.55,22.04
2016-07-30,Baringo,6.15,22.13
2016-07-31,Baringo,5.8,22.76
2016-08-01,Baringo,6.71,25.17
2016-08-02,Baringo,2.25,25.49
2016-08-03,Baringo,4.12,29.55
2016-08-04,Baringo,1.59,25.98
2016-08-05,Baringo,6.83,28.42
2016-08-06,Baringo,7.11,14.58
2016-08-07,Baringo,4.54,20.63
2016-08-08,Baringo,4.92,23.1
2016-08-09,Baringo,1.73,20.51
2016-08-10,Baringo,1.83,20.79
2016-08-11,Baringo,4.62,24.27
2016-08-12,Baringo,9.1,20.19
2016-08-13,Baringo,2.53,24.43
2016-08-14,Baringo,7.54,21.96
2016-08-15,Baringo,4.76,23.06
2016-08-16,Baringo,4.45,24.13
2016-08-17,Baringo,4.79,26.49
2016-08-18,Baringo,4.99,25.22
2016-08-19,Baringo,4.98,27.44
2016-08-20,Baringo,3.57,17.43
2016-08-21,Baringo,9.49,22.03
2016-08-22,Baringo,10.17,26.12
2016-08-23,Baringo,7.3,29.95
2016-08-24,Baringo,1.78,24.9
2016-08-25,Baringo,4.2,23.35
2016-08-26,Baringo,4.03,21.19
2016-08-27,Baringo,5.56,21.03
2016-08-28,Baringo,2.92,24.69
2016-08-29,Baringo,2.91,23.4
2016-08-30,Baringo,6.62,21.61
2016-08-31,Baringo,3.07,23.63
2016-09-01,Baringo,4.83,20.38
2016-09-02,Baringo,4.15,21.43
2016-09-03,Baringo,4.75,31.42
2016-09-04,Baringo,5.52,22.95
2016-09-05,Baringo,7.27,17.86
2016-09-06,Baringo,6.35,26.72
2016-09-07,Baringo,6.81,27.12
2016-09-08,Baringo,8.0,22.12
2016-09-09,Baringo,3.42,20.38
2016-09-10,Baringo,0.52,23.69
2016-09-11,Baringo,2.5,22.56
2016-09-12,Baringo,4.77,26.31
2016-09-13,Baringo,2.62,26.84
2016-09-14,Baringo,3.12,22.39
2016-09-15,Baringo,5.26,21.18
2016-09-16,Baringo,3.07,27.0
2016-09-17,Baringo,5.33,26.5
2016-09-18,Baringo,3.62,23.38
2016-09-19,Baringo,2.53,25.04
2016-09-20,Baringo,2.69,19.25
2016-09-21,Baringo,5.39,22.93
2016-09-22,Baringo,5.39,17.1
2016-09-23,Baringo,5.4,27.16
2016-09-24,Baringo,5.12,24.3
2016-09-25,Baringo,4.67,23.16
2016-09-26,Baringo,6.91,22.75
2016-09-27,Baringo,6.61,22.44
2016-09-28,Baringo,4.66,21.1
2016-09-29,Baringo,8.22,25.82
2016-09-30,Baringo,3.97,26.56
2016-10-01,Baringo,2.01,15.31
2015-01-01,Laikipia,4.41,21.58
2015-01-02,Laikipia,3.27,24.42
2015-01-03,Laikipia,7.44,27.79
2015-01-04,Laikipia,5.71,18.4
2015-01-05,Laikipia,4.06,22.67
2015-01-06,Laikipia,2.89,22.35
2015-01-07,Laikipia,3.37,25.91
2015-01-08,Laikipia,5.41,22.76
2015-01-09,Laikipia,2.49,21.37
2015-01-10,Laikipia,6.57,27.29
2015-01-11,Laikipia,3.75,26.4
2015-01-12,Laikipia,8.02,25.74
2015-01-13,Laikipia,1.51,22.53
2015-01-14,Laikipia,9.94,21.86
2015-01-15,Laikipia,2.87,25.14
2015-01-16,Laikipia,4.72,25.4
2015-01-17,Laikipia,5.63,25.83
2015-01-18,Laikipia,5.49,29.16
2015-01-19,Laikipia,4.2,23.97
2015-01-20,Laikipia,4.09,25.45
2015-01-21,Laikipia,1.12,19.48
2015-01-22,Laikipia,3.25,23.59
2015-01-23,Laikipia,7.08,23.7
2015-01-24,Laikipia,5.89,27.54
2015-01-25,Laikipia,4.31,23.95
2015-01-26,Laikipia,7.08,24.24
2015-01-27,Laikipia,7.83,23.77
2015-01-28,Laikipia,2.36,25.36
2015-01-29,Laikipia,7.01,24.39
2015-01-30,Laikipia,7.69,26.62
2015-01-31,Laikipia,4.31,27.97
2015-02-01,Laikipia,5.13,26.0
2015-02-02,Laikipia,4.05,24.83
2015-02-03,Laikipia,1.82,20.52
2015-02-04,Laikipia,4.28,19.16
2015-02-05,Laikipia,3.58,29.81
2015-02-06,Laikipia,7.02,29.06
2015-02-07,Laikipia,2.83,22.83
2015-02-08,Laikipia,6.02,19.26
2015-02-09,Laikipia,5.43,25.64
2015-02-10,Laikipia,3.12,25.52
2015-02-11,Laikipia,7.77,24.12
2015-02-12,Laikipia,7.53,26.11
2015-02-13,Laikipia,1.49,26.87
2015-02-14,Laikipia,4.58,20.49
2015-02-15,Laikipia,8.03,21.56
2015-02-16,Laikipia,4.64,26.06
2015-02-17,Laikipia,2.24,24.59
2015-02-18,Laikipia,4.1,21.32
2015-02-19,Laikipia,5.97,23.4
2015-02-20,Laikipia,4.05,20.73
2015-02-21,Laikipia,0.0,18.31
2015-02-22,Laikipia,5.33,22.84
2015-02-23,Laikipia,5.85,23.23
2015-02-24,Laikipia,9.36,25.22
2015-02-25,Laikipia,6.12,24.68
2015-02-26,Laikipia,4.62,25.05
2015-02-27,Laikipia,5.49,27.33
2015-02-28,Laikipia,3.75,23.4
2015-03-01,Laikipia,8.38,18.88
2015-03-02,Laikipia,13.47,26.88
2015-03-03,Laikipia,17.92,18.4
2015-03-04,Laikipia,13.07,27.55
2015-03-05,Laikipia,10.47,19.39
2015-03-06,Laikipia,13.83,26.44
2015-03-07,Laikipia,14.24,22.78
2015-03-08,Laikipia,16.99,27.9
2015-03-09,Laikipia,21.88,23.89
2015-03-10,Laikipia,21.82,20.65
2015-03-11,Laikipia,10.04,19.37
2015-03-12,Laikipia,16.98,19.93
2015-03-13,Laikipia,9.84,30.77
2015-03-14,Laikipia,13.32,21.74
2015-03-15,Laikipia,19.55,29.21
2015-03-16,Laikipia,12.71,21.04
2015-03-17,Laikipia,24.45,20.27
2015-03-18,Laikipia,18.13,22.43
2015-03-19,Laikipia,8.93,27.81
2015-03-20,Laikipia,12.23,18.77
2015-03-21,Laikipia,20.8,22.13
2015-03-22,Laikipia,18.24,24.15
2015-03-23,Laikipia,16.43,22.23
2015-03-24,Laikipia,9.33,24.55
2015-03-25,Laikipia,13.05,27.52
2015-03-26,Laikipia,15.8,26.86
2015-03-27,Laikipia,16.66,23.67
2015-03-28,Laikipia,21.54,20.12
2015-03-29,Laikipia,21.08,22.35
2015-03-30,Laikipia,7.43,27.74
2015-03-31,Laikipia,12.28,22.3
2015-04-01,Laikipia,23.14,20.85
2015-04-02,Laikipia,14.17,26.17
2015-04-03,Laikipia,17.75,15.48
2015-04-04,Laikipia,13.86,27.9
2015-04-05,Laikipia,13.18,21.34
2015-04-06,Laikipia,17.42,25.5
2015-04-07,Laikipia,20.95,22.54
2015-04-08,Laikipia,15.49,25.55
2015-04-09,Laikipia,14.88,23.26
2015-04-10,Laikipia,21.19,25.19
2015-04-11,Laikipia,10.1,21.82
2015-04-12,Laikipia,23.97,25.18
2015-04-13,Laikipia,20.81,26.21
2015-04-14,Laikipia,16.38,28.37
2015-04-15,Laikipia,9.62,26.43
2015-04-16,Laikipia,10.26,23.5
2015-04-17,Laikipia,10.02,21.22
2015-04-18,Laikipia,10.59,23.53
2015-04-19,Laikipia,10.58,23.07
2015-04-20,Laikipia,13.04,24.3
2015-04-21,Laikipia,13.94,28.33
2015-04-22,Laikipia,4.66,24.15
2015-04-23,Laikipia,16.53,20.14
2015-04-24,Laikipia,20.32,16.37
2015-04-25,Laikipia,7.09,22.72
2015-04-26,Laikipia,9.72,23.04
2015-04-27,Laikipia,11.28,23.77
2015-04-28,Laikipia,14.16,25.7
2015-04-29,Laikipia,10.1,19.23
2015-04-30,Laikipia,20.32,26.08
2015-05-01,Laikipia,17.26,18.3
2015-05-02,Laikipia,14.23,27.53
2015-05-03,Laikipia,18.08,21.33
2015-05-04,Laikipia,10.45,21.8
2015-05-05,Laikipia,17.91,23.58
2015-05-06,Laikipia,21.27,23.44
2015-05-07,Laikipia,16.47,27.47
2015-05-08,Laikipia,22.15,28.89
2015-05-09,Laikipia,16.03,27.23
2015-05-10,Laikipia,7.38,24.0
2015-05-11,Laikipia,15.97,28.89
2015-05-12,Laikipia,15.1,24.45
2015-05-13,Laikipia,19.35,24.75
2015-05-14,Laikipia,11.76,20.86
2015-05-15,Laikipia,21.76,31.54
2015-05-16,Laikipia,12.52,24.96
2015-05-17,Laikipia,20.52,24.51
2015-05-18,Laikipia,15.95,19.14
2015-05-19,Laikipia,30.11,25.31
2015-05-20,Laikipia,14.24,25.24
2015-05-21,Laikipia,18.81,24.31
2015-05-22,Laikipia,17.65,26.62
2015-05-23,Laikipia,18.8,29.2
2015-05-24,Laikipia,12.42,24.82
2015-05-25,Laikipia,10.17,27.65
2015-05-26,Laikipia,16.52,23.05
2015-05-27,Laikipia,15.04,22.99
2015-05-28,Laikipia,12.28,26.24
2015-05-29,Laikipia,13.95,24.8
2015-05-30,Laikipia,15.69,25.91
2015-05-31,Laikipia,9.55,23.79
2015-06-01,Laikipia,8.69,21.84
2015-06-02,Laikipia,4.83,18.34
2015-06-03,Laikipia,3.98,30.98
2015-06-04,Laikipia,6.27,27.6
2015-06-05,Laikipia,8.99,24.44
2015-06-06,Laikipia,6.17,21.48
2015-06-07,Laikipia,9.08,26.73
2015-06-08,Laikipia,5.89,25.09
2015-06-09,Laikipia,8.19,23.73
2015-06-10,Laikipia,4.08,30.63
2015-06-11,Laikipia,6.35,23.3
2015-06-12,Laikipia,4.81,22.87
2015-06-13,Laikipia,5.22,22.83
2015-06-14,Laikipia,4.9,19.78
2015-06-15,Laikipia,5.88,26.05
2015-06-16,Laikipia,5.94,17.7
2015-06-17,Laikipia,8.66,25.46
2015-06-18,Laikipia,6.72,29.26
2015-06-19,Laikipia,1.1,25.05
2015-06-20,Laikipia,5.27,27.49
2015-06-21,Laikipia,8.52,25.76
2015-06-22,Laikipia,4.19,23.98
2015-06-23,Laikipia,4.5,26.52
2015-06-24,Laikipia,4.73,21.36
2015-06-25,Laikipia,4.02,23.86
2015-06-26,Laikipia,4.05,26.89
2015-06-27,Laikipia,2.32,21.43
2015-06-28,Laikipia,3.98,24.97
2015-06-29,Laikipia,6.25,26.59
2015-06-30,Laikipia,2.26,25.54
2015-07-01,Laikipia,5.81,25.78
2015-07-02,Laikipia,3.88,24.97
2015-07-03,Laikipia,7.8,27.62
2015-07-04,Laikipia,3.88,25.33
2015-07-05,Laikipia,4.63,22.06
2015-07-06,Laikipia,3.77,22.03
2015-07-07,Laikipia,2.33,22.45
2015-07-08,Laikipia,9.36,17.36
2015-07-09,Laikipia,3.63,29.14
2015-07-10,Laikipia,8.27,28.54
2015-07-11,Laikipia,2.63,23.59
2015-07-12,Laikipia,7.61,18.61
2015-07-13,Laikipia,2.63,22.03
2015-07-14,Laikipia,4.76,25.94
2015-07-15,Laikipia,6.64,21.65
2015-07-16,Laikipia,4.18,19.09
2015-07-17,Laikipia,0.0,24.82
2015-07-18,Laikipia,2.76,24.52
2015-07-19,Laikipia,8.78,23.12
2015-07-20,Laikipia,5.41,20.02
2015-07-21,Laikipia,5.53,28.72
2015-07-22,Laikipia,4.85,23.89
2015-07-23,Laikipia,3.7,23.4
2015-07-24,Laikipia,5.28,24.69
2015-07-25,Laikipia,5.19,19.78
2015-07-26,Laikipia,5.44,28.36
2015-07-27,Laikipia,5.52,22.6
2015-07-28,Laikipia,6.13,26.15
2015-07-29,Laikipia,5.22,30.77
2015-07-30,Laikipia,3.89,23.6
2015-07-31,Laikipia,3.34,24.19
2015-08-01,Laikipia,3.05,24.56
2015-08-02,Laikipia,7.1,19.35
2015-08-03,Laikipia,5.18,24.2
2015-08-04,Laikipia,6.57,24.06
2015-08-05,Laikipia,3.93,23.55
2015-08-06,Laikipia,6.63,26.52
2015-08-07,Laikipia,7.37,24.65
2015-08-08,Laikipia,4.67,22.27
2015-08-09,Laikipia,5.82,17.92
2015-08-10,Laikipia,6.01,27.66
2015-08-11,Laikipia,6.81,22.24
2015-08-12,Laikipia,4.22,28.52
2015-08-13,Laikipia,5.73,25.22
2015-08-14,Laikipia,4.99,18.75
2015-08-15,Laikipia,1.21,26.03
2015-08-16,Laikipia,4.76,25.47
2015-08-17,Laikipia,5.44,23.3
2015-08-18,Laikipia,6.06,21.98
2015-08-19,Laikipia,3.71,21.54
2015-08-20,Laikipia,2.58,22.19
2015-08-21,Laikipia,0.0,23.05
2015-08-22,Laikipia,2.78,18.73
2015-08-23,Laikipia,6.59,20.14
2015-08-24,Laikipia,8.46,20.96
2015-08-25,Laikipia,4.75,26.05
2015-08-26,Laikipia,2.64,20.68
2015-08-27,Laikipia,4.87,19.15
2015-08-28,Laikipia,7.3,20.16
2015-08-29,Laikipia,7.05,25.76
2015-08-30,Laikipia,6.81,20.81
2015-08-31,Laikipia,1.78,21.08
2015-09-01,Laikipia,4.65,22.67
2015-09-02,Laikipia,6.36,27.56
2015-09-03,Laikipia,7.83,19.67
2015-09-04,Laikipia,2.96,26.71
2015-09-05,Laikipia,1.96,23.83
2015-09-06,Laikipia,1.93,21.74
2015-09-07,Laikipia,3.36,17.79
2015-09-08,Laikipia,2.55,25.49
2015-09-09,Laikipia,3.64,26.52
2015-09-10,Laikipia,1.18,21.63
2015-09-11,Laikipia,8.84,21.28
2015-09-12,Laikipia,3.71,24.74
2015-09-13,Laikipia,8.8,23.65
2015-09-14,Laikipia,7.74,27.35
2015-09-15,Laikipia,2.73,24.57
2015-09-16,Laikipia,2.29,20.17
2015-09-17,Laikipia,6.65,31.42
2015-09-18,Laikipia,6.09,23.02
2015-09-19,Laikipia,4.5,26.45
2015-09-20,Laikipia,6.38,26.64
2015-09-21,Laikipia,1.6,21.2
2015-09-22,Laikipia,9.6,24.93
2015-09-23,Laikipia,6.02,28.11
2015-09-24,Laikipia,4.85,26.11
2015-09-25,Laikipia,6.75,22.49
2015-09-26,Laikipia,6.4,21.53
2015-09-27,Laikipia,7.65,31.05
2015-09-28,Laikipia,0.0,25.61
2015-09-29,Laikipia,3.46,27.81
2015-09-30,Laikipia,6.12,22.65
2015-10-01,Laikipia,9.89,26.33
2015-10-02,Laikipia,3.65,25.74
2015-10-03,Laikipia,11.06,22.61
2015-10-04,Laikipia,17.19,21.13
2015-10-05,Laikipia,15.46,24.9
2015-10-06,Laikipia,17.66,20.36
2015-10-07,Laikipia,11.47,24.77
2015-10-08,Laikipia,11.15,26.22
2015-10-09,Laikipia,13.55,25.41
2015-10-10,Laikipia,10.34,24.37
2015-10-11,Laikipia,15.39,26.67
2015-10-12,Laikipia,7.42,24.36
2015-10-13,Laikipia,4.2,22.42
2015-10-14,Laikipia,15.01,22.91
2015-10-15,Laikipia,11.32,23.79
2015-10-16,Laikipia,2.49,27.96
2015-10-17,Laikipia,7.46,23.69
2015-10-18,Laikipia,6.73,24.84
2015-10-19,Laikipia,10.99,26.12
2015-10-20,Laikipia,4.88,22.24
2015-10-21,Laikipia,14.72,25.59
2015-10-22,Laikipia,8.79,24.84
2015-10-23,Laikipia,14.23,25.07
2015-10-24,Laikipia,7.89,23.33
2015-10-25,Laikipia,14.3,22.73
2015-10-26,Laikipia,9.32,21.31
2015-10-27,Laikipia,13.66,22.99
2015-10-28,Laikipia,10.2,31.2
2015-10-29,Laikipia,9.41,25.07
2015-10-30,Laikipia,4.07,23.96
2015-10-31,Laikipia,10.38,19.79
2015-11-01,Laikipia,10.11,23.53
2015-11-02,Laikipia,2.21,27.57
2015-11-03,Laikipia,11.73,27.59
2015-11-04,Laikipia,13.17,22.57
2015-11-05,Laikipia,12.96,22.54
2015-11-06,Laikipia,11.13,21.29
2015-11-07,Laikipia,7.11,21.42
2015-11-08,Laikipia,13.34,23.63
2015-11-09,Laikipia,8.17,19.81
2015-11-10,Laikipia,8.57,23.08
2015-11-11,Laikipia,15.06,20.35
2015-11-12,Laikipia,12.72,19.19
2015-11-13,Laikipia,13.09,29.37
2015-11-14,Laikipia,10.46,24.48
2015-11-15,Laikipia,10.27,25.69
2015-11-16,Laikipia,11.18,22.28
2015-11-17,Laikipia,11.78,24.69
2015-11-18,Laikipia,11.06,26.75
2015-11-19,Laikipia,8.62,27.31
2015-11-20,Laikipia,8.74,24.68
2015-11-21,Laikipia,10.32,24.88
2015-11-22,Laikipia,10.83,23.87
2015-11-23,Laikipia,14.42,25.7
2015-11-24,Laikipia,6.21,23.43
2015-11-25,Laikipia,11.84,24.69
2015-11-26,Laikipia,14.13,23.17
2015-11-27,Laikipia,11.82,22.34
2015-11-28,Laikipia,13.36,20.98
2015-11-29,Laikipia,10.34,19.17
2015-11-30,Laikipia,7.21,21.59
2015-12-01,Laikipia,3.62,24.5
2015-12-02,Laikipia,4.84,23.08
2015-12-03,Laikipia,7.52,25.88
2015-12-04,Laikipia,3.01,29.32
2015-12-05,Laikipia,7.76,17.51
2015-12-06,Laikipia,3.84,27.22
2015-12-07,Laikipia,3.74,27.8
2015-12-08,Laikipia,5.44,23.77
2015-12-09,Laikipia,4.18,30.34
2015-12-10,Laikipia,4.53,26.83
2015-12-11,Laikipia,5.44,24.53
2015-12-12,Laikipia,5.8,27.17
2015-12-13,Laikipia,3.51,22.25
2015-12-14,Laikipia,0.9,29.54
2015-12-15,Laikipia,3.49,27.21
2015-12-16,Laikipia,1.64,27.16
2015-12-17,Laikipia,3.17,32.23
2015-12-18,Laikipia,2.73,24.86
2015-12-19,Laikipia,4.16,27.09
2015-12-20,Laikipia,6.51,27.23
2015-12-21,Laikipia,3.04,29.59
2015-12-22,Laikipia,8.46,29.6
2015-12-23,Laikipia,4.14,20.88
2015-12-24,Laikipia,1.86,21.61
2015-12-25,Laikipia,2.5,25.06
2015-12-26,Laikipia,8.62,23.01
2015-12-27,Laikipia,4.54,22.95
2015-12-28,Laikipia,3.22,26.72
2015-12-29,Laikipia,5.94,26.17
2015-12-30,Laikipia,5.42,26.78
2015-12-31,Laikipia,6.63,22.93
2016-01-01,Laikipia,2.1,20.56
2016-01-02,Laikipia,1.24,28.2
2016-01-03,Laikipia,4.04,17.92
2016-01-04,Laikipia,3.52,16.59
2016-01-05,Laikipia,5.42,26.96
2016-01-06,Laikipia,7.97,24.51
2016-01-07,Laikipia,4.09,25.06
2016-01-08,Laikipia,3.66,26.02
2016-01-09,Laikipia,5.9,28.38
2016-01-10,Laikipia,5.48,26.61
2016-01-11,Laikipia,6.72,26.42
2016-01-12,Laikipia,5.33,20.62
2016-01-13,Laikipia,2.8,21.72
2016-01-14,Laikipia,6.57,21.28
2016-01-15,Laikipia,2.94,23.09
2016-01-16,Laikipia,4.0,21.78
2016-01-17,Laikipia,7.54,22.31
2016-01-18,Laikipia,1.32,24.5
2016-01-19,Laikipia,4.82,20.28
2016-01-20,Laikipia,7.79,24.14
2016-01-21,Laikipia,3.84,23.86
2016-01-22,Laikipia,3.15,32.18
2016-01-23,Laikipia,4.76,25.58
2016-01-24,Laikipia,6.32,24.9
2016-01-25,Laikipia,5.04,27.49
2016-01-26,Laikipia,5.98,22.47
2016-01-27,Laikipia,5.95,25.69
2016-01-28,Laikipia,1.7,22.71
2016-01-29,Laikipia,2.87,28.59
2016-01-30,Laikipia,8.29,25.62
2016-01-31,Laikipia,4.8,28.43
2016-02-01,Laikipia,3.69,19.48
2016-02-02,Laikipia,7.09,25.14
2016-02-03,Laikipia,8.26,19.63
2016-02-04,Laikipia,3.18,27.93
2016-02-05,Laikipia,8.34,20.33
2016-02-06,Laikipia,5.91,23.98
2016-02-07,Laikipia,4.41,23.35
2016-02-08,Laikipia,5.41,23.66
2016-02-09,Laikipia,7.35,20.05
2016-02-10,Laikipia,5.61,29.45
2016-02-11,Laikipia,6.59,21.59
2016-02-12,Laikipia,3.48,22.67
2016-02-13,Laikipia,4.47,21.82
2016-02-14,Laikipia,6.94,20.22
2016-02-15,Laikipia,4.93,26.07
2016-02-16,Laikipia,4.45,22.69
2016-02-17,Laikipia,5.22,24.03
2016-02-18,Laikipia,2.69,23.04
2016-02-19,Laikipia,7.32,24.37
2016-02-20,Laikipia,3.31,28.76
2016-02-21,Laikipia,3.6,25.49
2016-02-22,Laikipia,6.45,22.03
2016-02-23,Laikipia,3.65,23.61
2016-02-24,Laikipia,7.14,22.94
2016-02-25,Laikipia,4.22,25.57
2016-02-26,Laikipia,3.56,28.23
2016-02-27,Laikipia,8.87,27.59
2016-02-28,Laikipia,6.38,27.65
2016-02-29,Laikipia,7.18,20.95
2016-03-01,Laikipia,16.19,31.28
2016-03-02,Laikipia,18.62,26.1
2016-03-03,Laikipia,10.75,20.7
2016-03-04,Laikipia,24.35,29.15
2016-03-05,Laikipia,19.19,18.64
2016-03-06,Laikipia,17.77,28.22
2016-03-07,Laikipia,16.59,26.35
2016-03-08,Laikipia,17.78,26.56
2016-03-09,Laikipia,16.34,22.75
2016-03-10,Laikipia,23.88,19.36
2016-03-11,Laikipia,18.75,22.5
2016-03-12,Laikipia,15.73,21.73
2016-03-13,Laikipia,8.53,29.01
2016-03-14,Laikipia,19.51,23.6
2016-03-15,Laikipia,9.88,22.77
2016-03-16,Laikipia,12.15,23.96
2016-03-17,Laikipia,6.35,27.7
2016-03-18,Laikipia,20.48,20.84
2016-03-19,Laikipia,8.74,25.46
2016-03-20,Laikipia,12.34,21.97
2016-03-21,Laikipia,19.51,23.71
2016-03-22,Laikipia,14.73,26.26
2016-03-23,Laikipia,16.61,27.17
2016-03-24,Laikipia,18.09,24.65
2016-03-25,Laikipia,13.16,28.89
2016-03-26,Laikipia,23.73,20.71
2016-03-27,Laikipia,21.68,21.51
2016-03-28,Laikipia,14.07,25.34
2016-03-29,Laikipia,18.29,18.26
2016-03-30,Laikipia,12.67,19.93
2016-03-31,Laikipia,18.11,20.84
2016-04-01,Laikipia,7.44,20.71
2016-04-02,Laikipia,21.0,23.19
2016-04-03,Laikipia,20.88,24.77
2016-04-04,Laikipia,12.43,28.5
2016-04-05,Laikipia,12.58,25.0
2016-04-06,Laikipia,20.05,22.56
2016-04-07,Laikipia,19.28,29.58
2016-04-08,Laikipia,6.83,23.48
2016-04-09,Laikipia,18.84,28.08
2016-04-10,Laikipia,15.73,20.32
2016-04-11,Laikipia,7.98,21.06
2016-04-12,Laikipia,9.13,23.62
2016-04-13,Laikipia,12.75,21.59
2016-04-14,Laikipia,13.06,26.72
2016-04-15,Laikipia,19.74,21.89
2016-04-16,Laikipia,6.29,25.01
2016-04-17,Laikipia,12.85,31.42
2016-04-18,Laikipia,15.01,26.51
2016-04-19,Laikipia,11.66,27.6
2016-04-20,Laikipia,15.43,21.66
2016-04-21,Laikipia,17.4,21.86
2016-04-22,Laikipia,17.24,25.31
2016-04-23,Laikipia,18.99,30.76
2016-04-24,Laikipia,19.74,26.23
2016-04-25,Laikipia,18.7,22.79
2016-04-26,Laikipia,20.31,20.03
2016-04-27,Laikipia,12.63,26.89
2016-04-28,Laikipia,11.47,20.38
2016-04-29,Laikipia,10.72,26.91
2016-04-30,Laikipia,10.09,24.84
2016-05-01,Laikipia,15.69,23.62
2016-05-02,Laikipia,14.63,24.43
2016-05-03,Laikipia,21.96,20.33
2016-05-04,Laikipia,15.68,22.83
2016-05-05,Laikipia,21.85,24.45
2016-05-06,Laikipia,5.91,24.1
2016-05-07,Laikipia,14.84,26.66
2016-05-08,Laikipia,19.28,22.74
2016-05-09,Laikipia,7.4,21.48
2016-05-10,Laikipia,14.91,27.6
2016-05-11,Laikipia,12.98,25.65
2016-05-12,Laikipia,28.11,26.1
2016-05-13,Laikipia,16.03,23.93
2016-05-14,Laikipia,13.06,25.23
2016-05-15,Laikipia,25.88,21.44
2016-05-16,Laikipia,13.95,18.69
2016-05-17,Laikipia,12.21,29.93
2016-05-18,Laikipia,10.67,32.3
2016-05-19,Laikipia,16.62,23.68
2016-05-20,Laikipia,6.61,24.94
2016-05-21,Laikipia,7.38,27.12
2016-05-22,Laikipia,25.49,22.0
2016-05-23,Laikipia,14.58,21.48
2016-05-24,Laikipia,18.27,25.02
2016-05-25,Laikipia,21.0,29.97
2016-05-26,Laikipia,16.96,30.08
2016-05-27,Laikipia,11.56,24.96
2016-05-28,Laikipia,15.89,25.44
2016-05-29,Laikipia,15.71,26.49
2016-05-30,Laikipia,11.28,22.37
2016-05-31,Laikipia,15.24,21.18
2016-06-01,Laikipia,5.73,21.68
2016-06-02,Laikipia,3.92,26.1
2016-06-03,Laikipia,0.96,22.06
2016-06-04,Laikipia,4.77,21.64
2016-06-05,Laikipia,3.94,16.9
2016-06-06,Laikipia,5.43,25.05
2016-06-07,Laikipia,3.05,22.97
2016-06-08,Laikipia,5.3,18.47
2016-06-09,Laikipia,5.57,21.45
2016-06-10,Laikipia,1.37,27.21
2016-06-11,Laikipia,3.86,29.19
2016-06-12,Laikipia,10.17,24.74
2016-06-13,Laikipia,0.0,24.95
2016-06-14,Laikipia,5.55,24.37
2016-06-15,Laikipia,4.92,19.15
2016-06-16,Laikipia,10.45,32.08
2016-06-17,Laikipia,1.65,19.67
2016-06-18,Laikipia,8.35,22.81
2016-06-19,Laikipia,4.76,25.78
2016-06-20,Laikipia,4.73,28.4
2016-06-21,Laikipia,8.04,22.53
2016-06-22,Laikipia,7.37,24.57
2016-06-23,Laikipia,3.53,28.59
2016-06-24,Laikipia,4.34,23.64
2016-06-25,Laikipia,4.11,26.36
2016-06-26,Laikipia,5.28,27.68
2016-06-27,Laikipia,5.06,23.5
2016-06-28,Laikipia,3.84,25.25
2016-06-29,Laikipia,6.24,25.73
2016-06-30,Laikipia,3.17,23.16
2016-07-01,Laikipia,3.78,18.88
2016-07-02,Laikipia,2.98,27.18
2016-07-03,Laikipia,3.56,22.97
2016-07-04,Laikipia,2.39,26.6
2016-07-05,Laikipia,5.89,23.35
2016-07-06,Laikipia,4.23,21.93
2016-07-07,Laikipia,4.9,26.48
2016-07-08,Laikipia,4.25,20.1
2016-07-09,Laikipia,7.58,26.27
2016-07-10,Laikipia,1.28,24.22
2016-07-11,Laikipia,6.35,22.95
2016-07-12,Laikipia,5.73,22.53
2016-07-13,Laikipia,3.72,22.84
2016-07-14,Laikipia,6.77,26.09
2016-07-15,Laikipia,6.63,19.75
2016-07-16,Laikipia,6.12,23.78
2016-07-17,Laikipia,4.78,23.81
2016-07-18,Laikipia,6.21,21.16
2016-07-19,Laikipia,1.6,25.77
2016-07-20,Laikipia,4.72,24.41
2016-07-21,Laikipia,4.43,20.42
2016-07-22,Laikipia,4.48,19.4
2016-07-23,Laikipia,5.26,22.72
2016-07-24,Laikipia,4.83,24.66
2016-07-25,Laikipia,4.02,20.29
2016-07-26,Laikipia,4.85,21.44
2016-07-27,Laikipia,5.75,24.58
2016-07-28,Laikipia,5.38,27.84
2016-07-29,Laikipia,7.36,26.24
2016-07-30,Laikipia,8.23,24.2
2016-07-31,Laikipia,6.01,22.62
2016-08-01,Laikipia,7.96,17.4
2016-08-02,Laikipia,1.69,19.28
2016-08-03,Laikipia,4.7,31.1
2016-08-04,Laikipia,5.93,23.72
2016-08-05,Laikipia,4.38,24.04
2016-08-06,Laikipia,7.63,25.11
2016-08-07,Laikipia,5.48,28.94
2016-08-08,Laikipia,4.66,24.29
2016-08-09,Laikipia,6.19,19.19
2016-08-10,Laikipia,2.38,24.05
2016-08-11,Laikipia,2.32,32.32
2016-08-12,Laikipia,2.72,23.23
2016-08-13,Laikipia,6.91,18.49
2016-08-14,Laikipia,6.48,27.37
2016-08-15,Laikipia,4.41,22.61
2016-08-16,Laikipia,10.87,26.79
2016-08-17,Laikipia,7.43,23.12
2016-08-18,Laikipia,4.64,27.57
2016-08-19,Laikipia,3.79,26.36
2016-08-20,Laikipia,5.55,18.48
2016-08-21,Laikipia,4.18,24.27
2016-08-22,Laikipia,7.13,22.66
2016-08-23,Laikipia,6.47,26.52
2016-08-24,Laikipia,4.67,17.1
2016-08-25,Laikipia,5.18,26.45
2016-08-26,Laikipia,6.52,28.43
2016-08-27,Laikipia,4.89,20.54
2016-08-28,Laikipia,4.67,22.17
2016-08-29,Laikipia,4.88,23.69
2016-08-30,Laikipia,3.18,24.7
2016-08-31,Laikipia,1.82,24.7
2016-09-01,Laikipia,4.8,26.15
2016-09-02,Laikipia,7.77,25.39
2016-09-03,Laikipia,2.83,27.72
2016-09-04,Laikipia,10.18,27.54
2016-09-05,Laikipia,3.31,24.88
2016-09-06,Laikipia,9.69,23.21
2016-09-07,Laikipia,6.85,13.6
2016-09-08,Laikipia,3.8,24.32
2016-09-09,Laikipia,6.6,22.47
2016-09-10,Laikipia,6.78,25.56
2016-09-11,Laikipia,4.46,25.17
2016-09-12,Laikipia,5.77,26.19
2016-09-13,Laikipia,8.23,27.13
2016-09-14,Laikipia,1.78,22.97
2016-09-15,Laikipia,7.73,20.44
2016-09-16,Laikipia,5.93,22.7
2016-09-17,Laikipia,2.88,26.67
2016-09-18,Laikipia,3.46,23.34
2016-09-19,Laikipia,6.31,26.16
2016-09-20,Laikipia,6.94,23.06
2016-09-21,Laikipia,5.34,20.67
2016-09-22,Laikipia,2.16,22.35
2016-09-23,Laikipia,6.96,27.35
2016-09-24,Laikipia,9.65,27.65
2016-09-25,Laikipia,4.44,21.04
2016-09-26,Laikipia,3.66,25.2
2016-09-27,Laikipia,7.42,26.76
2016-09-28,Laikipia,3.8,21.5
2016-09-29,Laikipia,5.73,27.01
2016-09-30,Laikipia,10.56,22.66
2016-10-01,Laikipia,9.66,22.32
2015-01-01,Nakuru,5.24,22.42
2015-01-02,Nakuru,6.67,26.45
2015-01-03,Nakuru,9.72,27.22
2015-01-04,Nakuru,5.69,20.78
2015-01-05,Nakuru,5.67,26.63
2015-01-06,Nakuru,6.45,24.09
2015-01-07,Nakuru,5.99,21.2
2015-01-08,Nakuru,6.43,26.24
2015-01-09,Nakuru,4.29,28.1
2015-01-10,Nakuru,8.22,23.69
2015-01-11,Nakuru,5.19,21.17
2015-01-12,Nakuru,3.26,24.23
2015-01-13,Nakuru,4.31,23.44
2015-01-14,Nakuru,2.56,27.04
2015-01-15,Nakuru,4.57,23.98
2015-01-16,Nakuru,5.69,22.48
2015-01-17,Nakuru,3.93,25.35
2015-01-18,Nakuru,3.93,20.12
2015-01-19,Nakuru,4.37,23.22
2015-01-20,Nakuru,6.1,21.87
2015-01-21,Nakuru,3.76,23.83
2015-01-22,Nakuru,5.94,25.76
2015-01-23,Nakuru,3.29,23.82
2015-01-24,Nakuru,7.5,21.99
2015-01-25,Nakuru,4.49,21.34
2015-01-26,Nakuru,8.1,23.5
2015-01-27,Nakuru,4.9,28.11
2015-01-28,Nakuru,5.92,25.31
2015-01-29,Nakuru,2.16,25.79
2015-01-30,Nakuru,4.32,21.9
2015-01-31,Nakuru,2.9,25.3
2015-02-01,Nakuru,3.5,25.9
2015-02-02,Nakuru,2.41,25.65
2015-02-03,Nakuru,8.26,25.64
2015-02-04,Nakuru,0.28,27.15
2015-02-05,Nakuru,5.02,25.08
2015-02-06,Nakuru,2.03,19.38
2015-02-07,Nakuru,6.6,19.83
2015-02-08,Nakuru,7.01,27.66
2015-02-09,Nakuru,4.35,29.71
2015-02-10,Nakuru,3.51,20.22
2015-02-11,Nakuru,5.53,25.46
2015-02-12,Nakuru,3.91,27.3
2015-02-13,Nakuru,6.62,25.39
2015-02-14,Nakuru,4.6,27.88
2015-02-15,Nakuru,3.26,26.7
2015-02-16,Nakuru,4.62,27.33
2015-02-17,Nakuru,3.71,25.06
2015-02-18,Nakuru,9.63,23.53
2015-02-19,Nakuru,2.36,29.51
2015-02-20,Nakuru,7.89,26.97
2015-02-21,Nakuru,1.79,26.18
2015-02-22,Nakuru,5.16,25.82
2015-02-23,Nakuru,1.07,23.17
2015-02-24,Nakuru,6.43,26.39
2015-02-25,Nakuru,1.63,23.05
2015-02-26,Nakuru,2.25,26.44
2015-02-27,Nakuru,3.65,20.6
2015-02-28,Nakuru,5.72,16.93
2015-03-01,Nakuru,21.08,24.9
2015-03-02,Nakuru,13.01,20.69
2015-03-03,Nakuru,5.47,25.99
2015-03-04,Nakuru,15.78,25.18
2015-03-05,Nakuru,13.92,21.72
2015-03-06,Nakuru,16.34,26.02
2015-03-07,Nakuru,18.68,23.13
2015-03-08,Nakuru,16.9,25.2
2015-03-09,Nakuru,28.63,20.91
2015-03-10,Nakuru,5.36,19.21
2015-03-11,Nakuru,15.86,24.68
2015-03-12,Nakuru,20.22,24.26
2015-03-13,Nakuru,6.18,24.45
2015-03-14,Nakuru,6.22,23.8
2015-03-15,Nakuru,19.1,31.19
2015-03-16,Nakuru,24.53,23.77
2015-03-17,Nakuru,11.54,25.88
2015-03-18,Nakuru,17.41,23.43
2015-03-19,Nakuru,21.5,23.95
2015-03-20,Nakuru,11.79,24.59
2015-03-21,Nakuru,14.52,23.42
2015-03-22,Nakuru,13.85,25.45
2015-03-23,Nakuru,21.0,22.72
2015-03-24,Nakuru,16.12,22.65
2015-03-25,Nakuru,15.96,26.71
2015-03-26,Nakuru,15.59,21.7
2015-03-27,Nakuru,7.71,23.3
2015-03-28,Nakuru,9.53,21.55
2015-03-29,Nakuru,22.96,27.37
2015-03-30,Nakuru,19.23,30.29
2015-03-31,Nakuru,12.88,26.22
2015-04-01,Nakuru,19.4,25.8
2015-04-02,Nakuru,14.88,21.26
2015-04-03,Nakuru,17.57,23.58
2015-04-04,Nakuru,24.57,27.61
2015-04-05,Nakuru,14.4,26.22
2015-04-06,Nakuru,15.74,22.92
2015-04-07,Nakuru,11.59,31.53
2015-04-08,Nakuru,19.33,22.13
2015-04-09,Nakuru,15.64,24.62
2015-04-10,Nakuru,21.15,20.27
2015-04-11,Nakuru,18.13,26.2
2015-04-12,Nakuru,11.46,30.51
2015-04-13,Nakuru,12.59,27.65
2015-04-14,Nakuru,12.1,17.65
2015-04-15,Nakuru,19.14,23.5
2015-04-16,Nakuru,9.67,26.09
2015-04-17,Nakuru,16.61,19.22
2015-04-18,Nakuru,13.88,23.72
2015-04-19,Nakuru,7.33,22.43
2015-04-20,Nakuru,13.55,24.48
2015-04-21,Nakuru,13.49,23.15
2015-04-22,Nakuru,18.3,22.18
2015-04-23,Nakuru,19.22,26.66
2015-04-24,Nakuru,22.16,26.09
2015-04-25,Nakuru,11.64,22.48
2015-04-26,Nakuru,18.35,28.99
2015-04-27,Nakuru,12.97,28.94
2015-04-28,Nakuru,23.82,19.42
2015-04-29,Nakuru,10.32,27.66
2015-04-30,Nakuru,9.06,29.71
2015-05-01,Nakuru,11.19,25.81
2015-05-02,Nakuru,14.87,26.35
2015-05-03,Nakuru,17.99,21.61
2015-05-04,Nakuru,6.71,20.48
2015-05-05,Nakuru,17.5,19.79
2015-05-06,Nakuru,10.1,25.23
2015-05-07,Nakuru,18.2,27.7
2015-05-08,Nakuru,11.42,17.84
2015-05-09,Nakuru,11.99,27.13
2015-05-10,Nakuru,21.22,23.59
2015-05-11,Nakuru,13.65,25.92
2015-05-12,Nakuru,11.91,15.5
2015-05-13,Nakuru,21.0,22.89
2015-05-14,Nakuru,26.13,23.36
2015-05-15,Nakuru,16.42,24.59
2015-05-16,Nakuru,24.18,22.0
2015-05-17,Nakuru,13.98,18.32
2015-05-18,Nakuru,11.5,26.22
2015-05-19,Nakuru,11.32,22.91
2015-05-20,Nakuru,17.1,26.65
2015-05-21,Nakuru,16.94,18.67
2015-05-22,Nakuru,24.31,23.53
2015-05-23,Nakuru,14.87,22.78
2015-05-24,Nakuru,14.11,24.36
2015-05-25,Nakuru,27.67,20.9
2015-05-26,Nakuru,15.88,29.44
2015-05-27,Nakuru,16.72,26.48
2015-05-28,Nakuru,21.04,22.44
2015-05-29,Nakuru,15.06,20.92
2015-05-30,Nakuru,17.15,27.53
2015-05-31,Nakuru,6.95,23.08
2015-06-01,Nakuru,8.08,13.21
2015-06-02,Nakuru,7.04,20.26
2015-06-03,Nakuru,5.66,25.62
2015-06-04,Nakuru,3.13,23.49
2015-06-05,Nakuru,5.28,23.46
2015-06-06,Nakuru,5.44,16.85
2015-06-07,Nakuru,7.35,14.8
2015-06-08,Nakuru,3.88,17.24
2015-06-09,Nakuru,6.04,25.56
2015-06-10,Nakuru,6.24,29.35
2015-06-11,Nakuru,2.88,26.37
2015-06-12,Nakuru,7.25,21.8
2015-06-13,Nakuru,1.96,26.87
2015-06-14,Nakuru,2.56,23.7
2015-06-15,Nakuru,5.5,20.83
2015-06-16,Nakuru,7.6,24.11
2015-06-17,Nakuru,1.42,26.88
2015-06-18,Nakuru,5.58,19.59
2015-06-19,Nakuru,6.84,14.97
2015-06-20,Nakuru,5.66,27.83
2015-06-21,Nakuru,4.52,26.44
2015-06-22,Nakuru,7.33,28.41
2015-06-23,Nakuru,5.99,19.04
2015-06-24,Nakuru,2.27,23.71
2015-06-25,Nakuru,4.3,21.37
2015-06-26,Nakuru,3.88,21.0
2015-06-27,Nakuru,1.69,25.91
2015-06-28,Nakuru,2.92,23.84
2015-06-29,Nakuru,5.95,23.69
2015-06-30,Nakuru,4.91,26.33
2015-07-01,Nakuru,7.03,21.89
2015-07-02,Nakuru,4.28,26.24
2015-07-03,Nakuru,1.34,23.12
2015-07-04,Nakuru,4.46,24.39
2015-07-05,Nakuru,2.94,22.01
2015-07-06,Nakuru,1.08,21.17
2015-07-07,Nakuru,5.79,22.49
2015-07-08,Nakuru,5.15,24.41
2015-07-09,Nakuru,5.3,28.33
2015-07-10,Nakuru,5.75,21.97
2015-07-11,Nakuru,7.35,21.68
2015-07-12,Nakuru,2.79,25.46
2015-07-13,Nakuru,7.77,25.81
2015-07-14,Nakuru,9.33,21.12
2015-07-15,Nakuru,5.31,26.35
2015-07-16,Nakuru,2.06,18.2
2015-07-17,Nakuru,3.26,23.71
2015-07-18,Nakuru,6.39,23.1
2015-07-19,Nakuru,4.85,23.15
2015-07-20,Nakuru,5.46,28.06
2015-07-21,Nakuru,5.75,24.19
2015-07-22,Nakuru,4.85,22.54
2015-07-23,Nakuru,7.76,22.27
2015-07-24,Nakuru,4.95,23.71
2015-07-25,Nakuru,6.87,25.24
2015-07-26,Nakuru,1.66,27.01
2015-07-27,Nakuru,8.62,24.17
2015-07-28,Nakuru,7.23,20.84
2015-07-29,Nakuru,1.87,25.68
2015-07-30,Nakuru,3.89,28.08
2015-07-31,Nakuru,3.11,27.49
2015-08-01,Nakuru,8.63,25.51
2015-08-02,Nakuru,4.34,25.37
2015-08-03,Nakuru,2.56,28.34
2015-08-04,Nakuru,6.93,26.1
2015-08-05,Nakuru,4.51,20.7
2015-08-06,Nakuru,5.35,24.11
2015-08-07,Nakuru,7.17,23.87
2015-08-08,Nakuru,3.26,28.69
2015-08-09,Nakuru,7.0,23.28
2015-08-10,Nakuru,4.81,30.41
2015-08-11,Nakuru,2.82,25.38
2015-08-12,Nakuru,1.35,21.83
2015-08-13,Nakuru,8.5,26.54
2015-08-14,Nakuru,6.22,26.15
2015-08-15,Nakuru,5.93,19.78
2015-08-16,Nakuru,3.77,22.11
2015-08-17,Nakuru,3.94,19.69
2015-08-18,Nakuru,5.24,24.56
2015-08-19,Nakuru,3.14,20.92
2015-08-20,Nakuru,1.58,22.08
2015-08-21,Nakuru,6.08,27.81
2015-08-22,Nakuru,4.33,24.43
2015-08-23,Nakuru,6.66,18.76
2015-08-24,Nakuru,4.97,22.8
2015-08-25,Nakuru,5.24,21.78
2015-08-26,Nakuru,3.44,29.11
2015-08-27,Nakuru,4.62,20.22
2015-08-28,Nakuru,6.12,24.66
2015-08-29,Nakuru,6.67,20.61
2015-08-30,Nakuru,3.56,26.26
2015-08-31,Nakuru,3.98,29.54
2015-09-01,Nakuru,3.34,21.75
2015-09-02,Nakuru,4.63,25.03
2015-09-03,Nakuru,2.58,21.21
2015-09-04,Nakuru,9.23,22.57
2015-09-05,Nakuru,2.65,26.54
2015-09-06,Nakuru,1.74,24.63
2015-09-07,Nakuru,4.26,27.06
2015-09-08,Nakuru,2.44,22.45
2015-09-09,Nakuru,4.16,26.36
2015-09-10,Nakuru,5.81,22.81
2015-09-11,Nakuru,4.17,23.4
2015-09-12,Nakuru,3.18,25.88
2015-09-13,Nakuru,7.38,19.57
2015-09-14,Nakuru,5.34,25.3
2015-09-15,Nakuru,5.55,21.6
2015-09-16,Nakuru,5.84,23.9
2015-09-17,Nakuru,1.53,20.27
2015-09-18,Nakuru,6.31,24.51
2015-09-19,Nakuru,7.18,25.55
2015-09-20,Nakuru,6.33,21.03
2015-09-21,Nakuru,3.83,25.51
2015-09-22,Nakuru,7.02,26.98
2015-09-23,Nakuru,1.76,25.22
2015-09-24,Nakuru,2.68,26.16
2015-09-25,Nakuru,5.62,29.28
2015-09-26,Nakuru,5.51,25.75
2015-09-27,Nakuru,4.72,23.31
2015-09-28,Nakuru,6.44,26.31
2015-09-29,Nakuru,3.57,23.41
2015-09-30,Nakuru,4.6,25.9
2015-10-01,Nakuru,12.25,24.4
2015-10-02,Nakuru,15.7,21.75
2015-10-03,Nakuru,12.63,21.54
2015-10-04,Nakuru,5.47,26.85
2015-10-05,Nakuru,10.73,26.98
2015-10-06,Nakuru,9.61,18.92
2015-10-07,Nakuru,11.66,17.58
2015-10-08,Nakuru,9.36,26.62
2015-10-09,Nakuru,4.79,22.82
2015-10-10,Nakuru,16.3,27.8
2015-10-11,Nakuru,16.67,21.62
2015-10-12,Nakuru,5.46,23.87
2015-10-13,Nakuru,4.78,18.99
2015-10-14,Nakuru,9.86,28.62
2015-10-15,Nakuru,3.31,19.54
2015-10-16,Nakuru,7.84,21.73
2015-10-17,Nakuru,13.42,18.89
2015-10-18,Nakuru,5.59,24.91
2015-10-19,Nakuru,13.08,23.53
2015-10-20,Nakuru,12.66,24.62
2015-10-21,Nakuru,6.34,27.39
2015-10-22,Nakuru,8.16,22.69
2015-10-23,Nakuru,14.82,22.75
2015-10-24,Nakuru,8.56,23.62
2015-10-25,Nakuru,9.54,23.68
2015-10-26,Nakuru,7.67,23.7
2015-10-27,Nakuru,9.44,24.01
2015-10-28,Nakuru,17.9,24.61
2015-10-29,Nakuru,5.16,25.19
2015-10-30,Nakuru,9.56,21.17
2015-10-31,Nakuru,11.38,19.63
2015-11-01,Nakuru,9.92,22.39
2015-11-02,Nakuru,12.45,23.36
2015-11-03,Nakuru,11.47,27.95
2015-11-04,Nakuru,7.4,21.65
2015-11-05,Nakuru,9.54,22.53
2015-11-06,Nakuru,10.83,27.17
2015-11-07,Nakuru,14.95,28.49
2015-11-08,Nakuru,10.83,27.84
2015-11-09,Nakuru,15.88,22.53
2015-11-10,Nakuru,6.62,19.3
2015-11-11,Nakuru,10.29,18.26
2015-11-12,Nakuru,8.55,19.55
2015-11-13,Nakuru,10.39,27.15
2015-11-14,Nakuru,7.68,25.47
2015-11-15,Nakuru,13.79,21.58
2015-11-16,Nakuru,10.41,24.02
2015-11-17,Nakuru,10.94,24.82
2015-11-18,Nakuru,9.63,22.84
2015-11-19,Nakuru,14.76,20.94
2015-11-20,Nakuru,6.07,20.31
2015-11-21,Nakuru,11.34,25.55
2015-11-22,Nakuru,10.01,23.43
2015-11-23,Nakuru,6.76,26.27
2015-11-24,Nakuru,7.77,20.52
2015-11-25,Nakuru,9.06,24.23
2015-11-26,Nakuru,12.64,20.19
2015-11-27,Nakuru,11.43,24.25
2015-11-28,Nakuru,8.67,27.83
2015-11-29,Nakuru,11.35,24.82
2015-11-30,Nakuru,9.89,26.67
2015-12-01,Nakuru,2.4,20.08
2015-12-02,Nakuru,5.74,21.9
2015-12-03,Nakuru,3.76,23.63
2015-12-04,Nakuru,4.26,22.83
2015-12-05,Nakuru,0.75,20.64
2015-12-06,Nakuru,5.75,23.78
2015-12-07,Nakuru,4.16,28.29
2015-12-08,Nakuru,6.59,24.94
2015-12-09,Nakuru,0.49,27.03
2015-12-10,Nakuru,7.72,22.84
2015-12-11,Nakuru,2.63,21.83
2015-12-12,Nakuru,2.65,22.67
2015-12-13,Nakuru,4.24,21.4
2015-12-14,Nakuru,4.43,25.45
2015-12-15,Nakuru,7.59,25.69
2015-12-16,Nakuru,9.7,27.46
2015-12-17,Nakuru,4.56,28.38
2015-12-18,Nakuru,5.54,24.59
2015-12-19,Nakuru,2.48,21.7
2015-12-20,Nakuru,6.51,26.74
2015-12-21,Nakuru,2.96,25.25
2015-12-22,Nakuru,4.55,29.76
2015-12-23,Nakuru,5.99,23.27
2015-12-24,Nakuru,3.85,24.21
2015-12-25,Nakuru,6.27,24.2
2015-12-26,Nakuru,0.29,22.0
2015-12-27,Nakuru,2.59,23.83
2015-12-28,Nakuru,7.76,25.05
2015-12-29,Nakuru,5.48,20.95
2015-12-30,Nakuru,5.43,29.72
2015-12-31,Nakuru,5.5,28.85
2016-01-01,Nakuru,8.59,22.23
2016-01-02,Nakuru,6.79,21.92
2016-01-03,Nakuru,3.96,20.18
2016-01-04,Nakuru,2.01,28.54
2016-01-05,Nakuru,4.75,26.33
2016-01-06,Nakuru,5.6,21.98
2016-01-07,Nakuru,8.14,22.8
2016-01-08,Nakuru,6.09,25.87
2016-01-09,Nakuru,5.49,28.03
2016-01-10,Nakuru,3.64,22.99
2016-01-11,Nakuru,5.65,23.14
2016-01-12,Nakuru,4.24,21.83
2016-01-13,Nakuru,7.05,22.68
2016-01-14,Nakuru,5.94,29.91
2016-01-15,Nakuru,5.5,22.04
2016-01-16,Nakuru,7.26,23.91
2016-01-17,Nakuru,2.71,24.09
2016-01-18,Nakuru,4.38,19.44
2016-01-19,Nakuru,5.85,20.07
2016-01-20,Nakuru,5.69,22.02
2016-01-21,Nakuru,6.12,26.88
2016-01-22,Nakuru,6.27,23.94
2016-01-23,Nakuru,6.37,25.48
2016-01-24,Nakuru,6.17,26.15
2016-01-25,Nakuru,4.02,18.78
2016-01-26,Nakuru,4.51,25.82
2016-01-27,Nakuru,3.91,29.89
2016-01-28,Nakuru,5.03,24.43
2016-01-29,Nakuru,5.16,25.45
2016-01-30,Nakuru,6.77,24.26
2016-01-31,Nakuru,7.01,23.72
2016-02-01,Nakuru,7.62,20.99
2016-02-02,Nakuru,3.43,26.97
2016-02-03,Nakuru,7.83,22.12
2016-02-04,Nakuru,7.24,25.62
2016-02-05,Nakuru,6.44,22.81
2016-02-06,Nakuru,5.48,24.14
2016-02-07,Nakuru,1.97,18.76
2016-02-08,Nakuru,3.42,22.59
2016-02-09,Nakuru,6.65,23.37
2016-02-10,Nakuru,4.54,27.86
2016-02-11,Nakuru,3.54,31.54
2016-02-12,Nakuru,5.59,20.42
2016-02-13,Nakuru,7.1,25.97
2016-02-14,Nakuru,5.93,25.46
2016-02-15,Nakuru,3.25,18.51
2016-02-16,Nakuru,6.47,23.65
2016-02-17,Nakuru,3.95,28.26
2016-02-18,Nakuru,6.27,25.09
2016-02-19,Nakuru,6.96,21.8
2016-02-20,Nakuru,2.99,25.37
2016-02-21,Nakuru,5.03,21.88
2016-02-22,Nakuru,2.67,23.01
2016-02-23,Nakuru,3.32,20.0
2016-02-24,Nakuru,3.08,25.31
2016-02-25,Nakuru,6.16,27.24
2016-02-26,Nakuru,5.06,22.19
2016-02-27,Nakuru,7.25,25.84
2016-02-28,Nakuru,9.28,25.46
2016-02-29,Nakuru,4.17,24.28
2016-03-01,Nakuru,16.99,27.16
2016-03-02,Nakuru,12.01,21.42
2016-03-03,Nakuru,20.67,24.9
2016-03-04,Nakuru,9.05,28.7
2016-03-05,Nakuru,20.88,22.65
2016-03-06,Nakuru,8.77,25.54
2016-03-07,Nakuru,23.25,23.01
2016-03-08,Nakuru,25.04,25.05
2016-03-09,Nakuru,14.0,25.0
2016-03-10,Nakuru,20.78,25.16
2016-03-11,Nakuru,19.65,23.97
2016-03-12,Nakuru,22.11,26.41
2016-03-13,Nakuru,19.91,22.99
2016-03-14,Nakuru,18.57,21.6
2016-03-15,Nakuru,20.98,25.79
2016-03-16,Nakuru,13.1,20.2
2016-03-17,Nakuru,14.88,19.75
2016-03-18,Nakuru,28.07,24.81
2016-03-19,Nakuru,21.98,24.78
2016-03-20,Nakuru,10.29,23.58
2016-03-21,Nakuru,20.57,22.81
2016-03-22,Nakuru,15.17,27.3
2016-03-23,Nakuru,11.97,21.44
2016-03-24,Nakuru,6.86,25.08
2016-03-25,Nakuru,19.36,23.05
2016-03-26,Nakuru,21.51,24.55
2016-03-27,Nakuru,11.15,27.37
2016-03-28,Nakuru,16.79,19.39
2016-03-29,Nakuru,12.12,21.16
2016-03-30,Nakuru,10.77,23.83
2016-03-31,Nakuru,17.73,21.92
2016-04-01,Nakuru,17.61,24.99
2016-04-02,Nakuru,22.8,16.75
2016-04-03,Nakuru,19.24,21.42
2016-04-04,Nakuru,15.01,21.86
2016-04-05,Nakuru,24.54,22.46
2016-04-06,Nakuru,13.07,27.75
2016-04-07,Nakuru,18.77,25.23
2016-04-08,Nakuru,21.59,25.37
2016-04-09,Nakuru,18.47,29.29
2016-04-10,Nakuru,11.25,21.15
2016-04-11,Nakuru,10.88,25.22
2016-04-12,Nakuru,14.87,21.5
2016-04-13,Nakuru,19.43,25.39
2016-04-14,Nakuru,20.46,26.63
2016-04-15,Nakuru,9.74,26.06
2016-04-16,Nakuru,16.92,26.25
2016-04-17,Nakuru,15.41,22.49
2016-04-18,Nakuru,15.48,25.25
2016-04-19,Nakuru,9.88,22.29
2016-04-20,Nakuru,12.32,17.89
2016-04-21,Nakuru,16.2,24.56
2016-04-22,Nakuru,13.79,22.57
2016-04-23,Nakuru,18.92,31.05
2016-04-24,Nakuru,7.08,30.18
2016-04-25,Nakuru,25.79,24.82
2016-04-26,Nakuru,21.25,22.15
2016-04-27,Nakuru,10.47,25.45
2016-04-28,Nakuru,16.42,20.09
2016-04-29,Nakuru,10.64,25.85
2016-04-30,Nakuru,11.02,20.04
2016-05-01,Nakuru,14.56,14.44
2016-05-02,Nakuru,15.09,16.24
2016-05-03,Nakuru,23.21,18.34
2016-05-04,Nakuru,27.34,21.66
2016-05-05,Nakuru,4.45,21.08
2016-05-06,Nakuru,21.08,25.52
2016-05-07,Nakuru,16.44,21.37
2016-05-08,Nakuru,9.27,23.43
2016-05-09,Nakuru,18.02,21.13
2016-05-10,Nakuru,25.0,22.68
2016-05-11,Nakuru,16.79,25.2
2016-05-12,Nakuru,15.88,25.13
2016-05-13,Nakuru,7.66,25.29
2016-05-14,Nakuru,17.52,21.85
2016-05-15,Nakuru,15.14,24.73
2016-05-16,Nakuru,13.65,29.89
2016-05-17,Nakuru,24.53,18.31
2016-05-18,Nakuru,16.85,24.77
2016-05-19,Nakuru,14.67,26.35
2016-05-20,Nakuru,21.99,25.89
2016-05-21,Nakuru,20.11,26.22
2016-05-22,Nakuru,16.24,20.35
2016-05-23,Nakuru,12.53,20.39
2016-05-24,Nakuru,11.24,26.86
2016-05-25,Nakuru,12.32,23.93
2016-05-26,Nakuru,21.68,25.73
2016-05-27,Nakuru,4.08,27.64
2016-05-28,Nakuru,20.22,25.33
2016-05-29,Nakuru,14.32,20.85
2016-05-30,Nakuru,23.67,25.14
2016-05-31,Nakuru,12.1,23.59
2016-06-01,Nakuru,2.81,27.01
2016-06-02,Nakuru,3.35,26.22
2016-06-03,Nakuru,6.34,23.79
2016-06-04,Nakuru,4.22,21.7
2016-06-05,Nakuru,4.41,24.08
2016-06-06,Nakuru,6.15,25.23
2016-06-07,Nakuru,3.3,23.3
2016-06-08,Nakuru,4.99,20.79
2016-06-09,Nakuru,6.97,26.59
2016-06-10,Nakuru,4.8,24.19
2016-06-11,Nakuru,3.67,24.0
2016-06-12,Nakuru,4.99,27.43
2016-06-13,Nakuru,1.16,27.39
2016-06-14,Nakuru,5.71,23.2
2016-06-15,Nakuru,4.37,23.31
2016-06-16,Nakuru,4.97,20.97
2016-06-17,Nakuru,6.18,24.91
2016-06-18,Nakuru,3.03,23.13
2016-06-19,Nakuru,0.0,17.23
2016-06-20,Nakuru,6.88,18.36
2016-06-21,Nakuru,8.28,28.04
2016-06-22,Nakuru,2.66,29.87
2016-06-23,Nakuru,4.39,26.4
2016-06-24,Nakuru,6.04,21.83
2016-06-25,Nakuru,3.83,26.83
2016-06-26,Nakuru,2.25,22.73
2016-06-27,Nakuru,6.37,21.44
2016-06-28,Nakuru,5.68,22.67
2016-06-29,Nakuru,4.11,29.99
2016-06-30,Nakuru,6.72,24.33
2016-07-01,Nakuru,2.42,26.48
2016-07-02,Nakuru,5.72,26.29
2016-07-03,Nakuru,3.49,22.16
2016-07-04,Nakuru,3.86,23.94
2016-07-05,Nakuru,7.25,26.95
2016-07-06,Nakuru,1.34,26.79
2016-07-07,Nakuru,3.48,24.93
2016-07-08,Nakuru,7.99,22.41
2016-07-09,Nakuru,7.63,25.48
2016-07-10,Nakuru,5.59,19.73
2016-07-11,Nakuru,6.72,23.34
2016-07-12,Nakuru,6.29,22.45
2016-07-13,Nakuru,5.44,22.68
2016-07-14,Nakuru,2.37,20.31
2016-07-15,Nakuru,6.31,21.11
2016-07-16,Nakuru,6.49,22.98
2016-07-17,Nakuru,4.37,17.25
2016-07-18,Nakuru,2.35,21.8
2016-07-19,Nakuru,6.41,28.8
2016-07-20,Nakuru,4.54,25.56
2016-07-21,Nakuru,0.0,24.55
2016-07-22,Nakuru,8.34,27.48
2016-07-23,Nakuru,4.65,23.71
2016-07-24,Nakuru,4.09,18.25
2016-07-25,Nakuru,9.17,21.8
2016-07-26,Nakuru,4.16,23.0
2016-07-27,Nakuru,7.32,26.38
2016-07-28,Nakuru,4.23,28.02
2016-07-29,Nakuru,2.64,22.49
2016-07-30,Nakuru,4.43,25.04
2016-07-31,Nakuru,6.71,23.55
2016-08-01,Nakuru,0.33,25.47
2016-08-02,Nakuru,6.52,23.36
2016-08-03,Nakuru,6.75,20.81
2016-08-04,Nakuru,2.51,24.49
2016-08-05,Nakuru,7.1,21.66
2016-08-06,Nakuru,4.1,20.4
2016-08-07,Nakuru,4.2,19.34
2016-08-08,Nakuru,7.53,20.51
2016-08-09,Nakuru,4.93,18.61
2016-08-10,Nakuru,5.66,25.56
2016-08-11,Nakuru,2.97,22.65
2016-08-12,Nakuru,3.28,20.18
2016-08-13,Nakuru,4.07,25.39
2016-08-14,Nakuru,3.64,25.91
2016-08-15,Nakuru,4.9,26.43
2016-08-16,Nakuru,2.92,25.41
2016-08-17,Nakuru,2.93,21.59
2016-08-18,Nakuru,4.11,25.13
2016-08-19,Nakuru,7.2,28.8
2016-08-20,Nakuru,1.35,21.16
2016-08-21,Nakuru,3.27,26.46
2016-08-22,Nakuru,6.55,27.03
2016-08-23,Nakuru,5.92,25.46
2016-08-24,Nakuru,7.85,22.61
2016-08-25,Nakuru,4.82,21.36
2016-08-26,Nakuru,11.57,20.15
2016-08-27,Nakuru,3.49,20.87
2016-08-28,Nakuru,5.88,24.91
2016-08-29,Nakuru,4.07,26.01
2016-08-30,Nakuru,6.62,24.59
2016-08-31,Nakuru,2.78,22.14
2016-09-01,Nakuru,2.77,20.62
2016-09-02,Nakuru,5.27,22.44
2016-09-03,Nakuru,4.18,29.32
2016-09-04,Nakuru,1.77,20.52
2016-09-05,Nakuru,3.67,21.78
2016-09-06,Nakuru,5.97,27.86
2016-09-07,Nakuru,1.64,25.43
2016-09-08,Nakuru,6.14,27.52
2016-09-09,Nakuru,7.52,27.35
2016-09-10,Nakuru,8.26,25.83
2016-09-11,Nakuru,5.56,26.5
2016-09-12,Nakuru,2.5,23.21
2016-09-13,Nakuru,2.49,24.03
2016-09-14,Nakuru,6.31,18.9
2016-09-15,Nakuru,9.72,26.07
2016-09-16,Nakuru,3.24,25.09
2016-09-17,Nakuru,5.32,29.33
2016-09-18,Nakuru,3.82,28.39
2016-09-19,Nakuru,5.53,19.48
2016-09-20,Nakuru,9.32,19.5
2016-09-21,Nakuru,8.42,23.56
2016-09-22,Nakuru,3.55,26.17
2016-09-23,Nakuru,5.71,20.79
2016-09-24,Nakuru,5.52,30.18
2016-09-25,Nakuru,5.88,23.44
2016-09-26,Nakuru,2.93,24.99
2016-09-27,Nakuru,8.76,22.8
2016-09-28,Nakuru,2.23,22.88
2016-09-29,Nakuru,4.81,24.84
2016-09-30,Nakuru,7.01,28.37
2016-10-01,Nakuru,11.51,22.05
2015-01-01,Narok,6.09,25.14
2015-01-02,Narok,6.59,25.91
2015-01-03,Narok,6.32,26.02
2015-01-04,Narok,3.6,19.52
2015-01-05,Narok,6.88,24.57
2015-01-06,Narok,3.05,21.72
2015-01-07,Narok,4.11,24.08
2015-01-08,Narok,2.66,23.34
2015-01-09,Narok,2.79,25.15
2015-01-10,Narok,5.45,25.69
2015-01-11,Narok,6.4,25.83
2015-01-12,Narok,5.95,25.8
2015-01-13,Narok,3.32,21.66
2015-01-14,Narok,6.68,26.16
2015-01-15,Narok,2.24,27.18
2015-01-16,Narok,6.88,23.45
2015-01-17,Narok,5.2,27.92
2015-01-18,Narok,3.73,29.29
2015-01-19,Narok,2.92,25.41
2015-01-20,Narok,3.75,25.18
2015-01-21,Narok,5.94,31.38
2015-01-22,Narok,3.41,25.17
2015-01-23,Narok,5.13,27.45
2015-01-24,Narok,5.9,26.7
2015-01-25,Narok,8.41,21.62
2015-01-26,Narok,4.57,19.63
2015-01-27,Narok,4.51,27.19
2015-01-28,Narok,7.09,25.35
2015-01-29,Narok,6.37,22.47
2015-01-30,Narok,2.33,28.49
2015-01-31,Narok,4.56,25.69
2015-02-01,Narok,4.22,21.36
2015-02-02,Narok,3.78,27.96
2015-02-03,Narok,6.99,20.85
2015-02-04,Narok,3.96,20.16
2015-02-05,Narok,5.74,23.27
2015-02-06,Narok,4.59,25.37
2015-02-07,Narok,2.95,21.34
2015-02-08,Narok,2.85,23.33
2015-02-09,Narok,1.94,28.18
2015-02-10,Narok,3.02,13.59
2015-02-11,Narok,7.02,23.88
2015-02-12,Narok,4.29,24.82
2015-02-13,Narok,9.99,22.13
2015-02-14,Narok,3.0,23.67
2015-02-15,Narok,6.7,26.4
2015-02-16,Narok,3.82,27.43
2015-02-17,Narok,7.52,21.48
2015-02-18,Narok,6.35,20.09
2015-02-19,Narok,4.5,21.8
2015-02-20,Narok,5.51,25.55
2015-02-21,Narok,3.84,20.52
2015-02-22,Narok,3.93,23.72
2015-02-23,Narok,2.43,28.66
2015-02-24,Narok,3.91,20.81
2015-02-25,Narok,5.16,28.86
2015-02-26,Narok,5.37,26.07
2015-02-27,Narok,7.41,33.66
2015-02-28,Narok,7.08,27.16
2015-03-01,Narok,5.11,23.24
2015-03-02,Narok,12.47,22.27
2015-03-03,Narok,20.81,24.68
2015-03-04,Narok,8.47,27.33
2015-03-05,Narok,12.47,19.98
2015-03-06,Narok,10.38,24.73
2015-03-07,Narok,14.53,24.27
2015-03-08,Narok,18.28,27.94
2015-03-09,Narok,9.49,26.06
2015-03-10,Narok,9.37,19.56
2015-03-11,Narok,17.63,21.87
2015-03-12,Narok,6.67,24.16
2015-03-13,Narok,11.96,29.69
2015-03-14,Narok,22.77,17.73
2015-03-15,Narok,19.01,23.19
2015-03-16,Narok,16.79,24.15
2015-03-17,Narok,19.94,24.07
2015-03-18,Narok,19.13,27.69
2015-03-19,Narok,25.06,28.14
2015-03-20,Narok,23.2,22.86
2015-03-21,Narok,16.49,22.99
2015-03-22,Narok,11.88,23.01
2015-03-23,Narok,14.89,21.66
2015-03-24,Narok,0.0,21.6
2015-03-25,Narok,0.97,21.91
2015-03-26,Narok,9.84,26.56
2015-03-27,Narok,14.41,24.65
2015-03-28,Narok,10.65,25.74
2015-03-29,Narok,15.94,26.87
2015-03-30,Narok,13.45,26.85
2015-03-31,Narok,11.45,28.58
2015-04-01,Narok,11.99,22.49
2015-04-02,Narok,18.84,22.91
2015-04-03,Narok,17.05,27.32
2015-04-04,Narok,16.65,26.37
2015-04-05,Narok,15.46,26.53
2015-04-06,Narok,16.01,25.68
2015-04-07,Narok,9.17,23.5
2015-04-08,Narok,13.33,23.68
2015-04-09,Narok,13.49,24.47
2015-04-10,Narok,12.42,24.01
2015-04-11,Narok,15.44,23.27
2015-04-12,Narok,17.98,17.72
2015-04-13,Narok,21.88,25.07
2015-04-14,Narok,14.14,24.04
2015-04-15,Narok,11.28,23.4
2015-04-16,Narok,14.81,22.01
2015-04-17,Narok,17.21,27.61
2015-04-18,Narok,17.13,24.86
2015-04-19,Narok,14.97,21.84
2015-04-20,Narok,10.82,27.56
2015-04-21,Narok,19.22,25.83
2015-04-22,Narok,13.89,17.78
2015-04-23,Narok,16.69,27.06
2015-04-24,Narok,18.47,26.3
2015-04-25,Narok,5.23,23.92
2015-04-26,Narok,14.89,25.29
2015-04-27,Narok,15.79,23.1
2015-04-28,Narok,13.53,24.53
2015-04-29,Narok,19.66,24.89
2015-04-30,Narok,18.92,21.47
2015-05-01,Narok,25.89,26.8
2015-05-02,Narok,18.22,22.94
2015-05-03,Narok,15.38,27.03
2015-05-04,Narok,20.22,21.07
2015-05-05,Narok,17.88,24.89
2015-05-06,Narok,20.97,23.41
2015-05-07,Narok,27.13,24.8
2015-05-08,Narok,16.28,21.28
2015-05-09,Narok,8.15,16.73
2015-05-10,Narok,8.07,27.69
2015-05-11,Narok,7.88,24.28
2015-05-12,Narok,21.59,23.42
2015-05-13,Narok,15.62,28.71
2015-05-14,Narok,7.07,28.26
2015-05-15,Narok,10.48,21.24
2015-05-16,Narok,11.24,26.16
2015-05-17,Narok,25.78,26.78
2015-05-18,Narok,13.26,26.89
2015-05-19,Narok,17.44,28.75
2015-05-20,Narok,20.95,21.65
2015-05-21,Narok,14.47,25.8
2015-05-22,Narok,16.13,25.2
2015-05-23,Narok,11.22,25.32
2015-05-24,Narok,5.27,25.22
2015-05-25,Narok,15.45,28.09
2015-05-26,Narok,12.01,26.43
2015-05-27,Narok,10.07,24.34
2015-05-28,Narok,15.53,19.39
2015-05-29,Narok,10.76,22.61
2015-05-30,Narok,8.02,22.37
2015-05-31,Narok,18.24,21.21
2015-06-01,Narok,6.25,23.54
2015-06-02,Narok,0.69,25.9
2015-06-03,Narok,4.56,21.77
2015-06-04,Narok,4.4,21.78
2015-06-05,Narok,3.99,21.47
2015-06-06,Narok,5.43,20.53
2015-06-07,Narok,4.48,25.95
2015-06-08,Narok,4.23,24.16
2015-06-09,Narok,4.07,23.01
2015-06-10,Narok,6.29,26.63
2015-06-11,Narok,0.0,26.1
2015-06-12,Narok,8.93,29.75
2015-06-13,Narok,3.92,23.12
2015-06-14,Narok,7.09,25.6
2015-06-15,Narok,6.13,23.37
2015-06-16,Narok,6.91,26.26
2015-06-17,Narok,5.44,23.96
2015-06-18,Narok,6.88,23.68
2015-06-19,Narok,8.81,21.62
2015-06-20,Narok,4.27,26.15
2015-06-21,Narok,4.62,26.76
2015-06-22,Narok,6.23,24.67
2015-06-23,Narok,7.6,17.86
2015-06-24,Narok,4.92,23.89
2015-06-25,Narok,7.8,23.27
2015-06-26,Narok,3.94,26.91
2015-06-27,Narok,6.37,28.1
2015-06-28,Narok,5.18,29.14
2015-06-29,Narok,5.69,21.34
2015-06-30,Narok,4.59,22.08
2015-07-01,Narok,5.16,24.92
2015-07-02,Narok,6.84,26.92
2015-07-03,Narok,4.63,25.49
2015-07-04,Narok,5.79,27.85
2015-07-05,Narok,5.31,22.48
2015-07-06,Narok,2.67,29.53
2015-07-07,Narok,5.14,24.32
2015-07-08,Narok,5.87,25.91
2015-07-09,Narok,5.39,23.45
2015-07-10,Narok,2.51,22.06
2015-07-11,Narok,0.65,18.37
2015-07-12,Narok,3.91,26.97
2015-07-13,Narok,5.32,21.3
2015-07-14,Narok,4.36,29.41
2015-07-15,Narok,5.95,22.3
2015-07-16,Narok,2.75,27.77
2015-07-17,Narok,6.29,24.73
2015-07-18,Narok,3.53,25.41
2015-07-19,Narok,6.5,21.88
2015-07-20,Narok,2.06,23.7
2015-07-21,Narok,6.41,22.55
2015-07-22,Narok,4.43,22.5
2015-07-23,Narok,5.72,23.18
2015-07-24,Narok,5.95,19.85
2015-07-25,Narok,5.62,22.13
2015-07-26,Narok,2.88,21.78
2015-07-27,Narok,9.72,25.13
2015-07-28,Narok,6.31,26.86
2015-07-29,Narok,2.84,27.58
2015-07-30,Narok,5.21,26.91
2015-07-31,Narok,8.69,28.97
2015-08-01,Narok,4.27,23.59
2015-08-02,Narok,7.92,22.67
2015-08-03,Narok,4.42,23.76
2015-08-04,Narok,0.41,23.18
2015-08-05,Narok,6.66,20.71
2015-08-06,Narok,7.74,22.92
2015-08-07,Narok,2.36,22.27
2015-08-08,Narok,4.42,23.68
2015-08-09,Narok,1.52,23.3
2015-08-10,Narok,4.05,23.58
2015-08-11,Narok,3.56,22.87
2015-08-12,Narok,6.52,25.16
2015-08-13,Narok,5.62,24.17
2015-08-14,Narok,7.3,23.84
2015-08-15,Narok,6.84,31.0
2015-08-16,Narok,4.07,22.51
2015-08-17,Narok,7.37,25.07
2015-08-18,Narok,3.21,22.02
2015-08-19,Narok,3.39,22.62
2015-08-20,Narok,4.64,25.7
2015-08-21,Narok,3.61,23.54
2015-08-22,Narok,2.49,27.12
2015-08-23,Narok,4.77,25.15
2015-08-24,Narok,7.5,26.21
2015-08-25,Narok,7.85,24.95
2015-08-26,Narok,3.39,27.75
2015-08-27,Narok,5.85,28.92
2015-08-28,Narok,7.31,27.71
2015-08-29,Narok,5.36,20.38
2015-08-30,Narok,5.13,20.34
2015-08-31,Narok,7.7,20.85
2015-09-01,Narok,6.42,25.27
2015-09-02,Narok,7.88,24.09
2015-09-03,Narok,4.22,25.26
2015-09-04,Narok,3.25,20.48
2015-09-05,Narok,5.19,26.5
2015-09-06,Narok,2.94,29.78
2015-09-07,Narok,5.83,25.15
2015-09-08,Narok,9.64,24.28
2015-09-09,Narok,4.3,32.61
2015-09-10,Narok,0.95,31.46
2015-09-11,Narok,6.55,24.32
2015-09-12,Narok,4.1,24.21
2015-09-13,Narok,4.24,21.74
2015-09-14,Narok,5.63,25.11
2015-09-15,Narok,5.6,26.43
2015-09-16,Narok,4.97,27.23
2015-09-17,Narok,6.08,23.62
2015-09-18,Narok,6.45,17.74
2015-09-19,Narok,8.54,17.9
2015-09-20,Narok,8.16,22.87
2015-09-21,Narok,2.6,22.79
2015-09-22,Narok,8.32,24.73
2015-09-23,Narok,4.88,27.7
2015-09-24,Narok,6.97,24.73
2015-09-25,Narok,9.82,28.71
2015-09-26,Narok,6.45,25.42
2015-09-27,Narok,4.59,28.46
2015-09-28,Narok,3.13,20.72
2015-09-29,Narok,6.51,28.83
2015-09-30,Narok,6.36,26.26
2015-10-01,Narok,9.33,21.97
2015-10-02,Narok,12.17,22.34
2015-10-03,Narok,8.11,21.12
2015-10-04,Narok,16.32,23.9
2015-10-05,Narok,14.04,23.62
2015-10-06,Narok,10.84,23.9
2015-10-07,Narok,11.47,20.51
2015-10-08,Narok,8.46,24.7
2015-10-09,Narok,12.36,19.84
2015-10-10,Narok,9.79,24.38
2015-10-11,Narok,19.74,21.24
2015-10-12,Narok,6.02,22.56
2015-10-13,Narok,8.13,24.85
2015-10-14,Narok,13.36,21.01
2015-10-15,Narok,6.85,20.51
2015-10-16,Narok,9.51,25.64
2015-10-17,Narok,7.84,21.32
2015-10-18,Narok,13.16,23.46
2015-10-19,Narok,10.36,22.18
2015-10-20,Narok,12.87,25.64
2015-10-21,Narok,17.98,23.82
2015-10-22,Narok,8.54,27.16
2015-10-23,Narok,8.64,22.92
2015-10-24,Narok,11.21,21.58
2015-10-25,Narok,16.49,20.6
2015-10-26,Narok,8.95,26.49
2015-10-27,Narok,11.15,24.34
2015-10-28,Narok,9.58,24.28
2015-10-29,Narok,6.44,24.26
2015-10-30,Narok,4.34,24.91
2015-10-31,Narok,5.86,23.89
2015-11-01,Narok,11.02,23.31
2015-11-02,Narok,10.03,23.68
2015-11-03,Narok,8.87,27.28
2015-11-04,Narok,12.48,24.92
2015-11-05,Narok,11.71,21.1
2015-11-06,Narok,7.81,27.22
2015-11-07,Narok,5.88,23.49
2015-11-08,Narok,7.7,29.26
2015-11-09,Narok,11.4,27.71
2015-11-10,Narok,9.37,19.53
2015-11-11,Narok,9.92,24.89
2015-11-12,Narok,17.27,19.22
2015-11-13,Narok,5.77,21.03
2015-11-14,Narok,12.57,20.84
2015-11-15,Narok,16.25,21.15
2015-11-16,Narok,12.12,30.97
2015-11-17,Narok,7.03,26.22
2015-11-18,Narok,12.0,25.71
2015-11-19,Narok,12.39,23.03
2015-11-20,Narok,12.98,24.93
2015-11-21,Narok,4.61,22.1
2015-11-22,Narok,12.6,24.71
2015-11-23,Narok,11.07,22.29
2015-11-24,Narok,16.12,27.39
2015-11-25,Narok,7.15,25.27
2015-11-26,Narok,12.09,28.81
2015-11-27,Narok,12.53,28.3
2015-11-28,Narok,8.26,25.44
2015-11-29,Narok,10.55,21.38
2015-11-30,Narok,7.85,26.97
2015-12-01,Narok,4.12,23.25
2015-12-02,Narok,1.61,28.66
2015-12-03,Narok,5.14,20.0
2015-12-04,Narok,4.52,24.93
2015-12-05,Narok,3.85,26.47
2015-12-06,Narok,5.11,24.54
2015-12-07,Narok,5.53,20.82
2015-12-08,Narok,3.56,17.03
2015-12-09,Narok,2.06,22.31
2015-12-10,Narok,3.77,23.76
2015-12-11,Narok,0.9,24.15
2015-12-12,Narok,8.37,21.16
2015-12-13,Narok,7.17,23.1
2015-12-14,Narok,3.63,23.38
2015-12-15,Narok,7.62,23.56
2015-12-16,Narok,3.35,22.38
2015-12-17,Narok,4.29,20.18
2015-12-18,Narok,2.45,24.87
2015-12-19,Narok,5.54,21.99
2015-12-20,Narok,1.68,24.83
2015-12-21,Narok,7.88,23.33
2015-12-22,Narok,4.93,22.28
2015-12-23,Narok,9.51,25.18
2015-12-24,Narok,6.76,21.2
2015-12-25,Narok,6.23,15.01
2015-12-26,Narok,4.21,21.87
2015-12-27,Narok,3.02,26.45
2015-12-28,Narok,4.47,26.78
2015-12-29,Narok,4.3,32.16
2015-12-30,Narok,6.15,30.06
2015-12-31,Narok,5.81,24.75
2016-01-01,Narok,2.66,27.73
2016-01-02,Narok,5.08,30.35
2016-01-03,Narok,4.13,20.92
2016-01-04,Narok,3.95,22.31
2016-01-05,Narok,2.4,25.69
2016-01-06,Narok,2.0,23.66
2016-01-07,Narok,6.42,24.2
2016-01-08,Narok,4.62,22.23
2016-01-09,Narok,4.08,23.23
2016-01-10,Narok,6.14,27.33
2016-01-11,Narok,6.73,23.78
2016-01-12,Narok,4.38,28.95
2016-01-13,Narok,3.46,20.52
2016-01-14,Narok,7.52,28.22
2016-01-15,Narok,5.38,23.44
2016-01-16,Narok,2.17,24.81
2016-01-17,Narok,5.15,25.25
2016-01-18,Narok,5.11,23.2
2016-01-19,Narok,10.42,28.6
2016-01-20,Narok,6.55,28.32
2016-01-21,Narok,9.22,22.41
2016-01-22,Narok,5.19,19.46
2016-01-23,Narok,2.88,26.08
2016-01-24,Narok,7.45,25.68
2016-01-25,Narok,5.1,18.14
2016-01-26,Narok,0.78,27.46
2016-01-27,Narok,2.67,27.74
2016-01-28,Narok,4.59,21.73
2016-01-29,Narok,3.17,16.26
2016-01-30,Narok,4.48,15.68
2016-01-31,Narok,4.59,22.47
2016-02-01,Narok,2.78,21.39
2016-02-02,Narok,3.63,25.3
2016-02-03,Narok,4.73,21.05
2016-02-04,Narok,4.16,26.24
2016-02-05,Narok,4.29,21.64
2016-02-06,Narok,5.98,24.54
2016-02-07,Narok,6.74,23.92
2016-02-08,Narok,6.44,17.83
2016-02-09,Narok,7.18,24.58
2016-02-10,Narok,4.56,18.17
2016-02-11,Narok,7.01,26.23
2016-02-12,Narok,3.26,20.77
2016-02-13,Narok,2.75,22.98
2016-02-14,Narok,5.83,25.04
2016-02-15,Narok,3.67,25.07
2016-02-16,Narok,4.22,28.75
2016-02-17,Narok,5.28,24.13
2016-02-18,Narok,9.16,22.16
2016-02-19,Narok,1.44,29.89
2016-02-20,Narok,4.66,22.12
2016-02-21,Narok,3.28,28.78
2016-02-22,Narok,5.12,21.56
2016-02-23,Narok,7.43,25.31
2016-02-24,Narok,6.02,23.63
2016-02-25,Narok,3.7,24.85
2016-02-26,Narok,8.51,23.77
2016-02-27,Narok,3.93,24.28
2016-02-28,Narok,3.23,23.0
2016-02-29,Narok,2.73,23.01
2016-03-01,Narok,20.86,24.02
2016-03-02,Narok,16.55,24.94
2016-03-03,Narok,10.45,17.16
2016-03-04,Narok,18.21,22.69
2016-03-05,Narok,16.27,23.28
2016-03-06,Narok,10.57,21.89
2016-03-07,Narok,20.01,24.26
2016-03-08,Narok,23.64,25.13
2016-03-09,Narok,23.09,23.76
2016-03-10,Narok,9.2,23.49
2016-03-11,Narok,21.84,23.95
2016-03-12,Narok,19.01,22.19
2016-03-13,Narok,18.58,25.06
2016-03-14,Narok,16.09,24.36
2016-03-15,Narok,19.61,25.46
2016-03-16,Narok,20.6,25.15
2016-03-17,Narok,21.19,23.86
2016-03-18,Narok,18.11,25.86
2016-03-19,Narok,9.76,24.83
2016-03-20,Narok,12.46,26.07
2016-03-21,Narok,17.23,26.03
2016-03-22,Narok,3.91,28.75
2016-03-23,Narok,15.37,27.44
2016-03-24,Narok,17.23,20.52
2016-03-25,Narok,5.81,25.93
2016-03-26,Narok,19.54,22.14
2016-03-27,Narok,22.57,29.54
2016-03-28,Narok,16.83,19.9
2016-03-29,Narok,14.59,20.34
2016-03-30,Narok,13.29,30.51
2016-03-31,Narok,13.22,21.51
2016-04-01,Narok,15.22,24.38
2016-04-02,Narok,9.44,22.04
2016-04-03,Narok,18.64,24.95
2016-04-04,Narok,17.62,25.11
2016-04-05,Narok,22.06,22.33
2016-04-06,Narok,17.99,21.44
2016-04-07,Narok,19.18,20.24
2016-04-08,Narok,15.94,21.73
2016-04-09,Narok,21.08,27.46
2016-04-10,Narok,23.43,18.92
2016-04-11,Narok,20.16,26.49
2016-04-12,Narok,13.7,24.85
2016-04-13,Narok,10.98,31.13
2016-04-14,Narok,13.14,21.3
2016-04-15,Narok,3.6,27.35
2016-04-16,Narok,14.35,24.86
2016-04-17,Narok,17.76,29.05
2016-04-18,Narok,16.55,19.96
2016-04-19,Narok,12.26,23.38
2016-04-20,Narok,14.08,21.13
2016-04-21,Narok,10.19,22.48
2016-04-22,Narok,13.43,21.34
2016-04-23,Narok,9.76,23.24
2016-04-24,Narok,7.53,24.13
2016-04-25,Narok,15.39,25.76
2016-04-26,Narok,12.55,28.26
2016-04-27,Narok,14.79,24.26
2016-04-28,Narok,7.17,16.65
2016-04-29,Narok,11.54,20.77
2016-04-30,Narok,10.87,26.85
2016-05-01,Narok,8.09,27.03
2016-05-02,Narok,8.83,26.24
2016-05-03,Narok,17.28,23.04
2016-05-04,Narok,22.0,26.61
2016-05-05,Narok,15.52,25.13
2016-05-06,Narok,15.46,21.87
2016-05-07,Narok,20.26,22.43
2016-05-08,Narok,6.25,25.32
2016-05-09,Narok,10.51,29.74
2016-05-10,Narok,10.02,24.27
2016-05-11,Narok,12.85,29.17
2016-05-12,Narok,6.99,23.93
2016-05-13,Narok,17.54,23.18
2016-05-14,Narok,19.65,23.2
2016-05-15,Narok,12.84,22.11
2016-05-16,Narok,14.39,20.09
2016-05-17,Narok,20.03,18.59
2016-05-18,Narok,15.13,23.0
2016-05-19,Narok,19.74,21.62
2016-05-20,Narok,13.17,28.64
2016-05-21,Narok,15.67,22.44
2016-05-22,Narok,11.62,25.65
2016-05-23,Narok,14.61,23.43
2016-05-24,Narok,14.73,19.57
2016-05-25,Narok,13.29,22.22
2016-05-26,Narok,12.22,25.29
2016-05-27,Narok,18.87,21.19
2016-05-28,Narok,10.92,25.17
2016-05-29,Narok,11.72,28.31
2016-05-30,Narok,20.8,26.31
2016-05-31,Narok,15.05,20.6
2016-06-01,Narok,4.16,26.07
2016-06-02,Narok,5.54,18.99
2016-06-03,Narok,3.18,21.78
2016-06-04,Narok,5.46,21.01
2016-06-05,Narok,2.35,25.5
2016-06-06,Narok,2.24,25.87
2016-06-07,Narok,3.33,25.17
2016-06-08,Narok,3.72,24.3
2016-06-09,Narok,6.96,23.78
2016-06-10,Narok,2.02,24.19
2016-06-11,Narok,5.49,22.05
2016-06-12,Narok,9.57,23.64
2016-06-13,Narok,5.13,27.11
2016-06-14,Narok,3.94,29.75
2016-06-15,Narok,8.33,24.97
2016-06-16,Narok,8.59,20.13
2016-06-17,Narok,5.12,20.43
2016-06-18,Narok,6.62,25.31
2016-06-19,Narok,4.71,24.36
2016-06-20,Narok,6.1,18.3
2016-06-21,Narok,8.34,24.06
2016-06-22,Narok,6.12,25.89
2016-06-23,Narok,6.95,23.9
2016-06-24,Narok,2.76,18.25
2016-06-25,Narok,0.72,26.77
2016-06-26,Narok,2.62,23.42
2016-06-27,Narok,7.51,27.44
2016-06-28,Narok,4.96,16.56
2016-06-29,Narok,4.57,23.89
2016-06-30,Narok,6.17,21.9
2016-07-01,Narok,6.43,19.98
2016-07-02,Narok,7.85,25.21
2016-07-03,Narok,5.33,23.62
2016-07-04,Narok,6.66,27.4
2016-07-05,Narok,7.9,22.89
2016-07-06,Narok,5.78,26.45
2016-07-07,Narok,7.52,21.27
2016-07-08,Narok,4.9,21.83
2016-07-09,Narok,4.23,20.7
2016-07-10,Narok,6.22,24.27
2016-07-11,Narok,0.47,25.15
2016-07-12,Narok,2.13,23.37
2016-07-13,Narok,6.52,25.75
2016-07-14,Narok,0.63,27.01
2016-07-15,Narok,5.66,21.84
2016-07-16,Narok,4.79,26.37
2016-07-17,Narok,5.95,23.83
2016-07-18,Narok,5.73,21.7
2016-07-19,Narok,7.66,24.91
2016-07-20,Narok,5.23,20.81
2016-07-21,Narok,4.28,23.71
2016-07-22,Narok,5.94,25.94
2016-07-23,Narok,6.52,20.69
2016-07-24,Narok,2.72,24.63
2016-07-25,Narok,4.89,21.95
2016-07-26,Narok,8.32,24.99
2016-07-27,Narok,0.53,21.71
2016-07-28,Narok,6.53,17.25
2016-07-29,Narok,2.68,27.36
2016-07-30,Narok,5.15,20.02
2016-07-31,Narok,1.8,24.19
2016-08-01,Narok,7.52,24.78
2016-08-02,Narok,8.5,20.28
2016-08-03,Narok,1.53,21.95
2016-08-04,Narok,8.62,29.45
2016-08-05,Narok,4.33,23.93
2016-08-06,Narok,7.95,22.26
2016-08-07,Narok,3.53,22.71
2016-08-08,Narok,7.98,19.07
2016-08-09,Narok,5.72,22.55
2016-08-10,Narok,3.22,18.45
2016-08-11,Narok,9.49,23.0
2016-08-12,Narok,7.08,26.57
2016-08-13,Narok,8.53,20.32
2016-08-14,Narok,6.38,24.52
2016-08-15,Narok,2.77,25.67
2016-08-16,Narok,3.17,22.07
2016-08-17,Narok,5.86,28.51
2016-08-18,Narok,1.22,26.84
2016-08-19,Narok,5.56,22.61
2016-08-20,Narok,2.88,24.88
2016-08-21,Narok,0.35,21.28
2016-08-22,Narok,2.8,24.11
2016-08-23,Narok,6.04,31.66
2016-08-24,Narok,3.79,19.86
2016-08-25,Narok,3.84,24.71
2016-08-26,Narok,3.44,24.14
2016-08-27,Narok,3.04,22.33
2016-08-28,Narok,2.71,22.9
2016-08-29,Narok,8.98,27.45
2016-08-30,Narok,3.78,22.91
2016-08-31,Narok,4.3,23.94
2016-09-01,Narok,2.66,21.44
2016-09-02,Narok,9.38,27.92
2016-09-03,Narok,1.75,24.57
2016-09-04,Narok,4.52,26.71
2016-09-05,Narok,2.51,26.13
2016-09-06,Narok,7.08,27.08
2016-09-07,Narok,4.1,22.72
2016-09-08,Narok,6.89,17.15
2016-09-09,Narok,5.71,30.31
2016-09-10,Narok,2.09,27.41
2016-09-11,Narok,4.64,27.38
2016-09-12,Narok,4.71,24.87
2016-09-13,Narok,4.65,23.08
2016-09-14,Narok,2.83,26.01
2016-09-15,Narok,3.69,22.13
2016-09-16,Narok,6.81,26.65
2016-09-17,Narok,4.58,18.66
2016-09-18,Narok,6.25,26.12
2016-09-19,Narok,8.14,25.51
2016-09-20,Narok,3.0,27.56
2016-09-21,Narok,2.99,23.56
2016-09-22,Narok,7.89,21.54
2016-09-23,Narok,1.47,24.56
2016-09-24,Narok,1.03,22.28
2016-09-25,Narok,0.92,25.96
2016-09-26,Narok,6.86,24.9
2016-09-27,Narok,9.07,24.99
2016-09-28,Narok,4.5,24.32
2016-09-29,Narok,1.18,24.14
2016-09-30,Narok,3.43,23.3
2016-10-01,Narok,10.28,26.2
2015-01-01,Kajiado,5.85,27.29
2015-01-02,Kajiado,1.84,17.98
2015-01-03,Kajiado,3.71,21.97
2015-01-04,Kajiado,6.2,26.51
2015-01-05,Kajiado,2.65,26.02
2015-01-06,Kajiado,6.57,27.63
2015-01-07,Kajiado,4.15,26.37
2015-01-08,Kajiado,0.28,27.91
2015-01-09,Kajiado,2.89,21.07
2015-01-10,Kajiado,7.91,24.2
2015-01-11,Kajiado,5.4,27.69
2015-01-12,Kajiado,4.47,23.4
2015-01-13,Kajiado,4.2,25.89
2015-01-14,Kajiado,5.66,28.51
2015-01-15,Kajiado,6.0,19.98
2015-01-16,Kajiado,4.46,26.32
2015-01-17,Kajiado,5.45,24.39
2015-01-18,Kajiado,7.43,25.63
2015-01-19,Kajiado,3.11,20.38
2015-01-20,Kajiado,2.65,25.84
2015-01-21,Kajiado,8.47,21.67
2015-01-22,Kajiado,3.85,24.92
2015-01-23,Kajiado,4.92,26.07
2015-01-24,Kajiado,0.52,25.44
2015-01-25,Kajiado,5.0,28.28
2015-01-26,Kajiado,6.82,22.22
2015-01-27,Kajiado,3.78,25.2
2015-01-28,Kajiado,5.3,20.96
2015-01-29,Kajiado,6.09,21.94
2015-01-30,Kajiado,5.24,21.43
2015-01-31,Kajiado,0.0,21.12
2015-02-01,Kajiado,5.84,31.78
2015-02-02,Kajiado,3.8,20.01
2015-02-03,Kajiado,9.78,22.99
2015-02-04,Kajiado,5.42,26.17
2015-02-05,Kajiado,5.37,25.07
2015-02-06,Kajiado,7.11,22.33
2015-02-07,Kajiado,3.94,25.83
2015-02-08,Kajiado,3.98,24.25
2015-02-09,Kajiado,6.77,22.77
2015-02-10,Kajiado,3.26,28.08
2015-02-11,Kajiado,5.01,25.15
2015-02-12,Kajiado,3.19,27.44
2015-02-13,Kajiado,6.09,27.85
2015-02-14,Kajiado,5.01,23.43
2015-02-15,Kajiado,5.66,22.65
2015-02-16,Kajiado,5.83,21.43
2015-02-17,Kajiado,5.74,27.54
2015-02-18,Kajiado,7.13,22.53
2015-02-19,Kajiado,5.69,20.9
2015-02-20,Kajiado,4.72,24.27
2015-02-21,Kajiado,5.87,27.64
2015-02-22,Kajiado,6.76,26.17
2015-02-23,Kajiado,4.51,25.29
2015-02-24,Kajiado,1.98,28.9
2015-02-25,Kajiado,1.57,25.94
2015-02-26,Kajiado,5.28,24.53
2015-02-27,Kajiado,4.79,24.71
2015-02-28,Kajiado,3.25,24.3
2015-03-01,Kajiado,24.66,28.04
2015-03-02,Kajiado,8.47,22.44
2015-03-03,Kajiado,15.96,24.57
2015-03-04,Kajiado,15.69,22.73
2015-03-05,Kajiado,24.96,21.1
2015-03-06,Kajiado,24.61,22.95
2015-03-07,Kajiado,17.06,24.79
2015-03-08,Kajiado,14.73,24.63
2015-03-09,Kajiado,15.29,25.07
2015-03-10,Kajiado,10.05,19.89
2015-03-11,Kajiado,6.5,23.39
2015-03-12,Kajiado,11.94,29.69
2015-03-13,Kajiado,18.53,25.75
2015-03-14,Kajiado,4.18,25.44
2015-03-15,Kajiado,13.52,25.22
2015-03-16,Kajiado,11.26,22.5
2015-03-17,Kajiado,6.55,30.32
2015-03-18,Kajiado,15.93,27.38
2015-03-19,Kajiado,17.77,26.2
2015-03-20,Kajiado,11.7,25.41
2015-03-21,Kajiado,16.07,18.07
2015-03-22,Kajiado,19.88,22.98
2015-03-23,Kajiado,22.08,20.47
2015-03-24,Kajiado,9.7,23.56
2015-03-25,Kajiado,16.13,25.27
2015-03-26,Kajiado,20.0,20.03
2015-03-27,Kajiado,19.98,20.85
2015-03-28,Kajiado,15.27,24.87
2015-03-29,Kajiado,23.04,25.14
2015-03-30,Kajiado,10.04,23.54
2015-03-31,Kajiado,23.65,19.86
2015-04-01,Kajiado,11.36,20.87
2015-04-02,Kajiado,17.82,25.01
2015-04-03,Kajiado,14.64,25.59
2015-04-04,Kajiado,18.16,23.35
2015-04-05,Kajiado,11.99,24.56
2015-04-06,Kajiado,5.75,25.72
2015-04-07,Kajiado,16.48,27.28
2015-04-08,Kajiado,17.27,30.06
2015-04-09,Kajiado,12.97,24.62
2015-04-10,Kajiado,10.65,27.94
2015-04-11,Kajiado,22.16,22.97
2015-04-12,Kajiado,19.34,28.4
2015-04-13,Kajiado,19.92,20.73
2015-04-14,Kajiado,18.78,22.91
2015-04-15,Kajiado,14.12,19.06
2015-04-16,Kajiado,15.72,26.25
2015-04-17,Kajiado,7.33,27.13
2015-04-18,Kajiado,17.86,21.76
2015-04-19,Kajiado,15.76,29.7
2015-04-20,Kajiado,12.4,27.8
2015-04-21,Kajiado,19.69,21.05
2015-04-22,Kajiado,2.07,24.53
2015-04-23,Kajiado,13.59,26.69
2015-04-24,Kajiado,7.41,25.98
2015-04-25,Kajiado,8.95,24.96
2015-04-26,Kajiado,10.47,30.04
2015-04-27,Kajiado,13.19,22.11
2015-04-28,Kajiado,24.31,22.14
2015-04-29,Kajiado,8.48,26.98
2015-04-30,Kajiado,11.71,18.7
2015-05-01,Kajiado,6.93,26.37
2015-05-02,Kajiado,17.9,26.35
2015-05-03,Kajiado,11.43,19.51
2015-05-04,Kajiado,21.75,24.41
2015-05-05,Kajiado,9.41,23.11
2015-05-06,Kajiado,16.04,21.92
2015-05-07,Kajiado,8.91,21.73
2015-05-08,Kajiado,9.62,24.8
2015-05-09,Kajiado,15.32,20.11
2015-05-10,Kajiado,18.73,25.81
2015-05-11,Kajiado,21.91,30.49
2015-05-12,Kajiado,9.88,21.62
2015-05-13,Kajiado,19.36,24.87
2015-05-14,Kajiado,8.7,22.14
2015-05-15,Kajiado,17.41,28.76
2015-05-16,Kajiado,26.37,18.23
2015-05-17,Kajiado,9.89,23.35
2015-05-18,Kajiado,10.08,23.87
2015-05-19,Kajiado,23.4,29.9
2015-05-20,Kajiado,18.59,19.44
2015-05-21,Kajiado,18.3,25.98
2015-05-22,Kajiado,15.03,21.66
2015-05-23,Kajiado,21.9,23.65
2015-05-24,Kajiado,15.18,30.27
2015-05-25,Kajiado,12.57,29.65
2015-05-26,Kajiado,11.36,22.92
2015-05-27,Kajiado,14.62,27.25
2015-05-28,Kajiado,10.66,23.35
2015-05-29,Kajiado,8.55,22.03
2015-05-30,Kajiado,10.14,25.18
2015-05-31,Kajiado,26.39,17.81
2015-06-01,Kajiado,5.61,23.96
2015-06-02,Kajiado,3.88,25.0
2015-06-03,Kajiado,2.74,26.86
2015-06-04,Kajiado,5.42,26.56
2015-06-05,Kajiado,0.73,24.05
2015-06-06,Kajiado,3.08,25.85
2015-06-07,Kajiado,6.54,25.45
2015-06-08,Kajiado,5.19,20.96
2015-06-09,Kajiado,7.24,20.38
2015-06-10,Kajiado,8.41,22.91
2015-06-11,Kajiado,6.6,26.52
2015-06-12,Kajiado,3.6,25.24
2015-06-13,Kajiado,4.44,24.7
2015-06-14,Kajiado,5.43,24.61
2015-06-15,Kajiado,5.97,21.1
2015-06-16,Kajiado,6.46,24.08
2015-06-17,Kajiado,3.97,25.51
2015-06-18,Kajiado,4.33,18.43
2015-06-19,Kajiado,8.56,21.82
2015-06-20,Kajiado,8.36,24.03
2015-06-21,Kajiado,6.03,22.72
2015-06-22,Kajiado,3.13,21.76
2015-06-23,Kajiado,9.25,25.87
2015-06-24,Kajiado,3.02,22.35
2015-06-25,Kajiado,1.52,25.7
2015-06-26,Kajiado,6.73,23.04
2015-06-27,Kajiado,3.58,29.41
2015-06-28,Kajiado,5.26,23.92
2015-06-29,Kajiado,6.94,25.93
2015-06-30,Kajiado,4.88,22.98
2015-07-01,Kajiado,7.86,22.2
2015-07-02,Kajiado,6.17,21.95
2015-07-03,Kajiado,5.62,21.1
2015-07-04,Kajiado,9.68,22.76
2015-07-05,Kajiado,3.17,26.99
2015-07-06,Kajiado,4.75,23.89
2015-07-07,Kajiado,5.95,25.03
2015-07-08,Kajiado,5.79,26.89
2015-07-09,Kajiado,5.46,28.25
2015-07-10,Kajiado,3.19,21.16
2015-07-11,Kajiado,4.12,22.49
2015-07-12,Kajiado,4.4,24.32
2015-07-13,Kajiado,6.44,20.96
2015-07-14,Kajiado,5.77,23.81
2015-07-15,Kajiado,4.66,26.89
2015-07-16,Kajiado,4.88,24.75
2015-07-17,Kajiado,5.2,27.75
2015-07-18,Kajiado,7.3,22.54
2015-07-19,Kajiado,5.53,18.97
2015-07-20,Kajiado,5.78,22.18
2015-07-21,Kajiado,3.74,28.82
2015-07-22,Kajiado,5.14,25.62
2015-07-23,Kajiado,2.38,21.01
2015-07-24,Kajiado,4.06,23.7
2015-07-25,Kajiado,6.2,26.5
2015-07-26,Kajiado,4.37,27.08
2015-07-27,Kajiado,1.82,23.99
2015-07-28,Kajiado,7.81,20.32
2015-07-29,Kajiado,3.56,23.34
2015-07-30,Kajiado,1.29,26.63
2015-07-31,Kajiado,0.0,25.08
2015-08-01,Kajiado,5.13,19.82
2015-08-02,Kajiado,4.29,25.53
2015-08-03,Kajiado,3.79,26.08
2015-08-04,Kajiado,2.65,25.63
2015-08-05,Kajiado,5.28,26.08
2015-08-06,Kajiado,5.75,24.1
2015-08-07,Kajiado,6.61,25.43
2015-08-08,Kajiado,4.44,27.18
2015-08-09,Kajiado,3.65,23.82
2015-08-10,Kajiado,6.68,27.06
2015-08-11,Kajiado,3.72,25.31
2015-08-12,Kajiado,9.67,24.39
2015-08-13,Kajiado,5.69,22.41
2015-08-14,Kajiado,4.8,24.06
2015-08-15,Kajiado,8.46,22.66
2015-08-16,Kajiado,5.94,19.95
2015-08-17,Kajiado,2.63,24.71
2015-08-18,Kajiado,5.92,27.32
2015-08-19,Kajiado,2.7,22.19
2015-08-20,Kajiado,5.33,26.35
2015-08-21,Kajiado,7.24,16.44
2015-08-22,Kajiado,5.69,23.53
2015-08-23,Kajiado,6.76,23.1
2015-08-24,Kajiado,5.4,22.25
2015-08-25,Kajiado,8.83,26.64
2015-08-26,Kajiado,4.75,21.05
2015-08-27,Kajiado,2.18,23.03
2015-08-28,Kajiado,6.33,31.8
2015-08-29,Kajiado,2.99,24.19
2015-08-30,Kajiado,7.07,23.25
2015-08-31,Kajiado,5.92,25.37
2015-09-01,Kajiado,4.66,23.29
2015-09-02,Kajiado,4.48,24.42
2015-09-03,Kajiado,7.59,23.35
2015-09-04,Kajiado,7.61,23.69
2015-09-05,Kajiado,3.34,19.38
2015-09-06,Kajiado,3.21,26.08
2015-09-07,Kajiado,2.91,23.91
2015-09-08,Kajiado,6.81,27.12
2015-09-09,Kajiado,4.67,21.43
2015-09-10,Kajiado,5.81,17.04
2015-09-11,Kajiado,3.72,26.03
2015-09-12,Kajiado,2.27,26.18
2015-09-13,Kajiado,0.31,22.04
2015-09-14,Kajiado,3.16,21.96
2015-09-15,Kajiado,3.84,26.72
2015-09-16,Kajiado,3.86,22.29
2015-09-17,Kajiado,6.49,21.5
2015-09-18,Kajiado,4.23,20.14
2015-09-19,Kajiado,5.47,24.13
2015-09-20,Kajiado,4.68,26.37
2015-09-21,Kajiado,4.4,23.24
2015-09-22,Kajiado,1.05,23.84
2015-09-23,Kajiado,6.98,23.45
2015-09-24,Kajiado,2.47,23.76
2015-09-25,Kajiado,4.11,24.16
2015-09-26,Kajiado,5.64,26.99
2015-09-27,Kajiado,3.18,26.7
2015-09-28,Kajiado,4.38,24.77
2015-09-29,Kajiado,9.73,25.74
2015-09-30,Kajiado,5.92,28.03
2015-10-01,Kajiado,7.31,24.96
2015-10-02,Kajiado,6.42,26.59
2015-10-03,Kajiado,11.74,21.94
2015-10-04,Kajiado,13.55,27.02
2015-10-05,Kajiado,10.4,23.81
2015-10-06,Kajiado,9.82,25.6
2015-10-07,Kajiado,7.91,25.66
2015-10-08,Kajiado,8.35,23.3
2015-10-09,Kajiado,10.04,22.23
2015-10-10,Kajiado,15.49,23.06
2015-10-11,Kajiado,16.4,24.08
2015-10-12,Kajiado,10.84,26.43
2015-10-13,Kajiado,10.54,24.5
2015-10-14,Kajiado,4.24,23.54
2015-10-15,Kajiado,7.98,23.59
2015-10-16,Kajiado,7.31,20.85
2015-10-17,Kajiado,9.57,24.83
2015-10-18,Kajiado,11.19,27.34
2015-10-19,Kajiado,11.98,22.88
2015-10-20,Kajiado,4.63,20.28
2015-10-21,Kajiado,15.78,26.38
2015-10-22,Kajiado,7.77,26.32
2015-10-23,Kajiado,5.91,28.42
2015-10-24,Kajiado,11.06,22.8
2015-10-25,Kajiado,7.09,23.74
2015-10-26,Kajiado,18.59,21.3
2015-10-27,Kajiado,13.64,22.95
2015-10-28,Kajiado,1.46,21.28
2015-10-29,Kajiado,11.94,25.64
2015-10-30,Kajiado,9.03,24.52
2015-10-31,Kajiado,13.14,23.85
2015-11-01,Kajiado,4.19,26.56
2015-11-02,Kajiado,8.51,19.78
2015-11-03,Kajiado,10.22,19.84
2015-11-04,Kajiado,4.09,29.17
2015-11-05,Kajiado,14.43,24.85
2015-11-06,Kajiado,14.01,19.76
2015-11-07,Kajiado,11.06,23.25
2015-11-08,Kajiado,9.43,23.13
2015-11-09,Kajiado,11.39,26.28
2015-11-10,Kajiado,10.15,15.29
2015-11-11,Kajiado,5.76,25.89
2015-11-12,Kajiado,13.83,23.71
2015-11-13,Kajiado,0.86,23.63
2015-11-14,Kajiado,2.97,17.49
2015-11-15,Kajiado,11.98,18.31
2015-11-16,Kajiado,8.17,25.34
2015-11-17,Kajiado,10.69,23.47
2015-11-18,Kajiado,12.34,24.64
2015-11-19,Kajiado,13.28,27.35
2015-11-20,Kajiado,8.96,20.22
2015-11-21,Kajiado,5.83,26.62
2015-11-22,Kajiado,9.03,28.1
2015-11-23,Kajiado,4.46,26.75
2015-11-24,Kajiado,13.49,21.53
2015-11-25,Kajiado,10.82,23.44
2015-11-26,Kajiado,7.3,31.17
2015-11-27,Kajiado,8.42,20.38
2015-11-28,Kajiado,7.44,26.41
2015-11-29,Kajiado,10.59,26.25
2015-11-30,Kajiado,5.6,21.5
2015-12-01,Kajiado,8.35,31.97
2015-12-02,Kajiado,2.7,23.87
2015-12-03,Kajiado,3.17,23.48
2015-12-04,Kajiado,6.62,27.49
2015-12-05,Kajiado,5.49,29.27
2015-12-06,Kajiado,3.6,25.52
2015-12-07,Kajiado,5.83,22.61
2015-12-08,Kajiado,4.8,19.67
2015-12-09,Kajiado,2.25,24.71
2015-12-10,Kajiado,2.91,27.62
2015-12-11,Kajiado,3.56,22.65
2015-12-12,Kajiado,6.61,23.38
2015-12-13,Kajiado,6.99,22.71
2015-12-14,Kajiado,6.08,23.66
2015-12-15,Kajiado,4.95,21.98
2015-12-16,Kajiado,2.34,28.65
2015-12-17,Kajiado,4.22,24.14
2015-12-18,Kajiado,7.03,26.14
2015-12-19,Kajiado,0.0,22.23
2015-12-20,Kajiado,4.95,27.82
2015-12-21,Kajiado,8.72,20.41
2015-12-22,Kajiado,8.77,17.98
2015-12-23,Kajiado,3.66,22.96
2015-12-24,Kajiado,2.07,23.19
2015-12-25,Kajiado,4.46,22.8
2015-12-26,Kajiado,6.06,22.56
2015-12-27,Kajiado,4.05,27.86
2015-12-28,Kajiado,5.11,26.47
2015-12-29,Kajiado,3.68,20.8
2015-12-30,Kajiado,4.14,22.17
2015-12-31,Kajiado,3.46,28.5
2016-01-01,Kajiado,5.53,28.36
2016-01-02,Kajiado,2.48,26.15
2016-01-03,Kajiado,5.54,23.97
2016-01-04,Kajiado,5.65,20.26
2016-01-05,Kajiado,4.31,25.15
2016-01-06,Kajiado,5.43,22.15
2016-01-07,Kajiado,6.17,27.86
2016-01-08,Kajiado,2.4,19.52
2016-01-09,Kajiado,5.77,25.29
2016-01-10,Kajiado,8.86,25.35
2016-01-11,Kajiado,3.59,19.18
2016-01-12,Kajiado,4.78,29.54
2016-01-13,Kajiado,4.49,21.22
2016-01-14,Kajiado,7.6,25.19
2016-01-15,Kajiado,3.14,26.81
2016-01-16,Kajiado,7.58,23.77
2016-01-17,Kajiado,8.94,24.46
2016-01-18,Kajiado,4.8,21.6
2016-01-19,Kajiado,6.88,25.12
2016-01-20,Kajiado,5.15,25.61
2016-01-21,Kajiado,3.25,21.43
2016-01-22,Kajiado,2.8,22.73
2016-01-23,Kajiado,8.9,21.41
2016-01-24,Kajiado,4.1,24.87
2016-01-25,Kajiado,9.67,23.55
2016-01-26,Kajiado,3.21,24.81
2016-01-27,Kajiado,4.31,26.95
2016-01-28,Kajiado,3.29,18.47
2016-01-29,Kajiado,4.67,24.37
2016-01-30,Kajiado,3.96,23.25
2016-01-31,Kajiado,4.61,25.22
2016-02-01,Kajiado,6.16,24.88
2016-02-02,Kajiado,6.74,23.63
2016-02-03,Kajiado,4.04,27.28
2016-02-04,Kajiado,8.66,21.43
2016-02-05,Kajiado,2.31,25.9
2016-02-06,Kajiado,4.88,23.19
2016-02-07,Kajiado,3.53,22.99
2016-02-08,Kajiado,7.69,24.77
2016-02-09,Kajiado,6.11,26.63
2016-02-10,Kajiado,4.08,21.41
2016-02-11,Kajiado,3.91,23.14
2016-02-12,Kajiado,4.83,21.35
2016-02-13,Kajiado,5.96,24.23
2016-02-14,Kajiado,3.67,24.22
2016-02-15,Kajiado,3.88,24.63
2016-02-16,Kajiado,4.12,23.19
2016-02-17,Kajiado,6.93,18.79
2016-02-18,Kajiado,5.48,26.02
2016-02-19,Kajiado,4.69,22.68
2016-02-20,Kajiado,3.29,24.75
2016-02-21,Kajiado,9.79,23.93
2016-02-22,Kajiado,7.14,26.48
2016-02-23,Kajiado,3.21,23.08
2016-02-24,Kajiado,8.37,18.57
2016-02-25,Kajiado,4.08,19.82
2016-02-26,Kajiado,7.35,26.14
2016-02-27,Kajiado,7.84,22.31
2016-02-28,Kajiado,3.6,26.83
2016-02-29,Kajiado,5.98,23.46
2016-03-01,Kajiado,12.82,21.14
2016-03-02,Kajiado,13.63,21.12
2016-03-03,Kajiado,14.73,23.34
2016-03-04,Kajiado,8.02,24.72
2016-03-05,Kajiado,20.03,26.26
2016-03-06,Kajiado,21.56,24.97
2016-03-07,Kajiado,5.0,28.15
2016-03-08,Kajiado,16.74,27.83
2016-03-09,Kajiado,21.26,22.8
2016-03-10,Kajiado,11.2,23.81
2016-03-11,Kajiado,15.17,25.46
2016-03-12,Kajiado,10.96,20.26
2016-03-13,Kajiado,22.35,17.74
2016-03-14,Kajiado,21.01,28.61
2016-03-15,Kajiado,16.4,24.07
2016-03-16,Kajiado,11.46,19.8
2016-03-17,Kajiado,18.64,23.96
2016-03-18,Kajiado,23.74,22.07
2016-03-19,Kajiado,13.75,22.38
2016-03-20,Kajiado,16.67,25.84
2016-03-21,Kajiado,10.35,14.72
2016-03-22,Kajiado,16.12,25.64
2016-03-23,Kajiado,10.9,26.89
2016-03-24,Kajiado,0.0,24.45
2016-03-25,Kajiado,11.28,20.71
2016-03-26,Kajiado,16.2,26.65
2016-03-27,Kajiado,15.99,22.06
2016-03-28,Kajiado,17.84,24.4
2016-03-29,Kajiado,21.6,23.5
2016-03-30,Kajiado,7.59,18.4
2016-03-31,Kajiado,11.11,22.5
2016-04-01,Kajiado,3.66,15.14
2016-04-02,Kajiado,16.12,24.44
2016-04-03,Kajiado,9.75,26.15
2016-04-04,Kajiado,15.69,17.62
2016-04-05,Kajiado,17.47,23.16
2016-04-06,Kajiado,20.82,25.68
2016-04-07,Kajiado,16.15,23.84
2016-04-08,Kajiado,15.95,23.22
2016-04-09,Kajiado,17.68,24.03
2016-04-10,Kajiado,20.78,24.8
2016-04-11,Kajiado,13.85,24.44
2016-04-12,Kajiado,13.21,23.61
2016-04-13,Kajiado,8.0,28.15
2016-04-14,Kajiado,20.49,27.44
2016-04-15,Kajiado,8.96,23.07
2016-04-16,Kajiado,13.32,23.42
2016-04-17,Kajiado,20.89,23.72
2016-04-18,Kajiado,16.39,25.43
2016-04-19,Kajiado,11.86,24.42
2016-04-20,Kajiado,18.23,15.86
2016-04-21,Kajiado,13.17,19.44
2016-04-22,Kajiado,8.95,29.57
2016-04-23,Kajiado,18.08,25.17
2016-04-24,Kajiado,13.1,21.8
2016-04-25,Kajiado,15.5,25.71
2016-04-26,Kajiado,15.78,19.66
2016-04-27,Kajiado,20.83,21.6
2016-04-28,Kajiado,10.53,19.26
2016-04-29,Kajiado,21.94,22.04
2016-04-30,Kajiado,20.35,26.13
2016-05-01,Kajiado,14.53,24.18
2016-05-02,Kajiado,22.62,23.96
2016-05-03,Kajiado,14.9,23.98
2016-05-04,Kajiado,5.16,22.23
2016-05-05,Kajiado,16.33,22.69
2016-05-06,Kajiado,10.92,22.69
2016-05-07,Kajiado,21.31,25.94
2016-05-08,Kajiado,15.05,25.84
2016-05-09,Kajiado,15.96,17.91
2016-05-10,Kajiado,16.3,27.1
2016-05-11,Kajiado,13.93,26.54
2016-05-12,Kajiado,13.66,25.95
2016-05-13,Kajiado,13.32,17.11
2016-05-14,Kajiado,8.16,29.01
2016-05-15,Kajiado,3.77,23.56
2016-05-16,Kajiado,11.02,21.2
2016-05-17,Kajiado,16.08,23.22
2016-05-18,Kajiado,6.31,25.43
2016-05-19,Kajiado,10.07,29.97
2016-05-20,Kajiado,10.55,30.57
2016-05-21,Kajiado,13.98,19.9
2016-05-22,Kajiado,13.08,25.03
2016-05-23,Kajiado,16.36,22.74
2016-05-24,Kajiado,11.89,27.46
2016-05-25,Kajiado,16.64,25.63
2016-05-26,Kajiado,13.27,21.25
2016-05-27,Kajiado,8.08,19.57
2016-05-28,Kajiado,13.92,23.86
2016-05-29,Kajiado,9.47,27.03
2016-05-30,Kajiado,17.52,23.56
2016-05-31,Kajiado,23.26,25.73
2016-06-01,Kajiado,2.69,25.93
2016-06-02,Kajiado,7.4,25.29
2016-06-03,Kajiado,5.29,21.5
2016-06-04,Kajiado,6.84,20.77
2016-06-05,Kajiado,5.61,27.94
2016-06-06,Kajiado,3.72,23.63
2016-06-07,Kajiado,6.18,25.34
2016-06-08,Kajiado,6.69,27.57
2016-06-09,Kajiado,5.54,18.86
2016-06-10,Kajiado,0.0,25.85
2016-06-11,Kajiado,5.48,27.8
2016-06-12,Kajiado,4.42,24.94
2016-06-13,Kajiado,6.82,18.23
2016-06-14,Kajiado,4.51,23.52
2016-06-15,Kajiado,6.19,26.6
2016-06-16,Kajiado,4.88,29.69
2016-06-17,Kajiado,2.81,24.46
2016-06-18,Kajiado,3.68,27.84
2016-06-19,Kajiado,6.81,27.46
2016-06-20,Kajiado,6.68,19.06
2016-06-21,Kajiado,6.06,23.09
2016-06-22,Kajiado,9.56,24.31
2016-06-23,Kajiado,5.14,26.51
2016-06-24,Kajiado,0.51,26.2
2016-06-25,Kajiado,3.25,21.5
2016-06-26,Kajiado,5.01,23.19
2016-06-27,Kajiado,4.78,19.93
2016-06-28,Kajiado,8.06,25.47
2016-06-29,Kajiado,4.91,24.3
2016-06-30,Kajiado,4.04,23.63
2016-07-01,Kajiado,7.7,24.03
2016-07-02,Kajiado,2.18,23.17
2016-07-03,Kajiado,4.32,21.98
2016-07-04,Kajiado,7.73,21.37
2016-07-05,Kajiado,5.98,23.48
2016-07-06,Kajiado,5.81,22.63
2016-07-07,Kajiado,5.77,23.17
2016-07-08,Kajiado,3.71,27.26
2016-07-09,Kajiado,4.28,26.03
2016-07-10,Kajiado,8.67,24.62
2016-07-11,Kajiado,4.02,21.64
2016-07-12,Kajiado,8.56,27.11
2016-07-13,Kajiado,4.74,31.92
2016-07-14,Kajiado,7.86,19.14
2016-07-15,Kajiado,3.5,24.9
2016-07-16,Kajiado,3.73,24.52
2016-07-17,Kajiado,6.33,19.52
2016-07-18,Kajiado,7.11,22.11
2016-07-19,Kajiado,7.65,26.25
2016-07-20,Kajiado,3.4,25.71
2016-07-21,Kajiado,7.67,22.25
2016-07-22,Kajiado,2.87,24.23
2016-07-23,Kajiado,9.89,26.65
2016-07-24,Kajiado,1.82,30.92
2016-07-25,Kajiado,6.48,25.52
2016-07-26,Kajiado,6.85,24.57
2016-07-27,Kajiado,9.06,21.79
2016-07-28,Kajiado,5.05,19.28
2016-07-29,Kajiado,5.67,27.57
2016-07-30,Kajiado,6.45,22.76
2016-07-31,Kajiado,5.22,23.98
2016-08-01,Kajiado,4.78,24.81
2016-08-02,Kajiado,9.49,23.05
2016-08-03,Kajiado,2.49,25.65
2016-08-04,Kajiado,5.48,27.9
2016-08-05,Kajiado,4.39,26.54
2016-08-06,Kajiado,6.74,24.22
2016-08-07,Kajiado,3.73,26.19
2016-08-08,Kajiado,5.76,21.47
2016-08-09,Kajiado,5.46,20.28
2016-08-10,Kajiado,5.99,31.59
2016-08-11,Kajiado,5.25,27.44
2016-08-12,Kajiado,3.36,24.09
2016-08-13,Kajiado,7.6,22.02
2016-08-14,Kajiado,6.95,24.29
2016-08-15,Kajiado,7.18,23.21
2016-08-16,Kajiado,2.63,19.09
2016-08-17,Kajiado,4.58,23.08
2016-08-18,Kajiado,5.42,23.19
2016-08-19,Kajiado,1.37,24.84
2016-08-20,Kajiado,4.56,24.43
2016-08-21,Kajiado,3.06,23.67
2016-08-22,Kajiado,6.67,25.6
2016-08-23,Kajiado,6.75,21.14
2016-08-24,Kajiado,6.16,24.5
2016-08-25,Kajiado,6.2,26.38
2016-08-26,Kajiado,6.38,20.67
2016-08-27,Kajiado,8.07,31.63
2016-08-28,Kajiado,2.99,17.45
2016-08-29,Kajiado,6.81,21.38
2016-08-30,Kajiado,5.78,24.47
2016-08-31,Kajiado,7.04,22.55
2016-09-01,Kajiado,7.36,28.06
2016-09-02,Kajiado,3.65,22.27
2016-09-03,Kajiado,5.99,26.18
2016-09-04,Kajiado,6.37,27.02
2016-09-05,Kajiado,3.69,24.73
2016-09-06,Kajiado,6.52,25.16
2016-09-07,Kajiado,6.11,16.64
2016-09-08,Kajiado,6.76,21.88
2016-09-09,Kajiado,5.4,21.19
2016-09-10,Kajiado,6.05,21.82
2016-09-11,Kajiado,5.27,25.4
2016-09-12,Kajiado,1.25,24.69
2016-09-13,Kajiado,8.33,22.6
2016-09-14,Kajiado,3.3,30.78
2016-09-15,Kajiado,5.06,24.35
2016-09-16,Kajiado,5.54,20.5
2016-09-17,Kajiado,1.54,25.8
2016-09-18,Kajiado,2.75,26.55
2016-09-19,Kajiado,8.06,22.93
2016-09-20,Kajiado,6.26,20.63
2016-09-21,Kajiado,6.34,28.33
2016-09-22,Kajiado,4.69,21.09
2016-09-23,Kajiado,3.99,26.37
2016-09-24,Kajiado,4.56,22.12
2016-09-25,Kajiado,6.81,21.88
2016-09-26,Kajiado,2.26,25.99
2016-09-27,Kajiado,2.35,21.55
2016-09-28,Kajiado,6.32,22.76
2016-09-29,Kajiado,4.99,23.22
2016-09-30,Kajiado,4.76,26.5
2016-10-01,Kajiado,8.07,27.55
2015-01-01,Kericho,8.66,22.72
2015-01-02,Kericho,5.23,28.56
2015-01-03,Kericho,2.98,20.32
2015-01-04,Kericho,8.98,25.4
2015-01-05,Kericho,5.93,26.15
2015-01-06,Kericho,6.95,21.83
2015-01-07,Kericho,5.49,23.16
2015-01-08,Kericho,7.49,24.42
2015-01-09,Kericho,4.08,20.89
2015-01-10,Kericho,5.26,28.64
2015-01-11,Kericho,7.49,17.85
2015-01-12,Kericho,3.56,26.92
2015-01-13,Kericho,3.37,21.0
2015-01-14,Kericho,7.37,26.88
2015-01-15,Kericho,6.93,19.55
2015-01-16,Kericho,5.26,24.88
2015-01-17,Kericho,9.64,23.89
2015-01-18,Kericho,7.15,21.76
2015-01-19,Kericho,2.58,24.18
2015-01-20,Kericho,4.9,17.13
2015-01-21,Kericho,6.09,18.01
2015-01-22,Kericho,3.26,22.96
2015-01-23,Kericho,3.52,21.17
2015-01-24,Kericho,2.49,24.85
2015-01-25,Kericho,2.38,17.52
2015-01-26,Kericho,2.88,23.13
2015-01-27,Kericho,6.88,24.59
2015-01-28,Kericho,3.36,24.96
2015-01-29,Kericho,4.67,22.3
2015-01-30,Kericho,4.81,22.6
2015-01-31,Kericho,3.77,28.04
2015-02-01,Kericho,7.41,23.43
2015-02-02,Kericho,11.11,25.05
2015-02-03,Kericho,4.63,27.18
2015-02-04,Kericho,5.35,25.09
2015-02-05,Kericho,5.74,28.07
2015-02-06,Kericho,3.83,23.35
2015-02-07,Kericho,8.03,26.65
2015-02-08,Kericho,4.44,21.97
2015-02-09,Kericho,4.49,25.59
2015-02-10,Kericho,4.32,24.64
2015-02-11,Kericho,5.31,21.51
2015-02-12,Kericho,7.97,29.85
2015-02-13,Kericho,7.29,24.06
2015-02-14,Kericho,8.38,25.26
2015-02-15,Kericho,2.52,29.44
2015-02-16,Kericho,8.31,23.73
2015-02-17,Kericho,8.49,24.13
2015-02-18,Kericho,5.77,27.08
2015-02-19,Kericho,5.0,22.96
2015-02-20,Kericho,4.94,24.44
2015-02-21,Kericho,6.94,25.79
2015-02-22,Kericho,5.34,29.35
2015-02-23,Kericho,6.24,25.95
2015-02-24,Kericho,2.9,28.33
2015-02-25,Kericho,7.1,26.39
2015-02-26,Kericho,5.65,24.69
2015-02-27,Kericho,5.57,23.45
2015-02-28,Kericho,1.71,26.44
2015-03-01,Kericho,16.66,17.33
2015-03-02,Kericho,17.99,32.28
2015-03-03,Kericho,14.85,22.33
2015-03-04,Kericho,10.83,21.18
2015-03-05,Kericho,20.11,27.1
2015-03-06,Kericho,7.3,22.26
2015-03-07,Kericho,17.79,26.31
2015-03-08,Kericho,12.13,25.57
2015-03-09,Kericho,21.28,28.13
2015-03-10,Kericho,26.69,24.14
2015-03-11,Kericho,12.2,20.88
2015-03-12,Kericho,21.04,28.56
2015-03-13,Kericho,9.64,22.77
2015-03-14,Kericho,19.24,25.99
2015-03-15,Kericho,18.58,24.34
2015-03-16,Kericho,9.23,24.66
2015-03-17,Kericho,14.4,20.78
2015-03-18,Kericho,11.76,20.35
2015-03-19,Kericho,10.57,24.66
2015-03-20,Kericho,19.33,24.17
2015-03-21,Kericho,7.88,23.73
2015-03-22,Kericho,11.06,20.94
2015-03-23,Kericho,25.52,25.28
2015-03-24,Kericho,12.03,25.0
2015-03-25,Kericho,8.36,23.74
2015-03-26,Kericho,13.2,23.39
2015-03-27,Kericho,23.36,23.16
2015-03-28,Kericho,9.56,23.64
2015-03-29,Kericho,12.2,18.49
2015-03-30,Kericho,14.88,24.73
2015-03-31,Kericho,12.69,19.67
2015-04-01,Kericho,19.42,22.72
2015-04-02,Kericho,23.92,19.94
2015-04-03,Kericho,9.15,24.0
2015-04-04,Kericho,14.33,22.15
2015-04-05,Kericho,6.32,25.86
2015-04-06,Kericho,6.14,28.36
2015-04-07,Kericho,11.8,21.93
2015-04-08,Kericho,16.23,24.58
2015-04-09,Kericho,24.2,23.28
2015-04-10,Kericho,15.63,23.08
2015-04-11,Kericho,7.19,26.37
2015-04-12,Kericho,12.55,29.63
2015-04-13,Kericho,12.97,23.44
2015-04-14,Kericho,14.93,21.58
2015-04-15,Kericho,13.26,20.15
2015-04-16,Kericho,6.43,22.98
2015-04-17,Kericho,13.11,24.53
2015-04-18,Kericho,21.59,20.72
2015-04-19,Kericho,14.07,24.87
2015-04-20,Kericho,20.94,26.15
2015-04-21,Kericho,17.61,22.92
2015-04-22,Kericho,23.59,23.22
2015-04-23,Kericho,19.69,27.13
2015-04-24,Kericho,1.08,25.97
2015-04-25,Kericho,4.56,17.39
2015-04-26,Kericho,13.22,24.8
2015-04-27,Kericho,15.21,24.8
2015-04-28,Kericho,7.15,23.28
2015-04-29,Kericho,13.35,18.45
2015-04-30,Kericho,7.45,22.68
2015-05-01,Kericho,8.89,22.99
2015-05-02,Kericho,16.05,21.92
2015-05-03,Kericho,14.91,26.03
2015-05-04,Kericho,20.48,25.68
2015-05-05,Kericho,26.08,22.56
2015-05-06,Kericho,6.34,22.42
2015-05-07,Kericho,18.94,24.78
2015-05-08,Kericho,14.37,24.98
2015-05-09,Kericho,22.24,18.22
2015-05-10,Kericho,11.6,18.58
2015-05-11,Kericho,16.81,24.21
2015-05-12,Kericho,2.09,21.93
2015-05-13,Kericho,16.63,25.02
2015-05-14,Kericho,13.22,20.86
2015-05-15,Kericho,20.13,24.26
2015-05-16,Kericho,14.33,26.27
2015-05-17,Kericho,13.96,26.61
2015-05-18,Kericho,13.16,22.28
2015-05-19,Kericho,23.74,30.82
2015-05-20,Kericho,14.1,24.84
2015-05-21,Kericho,19.18,25.39
2015-05-22,Kericho,16.58,24.47
2015-05-23,Kericho,22.06,23.9
2015-05-24,Kericho,3.83,26.08
2015-05-25,Kericho,17.17,23.27
2015-05-26,Kericho,9.96,24.74
2015-05-27,Kericho,14.15,20.23
2015-05-28,Kericho,20.13,20.52
2015-05-29,Kericho,3.86,25.9
2015-05-30,Kericho,6.77,29.76
2015-05-31,Kericho,14.97,25.04
2015-06-01,Kericho,4.05,23.18
2015-06-02,Kericho,5.17,23.38
2015-06-03,Kericho,2.38,25.31
2015-06-04,Kericho,6.95,24.96
2015-06-05,Kericho,4.22,19.22
2015-06-06,Kericho,5.1,22.65
2015-06-07,Kericho,3.35,24.1
2015-06-08,Kericho,5.81,25.33
2015-06-09,Kericho,5.31,26.11
2015-06-10,Kericho,5.79,22.41
2015-06-11,Kericho,3.3,27.28
2015-06-12,Kericho,1.2,27.1
2015-06-13,Kericho,4.75,21.78
2015-06-14,Kericho,5.26,25.98
2015-06-15,Kericho,6.07,27.9
2015-06-16,Kericho,1.0,23.13
2015-06-17,Kericho,4.58,25.75
2015-06-18,Kericho,4.67,23.04
2015-06-19,Kericho,3.99,26.45
2015-06-20,Kericho,5.65,22.47
2015-06-21,Kericho,2.84,19.36
2015-06-22,Kericho,7.29,23.72
2015-06-23,Kericho,3.08,23.33
2015-06-24,Kericho,5.53,24.5
2015-06-25,Kericho,4.45,22.25
2015-06-26,Kericho,1.52,18.19
2015-06-27,Kericho,5.55,22.79
2015-06-28,Kericho,1.87,25.02
2015-06-29,Kericho,4.56,25.61
2015-06-30,Kericho,5.09,23.31
2015-07-01,Kericho,6.44,23.39
2015-07-02,Kericho,3.83,18.8
2015-07-03,Kericho,7.49,25.62
2015-07-04,Kericho,6.5,25.88
2015-07-05,Kericho,5.16,22.84
2015-07-06,Kericho,4.38,17.61
2015-07-07,Kericho,0.45,27.86
2015-07-08,Kericho,2.99,23.87
2015-07-09,Kericho,4.8,24.35
2015-07-10,Kericho,4.6,19.57
2015-07-11,Kericho,5.52,19.94
2015-07-12,Kericho,6.87,23.15
2015-07-13,Kericho,3.87,24.81
2015-07-14,Kericho,4.49,31.0
2015-07-15,Kericho,2.13,21.83
2015-07-16,Kericho,3.86,21.15
2015-07-17,Kericho,0.0,25.04
2015-07-18,Kericho,6.91,26.24
2015-07-19,Kericho,2.62,25.61
2015-07-20,Kericho,5.43,27.35
2015-07-21,Kericho,4.93,25.88
2015-07-22,Kericho,3.2,26.05
2015-07-23,Kericho,4.01,25.03
2015-07-24,Kericho,7.85,21.45
2015-07-25,Kericho,2.64,26.04
2015-07-26,Kericho,3.29,18.08
2015-07-27,Kericho,4.44,22.1
2015-07-28,Kericho,5.89,24.2
2015-07-29,Kericho,7.67,28.51
2015-07-30,Kericho,3.05,24.97
2015-07-31,Kericho,6.88,23.78
2015-08-01,Kericho,2.55,22.8
2015-08-02,Kericho,7.71,24.84
2015-08-03,Kericho,5.45,23.11
2015-08-04,Kericho,7.95,24.32
2015-08-05,Kericho,4.2,23.87
2015-08-06,Kericho,2.92,23.57
2015-08-07,Kericho,3.73,24.13
2015-08-08,Kericho,4.26,22.93
2015-08-09,Kericho,6.42,27.56
2015-08-10,Kericho,5.38,23.3
2015-08-11,Kericho,6.95,25.86
2015-08-12,Kericho,6.82,25.81
2015-08-13,Kericho,5.53,20.26
2015-08-14,Kericho,4.29,25.83
2015-08-15,Kericho,4.69,22.39
2015-08-16,Kericho,5.77,23.45
2015-08-17,Kericho,4.6,27.6
2015-08-18,Kericho,5.67,27.62
2015-08-19,Kericho,3.43,22.95
2015-08-20,Kericho,5.41,21.19
2015-08-21,Kericho,5.92,22.82
2015-08-22,Kericho,6.76,23.23
2015-08-23,Kericho,4.35,22.17
2015-08-24,Kericho,2.47,23.97
2015-08-25,Kericho,2.26,20.4
2015-08-26,Kericho,4.75,20.77
2015-08-27,Kericho,9.0,24.34
2015-08-28,Kericho,5.31,23.65
2015-08-29,Kericho,5.96,28.07
2015-08-30,Kericho,8.17,23.43
2015-08-31,Kericho,6.4,22.44
2015-09-01,Kericho,5.54,23.2
2015-09-02,Kericho,5.69,18.65
2015-09-03,Kericho,1.15,24.68
2015-09-04,Kericho,1.46,19.7
2015-09-05,Kericho,2.02,27.0
2015-09-06,Kericho,4.74,29.23
2015-09-07,Kericho,5.61,26.59
2015-09-08,Kericho,6.53,26.37
2015-09-09,Kericho,5.98,20.57
2015-09-10,Kericho,7.0,27.36
2015-09-11,Kericho,6.34,21.6
2015-09-12,Kericho,6.39,24.15
2015-09-13,Kericho,3.12,23.96
2015-09-14,Kericho,9.11,26.66
2015-09-15,Kericho,5.9,28.36
2015-09-16,Kericho,5.1,17.21
2015-09-17,Kericho,3.26,21.51
2015-09-18,Kericho,4.11,22.3
2015-09-19,Kericho,5.16,21.62
2015-09-20,Kericho,8.54,24.94
2015-09-21,Kericho,7.39,25.54
2015-09-22,Kericho,5.79,19.06
2015-09-23,Kericho,5.62,27.22
2015-09-24,Kericho,3.16,24.27
2015-09-25,Kericho,3.12,24.88
2015-09-26,Kericho,3.18,22.24
2015-09-27,Kericho,7.69,21.79
2015-09-28,Kericho,1.69,21.78
2015-09-29,Kericho,4.87,24.96
2015-09-30,Kericho,5.32,20.93
2015-10-01,Kericho,13.07,22.87
2015-10-02,Kericho,10.67,25.78
2015-10-03,Kericho,11.29,26.44
2015-10-04,Kericho,16.32,20.58
2015-10-05,Kericho,6.99,25.76
2015-10-06,Kericho,8.41,24.73
2015-10-07,Kericho,13.7,21.88
2015-10-08,Kericho,7.17,21.83
2015-10-09,Kericho,11.35,22.85
2015-10-10,Kericho,6.72,20.84
2015-10-11,Kericho,19.18,24.86
2015-10-12,Kericho,14.97,24.02
2015-10-13,Kericho,7.77,26.91
2015-10-14,Kericho,2.41,25.39
2015-10-15,Kericho,12.56,17.86
2015-10-16,Kericho,8.89,26.97
2015-10-17,Kericho,14.32,27.12
2015-10-18,Kericho,10.45,19.8
2015-10-19,Kericho,3.79,18.8
2015-10-20,Kericho,10.73,20.92
2015-10-21,Kericho,7.97,27.62
2015-10-22,Kericho,8.79,21.09
2015-10-23,Kericho,10.03,20.02
2015-10-24,Kericho,8.57,24.37
2015-10-25,Kericho,2.18,23.06
2015-10-26,Kericho,1.98,28.0
2015-10-27,Kericho,9.2,28.4
2015-10-28,Kericho,10.65,21.31
2015-10-29,Kericho,12.91,27.45
2015-10-30,Kericho,4.53,24.66
2015-10-31,Kericho,12.24,28.37
2015-11-01,Kericho,15.44,27.73
2015-11-02,Kericho,4.15,22.82
2015-11-03,Kericho,9.99,20.54
2015-11-04,Kericho,11.78,25.38
2015-11-05,Kericho,10.67,20.48
2015-11-06,Kericho,17.65,19.88
2015-11-07,Kericho,11.73,27.59
2015-11-08,Kericho,12.04,21.0
2015-11-09,Kericho,7.34,27.86
2015-11-10,Kericho,12.76,28.31
2015-11-11,Kericho,7.84,24.4
2015-11-12,Kericho,7.49,25.6
2015-11-13,Kericho,10.51,23.72
2015-11-14,Kericho,4.36,22.82
2015-11-15,Kericho,0.01,26.5
2015-11-16,Kericho,5.56,23.87
2015-11-17,Kericho,5.17,20.53
2015-11-18,Kericho,6.04,23.14
2015-11-19,Kericho,4.54,25.15
2015-11-20,Kericho,12.28,27.61
2015-11-21,Kericho,8.83,22.84
2015-11-22,Kericho,12.02,25.09
2015-11-23,Kericho,14.47,19.35
2015-11-24,Kericho,10.07,19.69
2015-11-25,Kericho,11.61,23.65
2015-11-26,Kericho,9.68,27.09
2015-11-27,Kericho,8.77,22.14
2015-11-28,Kericho,7.47,22.81
2015-11-29,Kericho,5.99,25.06
2015-11-30,Kericho,8.11,20.2
2015-12-01,Kericho,4.87,21.86
2015-12-02,Kericho,9.36,29.9
2015-12-03,Kericho,1.19,21.22
2015-12-04,Kericho,4.47,22.11
2015-12-05,Kericho,7.19,18.46
2015-12-06,Kericho,6.84,20.38
2015-12-07,Kericho,7.74,29.91
2015-12-08,Kericho,1.9,24.73
2015-12-09,Kericho,4.13,22.83
2015-12-10,Kericho,6.65,26.4
2015-12-11,Kericho,5.09,23.94
2015-12-12,Kericho,3.29,19.28
2015-12-13,Kericho,4.94,23.39
2015-12-14,Kericho,5.53,23.82
2015-12-15,Kericho,5.22,27.78
2015-12-16,Kericho,3.08,24.24
2015-12-17,Kericho,3.65,29.72
2015-12-18,Kericho,6.69,22.11
2015-12-19,Kericho,7.93,24.77
2015-12-20,Kericho,7.2,24.05
2015-12-21,Kericho,4.51,21.33
2015-12-22,Kericho,3.34,28.16
2015-12-23,Kericho,5.1,21.87
2015-12-24,Kericho,5.88,25.03
2015-12-25,Kericho,5.37,22.18
2015-12-26,Kericho,1.39,28.21
2015-12-27,Kericho,8.77,14.87
2015-12-28,Kericho,5.1,22.37
2015-12-29,Kericho,1.57,18.75
2015-12-30,Kericho,4.92,22.75
2015-12-31,Kericho,5.97,27.06
2016-01-01,Kericho,6.59,23.77
2016-01-02,Kericho,4.3,23.24
2016-01-03,Kericho,4.03,30.72
2016-01-04,Kericho,3.97,26.22
2016-01-05,Kericho,3.35,29.32
2016-01-06,Kericho,0.5,24.86
2016-01-07,Kericho,4.31,24.45
2016-01-08,Kericho,4.5,22.06
2016-01-09,Kericho,5.4,17.47
2016-01-10,Kericho,5.77,28.37
2016-01-11,Kericho,2.06,24.85
2016-01-12,Kericho,2.95,29.35
2016-01-13,Kericho,4.79,26.27
2016-01-14,Kericho,9.03,21.65
2016-01-15,Kericho,4.29,27.59
2016-01-16,Kericho,4.86,22.07
2016-01-17,Kericho,5.53,23.39
2016-01-18,Kericho,3.04,20.63
2016-01-19,Kericho,6.24,21.65
2016-01-20,Kericho,6.07,23.24
2016-01-21,Kericho,6.96,21.17
2016-01-22,Kericho,6.18,23.96
2016-01-23,Kericho,4.68,27.96
2016-01-24,Kericho,3.5,24.89
2016-01-25,Kericho,4.5,21.53
2016-01-26,Kericho,5.62,23.06
2016-01-27,Kericho,2.82,30.82
2016-01-28,Kericho,8.37,27.15
2016-01-29,Kericho,4.68,26.18
2016-01-30,Kericho,3.73,15.75
2016-01-31,Kericho,1.47,27.86
2016-02-01,Kericho,2.53,23.95
2016-02-02,Kericho,6.45,20.31
2016-02-03,Kericho,5.98,25.41
2016-02-04,Kericho,6.14,30.13
2016-02-05,Kericho,5.5,26.08
2016-02-06,Kericho,5.57,18.31
2016-02-07,Kericho,10.72,21.95
2016-02-08,Kericho,3.51,25.05
2016-02-09,Kericho,4.65,19.01
2016-02-10,Kericho,4.27,26.77
2016-02-11,Kericho,2.81,21.56
2016-02-12,Kericho,2.93,25.07
2016-02-13,Kericho,4.12,24.99
2016-02-14,Kericho,3.01,20.6
2016-02-15,Kericho,3.48,24.68
2016-02-16,Kericho,8.74,22.75
2016-02-17,Kericho,3.59,20.39
2016-02-18,Kericho,6.16,23.37
2016-02-19,Kericho,5.29,22.84
2016-02-20,Kericho,6.16,23.62
2016-02-21,Kericho,2.37,24.1
2016-02-22,Kericho,4.22,28.01
2016-02-23,Kericho,6.58,26.09
2016-02-24,Kericho,6.0,24.86
2016-02-25,Kericho,2.31,23.9
2016-02-26,Kericho,1.17,23.42
2016-02-27,Kericho,6.84,22.16
2016-02-28,Kericho,2.81,26.29
2016-02-29,Kericho,3.77,24.28
2016-03-01,Kericho,15.43,24.94
2016-03-02,Kericho,14.98,25.47
2016-03-03,Kericho,26.32,23.4
2016-03-04,Kericho,9.35,20.23
2016-03-05,Kericho,7.2,22.65
2016-03-06,Kericho,16.29,20.8
2016-03-07,Kericho,12.26,24.91
2016-03-08,Kericho,21.06,23.19
2016-03-09,Kericho,18.45,21.76
2016-03-10,Kericho,24.31,20.48
2016-03-11,Kericho,14.07,24.73
2016-03-12,Kericho,8.57,29.28
2016-03-13,Kericho,2.61,23.22
2016-03-14,Kericho,4.54,22.66
2016-03-15,Kericho,13.72,25.09
2016-03-16,Kericho,14.35,30.56
2016-03-17,Kericho,10.98,24.95
2016-03-18,Kericho,26.47,17.11
2016-03-19,Kericho,16.96,23.78
2016-03-20,Kericho,19.9,22.26
2016-03-21,Kericho,7.45,24.15
2016-03-22,Kericho,16.7,22.33
2016-03-23,Kericho,25.58,20.23
2016-03-24,Kericho,15.77,23.18
2016-03-25,Kericho,10.38,23.29
2016-03-26,Kericho,16.03,24.72
2016-03-27,Kericho,15.16,25.52
2016-03-28,Kericho,13.26,25.38
2016-03-29,Kericho,13.74,26.51
2016-03-30,Kericho,15.03,28.83
2016-03-31,Kericho,23.34,21.01
2016-04-01,Kericho,13.91,23.68
2016-04-02,Kericho,8.35,27.33
2016-04-03,Kericho,3.58,24.49
2016-04-04,Kericho,22.89,28.1
2016-04-05,Kericho,13.66,23.03
2016-04-06,Kericho,14.93,22.76
2016-04-07,Kericho,22.16,24.05
2016-04-08,Kericho,12.89,23.14
2016-04-09,Kericho,10.04,25.79
2016-04-10,Kericho,29.72,23.96
2016-04-11,Kericho,17.21,26.2
2016-04-12,Kericho,24.15,18.75
2016-04-13,Kericho,17.5,17.74
2016-04-14,Kericho,19.38,20.8
2016-04-15,Kericho,16.9,23.21
2016-04-16,Kericho,21.08,30.73
2016-04-17,Kericho,18.37,23.02
2016-04-18,Kericho,10.6,23.36
2016-04-19,Kericho,13.44,21.31
2016-04-20,Kericho,16.03,20.2
2016-04-21,Kericho,15.79,19.59
2016-04-22,Kericho,4.71,25.47
2016-04-23,Kericho,7.37,23.18
2016-04-24,Kericho,12.8,21.84
2016-04-25,Kericho,12.79,30.52
2016-04-26,Kericho,4.78,25.35
2016-04-27,Kericho,16.36,28.1
2016-04-28,Kericho,8.49,22.59
2016-04-29,Kericho,13.47,26.2
2016-04-30,Kericho,16.33,16.04
2016-05-01,Kericho,13.95,26.67
2016-05-02,Kericho,13.39,27.07
2016-05-03,Kericho,15.84,23.25
2016-05-04,Kericho,16.56,20.86
2016-05-05,Kericho,29.63,25.99
2016-05-06,Kericho,10.68,27.95
2016-05-07,Kericho,8.97,24.07
2016-05-08,Kericho,10.68,25.15
2016-05-09,Kericho,7.06,20.36
2016-05-10,Kericho,11.69,27.77
2016-05-11,Kericho,18.46,23.9
2016-05-12,Kericho,14.91,21.23
2016-05-13,Kericho,17.71,26.65
2016-05-14,Kericho,21.33,28.64
2016-05-15,Kericho,21.49,23.1
2016-05-16,Kericho,20.63,19.95
2016-05-17,Kericho,20.1,24.89
2016-05-18,Kericho,11.77,24.31
2016-05-19,Kericho,14.14,23.21
2016-05-20,Kericho,14.38,22.25
2016-05-21,Kericho,19.59,24.45
2016-05-22,Kericho,14.67,23.66
2016-05-23,Kericho,11.77,25.01
2016-05-24,Kericho,22.07,29.45
2016-05-25,Kericho,20.96,27.13
2016-05-26,Kericho,15.79,23.94
2016-05-27,Kericho,21.44,23.83
2016-05-28,Kericho,14.49,22.78
2016-05-29,Kericho,8.36,22.79
2016-05-30,Kericho,18.15,20.69
2016-05-31,Kericho,12.17,25.5
2016-06-01,Kericho,8.27,21.18
2016-06-02,Kericho,5.2,26.38
2016-06-03,Kericho,5.68,26.24
2016-06-04,Kericho,2.77,22.69
2016-06-05,Kericho,4.51,22.4
2016-06-06,Kericho,6.09,22.85
2016-06-07,Kericho,6.82,18.49
2016-06-08,Kericho,3.68,19.91
2016-06-09,Kericho,4.68,24.17
2016-06-10,Kericho,6.97,23.51
2016-06-11,Kericho,5.41,18.54
2016-06-12,Kericho,7.74,17.57
2016-06-13,Kericho,3.6,26.71
2016-06-14,Kericho,2.07,24.58
2016-06-15,Kericho,5.14,26.45
2016-06-16,Kericho,5.22,26.72
2016-06-17,Kericho,4.61,24.81
2016-06-18,Kericho,6.9,22.35
2016-06-19,Kericho,9.52,19.62
2016-06-20,Kericho,5.31,22.83
2016-06-21,Kericho,4.25,25.79
2016-06-22,Kericho,4.9,21.78
2016-06-23,Kericho,9.79,23.15
2016-06-24,Kericho,3.27,21.26
2016-06-25,Kericho,10.52,23.14
2016-06-26,Kericho,9.17,28.07
2016-06-27,Kericho,7.95,29.11
2016-06-28,Kericho,3.15,24.93
2016-06-29,Kericho,6.4,24.81
2016-06-30,Kericho,5.31,22.22
2016-07-01,Kericho,4.67,20.68
2016-07-02,Kericho,5.26,30.29
2016-07-03,Kericho,4.12,27.58
2016-07-04,Kericho,1.64,25.75
2016-07-05,Kericho,9.93,24.35
2016-07-06,Kericho,3.32,18.56
2016-07-07,Kericho,7.49,22.91
2016-07-08,Kericho,3.18,27.54
2016-07-09,Kericho,3.98,23.89
2016-07-10,Kericho,1.54,22.59
2016-07-11,Kericho,7.09,21.53
2016-07-12,Kericho,10.48,19.43
2016-07-13,Kericho,6.26,28.26
2016-07-14,Kericho,3.52,22.91
2016-07-15,Kericho,3.75,23.61
2016-07-16,Kericho,1.74,20.91
2016-07-17,Kericho,3.04,24.6
2016-07-18,Kericho,1.47,25.57
2016-07-19,Kericho,4.85,25.15
2016-07-20,Kericho,5.04,22.32
2016-07-21,Kericho,5.55,21.99
2016-07-22,Kericho,3.93,23.29
2016-07-23,Kericho,7.57,21.54
2016-07-24,Kericho,6.25,29.04
2016-07-25,Kericho,4.68,24.27
2016-07-26,Kericho,5.67,27.62
2016-07-27,Kericho,6.54,24.16
2016-07-28,Kericho,3.54,28.07
2016-07-29,Kericho,6.35,25.74
2016-07-30,Kericho,3.92,28.51
2016-07-31,Kericho,4.0,21.5
2016-08-01,Kericho,6.92,28.29
2016-08-02,Kericho,3.54,19.16
2016-08-03,Kericho,3.14,28.44
2016-08-04,Kericho,6.23,21.76
2016-08-05,Kericho,6.61,21.7
2016-08-06,Kericho,5.59,28.21
2016-08-07,Kericho,4.42,21.96
2016-08-08,Kericho,5.02,25.47
2016-08-09,Kericho,6.23,19.71
2016-08-10,Kericho,2.5,19.69
2016-08-11,Kericho,5.47,25.94
2016-08-12,Kericho,3.75,25.66
2016-08-13,Kericho,7.63,28.42
2016-08-14,Kericho,5.94,19.22
2016-08-15,Kericho,3.96,21.35
2016-08-16,Kericho,2.73,28.31
2016-08-17,Kericho,2.51,25.82
2016-08-18,Kericho,7.73,19.72
2016-08-19,Kericho,5.65,21.08
2016-08-20,Kericho,4.9,27.31
2016-08-21,Kericho,6.63,24.63
2016-08-22,Kericho,7.46,28.11
2016-08-23,Kericho,4.77,21.89
2016-08-24,Kericho,5.8,24.32
2016-08-25,Kericho,7.39,25.32
2016-08-26,Kericho,2.37,26.96
2016-08-27,Kericho,4.68,26.3
2016-08-28,Kericho,5.57,23.87
2016-08-29,Kericho,5.88,25.71
2016-08-30,Kericho,4.58,25.04
2016-08-31,Kericho,3.18,23.63
2016-09-01,Kericho,2.03,26.38
2016-09-02,Kericho,4.31,25.13
2016-09-03,Kericho,5.25,25.71
2016-09-04,Kericho,5.93,27.88
2016-09-05,Kericho,7.08,23.56
2016-09-06,Kericho,7.91,25.41
2016-09-07,Kericho,3.8,21.73
2016-09-08,Kericho,5.83,24.67
2016-09-09,Kericho,7.61,17.49
2016-09-10,Kericho,5.01,25.39
2016-09-11,Kericho,3.06,26.89
2016-09-12,Kericho,4.75,27.41
2016-09-13,Kericho,3.71,26.65
2016-09-14,Kericho,2.56,25.47
2016-09-15,Kericho,2.75,24.34
2016-09-16,Kericho,4.11,16.91
2016-09-17,Kericho,5.55,21.96
2016-09-18,Kericho,4.82,29.72
2016-09-19,Kericho,4.09,25.5
2016-09-20,Kericho,3.57,16.29
2016-09-21,Kericho,7.03,24.23
2016-09-22,Kericho,4.45,19.88
2016-09-23,Kericho,8.77,27.54
2016-09-24,Kericho,6.31,25.27
2016-09-25,Kericho,4.4,22.82
2016-09-26,Kericho,3.78,27.93
2016-09-27,Kericho,4.87,22.16
2016-09-28,Kericho,4.37,27.39
2016-09-29,Kericho,2.6,21.66
2016-09-30,Kericho,5.82,23.67
2016-10-01,Kericho,6.86,27.65
2015-01-01,Bomet,5.77,26.37
2015-01-02,Bomet,7.69,17.53
2015-01-03,Bomet,3.92,27.12
2015-01-04,Bomet,4.35,18.18
2015-01-05,Bomet,5.58,28.47
2015-01-06,Bomet,3.72,25.94
2015-01-07,Bomet,3.05,26.96
2015-01-08,Bomet,4.09,22.41
2015-01-09,Bomet,6.09,25.1
2015-01-10,Bomet,2.45,21.2
2015-01-11,Bomet,7.4,19.66
2015-01-12,Bomet,4.13,20.43
2015-01-13,Bomet,4.57,22.73
2015-01-14,Bomet,2.2,23.46
2015-01-15,Bomet,3.67,18.79
2015-01-16,Bomet,3.47,16.18
2015-01-17,Bomet,3.7,21.57
2015-01-18,Bomet,3.78,21.97
2015-01-19,Bomet,5.91,22.84
2015-01-20,Bomet,4.19,26.57
2015-01-21,Bomet,3.0,26.39
2015-01-22,Bomet,5.41,28.4
2015-01-23,Bomet,5.76,24.56
2015-01-24,Bomet,4.93,22.53
2015-01-25,Bomet,3.08,25.79
2015-01-26,Bomet,5.62,20.36
2015-01-27,Bomet,6.56,28.9
2015-01-28,Bomet,3.92,25.63
2015-01-29,Bomet,3.56,20.14
2015-01-30,Bomet,6.18,29.28
2015-01-31,Bomet,8.31,25.87
2015-02-01,Bomet,0.55,22.96
2015-02-02,Bomet,7.53,26.86
2015-02-03,Bomet,6.79,23.88
2015-02-04,Bomet,10.63,17.33
2015-02-05,Bomet,5.21,24.33
2015-02-06,Bomet,4.58,26.23
2015-02-07,Bomet,10.42,22.88
2015-02-08,Bomet,7.38,25.2
2015-02-09,Bomet,3.23,24.11
2015-02-10,Bomet,0.9,22.81
2015-02-11,Bomet,5.6,23.02
2015-02-12,Bomet,3.11,22.31
2015-02-13,Bomet,7.64,23.36
2015-02-14,Bomet,4.2,24.7
2015-02-15,Bomet,7.52,24.93
2015-02-16,Bomet,4.55,22.76
2015-02-17,Bomet,2.99,19.95
2015-02-18,Bomet,4.77,20.94
2015-02-19,Bomet,2.54,32.9
2015-02-20,Bomet,7.17,23.08
2015-02-21,Bomet,2.39,25.9
2015-02-22,Bomet,9.31,32.38
2015-02-23,Bomet,2.7,23.7
2015-02-24,Bomet,0.43,23.56
2015-02-25,Bomet,5.56,25.6
2015-02-26,Bomet,0.0,26.1
2015-02-27,Bomet,5.25,27.1
2015-02-28,Bomet,2.95,25.53
2015-03-01,Bomet,2.84,20.31
2015-03-02,Bomet,17.94,26.4
2015-03-03,Bomet,0.32,23.57
2015-03-04,Bomet,9.29,28.37
2015-03-05,Bomet,12.58,24.39
2015-03-06,Bomet,16.98,21.78
2015-03-07,Bomet,14.44,25.63
2015-03-08,Bomet,16.09,25.79
2015-03-09,Bomet,4.48,23.72
2015-03-10,Bomet,6.88,21.63
2015-03-11,Bomet,5.99,22.21
2015-03-12,Bomet,17.5,25.64
2015-03-13,Bomet,7.44,27.64
2015-03-14,Bomet,19.31,25.21
2015-03-15,Bomet,22.58,27.26
2015-03-16,Bomet,16.31,28.99
2015-03-17,Bomet,17.74,25.39
2015-03-18,Bomet,24.13,20.95
2015-03-19,Bomet,13.73,23.94
2015-03-20,Bomet,18.54,29.31
2015-03-21,Bomet,12.08,26.62
2015-03-22,Bomet,14.55,34.65
2015-03-23,Bomet,15.7,28.39
2015-03-24,Bomet,16.57,21.87
2015-03-25,Bomet,14.17,22.69
2015-03-26,Bomet,12.37,20.37
2015-03-27,Bomet,14.09,24.99
2015-03-28,Bomet,18.17,29.47
2015-03-29,Bomet,18.55,22.59
2015-03-30,Bomet,8.4,25.27
2015-03-31,Bomet,20.76,27.71
2015-04-01,Bomet,15.0,21.75
2015-04-02,Bomet,8.46,27.87
2015-04-03,Bomet,15.6,25.78
2015-04-04,Bomet,20.19,26.02
2015-04-05,Bomet,25.99,22.16
2015-04-06,Bomet,8.49,24.3
2015-04-07,Bomet,8.49,23.51
2015-04-08,Bomet,30.53,24.32
2015-04-09,Bomet,23.35,26.71
2015-04-10,Bomet,13.38,22.76
2015-04-11,Bomet,10.93,17.61
2015-04-12,Bomet,14.18,23.95
2015-04-13,Bomet,20.34,19.01
2015-04-14,Bomet,19.31,22.22
2015-04-15,Bomet,18.24,25.21
2015-04-16,Bomet,14.42,18.97
2015-04-17,Bomet,3.65,22.41
2015-04-18,Bomet,9.12,23.36
2015-04-19,Bomet,18.7,27.18
2015-04-20,Bomet,17.84,22.63
2015-04-21,Bomet,15.77,21.76
2015-04-22,Bomet,23.37,26.51
2015-04-23,Bomet,10.41,19.07
2015-04-24,Bomet,14.89,26.1
2015-04-25,Bomet,15.02,26.43
2015-04-26,Bomet,15.73,24.0
2015-04-27,Bomet,15.97,25.06
2015-04-28,Bomet,14.7,24.19
2015-04-29,Bomet,16.01,22.59
2015-04-30,Bomet,14.16,27.82
2015-05-01,Bomet,22.42,20.7
2015-05-02,Bomet,16.14,27.29
2015-05-03,Bomet,10.3,21.46
2015-05-04,Bomet,16.58,29.59
2015-05-05,Bomet,12.6,29.96
2015-05-06,Bomet,15.27,26.19
2015-05-07,Bomet,18.25,29.41
2015-05-08,Bomet,12.44,25.44
2015-05-09,Bomet,12.98,26.32
2015-05-10,Bomet,19.07,24.7
2015-05-11,Bomet,7.34,24.01
2015-05-12,Bomet,14.1,22.71
2015-05-13,Bomet,20.42,22.78
2015-05-14,Bomet,15.36,24.42
2015-05-15,Bomet,21.12,23.73
2015-05-16,Bomet,27.34,22.68
2015-05-17,Bomet,8.34,20.99
2015-05-18,Bomet,8.86,24.9
2015-05-19,Bomet,14.34,20.3
2015-05-20,Bomet,21.21,23.26
2015-05-21,Bomet,19.5,19.77
2015-05-22,Bomet,6.62,22.63
2015-05-23,Bomet,23.0,20.38
2015-05-24,Bomet,15.02,25.76
2015-05-25,Bomet,7.03,24.11
2015-05-26,Bomet,15.92,26.4
2015-05-27,Bomet,14.68,26.11
2015-05-28,Bomet,10.63,17.39
2015-05-29,Bomet,12.63,22.49
2015-05-30,Bomet,11.94,27.55
2015-05-31,Bomet,13.48,23.87
2015-06-01,Bomet,8.26,26.09
2015-06-02,Bomet,7.45,21.75
2015-06-03,Bomet,6.3,25.22
2015-06-04,Bomet,2.63,21.06
2015-06-05,Bomet,4.66,27.03
2015-06-06,Bomet,2.59,24.56
2015-06-07,Bomet,3.74,22.45
2015-06-08,Bomet,3.21,25.49
2015-06-09,Bomet,5.02,21.0
2015-06-10,Bomet,5.16,24.25
2015-06-11,Bomet,6.42,21.33
2015-06-12,Bomet,6.14,27.1
2015-06-13,Bomet,3.69,24.43
2015-06-14,Bomet,4.42,28.0
2015-06-15,Bomet,6.85,28.76
2015-06-16,Bomet,5.82,24.21
2015-06-17,Bomet,6.13,26.79
2015-06-18,Bomet,4.26,22.53
2015-06-19,Bomet,4.89,28.68
2015-06-20,Bomet,7.38,24.86
2015-06-21,Bomet,7.01,22.02
2015-06-22,Bomet,4.13,29.11
2015-06-23,Bomet,6.56,19.48
2015-06-24,Bomet,6.66,28.91
2015-06-25,Bomet,4.3,29.81
2015-06-26,Bomet,4.79,20.6
2015-06-27,Bomet,4.8,23.39
2015-06-28,Bomet,8.09,22.97
2015-06-29,Bomet,3.87,25.71
2015-06-30,Bomet,2.49,22.57
2015-07-01,Bomet,4.37,21.9
2015-07-02,Bomet,8.4,24.38
2015-07-03,Bomet,6.31,23.31
2015-07-04,Bomet,4.92,22.44
2015-07-05,Bomet,3.63,24.77
2015-07-06,Bomet,4.95,28.85
2015-07-07,Bomet,7.89,22.41
2015-07-08,Bomet,4.87,23.63
2015-07-09,Bomet,2.84,23.84
2015-07-10,Bomet,4.89,29.01
2015-07-11,Bomet,6.05,24.45
2015-07-12,Bomet,4.63,25.62
2015-07-13,Bomet,4.0,27.92
2015-07-14,Bomet,0.5,28.95
2015-07-15,Bomet,4.18,17.28
2015-07-16,Bomet,5.92,24.08
2015-07-17,Bomet,3.37,26.77
2015-07-18,Bomet,4.49,22.67
2015-07-19,Bomet,2.04,24.15
2015-07-20,Bomet,3.83,24.34
2015-07-21,Bomet,2.65,20.66
2015-07-22,Bomet,1.6,23.27
2015-07-23,Bomet,5.86,23.49
2015-07-24,Bomet,6.33,12.99
2015-07-25,Bomet,3.34,24.47
2015-07-26,Bomet,3.89,25.53
2015-07-27,Bomet,4.0,25.14
2015-07-28,Bomet,10.15,25.95
2015-07-29,Bomet,3.84,17.19
2015-07-30,Bomet,2.31,23.97
2015-07-31,Bomet,4.46,26.49
2015-08-01,Bomet,3.73,23.58
2015-08-02,Bomet,8.6,23.6
2015-08-03,Bomet,4.64,26.58
2015-08-04,Bomet,5.97,22.84
2015-08-05,Bomet,5.31,25.68
2015-08-06,Bomet,5.23,21.25
2015-08-07,Bomet,3.74,21.49
2015-08-08,Bomet,4.0,24.39
2015-08-09,Bomet,1.93,28.99
2015-08-10,Bomet,3.69,24.65
2015-08-11,Bomet,6.0,26.09
2015-08-12,Bomet,5.96,19.12
2015-08-13,Bomet,3.89,22.92
2015-08-14,Bomet,1.1,22.28
2015-08-15,Bomet,3.4,26.36
2015-08-16,Bomet,4.96,19.09
2015-08-17,Bomet,3.93,24.84
2015-08-18,Bomet,8.19,20.38
2015-08-19,Bomet,4.28,29.38
2015-08-20,Bomet,0.07,24.22
2015-08-21,Bomet,5.31,20.47
2015-08-22,Bomet,6.36,22.58
2015-08-23,Bomet,4.71,27.65
2015-08-24,Bomet,1.05,27.21
2015-08-25,Bomet,2.16,18.87
2015-08-26,Bomet,4.0,27.23
2015-08-27,Bomet,7.4,22.81
2015-08-28,Bomet,4.03,25.69
2015-08-29,Bomet,3.94,19.82
2015-08-30,Bomet,4.65,21.78
2015-08-31,Bomet,8.09,27.63
2015-09-01,Bomet,6.92,28.48
2015-09-02,Bomet,5.04,24.49
2015-09-03,Bomet,10.48,20.5
2015-09-04,Bomet,5.62,16.2
2015-09-05,Bomet,4.71,21.96
2015-09-06,Bomet,7.24,25.36
2015-09-07,Bomet,5.64,32.68
2015-09-08,Bomet,4.68,25.34
2015-09-09,Bomet,5.71,22.8
2015-09-10,Bomet,7.36,25.92
2015-09-11,Bomet,3.15,27.56
2015-09-12,Bomet,3.48,23.11
2015-09-13,Bomet,4.4,24.71
2015-09-14,Bomet,7.61,27.62
2015-09-15,Bomet,6.21,26.29
2015-09-16,Bomet,5.36,25.97
2015-09-17,Bomet,4.75,25.57
2015-09-18,Bomet,6.08,23.77
2015-09-19,Bomet,5.37,28.04
2015-09-20,Bomet,3.48,27.86
2015-09-21,Bomet,5.41,18.11
2015-09-22,Bomet,4.1,19.2
2015-09-23,Bomet,5.4,24.19
2015-09-24,Bomet,6.72,23.95
2015-09-25,Bomet,3.83,25.47
2015-09-26,Bomet,5.81,16.94
2015-09-27,Bomet,3.17,30.7
2015-09-28,Bomet,5.95,20.51
2015-09-29,Bomet,3.41,30.16
2015-09-30,Bomet,3.24,21.77
2015-10-01,Bomet,15.87,27.84
2015-10-02,Bomet,13.86,23.14
2015-10-03,Bomet,8.29,21.07
2015-10-04,Bomet,11.16,27.23
2015-10-05,Bomet,5.11,23.52
2015-10-06,Bomet,14.36,22.91
2015-10-07,Bomet,15.13,29.16
2015-10-08,Bomet,17.14,21.33
2015-10-09,Bomet,13.28,26.64
2015-10-10,Bomet,3.21,20.17
2015-10-11,Bomet,13.96,25.84
2015-10-12,Bomet,14.65,22.13
2015-10-13,Bomet,11.31,25.59
2015-10-14,Bomet,9.62,24.61
2015-10-15,Bomet,7.63,23.23
2015-10-16,Bomet,8.51,26.8
2015-10-17,Bomet,13.99,25.08
2015-10-18,Bomet,13.67,25.05
2015-10-19,Bomet,9.64,24.01
2015-10-20,Bomet,17.61,24.65
2015-10-21,Bomet,13.72,24.04
2015-10-22,Bomet,5.22,19.26
2015-10-23,Bomet,10.64,21.34
2015-10-24,Bomet,9.8,24.82
2015-10-25,Bomet,13.02,26.27
2015-10-26,Bomet,6.83,27.22
2015-10-27,Bomet,10.7,26.65
2015-10-28,Bomet,10.09,21.76
2015-10-29,Bomet,5.41,25.46
2015-10-30,Bomet,10.2,22.91
2015-10-31,Bomet,7.51,23.7
2015-11-01,Bomet,7.23,20.42
2015-11-02,Bomet,8.5,25.85
2015-11-03,Bomet,2.24,27.08
2015-11-04,Bomet,7.53,27.27
2015-11-05,Bomet,12.73,24.98
2015-11-06,Bomet,6.74,24.48
2015-11-07,Bomet,10.43,21.97
2015-11-08,Bomet,5.69,27.31
2015-11-09,Bomet,8.32,25.63
2015-11-10,Bomet,10.93,26.08
2015-11-11,Bomet,10.31,20.96
2015-11-12,Bomet,11.42,28.11
2015-11-13,Bomet,7.6,23.11
2015-11-14,Bomet,10.55,22.0
2015-11-15,Bomet,5.7,22.51
2015-11-16,Bomet,8.9,20.1
2015-11-17,Bomet,9.76,25.91
2015-11-18,Bomet,12.86,24.88
2015-11-19,Bomet,7.86,23.36
2015-11-20,Bomet,11.2,24.57
2015-11-21,Bomet,13.31,22.24
2015-11-22,Bomet,6.96,28.6
2015-11-23,Bomet,11.65,24.18
2015-11-24,Bomet,7.31,25.56
2015-11-25,Bomet,8.18,17.94
2015-11-26,Bomet,6.92,16.5
2015-11-27,Bomet,12.41,23.01
2015-11-28,Bomet,7.23,27.76
2015-11-29,Bomet,13.57,22.02
2015-11-30,Bomet,6.27,19.17
2015-12-01,Bomet,4.52,25.22
2015-12-02,Bomet,3.98,29.14
2015-12-03,Bomet,0.0,25.0
2015-12-04,Bomet,3.16,24.62
2015-12-05,Bomet,4.96,25.57
2015-12-06,Bomet,4.27,21.47
2015-12-07,Bomet,5.99,23.14
2015-12-08,Bomet,4.46,22.07
2015-12-09,Bomet,2.22,24.77
2015-12-10,Bomet,3.76,17.58
2015-12-11,Bomet,5.37,24.46
2015-12-12,Bomet,4.69,28.3
2015-12-13,Bomet,5.88,26.28
2015-12-14,Bomet,2.54,22.43
2015-12-15,Bomet,2.7,25.58
2015-12-16,Bomet,6.16,21.12
2015-12-17,Bomet,6.24,25.05
2015-12-18,Bomet,4.18,24.67
2015-12-19,Bomet,6.55,27.71
2015-12-20,Bomet,4.38,25.99
2015-12-21,Bomet,7.15,25.15
2015-12-22,Bomet,5.99,28.86
2015-12-23,Bomet,4.23,26.8
2015-12-24,Bomet,3.3,20.01
2015-12-25,Bomet,3.52,26.22
2015-12-26,Bomet,3.45,25.03
2015-12-27,Bomet,0.0,21.91
2015-12-28,Bomet,4.01,26.14
2015-12-29,Bomet,4.81,27.8
2015-12-30,Bomet,1.37,20.64
2015-12-31,Bomet,4.78,26.54
2016-01-01,Bomet,0.39,29.3
2016-01-02,Bomet,5.03,23.31
2016-01-03,Bomet,7.07,19.16
2016-01-04,Bomet,2.33,24.78
2016-01-05,Bomet,2.88,22.6
2016-01-06,Bomet,2.87,25.09
2016-01-07,Bomet,6.05,23.55
2016-01-08,Bomet,4.93,29.71
2016-01-09,Bomet,7.22,24.36
2016-01-10,Bomet,8.63,27.84
2016-01-11,Bomet,7.1,24.44
2016-01-12,Bomet,7.04,24.87
2016-01-13,Bomet,2.44,26.63
2016-01-14,Bomet,2.12,23.59
2016-01-15,Bomet,5.49,26.32
2016-01-16,Bomet,3.29,22.8
2016-01-17,Bomet,6.66,26.79
2016-01-18,Bomet,3.1,26.31
2016-01-19,Bomet,5.48,21.26
2016-01-20,Bomet,8.2,27.06
2016-01-21,Bomet,4.56,23.44
2016-01-22,Bomet,6.49,23.86
2016-01-23,Bomet,3.82,26.76
2016-01-24,Bomet,4.96,25.79
2016-01-25,Bomet,3.93,23.95
2016-01-26,Bomet,4.77,23.64
2016-01-27,Bomet,5.42,22.27
2016-01-28,Bomet,0.81,23.67
2016-01-29,Bomet,5.25,26.18
2016-01-30,Bomet,2.98,25.02
2016-01-31,Bomet,7.64,27.85
2016-02-01,Bomet,4.39,24.1
2016-02-02,Bomet,2.9,24.31
2016-02-03,Bomet,5.32,22.42
2016-02-04,Bomet,5.07,22.14
2016-02-05,Bomet,6.93,25.24
2016-02-06,Bomet,4.78,21.24
2016-02-07,Bomet,6.07,26.28
2016-02-08,Bomet,3.99,25.33
2016-02-09,Bomet,5.16,24.16
2016-02-10,Bomet,0.88,21.34
2016-02-11,Bomet,7.19,28.41
2016-02-12,Bomet,2.18,24.47
2016-02-13,Bomet,4.22,27.06
2016-02-14,Bomet,2.95,23.65
2016-02-15,Bomet,4.13,28.58
2016-02-16,Bomet,6.62,24.59
2016-02-17,Bomet,3.97,21.86
2016-02-18,Bomet,5.55,25.63
2016-02-19,Bomet,4.02,22.33
2016-02-20,Bomet,4.32,28.87
2016-02-21,Bomet,4.15,20.37
2016-02-22,Bomet,3.7,22.37
2016-02-23,Bomet,7.39,24.43
2016-02-24,Bomet,3.57,30.09
2016-02-25,Bomet,4.74,26.17
2016-02-26,Bomet,4.33,24.91
2016-02-27,Bomet,6.92,25.82
2016-02-28,Bomet,4.89,16.06
2016-02-29,Bomet,8.37,18.46
2016-03-01,Bomet,5.81,24.66
2016-03-02,Bomet,13.43,21.61
2016-03-03,Bomet,20.05,20.92
2016-03-04,Bomet,27.17,25.29
2016-03-05,Bomet,15.36,21.93
2016-03-06,Bomet,20.32,27.98
2016-03-07,Bomet,19.22,24.0
2016-03-08,Bomet,17.04,24.37
2016-03-09,Bomet,19.35,20.97
2016-03-10,Bomet,20.76,27.04
2016-03-11,Bomet,13.57,22.34
2016-03-12,Bomet,25.18,26.25
2016-03-13,Bomet,18.29,24.25
2016-03-14,Bomet,17.42,28.04
2016-03-15,Bomet,15.62,24.42
2016-03-16,Bomet,18.16,19.23
2016-03-17,Bomet,9.18,20.48
2016-03-18,Bomet,16.68,22.65
2016-03-19,Bomet,21.32,17.7
2016-03-20,Bomet,9.62,21.72
2016-03-21,Bomet,11.69,28.82
2016-03-22,Bomet,16.4,28.24
2016-03-23,Bomet,8.93,24.22
2016-03-24,Bomet,8.79,27.22
2016-03-25,Bomet,20.19,24.96
2016-03-26,Bomet,17.17,24.11
2016-03-27,Bomet,12.94,21.81
2016-03-28,Bomet,16.72,26.05
2016-03-29,Bomet,11.79,30.74
2016-03-30,Bomet,14.7,22.5
2016-03-31,Bomet,7.72,18.91
2016-04-01,Bomet,9.88,19.72
2016-04-02,Bomet,20.97,23.44
2016-04-03,Bomet,8.94,23.41
2016-04-04,Bomet,19.09,21.07
2016-04-05,Bomet,12.99,22.69
2016-04-06,Bomet,16.56,26.57
2016-04-07,Bomet,14.71,18.8
2016-04-08,Bomet,4.4,23.69
2016-04-09,Bomet,14.46,16.99
2016-04-10,Bomet,18.45,21.77
2016-04-11,Bomet,14.7,27.87
2016-04-12,Bomet,18.23,22.92
2016-04-13,Bomet,5.41,19.32
2016-04-14,Bomet,17.01,19.3
2016-04-15,Bomet,18.48,19.55
2016-04-16,Bomet,9.96,25.64
2016-04-17,Bomet,17.41,23.71
2016-04-18,Bomet,12.79,19.3
2016-04-19,Bomet,8.6,22.1
2016-04-20,Bomet,13.62,22.14
2016-04-21,Bomet,8.37,28.42
2016-04-22,Bomet,9.64,19.94
2016-04-23,Bomet,20.09,22.12
2016-04-24,Bomet,8.79,26.85
2016-04-25,Bomet,16.42,21.18
2016-04-26,Bomet,15.0,25.44
2016-04-27,Bomet,22.84,19.52
2016-04-28,Bomet,14.91,24.24
2016-04-29,Bomet,18.48,25.66
2016-04-30,Bomet,15.21,29.0
2016-05-01,Bomet,14.7,21.17
2016-05-02,Bomet,18.25,22.77
2016-05-03,Bomet,19.41,20.48
2016-05-04,Bomet,13.04,23.58
2016-05-05,Bomet,13.59,22.77
2016-05-06,Bomet,14.15,25.77
2016-05-07,Bomet,12.02,27.47
2016-05-08,Bomet,10.49,22.45
2016-05-09,Bomet,13.78,27.7
2016-05-10,Bomet,23.93,24.88
2016-05-11,Bomet,19.34,25.24
2016-05-12,Bomet,17.58,26.57
2016-05-13,Bomet,13.64,22.78
2016-05-14,Bomet,11.18,24.05
2016-05-15,Bomet,27.33,27.04
2016-05-16,Bomet,27.01,25.65
2016-05-17,Bomet,19.57,24.28
2016-05-18,Bomet,18.34,22.8
2016-05-19,Bomet,10.57,24.46
2016-05-20,Bomet,17.72,20.02
2016-05-21,Bomet,14.38,23.07
2016-05-22,Bomet,15.48,26.52
2016-05-23,Bomet,2.7,18.42
2016-05-24,Bomet,12.45,28.92
2016-05-25,Bomet,16.96,22.5
2016-05-26,Bomet,9.69,22.89
2016-05-27,Bomet,14.18,28.72
2016-05-28,Bomet,21.68,23.44
2016-05-29,Bomet,5.17,23.05
2016-05-30,Bomet,10.33,25.53
2016-05-31,Bomet,18.54,29.67
2016-06-01,Bomet,4.45,24.52
2016-06-02,Bomet,4.15,24.55
2016-06-03,Bomet,4.25,17.43
2016-06-04,Bomet,6.0,30.22
2016-06-05,Bomet,10.93,23.03
2016-06-06,Bomet,6.83,28.62
2016-06-07,Bomet,6.55,21.9
2016-06-08,Bomet,7.93,18.7
2016-06-09,Bomet,5.12,28.96
2016-06-10,Bomet,5.39,23.43
2016-06-11,Bomet,2.7,17.77
2016-06-12,Bomet,4.88,26.31
2016-06-13,Bomet,9.9,28.76
2016-06-14,Bomet,5.59,24.25
2016-06-15,Bomet,2.67,22.57
2016-06-16,Bomet,4.38,25.23
2016-06-17,Bomet,4.03,26.86
2016-06-18,Bomet,3.81,23.49
2016-06-19,Bomet,5.47,22.49
2016-06-20,Bomet,2.58,23.51
2016-06-21,Bomet,2.48,27.25
2016-06-22,Bomet,3.26,24.16
2016-06-23,Bomet,4.31,21.09
2016-06-24,Bomet,3.17,23.55
2016-06-25,Bomet,4.87,16.2
2016-06-26,Bomet,4.32,23.02
2016-06-27,Bomet,6.04,22.64
2016-06-28,Bomet,4.02,29.2
2016-06-29,Bomet,4.7,22.65
2016-06-30,Bomet,4.12,23.88
2016-07-01,Bomet,4.93,22.87
2016-07-02,Bomet,5.63,23.76
2016-07-03,Bomet,3.75,23.71
2016-07-04,Bomet,4.26,29.02
2016-07-05,Bomet,8.45,22.37
2016-07-06,Bomet,2.41,23.7
2016-07-07,Bomet,5.82,26.94
2016-07-08,Bomet,6.35,20.77
2016-07-09,Bomet,6.14,29.9
2016-07-10,Bomet,5.33,21.69
2016-07-11,Bomet,4.07,27.48
2016-07-12,Bomet,5.76,20.11
2016-07-13,Bomet,7.4,19.11
2016-07-14,Bomet,5.4,20.54
2016-07-15,Bomet,3.35,22.05
2016-07-16,Bomet,4.91,15.93
2016-07-17,Bomet,3.55,25.11
2016-07-18,Bomet,8.32,21.53
2016-07-19,Bomet,7.15,24.78
2016-07-20,Bomet,8.27,22.18
2016-07-21,Bomet,6.97,21.88
2016-07-22,Bomet,5.77,24.35
2016-07-23,Bomet,5.02,25.72
2016-07-24,Bomet,4.64,27.45
2016-07-25,Bomet,4.23,22.95
2016-07-26,Bomet,3.42,19.13
2016-07-27,Bomet,3.16,24.22
2016-07-28,Bomet,4.92,24.75
2016-07-29,Bomet,4.26,26.69
2016-07-30,Bomet,5.03,25.02
2016-07-31,Bomet,2.6,23.37
2016-08-01,Bomet,7.23,24.97
2016-08-02,Bomet,7.96,23.37
2016-08-03,Bomet,6.87,25.42
2016-08-04,Bomet,5.23,26.57
2016-08-05,Bomet,3.81,25.81
2016-08-06,Bomet,5.19,17.38
2016-08-07,Bomet,3.42,23.12
2016-08-08,Bomet,1.72,27.71
2016-08-09,Bomet,4.98,24.82
2016-08-10,Bomet,8.33,25.06
2016-08-11,Bomet,5.12,30.69
2016-08-12,Bomet,3.18,25.4
2016-08-13,Bomet,3.27,21.32
2016-08-14,Bomet,4.98,24.95
2016-08-15,Bomet,3.22,21.87
2016-08-16,Bomet,6.38,23.94
2016-08-17,Bomet,1.75,22.25
2016-08-18,Bomet,5.89,27.17
2016-08-19,Bomet,5.77,24.08
2016-08-20,Bomet,5.58,25.94
2016-08-21,Bomet,7.55,19.0
2016-08-22,Bomet,6.76,16.7
2016-08-23,Bomet,3.48,29.37
2016-08-24,Bomet,3.04,18.67
2016-08-25,Bomet,7.92,21.98
2016-08-26,Bomet,2.83,20.55
2016-08-27,Bomet,5.28,23.21
2016-08-28,Bomet,7.35,15.8
2016-08-29,Bomet,6.54,25.94
2016-08-30,Bomet,6.31,26.07
2016-08-31,Bomet,4.49,22.24
2016-09-01,Bomet,1.56,23.12
2016-09-02,Bomet,7.05,27.23
2016-09-03,Bomet,4.92,24.95
2016-09-04,Bomet,2.97,26.67
2016-09-05,Bomet,10.8,25.93
2016-09-06,Bomet,6.02,25.85
2016-09-07,Bomet,6.44,23.97
2016-09-08,Bomet,2.62,26.28
2016-09-09,Bomet,6.17,19.73
2016-09-10,Bomet,7.65,23.86
2016-09-11,Bomet,10.58,17.04
2016-09-12,Bomet,5.36,27.73
2016-09-13,Bomet,9.2,28.37
2016-09-14,Bomet,5.19,26.96
2016-09-15,Bomet,5.19,20.93
2016-09-16,Bomet,5.51,18.79
2016-09-17,Bomet,4.33,26.66
2016-09-18,Bomet,3.92,23.99
2016-09-19,Bomet,7.89,25.11
2016-09-20,Bomet,6.19,28.64
2016-09-21,Bomet,0.0,26.79
2016-09-22,Bomet,6.74,27.4
2016-09-23,Bomet,9.22,23.03
2016-09-24,Bomet,2.87,24.5
2016-09-25,Bomet,4.76,24.8
2016-09-26,Bomet,4.75,24.98
2016-09-27,Bomet,4.78,24.55
2016-09-28,Bomet,1.01,25.03
2016-09-29,Bomet,2.37,23.44
2016-09-30,Bomet,7.09,24.2
2016-10-01,Bomet,9.25,28.39
2015-01-01,Kakamega,6.66,22.45
2015-01-02,Kakamega,4.36,26.05
2015-01-03,Kakamega,3.5,22.35
2015-01-04,Kakamega,5.8,26.44
2015-01-05,Kakamega,3.87,22.64
2015-01-06,Kakamega,7.06,26.89
2015-01-07,Kakamega,4.69,22.98
2015-01-08,Kakamega,9.34,19.92
2015-01-09,Kakamega,3.53,20.83
2015-01-10,Kakamega,4.57,29.1
2015-01-11,Kakamega,6.63,21.96
2015-01-12,Kakamega,0.95,27.96
2015-01-13,Kakamega,3.4,17.84
2015-01-14,Kakamega,5.4,22.34
2015-01-15,Kakamega,7.9,24.62
2015-01-16,Kakamega,2.94,21.76
2015-01-17,Kakamega,6.57,22.35
2015-01-18,Kakamega,4.6,23.19
2015-01-19,Kakamega,4.1,21.93
2015-01-20,Kakamega,1.61,22.46
2015-01-21,Kakamega,6.06,23.13
2015-01-22,Kakamega,2.73,25.72
2015-01-23,Kakamega,4.14,23.24
2015-01-24,Kakamega,6.52,22.79
2015-01-25,Kakamega,5.0,23.67
2015-01-26,Kakamega,3.55,23.67
2015-01-27,Kakamega,3.67,25.17
2015-01-28,Kakamega,5.73,25.6
2015-01-29,Kakamega,3.92,29.42
2015-01-30,Kakamega,6.0,28.27
2015-01-31,Kakamega,2.91,22.29
2015-02-01,Kakamega,4.67,27.98
2015-02-02,Kakamega,4.85,22.11
2015-02-03,Kakamega,4.79,15.78
2015-02-04,Kakamega,4.62,20.08
2015-02-05,Kakamega,6.02,23.59
2015-02-06,Kakamega,5.28,25.49
2015-02-07,Kakamega,4.43,24.89
2015-02-08,Kakamega,4.45,18.9
2015-02-09,Kakamega,0.0,24.97
2015-02-10,Kakamega,4.06,20.22
2015-02-11,Kakamega,2.8,22.82
2015-02-12,Kakamega,4.83,21.27
2015-02-13,Kakamega,9.44,25.01
2015-02-14,Kakamega,4.58,21.02
2015-02-15,Kakamega,5.29,22.24
2015-02-16,Kakamega,4.21,22.54
2015-02-17,Kakamega,5.96,21.68
2015-02-18,Kakamega,5.35,23.05
2015-02-19,Kakamega,6.05,19.97
2015-02-20,Kakamega,4.96,19.67
2015-02-21,Kakamega,5.84,23.26
2015-02-22,Kakamega,6.82,23.96
2015-02-23,Kakamega,4.91,28.34
2015-02-24,Kakamega,3.18,21.1
2015-02-25,Kakamega,3.62,26.13
2015-02-26,Kakamega,2.38,25.78
2015-02-27,Kakamega,4.37,23.95
2015-02-28,Kakamega,6.4,29.77
2015-03-01,Kakamega,11.31,19.97
2015-03-02,Kakamega,11.42,28.57
2015-03-03,Kakamega,11.69,27.6
2015-03-04,Kakamega,24.66,27.03
2015-03-05,Kakamega,15.33,17.42
2015-03-06,Kakamega,19.93,25.52
2015-03-07,Kakamega,20.29,28.85
2015-03-08,Kakamega,20.05,27.82
2015-03-09,Kakamega,12.08,19.08
2015-03-10,Kakamega,17.8,21.68
2015-03-11,Kakamega,20.28,29.32
2015-03-12,Kakamega,19.04,20.09
2015-03-13,Kakamega,16.2,18.09
2015-03-14,Kakamega,13.16,22.83
2015-03-15,Kakamega,11.93,28.22
2015-03-16,Kakamega,15.13,25.26
2015-03-17,Kakamega,8.52,23.09
2015-03-18,Kakamega,13.83,24.46
2015-03-19,Kakamega,15.32,26.57
2015-03-20,Kakamega,21.67,18.45
2015-03-21,Kakamega,25.07,20.67
2015-03-22,Kakamega,12.56,27.35
2015-03-23,Kakamega,18.52,20.74
2015-03-24,Kakamega,16.31,18.34
2015-03-25,Kakamega,12.41,24.73
2015-03-26,Kakamega,16.07,18.43
2015-03-27,Kakamega,10.9,25.91
2015-03-28,Kakamega,13.63,23.57
2015-03-29,Kakamega,9.23,22.59
2015-03-30,Kakamega,20.58,24.1
2015-03-31,Kakamega,7.0,23.83
2015-04-01,Kakamega,17.09,21.19
2015-04-02,Kakamega,21.16,21.32
2015-04-03,Kakamega,16.31,27.49
2015-04-04,Kakamega,19.05,26.14
2015-04-05,Kakamega,17.21,20.22
2015-04-06,Kakamega,7.28,21.48
2015-04-07,Kakamega,11.77,25.8
2015-04-08,Kakamega,8.11,27.07
2015-04-09,Kakamega,9.79,24.79
2015-04-10,Kakamega,19.5,22.28
2015-04-11,Kakamega,7.38,27.01
2015-04-12,Kakamega,16.44,23.82
2015-04-13,Kakamega,19.11,27.87
2015-04-14,Kakamega,12.61,23.71
2015-04-15,Kakamega,13.38,20.78
2015-04-16,Kakamega,11.46,22.26
2015-04-17,Kakamega,23.89,24.95
2015-04-18,Kakamega,18.84,19.06
2015-04-19,Kakamega,11.68,18.46
2015-04-20,Kakamega,11.94,22.89
2015-04-21,Kakamega,10.35,20.39
2015-04-22,Kakamega,14.81,22.18
2015-04-23,Kakamega,25.61,28.75
2015-04-24,Kakamega,6.81,22.63
2015-04-25,Kakamega,16.24,27.67
2015-04-26,Kakamega,17.73,20.73
2015-04-27,Kakamega,15.16,26.97
2015-04-28,Kakamega,12.56,24.47
2015-04-29,Kakamega,19.44,22.56
2015-04-30,Kakamega,14.2,21.43
2015-05-01,Kakamega,10.86,24.34
2015-05-02,Kakamega,12.15,27.08
2015-05-03,Kakamega,15.3,25.35
2015-05-04,Kakamega,17.19,20.35
2015-05-05,Kakamega,13.41,24.64
2015-05-06,Kakamega,16.68,20.01
2015-05-07,Kakamega,28.8,24.48
2015-05-08,Kakamega,6.64,30.73
2015-05-09,Kakamega,14.09,22.29
2015-05-10,Kakamega,9.84,23.75
2015-05-11,Kakamega,16.19,27.08
2015-05-12,Kakamega,17.32,27.3
2015-05-13,Kakamega,17.97,22.15
2015-05-14,Kakamega,18.67,25.35
2015-05-15,Kakamega,17.55,23.34
2015-05-16,Kakamega,7.18,27.83
2015-05-17,Kakamega,11.08,23.31
2015-05-18,Kakamega,8.49,24.62
2015-05-19,Kakamega,8.8,27.81
2015-05-20,Kakamega,19.35,21.44
2015-05-21,Kakamega,17.52,22.48
2015-05-22,Kakamega,8.0,21.56
2015-05-23,Kakamega,8.02,22.43
2015-05-24,Kakamega,26.51,27.06
2015-05-25,Kakamega,12.52,21.86
2015-05-26,Kakamega,13.84,28.07
2015-05-27,Kakamega,25.09,20.66
2015-05-28,Kakamega,9.35,27.49
2015-05-29,Kakamega,14.93,28.53
2015-05-30,Kakamega,15.79,22.29
2015-05-31,Kakamega,22.26,23.28
2015-06-01,Kakamega,4.5,24.58
2015-06-02,Kakamega,4.33,22.34
2015-06-03,Kakamega,5.78,29.26
2015-06-04,Kakamega,5.4,22.76
2015-06-05,Kakamega,0.73,25.36
2015-06-06,Kakamega,1.3,22.9
2015-06-07,Kakamega,2.53,22.67
2015-06-08,Kakamega,7.12,17.22
2015-06-09,Kakamega,2.67,24.09
2015-06-10,Kakamega,8.55,22.66
2015-06-11,Kakamega,4.07,21.8
2015-06-12,Kakamega,5.67,28.52
2015-06-13,Kakamega,2.64,27.19
2015-06-14,Kakamega,6.77,16.9
2015-06-15,Kakamega,4.25,22.31
2015-06-16,Kakamega,4.12,19.63
2015-06-17,Kakamega,4.59,26.83
2015-06-18,Kakamega,3.96,25.15
2015-06-19,Kakamega,5.1,26.75
2015-06-20,Kakamega,2.77,21.0
2015-06-21,Kakamega,6.63,24.26
2015-06-22,Kakamega,2.99,31.56
2015-06-23,Kakamega,5.29,22.83
2015-06-24,Kakamega,8.39,25.37
2015-06-25,Kakamega,7.57,26.24
2015-06-26,Kakamega,5.08,21.84
2015-06-27,Kakamega,5.15,23.17
2015-06-28,Kakamega,3.4,26.7
2015-06-29,Kakamega,3.92,27.24
2015-06-30,Kakamega,2.5,20.33
2015-07-01,Kakamega,2.57,25.73
2015-07-02,Kakamega,5.08,24.66
2015-07-03,Kakamega,5.49,25.59
2015-07-04,Kakamega,4.16,18.92
2015-07-05,Kakamega,10.86,23.83
2015-07-06,Kakamega,5.33,22.49
2015-07-07,Kakamega,3.55,31.21
2015-07-08,Kakamega,7.49,27.34
2015-07-09,Kakamega,5.02,18.38
2015-07-10,Kakamega,7.14,25.67
2015-07-11,Kakamega,7.72,25.14
2015-07-12,Kakamega,4.82,23.93
2015-07-13,Kakamega,4.3,23.21
2015-07-14,Kakamega,8.26,25.35
2015-07-15,Kakamega,4.48,22.63
2015-07-16,Kakamega,4.72,19.75
2015-07-17,Kakamega,4.07,25.87
2015-07-18,Kakamega,4.33,24.48
2015-07-19,Kakamega,7.86,26.49
2015-07-20,Kakamega,7.13,24.13
2015-07-21,Kakamega,6.14,21.26
2015-07-22,Kakamega,7.91,19.94
2015-07-23,Kakamega,1.6,27.72
2015-07-24,Kakamega,6.32,19.82
2015-07-25,Kakamega,2.72,26.9
2015-07-26,Kakamega,2.31,20.71
2015-07-27,Kakamega,4.15,24.75
2015-07-28,Kakamega,3.6,25.05
2015-07-29,Kakamega,5.27,15.11
2015-07-30,Kakamega,3.87,22.32
2015-07-31,Kakamega,4.12,23.36
2015-08-01,Kakamega,0.93,22.11
2015-08-02,Kakamega,6.12,19.65
2015-08-03,Kakamega,2.62,23.85
2015-08-04,Kakamega,6.04,25.08
2015-08-05,Kakamega,3.27,22.6
2015-08-06,Kakamega,2.7,27.04
2015-08-07,Kakamega,6.35,19.66
2015-08-08,Kakamega,4.45,23.02
2015-08-09,Kakamega,6.24,26.7
2015-08-10,Kakamega,5.43,21.1
2015-08-11,Kakamega,8.18,22.46
2015-08-12,Kakamega,5.19,29.29
2015-08-13,Kakamega,2.45,24.66
2015-08-14,Kakamega,2.33,22.43
2015-08-15,Kakamega,4.66,22.22
2015-08-16,Kakamega,3.57,18.25
2015-08-17,Kakamega,4.76,18.78
2015-08-18,Kakamega,7.45,20.74
2015-08-19,Kakamega,3.26,20.47
2015-08-20,Kakamega,6.74,28.72
2015-08-21,Kakamega,4.67,22.52
2015-08-22,Kakamega,4.79,24.24
2015-08-23,Kakamega,5.29,25.19
2015-08-24,Kakamega,6.88,24.67
2015-08-25,Kakamega,5.13,25.09
2015-08-26,Kakamega,4.63,28.45
2015-08-27,Kakamega,5.76,22.52
2015-08-28,Kakamega,5.46,27.02
2015-08-29,Kakamega,4.83,20.45
2015-08-30,Kakamega,4.75,16.34
2015-08-31,Kakamega,3.39,23.94
2015-09-01,Kakamega,6.35,26.35
2015-09-02,Kakamega,2.74,23.33
2015-09-03,Kakamega,5.72,25.89
2015-09-04,Kakamega,6.2,21.82
2015-09-05,Kakamega,2.96,22.69
2015-09-06,Kakamega,5.02,22.51
2015-09-07,Kakamega,2.53,22.51
2015-09-08,Kakamega,5.77,23.49
2015-09-09,Kakamega,6.46,19.3
2015-09-10,Kakamega,6.93,26.33
2015-09-11,Kakamega,5.37,21.81
2015-09-12,Kakamega,4.51,28.45
2015-09-13,Kakamega,5.52,26.27
2015-09-14,Kakamega,5.82,25.71
2015-09-15,Kakamega,5.15,25.16
2015-09-16,Kakamega,2.19,24.41
2015-09-17,Kakamega,3.24,19.46
2015-09-18,Kakamega,1.13,22.39
2015-09-19,Kakamega,5.03,26.65
2015-09-20,Kakamega,5.61,25.64
2015-09-21,Kakamega,7.83,20.46
2015-09-22,Kakamega,4.04,23.83
2015-09-23,Kakamega,7.04,20.44
2015-09-24,Kakamega,7.59,27.96
2015-09-25,Kakamega,4.06,25.7
2015-09-26,Kakamega,4.41,27.12
2015-09-27,Kakamega,8.05,19.97
2015-09-28,Kakamega,5.12,20.41
2015-09-29,Kakamega,3.68,24.31
2015-09-30,Kakamega,5.35,20.67
2015-10-01,Kakamega,6.38,21.77
2015-10-02,Kakamega,10.39,22.73
2015-10-03,Kakamega,18.61,22.22
2015-10-04,Kakamega,12.81,29.25
2015-10-05,Kakamega,9.66,20.25
2015-10-06,Kakamega,16.43,19.38
2015-10-07,Kakamega,7.27,28.78
2015-10-08,Kakamega,17.81,24.87
2015-10-09,Kakamega,4.0,26.82
2015-10-10,Kakamega,12.11,23.12
2015-10-11,Kakamega,13.2,24.81
2015-10-12,Kakamega,11.2,28.3
2015-10-13,Kakamega,13.68,30.19
2015-10-14,Kakamega,9.73,26.17
2015-10-15,Kakamega,6.05,23.76
2015-10-16,Kakamega,10.59,25.91
2015-10-17,Kakamega,12.93,22.57
2015-10-18,Kakamega,8.42,22.72
2015-10-19,Kakamega,10.07,22.56
2015-10-20,Kakamega,7.46,18.33
2015-10-21,Kakamega,10.49,20.16
2015-10-22,Kakamega,5.93,19.7
2015-10-23,Kakamega,14.27,22.2
2015-10-24,Kakamega,11.14,23.31
2015-10-25,Kakamega,18.71,27.63
2015-10-26,Kakamega,11.25,22.05
2015-10-27,Kakamega,10.06,26.38
2015-10-28,Kakamega,6.52,29.6
2015-10-29,Kakamega,10.06,25.49
2015-10-30,Kakamega,14.27,24.8
2015-10-31,Kakamega,11.76,30.44
2015-11-01,Kakamega,11.64,22.3
2015-11-02,Kakamega,12.13,29.95
2015-11-03,Kakamega,0.24,23.01
2015-11-04,Kakamega,15.13,21.38
2015-11-05,Kakamega,8.66,27.33
2015-11-06,Kakamega,8.5,19.02
2015-11-07,Kakamega,11.53,24.47
2015-11-08,Kakamega,9.86,22.75
2015-11-09,Kakamega,20.52,26.63
2015-11-10,Kakamega,10.8,23.8
2015-11-11,Kakamega,10.3,31.95
2015-11-12,Kakamega,15.2,22.61
2015-11-13,Kakamega,10.14,29.5
2015-11-14,Kakamega,8.15,28.21
2015-11-15,Kakamega,4.8,23.54
2015-11-16,Kakamega,14.88,21.18
2015-11-17,Kakamega,7.81,28.38
2015-11-18,Kakamega,12.69,27.31
2015-11-19,Kakamega,14.14,28.36
2015-11-20,Kakamega,7.48,30.49
2015-11-21,Kakamega,10.19,19.97
2015-11-22,Kakamega,3.42,16.03
2015-11-23,Kakamega,12.08,22.69
2015-11-24,Kakamega,7.43,23.14
2015-11-25,Kakamega,9.45,23.86
2015-11-26,Kakamega,9.18,19.87
2015-11-27,Kakamega,9.2,21.19
2015-11-28,Kakamega,11.31,25.36
2015-11-29,Kakamega,2.64,23.56
2015-11-30,Kakamega,13.98,29.47
2015-12-01,Kakamega,5.64,26.68
2015-12-02,Kakamega,3.13,20.84
2015-12-03,Kakamega,1.47,24.16
2015-12-04,Kakamega,6.36,17.31
2015-12-05,Kakamega,7.07,23.41
2015-12-06,Kakamega,5.44,27.71
2015-12-07,Kakamega,7.5,23.89
2015-12-08,Kakamega,4.34,25.61
2015-12-09,Kakamega,7.48,21.98
2015-12-10,Kakamega,7.19,27.77
2015-12-11,Kakamega,5.84,23.27
2015-12-12,Kakamega,5.05,23.48
2015-12-13,Kakamega,6.03,26.29
2015-12-14,Kakamega,3.07,25.29
2015-12-15,Kakamega,5.96,22.69
2015-12-16,Kakamega,3.82,25.54
2015-12-17,Kakamega,2.38,27.83
2015-12-18,Kakamega,6.76,17.97
2015-12-19,Kakamega,4.92,26.97
2015-12-20,Kakamega,8.25,23.62
2015-12-21,Kakamega,0.55,28.95
2015-12-22,Kakamega,4.33,23.88
2015-12-23,Kakamega,2.59,28.81
2015-12-24,Kakamega,2.5,29.67
2015-12-25,Kakamega,5.32,26.28
2015-12-26,Kakamega,1.7,22.22
2015-12-27,Kakamega,4.67,23.56
2015-12-28,Kakamega,2.84,26.66
2015-12-29,Kakamega,3.85,23.74
2015-12-30,Kakamega,5.9,30.81
2015-12-31,Kakamega,5.27,21.32
2016-01-01,Kakamega,4.36,22.1
2016-01-02,Kakamega,3.18,22.71
2016-01-03,Kakamega,8.23,22.45
2016-01-04,Kakamega,0.68,20.25
2016-01-05,Kakamega,3.94,23.45
2016-01-06,Kakamega,6.29,18.94
2016-01-07,Kakamega,3.67,20.16
2016-01-08,Kakamega,5.67,23.33
2016-01-09,Kakamega,3.82,23.87
2016-01-10,Kakamega,3.64,24.57
2016-01-11,Kakamega,2.92,28.72
2016-01-12,Kakamega,6.0,22.43
2016-01-13,Kakamega,6.74,22.48
2016-01-14,Kakamega,5.23,22.21
2016-01-15,Kakamega,6.46,21.27
2016-01-16,Kakamega,4.11,26.47
2016-01-17,Kakamega,2.68,24.4
2016-01-18,Kakamega,2.78,24.43
2016-01-19,Kakamega,10.38,22.09
2016-01-20,Kakamega,1.97,24.94
2016-01-21,Kakamega,3.39,20.01
2016-01-22,Kakamega,4.87,24.8
2016-01-23,Kakamega,9.26,24.58
2016-01-24,Kakamega,4.65,24.7
2016-01-25,Kakamega,7.59,25.67
2016-01-26,Kakamega,3.21,23.69
2016-01-27,Kakamega,3.92,25.24
2016-01-28,Kakamega,5.85,22.72
2016-01-29,Kakamega,7.75,20.12
2016-01-30,Kakamega,4.05,23.2
2016-01-31,Kakamega,3.05,28.26
2016-02-01,Kakamega,7.0,20.29
2016-02-02,Kakamega,7.67,21.53
2016-02-03,Kakamega,4.45,25.79
2016-02-04,Kakamega,5.7,25.05
2016-02-05,Kakamega,2.96,28.86
2016-02-06,Kakamega,4.45,20.0
2016-02-07,Kakamega,6.81,21.57
2016-02-08,Kakamega,3.92,29.86
2016-02-09,Kakamega,8.26,28.79
2016-02-10,Kakamega,4.61,26.99
2016-02-11,Kakamega,7.01,30.76
2016-02-12,Kakamega,5.75,30.92
2016-02-13,Kakamega,3.23,20.23
2016-02-14,Kakamega,6.44,24.9
2016-02-15,Kakamega,6.7,23.57
2016-02-16,Kakamega,2.18,23.96
2016-02-17,Kakamega,3.47,26.51
2016-02-18,Kakamega,5.48,19.65
2016-02-19,Kakamega,5.15,22.64
2016-02-20,Kakamega,4.37,23.81
2016-02-21,Kakamega,5.56,19.74
2016-02-22,Kakamega,6.55,22.52
2016-02-23,Kakamega,3.34,29.31
2016-02-24,Kakamega,0.95,23.2
2016-02-25,Kakamega,6.1,24.85
2016-02-26,Kakamega,1.35,20.6
2016-02-27,Kakamega,3.67,28.53
2016-02-28,Kakamega,4.77,22.33
2016-02-29,Kakamega,8.9,20.58
2016-03-01,Kakamega,17.61,19.75
2016-03-02,Kakamega,15.87,26.84
2016-03-03,Kakamega,21.78,22.32
2016-03-04,Kakamega,12.17,21.2
2016-03-05,Kakamega,13.3,25.12
2016-03-06,Kakamega,22.3,28.97
2016-03-07,Kakamega,24.45,22.47
2016-03-08,Kakamega,9.14,30.35
2016-03-09,Kakamega,13.1,18.83
2016-03-10,Kakamega,21.78,26.52
2016-03-11,Kakamega,10.65,23.62
2016-03-12,Kakamega,20.98,23.23
2016-03-13,Kakamega,20.78,25.19
2016-03-14,Kakamega,23.37,19.64
2016-03-15,Kakamega,14.16,23.8
2016-03-16,Kakamega,16.93,18.2
2016-03-17,Kakamega,16.22,28.44
2016-03-18,Kakamega,17.44,21.05
2016-03-19,Kakamega,13.18,28.45
2016-03-20,Kakamega,13.75,21.61
2016-03-21,Kakamega,12.89,22.44
2016-03-22,Kakamega,16.14,28.53
2016-03-23,Kakamega,30.44,20.83
2016-03-24,Kakamega,11.29,21.35
2016-03-25,Kakamega,0.01,27.76
2016-03-26,Kakamega,6.29,22.68
2016-03-27,Kakamega,21.05,24.91
2016-03-28,Kakamega,17.45,21.19
2016-03-29,Kakamega,15.73,28.36
2016-03-30,Kakamega,11.0,22.0
2016-03-31,Kakamega,15.29,25.32
2016-04-01,Kakamega,14.99,23.07
2016-04-02,Kakamega,10.71,28.53
2016-04-03,Kakamega,5.03,21.77
2016-04-04,Kakamega,19.85,26.05
2016-04-05,Kakamega,17.38,24.87
2016-04-06,Kakamega,11.11,23.38
2016-04-07,Kakamega,13.96,29.52
2016-04-08,Kakamega,13.87,21.19
2016-04-09,Kakamega,19.88,21.35
2016-04-10,Kakamega,27.4,24.74
2016-04-11,Kakamega,18.55,26.25
2016-04-12,Kakamega,21.23,25.71
2016-04-13,Kakamega,10.78,26.87
2016-04-14,Kakamega,14.84,19.84
2016-04-15,Kakamega,14.48,19.17
2016-04-16,Kakamega,6.8,25.14
2016-04-17,Kakamega,16.59,23.56
2016-04-18,Kakamega,19.94,22.73
2016-04-19,Kakamega,12.44,23.9
2016-04-20,Kakamega,14.25,25.86
2016-04-21,Kakamega,15.92,30.15
2016-04-22,Kakamega,14.86,24.58
2016-04-23,Kakamega,22.46,19.93
2016-04-24,Kakamega,4.29,28.04
2016-04-25,Kakamega,12.71,15.8
2016-04-26,Kakamega,4.99,27.65
2016-04-27,Kakamega,17.68,25.07
2016-04-28,Kakamega,10.67,21.55
2016-04-29,Kakamega,7.36,21.55
2016-04-30,Kakamega,18.5,25.81
2016-05-01,Kakamega,0.0,24.35
2016-05-02,Kakamega,20.47,23.92
2016-05-03,Kakamega,10.04,26.17
2016-05-04,Kakamega,18.27,23.42
2016-05-05,Kakamega,15.48,22.28
2016-05-06,Kakamega,24.95,27.11
2016-05-07,Kakamega,12.44,24.6
2016-05-08,Kakamega,18.98,22.41
2016-05-09,Kakamega,14.01,25.04
2016-05-10,Kakamega,15.25,25.27
2016-05-11,Kakamega,12.04,22.39
2016-05-12,Kakamega,21.0,22.26
2016-05-13,Kakamega,10.77,25.02
2016-05-14,Kakamega,22.78,18.76
2016-05-15,Kakamega,22.21,20.57
2016-05-16,Kakamega,11.63,24.29
2016-05-17,Kakamega,15.45,22.14
2016-05-18,Kakamega,11.09,22.26
2016-05-19,Kakamega,19.63,24.35
2016-05-20,Kakamega,16.5,25.65
2016-05-21,Kakamega,11.83,21.95
2016-05-22,Kakamega,12.53,24.01
2016-05-23,Kakamega,19.96,22.01
2016-05-24,Kakamega,16.14,21.33
2016-05-25,Kakamega,9.37,24.14
2016-05-26,Kakamega,9.25,22.29
2016-05-27,Kakamega,16.11,26.39
2016-05-28,Kakamega,18.21,22.8
2016-05-29,Kakamega,17.87,26.33
2016-05-30,Kakamega,16.4,27.83
2016-05-31,Kakamega,15.0,21.97
2016-06-01,Kakamega,4.6,23.71
2016-06-02,Kakamega,4.64,19.72
2016-06-03,Kakamega,8.33,24.34
2016-06-04,Kakamega,4.88,29.22
2016-06-05,Kakamega,5.33,21.06
2016-06-06,Kakamega,5.27,24.02
2016-06-07,Kakamega,2.77,24.23
2016-06-08,Kakamega,3.37,20.2
2016-06-09,Kakamega,4.44,23.63
2016-06-10,Kakamega,11.68,21.11
2016-06-11,Kakamega,4.95,26.0
2016-06-12,Kakamega,7.8,20.93
2016-06-13,Kakamega,5.65,25.21
2016-06-14,Kakamega,1.96,26.84
2016-06-15,Kakamega,8.8,21.85
2016-06-16,Kakamega,3.63,23.91
2016-06-17,Kakamega,4.16,25.29
2016-06-18,Kakamega,10.68,23.19
2016-06-19,Kakamega,4.78,25.5
2016-06-20,Kakamega,3.26,31.57
2016-06-21,Kakamega,6.79,24.09
2016-06-22,Kakamega,4.9,21.37
2016-06-23,Kakamega,3.95,20.91
2016-06-24,Kakamega,3.27,23.52
2016-06-25,Kakamega,3.69,17.09
2016-06-26,Kakamega,4.11,21.61
2016-06-27,Kakamega,5.43,21.19
2016-06-28,Kakamega,1.77,23.41
2016-06-29,Kakamega,6.28,22.29
2016-06-30,Kakamega,6.96,20.49
2016-07-01,Kakamega,3.36,20.89
2016-07-02,Kakamega,5.44,16.19
2016-07-03,Kakamega,7.52,24.36
2016-07-04,Kakamega,3.15,25.16
2016-07-05,Kakamega,3.38,22.88
2016-07-06,Kakamega,2.53,27.52
2016-07-07,Kakamega,2.2,22.01
2016-07-08,Kakamega,5.54,24.55
2016-07-09,Kakamega,1.22,16.2
2016-07-10,Kakamega,5.1,27.0
2016-07-11,Kakamega,4.29,23.17
2016-07-12,Kakamega,5.65,25.04
2016-07-13,Kakamega,3.33,18.6
2016-07-14,Kakamega,7.24,22.16
2016-07-15,Kakamega,7.93,21.24
2016-07-16,Kakamega,4.14,19.82
2016-07-17,Kakamega,8.6,27.87
2016-07-18,Kakamega,6.97,25.56
2016-07-19,Kakamega,3.38,19.15
2016-07-20,Kakamega,9.97,22.74
2016-07-21,Kakamega,7.96,24.77
2016-07-22,Kakamega,7.32,16.79
2016-07-23,Kakamega,4.36,28.03
2016-07-24,Kakamega,5.27,17.86
2016-07-25,Kakamega,4.21,24.06
2016-07-26,Kakamega,8.2,26.28
2016-07-27,Kakamega,4.84,22.76
2016-07-28,Kakamega,7.51,23.39
2016-07-29,Kakamega,4.45,24.15
2016-07-30,Kakamega,4.26,21.6
2016-07-31,Kakamega,7.05,23.03
2016-08-01,Kakamega,1.88,22.49
2016-08-02,Kakamega,6.24,22.99
2016-08-03,Kakamega,8.16,25.27
2016-08-04,Kakamega,2.55,22.66
2016-08-05,Kakamega,6.69,22.13
2016-08-06,Kakamega,7.16,25.96
2016-08-07,Kakamega,3.62,19.87
2016-08-08,Kakamega,1.29,21.1
2016-08-09,Kakamega,6.65,22.66
2016-08-10,Kakamega,5.87,23.48
2016-08-11,Kakamega,4.92,21.55
2016-08-12,Kakamega,8.88,24.39
2016-08-13,Kakamega,6.5,21.04
2016-08-14,Kakamega,3.37,27.98
2016-08-15,Kakamega,5.03,25.92
2016-08-16,Kakamega,7.87,21.23
2016-08-17,Kakamega,3.06,22.38
2016-08-18,Kakamega,0.0,22.63
2016-08-19,Kakamega,3.6,28.27
2016-08-20,Kakamega,2.54,28.36
2016-08-21,Kakamega,6.09,25.35
2016-08-22,Kakamega,7.14,23.58
2016-08-23,Kakamega,5.62,26.97
2016-08-24,Kakamega,5.0,25.03
2016-08-25,Kakamega,6.95,24.12
2016-08-26,Kakamega,5.05,20.96
2016-08-27,Kakamega,2.49,24.03
2016-08-28,Kakamega,3.23,18.61
2016-08-29,Kakamega,5.52,28.71
2016-08-30,Kakamega,4.81,30.66
2016-08-31,Kakamega,5.53,27.7
2016-09-01,Kakamega,5.7,19.03
2016-09-02,Kakamega,3.3,23.03
2016-09-03,Kakamega,2.98,23.03
2016-09-04,Kakamega,1.97,20.7
2016-09-05,Kakamega,6.73,24.32
2016-09-06,Kakamega,4.85,26.93
2016-09-07,Kakamega,1.08,25.63
2016-09-08,Kakamega,4.87,25.94
2016-09-09,Kakamega,2.68,23.01
2016-09-10,Kakamega,7.36,22.65
2016-09-11,Kakamega,6.57,23.95
2016-09-12,Kakamega,6.47,22.63
2016-09-13,Kakamega,4.25,28.33
2016-09-14,Kakamega,4.58,27.2
2016-09-15,Kakamega,5.81,27.42
2016-09-16,Kakamega,6.06,23.4
2016-09-17,Kakamega,3.44,19.76
2016-09-18,Kakamega,4.3,27.14
2016-09-19,Kakamega,5.39,19.42
2016-09-20,Kakamega,5.19,23.26
2016-09-21,Kakamega,5.11,19.67
2016-09-22,Kakamega,3.88,21.15
2016-09-23,Kakamega,2.39,26.48
2016-09-24,Kakamega,4.72,21.5
2016-09-25,Kakamega,2.48,26.09
2016-09-26,Kakamega,3.58,20.52
2016-09-27,Kakamega,4.76,25.63
2016-09-28,Kakamega,3.85,20.33
2016-09-29,Kakamega,5.08,27.05
2016-09-30,Kakamega,7.74,26.58
2016-10-01,Kakamega,11.94,24.03
2015-01-01,Vihiga,7.78,25.89
2015-01-02,Vihiga,3.66,24.39
2015-01-03,Vihiga,3.85,23.09
2015-01-04,Vihiga,9.78,24.17
2015-01-05,Vihiga,6.98,19.99
2015-01-06,Vihiga,4.22,21.45
2015-01-07,Vihiga,4.86,23.99
2015-01-08,Vihiga,4.44,25.33
2015-01-09,Vihiga,7.26,23.02
2015-01-10,Vihiga,5.52,20.53
2015-01-11,Vihiga,5.23,25.57
2015-01-12,Vihiga,4.12,22.0
2015-01-13,Vihiga,9.65,22.84
2015-01-14,Vihiga,3.75,25.09
2015-01-15,Vihiga,7.38,23.15
2015-01-16,Vihiga,4.95,26.82
2015-01-17,Vihiga,5.86,20.76
2015-01-18,Vihiga,2.99,24.14
2015-01-19,Vihiga,4.9,19.79
2015-01-20,Vihiga,4.77,21.24
2015-01-21,Vihiga,5.27,24.91
2015-01-22,Vihiga,3.14,25.73
2015-01-23,Vihiga,4.72,25.99
2015-01-24,Vihiga,3.07,22.97
2015-01-25,Vihiga,5.54,20.0
2015-01-26,Vihiga,6.25,26.39
2015-01-27,Vihiga,5.58,27.46
2015-01-28,Vihiga,5.1,20.91
2015-01-29,Vihiga,7.26,22.84
2015-01-30,Vihiga,9.16,26.25
2015-01-31,Vihiga,5.9,26.54
2015-02-01,Vihiga,1.15,28.21
2015-02-02,Vihiga,3.38,23.98
2015-02-03,Vihiga,7.06,19.28
2015-02-04,Vihiga,7.29,24.76
2015-02-05,Vihiga,8.75,24.88
2015-02-06,Vihiga,3.88,22.52
2015-02-07,Vihiga,3.23,21.82
2015-02-08,Vihiga,6.75,21.4
2015-02-09,Vihiga,4.92,21.64
2015-02-10,Vihiga,1.32,22.89
2015-02-11,Vihiga,6.05,23.35
2015-02-12,Vihiga,2.6,23.09
2015-02-13,Vihiga,4.81,19.46
2015-02-14,Vihiga,1.11,19.84
2015-02-15,Vihiga,4.25,24.02
2015-02-16,Vihiga,5.38,21.77
2015-02-17,Vihiga,8.48,23.7
2015-02-18,Vihiga,2.77,22.76
2015-02-19,Vihiga,3.63,23.29
2015-02-20,Vihiga,6.0,24.45
2015-02-21,Vihiga,7.04,22.58
2015-02-22,Vihiga,3.96,21.88
2015-02-23,Vihiga,7.44,24.94
2015-02-24,Vihiga,8.99,29.21
2015-02-25,Vihiga,3.73,24.5
2015-02-26,Vihiga,2.07,20.4
2015-02-27,Vihiga,5.6,19.8
2015-02-28,Vihiga,4.03,24.23
2015-03-01,Vihiga,24.8,19.8
2015-03-02,Vihiga,16.94,20.8
2015-03-03,Vihiga,13.28,24.15
2015-03-04,Vihiga,8.83,21.28
2015-03-05,Vihiga,17.11,26.21
2015-03-06,Vihiga,13.38,19.12
2015-03-07,Vihiga,12.85,25.32
2015-03-08,Vihiga,12.12,22.01
2015-03-09,Vihiga,14.18,23.65
2015-03-10,Vihiga,8.66,26.76
2015-03-11,Vihiga,12.31,26.88
2015-03-12,Vihiga,15.87,27.17
2015-03-13,Vihiga,5.89,21.32
2015-03-14,Vihiga,16.61,23.77
2015-03-15,Vihiga,14.19,18.48
2015-03-16,Vihiga,13.31,23.11
2015-03-17,Vihiga,12.59,23.99
2015-03-18,Vihiga,11.51,24.54
2015-03-19,Vihiga,19.87,26.0
2015-03-20,Vihiga,18.64,28.03
2015-03-21,Vihiga,15.95,23.03
2015-03-22,Vihiga,20.24,15.78
2015-03-23,Vihiga,15.66,21.59
2015-03-24,Vihiga,17.08,25.07
2015-03-25,Vihiga,11.34,22.86
2015-03-26,Vihiga,16.28,22.77
2015-03-27,Vihiga,18.73,22.99
2015-03-28,Vihiga,6.9,25.96
2015-03-29,Vihiga,22.44,21.87
2015-03-30,Vihiga,7.78,21.89
2015-03-31,Vihiga,15.4,22.88
2015-04-01,Vihiga,10.38,22.8
2015-04-02,Vihiga,5.5,30.91
2015-04-03,Vihiga,12.89,19.71
2015-04-04,Vihiga,21.29,22.63
2015-04-05,Vihiga,14.39,26.34
2015-04-06,Vihiga,8.19,23.08
2015-04-07,Vihiga,15.01,14.97
2015-04-08,Vihiga,13.67,21.87
2015-04-09,Vihiga,14.01,25.07
2015-04-10,Vihiga,19.26,27.57
2015-04-11,Vihiga,21.5,23.77
2015-04-12,Vihiga,16.78,26.16
2015-04-13,Vihiga,15.08,20.07
2015-04-14,Vihiga,21.29,22.88
2015-04-15,Vihiga,13.62,21.12
2015-04-16,Vihiga,11.94,23.18
2015-04-17,Vihiga,10.37,25.3
2015-04-18,Vihiga,3.23,24.52
2015-04-19,Vihiga,13.51,27.66
2015-04-20,Vihiga,15.24,23.41
2015-04-21,Vihiga,24.45,29.25
2015-04-22,Vihiga,15.95,29.36
2015-04-23,Vihiga,9.71,28.68
2015-04-24,Vihiga,20.18,19.65
2015-04-25,Vihiga,17.95,20.36
2015-04-26,Vihiga,17.86,21.05
2015-04-27,Vihiga,13.56,23.82
2015-04-28,Vihiga,14.71,25.82
2015-04-29,Vihiga,23.91,25.31
2015-04-30,Vihiga,12.24,21.72
2015-05-01,Vihiga,14.49,24.37
2015-05-02,Vihiga,9.2,20.26
2015-05-03,Vihiga,1.9,26.52
2015-05-04,Vihiga,12.42,18.12
2015-05-05,Vihiga,19.8,24.66
2015-05-06,Vihiga,19.64,21.0
2015-05-07,Vihiga,10.3,23.05
2015-05-08,Vihiga,8.88,25.14
2015-05-09,Vihiga,10.78,23.58
2015-05-10,Vihiga,9.56,20.45
2015-05-11,Vihiga,20.71,23.99
2015-05-12,Vihiga,21.8,25.33
2015-05-13,Vihiga,27.77,30.77
2015-05-14,Vihiga,7.82,24.52
2015-05-15,Vihiga,8.5,25.33
2015-05-16,Vihiga,14.92,20.53
2015-05-17,Vihiga,7.94,21.43
2015-05-18,Vihiga,17.18,26.71
2015-05-19,Vihiga,12.3,21.87
2015-05-20,Vihiga,7.65,17.92
2015-05-21,Vihiga,22.19,25.73
2015-05-22,Vihiga,13.29,24.02
2015-05-23,Vihiga,13.79,22.46
2015-05-24,Vihiga,20.11,28.0
2015-05-25,Vihiga,9.36,19.89
2015-05-26,Vihiga,7.67,26.3
2015-05-27,Vihiga,17.86,26.77
2015-05-28,Vihiga,7.33,22.72
2015-05-29,Vihiga,10.8,30.07
2015-05-30,Vihiga,11.67,22.45
2015-05-31,Vihiga,17.05,23.76
2015-06-01,Vihiga,5.4,25.21
2015-06-02,Vihiga,6.67,24.08
2015-06-03,Vihiga,1.86,21.88
2015-06-04,Vihiga,5.66,22.16
2015-06-05,Vihiga,0.71,27.23
2015-06-06,Vihiga,11.07,23.64
2015-06-07,Vihiga,6.71,18.79
2015-06-08,Vihiga,4.78,24.05
2015-06-09,Vihiga,4.25,21.61
2015-06-10,Vihiga,3.25,25.17
2015-06-11,Vihiga,8.33,22.46
2015-06-12,Vihiga,6.4,26.84
2015-06-13,Vihiga,4.48,25.57
2015-06-14,Vihiga,4.48,22.28
2015-06-15,Vihiga,5.51,24.12
2015-06-16,Vihiga,4.38,25.14
2015-06-17,Vihiga,6.65,21.69
2015-06-18,Vihiga,4.2,21.95
2015-06-19,Vihiga,3.8,27.91
2015-06-20,Vihiga,5.62,23.82
2015-06-21,Vihiga,3.67,24.33
2015-06-22,Vihiga,4.82,25.52
2015-06-23,Vihiga,5.07,25.25
2015-06-24,Vihiga,4.27,25.29
2015-06-25,Vihiga,0.0,22.93
2015-06-26,Vihiga,4.17,23.02
2015-06-27,Vihiga,8.1,19.73
2015-06-28,Vihiga,4.3,23.35
2015-06-29,Vihiga,4.21,26.76
2015-06-30,Vihiga,6.14,23.51
2015-07-01,Vihiga,7.57,23.02
2015-07-02,Vihiga,5.69,24.22
2015-07-03,Vihiga,6.27,25.7
2015-07-04,Vihiga,5.04,27.42
2015-07-05,Vihiga,6.01,23.73
2015-07-06,Vihiga,8.33,23.25
2015-07-07,Vihiga,6.67,30.11
2015-07-08,Vihiga,4.76,24.21
2015-07-09,Vihiga,3.44,21.72
2015-07-10,Vihiga,7.86,31.28
2015-07-11,Vihiga,4.71,16.45
2015-07-12,Vihiga,4.95,23.29
2015-07-13,Vihiga,6.21,25.19
2015-07-14,Vihiga,7.25,18.6
2015-07-15,Vihiga,6.9,27.1
2015-07-16,Vihiga,5.99,29.85
2015-07-17,Vihiga,5.16,26.86
2015-07-18,Vihiga,1.96,18.62
2015-07-19,Vihiga,5.91,20.76
2015-07-20,Vihiga,4.32,25.3
2015-07-21,Vihiga,3.6,21.54
2015-07-22,Vihiga,7.03,26.57
2015-07-23,Vihiga,4.63,24.66
2015-07-24,Vihiga,4.06,26.12
2015-07-25,Vihiga,6.44,22.2
2015-07-26,Vihiga,4.35,21.76
2015-07-27,Vihiga,6.25,22.2
2015-07-28,Vihiga,7.7,20.56
2015-07-29,Vihiga,3.38,29.03
2015-07-30,Vihiga,4.49,25.39
2015-07-31,Vihiga,6.13,20.86
2015-08-01,Vihiga,3.93,24.27
2015-08-02,Vihiga,4.87,26.84
2015-08-03,Vihiga,2.05,29.79
2015-08-04,Vihiga,3.69,27.47
2015-08-05,Vihiga,1.91,23.38
2015-08-06,Vihiga,3.01,18.54
2015-08-07,Vihiga,7.57,23.3
2015-08-08,Vihiga,8.13,22.82
2015-08-09,Vihiga,5.39,28.97
2015-08-10,Vihiga,6.39,24.48
2015-08-11,Vihiga,5.89,21.29
2015-08-12,Vihiga,6.56,26.76
2015-08-13,Vihiga,8.36,18.1
2015-08-14,Vihiga,1.95,21.82
2015-08-15,Vihiga,3.09,21.81
2015-08-16,Vihiga,5.56,18.33
2015-08-17,Vihiga,7.39,27.51
2015-08-18,Vihiga,9.1,23.78
2015-08-19,Vihiga,6.46,27.54
2015-08-20,Vihiga,4.26,26.09
2015-08-21,Vihiga,6.66,24.78
2015-08-22,Vihiga,4.89,22.21
2015-08-23,Vihiga,2.77,23.36
2015-08-24,Vihiga,3.55,26.21
2015-08-25,Vihiga,2.75,22.84
2015-08-26,Vihiga,3.6,23.66
2015-08-27,Vihiga,4.44,28.66
2015-08-28,Vihiga,2.05,25.34
2015-08-29,Vihiga,4.92,23.42
2015-08-30,Vihiga,5.75,24.13
2015-08-31,Vihiga,4.37,22.95
2015-09-01,Vihiga,6.42,21.51
2015-09-02,Vihiga,3.63,22.08
2015-09-03,Vihiga,4.67,24.02
2015-09-04,Vihiga,4.11,20.08
2015-09-05,Vihiga,3.64,25.04
2015-09-06,Vihiga,4.07,19.52
2015-09-07,Vihiga,2.82,24.26
2015-09-08,Vihiga,4.61,23.88
2015-09-09,Vihiga,4.13,24.0
2015-09-10,Vihiga,3.53,26.34
2015-09-11,Vihiga,4.34,20.71
2015-09-12,Vihiga,0.87,20.72
2015-09-13,Vihiga,3.39,19.32
2015-09-14,Vihiga,8.11,22.03
2015-09-15,Vihiga,4.05,19.32
2015-09-16,Vihiga,7.3,23.08
2015-09-17,Vihiga,7.48,19.06
2015-09-18,Vihiga,2.42,28.13
2015-09-19,Vihiga,4.35,27.61
2015-09-20,Vihiga,3.31,20.97
2015-09-21,Vihiga,4.52,22.42
2015-09-22,Vihiga,8.22,25.32
2015-09-23,Vihiga,8.19,19.87
2015-09-24,Vihiga,2.3,26.43
2015-09-25,Vihiga,7.41,26.07
2015-09-26,Vihiga,5.76,21.2
2015-09-27,Vihiga,3.52,21.61
2015-09-28,Vihiga,2.6,21.73
2015-09-29,Vihiga,1.39,24.21
2015-09-30,Vihiga,8.68,26.89
2015-10-01,Vihiga,13.39,26.43
2015-10-02,Vihiga,9.1,29.02
2015-10-03,Vihiga,14.7,18.19
2015-10-04,Vihiga,10.6,22.83
2015-10-05,Vihiga,12.55,27.72
2015-10-06,Vihiga,8.14,24.04
2015-10-07,Vihiga,11.0,26.13
2015-10-08,Vihiga,12.6,23.3
2015-10-09,Vihiga,16.88,26.29
2015-10-10,Vihiga,12.17,25.02
2015-10-11,Vihiga,14.78,22.95
2015-10-12,Vihiga,10.47,19.27
2015-10-13,Vihiga,10.78,20.54
2015-10-14,Vihiga,7.58,27.04
2015-10-15,Vihiga,10.09,23.2
2015-10-16,Vihiga,18.41,16.7
2015-10-17,Vihiga,8.57,25.16
2015-10-18,Vihiga,10.62,26.79
2015-10-19,Vihiga,5.84,20.33
2015-10-20,Vihiga,8.04,22.3
2015-10-21,Vihiga,7.42,20.58
2015-10-22,Vihiga,4.85,25.38
2015-10-23,Vihiga,8.65,22.12
2015-10-24,Vihiga,17.01,25.07
2015-10-25,Vihiga,12.72,23.09
2015-10-26,Vihiga,14.86,26.71
2015-10-27,Vihiga,15.03,23.58
2015-10-28,Vihiga,10.58,20.55
2015-10-29,Vihiga,11.78,19.35
2015-10-30,Vihiga,5.08,20.71
2015-10-31,Vihiga,8.16,23.14
2015-11-01,Vihiga,11.84,25.06
2015-11-02,Vihiga,14.43,23.59
2015-11-03,Vihiga,11.52,25.87
2015-11-04,Vihiga,13.52,21.22
2015-11-05,Vihiga,8.09,15.66
2015-11-06,Vihiga,11.48,25.34
2015-11-07,Vihiga,11.48,26.58
2015-11-08,Vihiga,8.51,21.56
2015-11-09,Vihiga,10.82,27.78
2015-11-10,Vihiga,7.28,25.15
2015-11-11,Vihiga,9.74,25.85
2015-11-12,Vihiga,9.19,23.25
2015-11-13,Vihiga,3.19,25.68
2015-11-14,Vihiga,14.64,27.33
2015-11-15,Vihiga,8.89,21.47
2015-11-16,Vihiga,6.9,19.17
2015-11-17,Vihiga,3.78,26.64
2015-11-18,Vihiga,8.15,16.79
2015-11-19,Vihiga,7.88,20.02
2015-11-20,Vihiga,7.59,23.22
2015-11-21,Vihiga,9.06,23.42
2015-11-22,Vihiga,15.21,22.82
2015-11-23,Vihiga,10.94,21.6
2015-11-24,Vihiga,11.88,22.85
2015-11-25,Vihiga,8.01,25.61
2015-11-26,Vihiga,6.09,16.53
2015-11-27,Vihiga,11.33,27.5
2015-11-28,Vihiga,4.49,21.42
2015-11-29,Vihiga,10.2,19.02
2015-11-30,Vihiga,13.22,25.22
2015-12-01,Vihiga,4.78,23.99
2015-12-02,Vihiga,5.93,19.92
2015-12-03,Vihiga,4.11,18.04
2015-12-04,Vihiga,3.86,23.89
2015-12-05,Vihiga,5.41,31.36
2015-12-06,Vihiga,4.95,25.96
2015-12-07,Vihiga,6.3,20.47
2015-12-08,Vihiga,9.87,27.27
2015-12-09,Vihiga,0.74,26.76
2015-12-10,Vihiga,6.01,25.26
2015-12-11,Vihiga,6.94,25.61
2015-12-12,Vihiga,0.0,20.19
2015-12-13,Vihiga,7.46,27.82
2015-12-14,Vihiga,4.06,26.12
2015-12-15,Vihiga,5.28,19.81
2015-12-16,Vihiga,8.16,24.34
2015-12-17,Vihiga,6.3,22.14
2015-12-18,Vihiga,6.25,18.05
2015-12-19,Vihiga,4.73,24.84
2015-12-20,Vihiga,7.54,26.88
2015-12-21,Vihiga,8.04,24.17
2015-12-22,Vihiga,5.78,29.37
2015-12-23,Vihiga,2.0,24.15
2015-12-24,Vihiga,5.11,21.86
2015-12-25,Vihiga,6.21,22.51
2015-12-26,Vihiga,7.71,25.45
2015-12-27,Vihiga,4.64,24.57
2015-12-28,Vihiga,2.16,25.31
2015-12-29,Vihiga,3.79,21.94
2015-12-30,Vihiga,3.2,20.24
2015-12-31,Vihiga,5.01,23.48
2016-01-01,Vihiga,4.57,26.72
2016-01-02,Vihiga,6.64,26.25
2016-01-03,Vihiga,3.84,23.54
2016-01-04,Vihiga,6.24,25.57
2016-01-05,Vihiga,4.39,25.1
2016-01-06,Vihiga,6.77,21.59
2016-01-07,Vihiga,2.66,21.96
2016-01-08,Vihiga,4.87,23.19
2016-01-09,Vihiga,5.65,28.8
2016-01-10,Vihiga,4.56,26.41
2016-01-11,Vihiga,4.3,20.85
2016-01-12,Vihiga,3.74,29.39
2016-01-13,Vihiga,5.97,27.86
2016-01-14,Vihiga,2.56,23.22
2016-01-15,Vihiga,5.16,28.67
2016-01-16,Vihiga,0.66,21.37
2016-01-17,Vihiga,6.93,25.25
2016-01-18,Vihiga,3.74,25.41
2016-01-19,Vihiga,4.85,24.24
2016-01-20,Vihiga,7.89,22.49
2016-01-21,Vihiga,7.72,20.3
2016-01-22,Vihiga,5.4,25.24
2016-01-23,Vihiga,6.73,27.25
2016-01-24,Vihiga,6.69,23.49
2016-01-25,Vihiga,4.22,23.29
2016-01-26,Vihiga,4.04,20.25
2016-01-27,Vihiga,4.51,21.49
2016-01-28,Vihiga,6.21,23.85
2016-01-29,Vihiga,4.1,25.7
2016-01-30,Vihiga,4.33,25.35
2016-01-31,Vihiga,1.73,18.29
2016-02-01,Vihiga,2.6,19.11
2016-02-02,Vihiga,3.13,19.62
2016-02-03,Vihiga,8.06,24.36
2016-02-04,Vihiga,1.42,24.17
2016-02-05,Vihiga,7.66,25.44
2016-02-06,Vihiga,7.47,23.92
2016-02-07,Vihiga,8.03,22.05
2016-02-08,Vihiga,4.03,23.66
2016-02-09,Vihiga,2.62,22.51
2016-02-10,Vihiga,6.17,30.92
2016-02-11,Vihiga,0.75,23.88
2016-02-12,Vihiga,5.49,24.53
2016-02-13,Vihiga,8.57,22.61
2016-02-14,Vihiga,4.83,23.83
2016-02-15,Vihiga,5.05,24.39
2016-02-16,Vihiga,6.37,23.7
2016-02-17,Vihiga,4.87,24.21
2016-02-18,Vihiga,3.56,22.9
2016-02-19,Vihiga,6.92,29.41
2016-02-20,Vihiga,4.85,22.97
2016-02-21,Vihiga,3.79,27.35
2016-02-22,Vihiga,6.53,22.88
2016-02-23,Vihiga,6.31,24.45
2016-02-24,Vihiga,6.69,17.14
2016-02-25,Vihiga,3.07,22.56
2016-02-26,Vihiga,0.42,23.95
2016-02-27,Vihiga,5.98,27.01
2016-02-28,Vihiga,3.04,26.87
2016-02-29,Vihiga,3.1,24.93
2016-03-01,Vihiga,13.58,21.77
2016-03-02,Vihiga,8.92,28.45
2016-03-03,Vihiga,22.72,21.13
2016-03-04,Vihiga,18.35,25.84
2016-03-05,Vihiga,16.39,26.86
2016-03-06,Vihiga,14.56,26.0
2016-03-07,Vihiga,20.28,27.03
2016-03-08,Vihiga,12.14,22.58
2016-03-09,Vihiga,17.61,18.59
2016-03-10,Vihiga,12.1,20.23
2016-03-11,Vihiga,15.55,24.18
2016-03-12,Vihiga,6.86,20.7
2016-03-13,Vihiga,13.91,28.19
2016-03-14,Vihiga,23.92,21.38
2016-03-15,Vihiga,20.87,26.76
2016-03-16,Vihiga,15.72,20.84
2016-03-17,Vihiga,11.86,27.47
2016-03-18,Vihiga,20.39,22.01
2016-03-19,Vihiga,19.04,26.01
2016-03-20,Vihiga,11.55,23.28
2016-03-21,Vihiga,19.96,22.31
2016-03-22,Vihiga,7.75,14.79
2016-03-23,Vihiga,19.27,25.64
2016-03-24,Vihiga,18.78,28.23
2016-03-25,Vihiga,13.85,22.2
2016-03-26,Vihiga,19.93,20.2
2016-03-27,Vihiga,18.53,22.0
2016-03-28,Vihiga,19.61,19.47
2016-03-29,Vihiga,15.15,24.35
2016-03-30,Vihiga,17.88,24.64
2016-03-31,Vihiga,21.02,21.23
2016-04-01,Vihiga,15.58,25.89
2016-04-02,Vihiga,2.27,27.75
2016-04-03,Vihiga,2.76,26.13
2016-04-04,Vihiga,10.06,25.43
2016-04-05,Vihiga,13.7,22.29
2016-04-06,Vihiga,18.19,23.6
2016-04-07,Vihiga,18.08,27.11
2016-04-08,Vihiga,14.3,26.01
2016-04-09,Vihiga,17.24,23.6
2016-04-10,Vihiga,12.88,20.24
2016-04-11,Vihiga,7.26,24.97
2016-04-12,Vihiga,9.12,19.15
2016-04-13,Vihiga,10.54,25.94
2016-04-14,Vihiga,17.32,25.23
2016-04-15,Vihiga,16.13,25.52
2016-04-16,Vihiga,20.48,20.16
2016-04-17,Vihiga,13.29,26.36
2016-04-18,Vihiga,5.82,19.62
2016-04-19,Vihiga,11.31,21.88
2016-04-20,Vihiga,25.27,22.94
2016-04-21,Vihiga,9.85,25.27
2016-04-22,Vihiga,17.05,20.04
2016-04-23,Vihiga,4.33,22.78
2016-04-24,Vihiga,13.99,24.55
2016-04-25,Vihiga,9.3,28.14
2016-04-26,Vihiga,14.69,27.78
2016-04-27,Vihiga,13.29,23.32
2016-04-28,Vihiga,19.49,24.44
2016-04-29,Vihiga,17.33,25.78
2016-04-30,Vihiga,21.96,25.75
2016-05-01,Vihiga,13.23,23.02
2016-05-02,Vihiga,15.88,24.59
2016-05-03,Vihiga,4.6,23.84
2016-05-04,Vihiga,15.76,23.75
2016-05-05,Vihiga,16.87,25.44
2016-05-06,Vihiga,16.2,24.1
2016-05-07,Vihiga,21.82,28.72
2016-05-08,Vihiga,12.88,24.0
2016-05-09,Vihiga,21.66,26.24
2016-05-10,Vihiga,11.72,28.78
2016-05-11,Vihiga,16.48,26.46
2016-05-12,Vihiga,5.29,26.38
2016-05-13,Vihiga,17.95,22.69
2016-05-14,Vihiga,9.81,22.98
2016-05-15,Vihiga,9.21,27.08
2016-05-16,Vihiga,18.23,25.43
2016-05-17,Vihiga,3.19,25.09
2016-05-18,Vihiga,18.49,24.92
2016-05-19,Vihiga,15.55,26.77
2016-05-20,Vihiga,11.97,24.27
2016-05-21,Vihiga,9.86,23.49
2016-05-22,Vihiga,13.22,26.79
2016-05-23,Vihiga,16.19,26.72
2016-05-24,Vihiga,21.58,22.17
2016-05-25,Vihiga,23.24,24.87
2016-05-26,Vihiga,11.35,25.05
2016-05-27,Vihiga,21.66,21.72
2016-05-28,Vihiga,16.1,26.64
2016-05-29,Vihiga,6.17,25.37
2016-05-30,Vihiga,18.73,24.86
2016-05-31,Vihiga,18.59,24.55
2016-06-01,Vihiga,4.36,26.84
2016-06-02,Vihiga,6.22,25.74
2016-06-03,Vihiga,1.52,22.86
2016-06-04,Vihiga,9.13,26.04
2016-06-05,Vihiga,1.74,26.1
2016-06-06,Vihiga,4.33,26.37
2016-06-07,Vihiga,5.29,25.65
2016-06-08,Vihiga,4.07,18.36
2016-06-09,Vihiga,0.4,23.36
2016-06-10,Vihiga,6.96,26.67
2016-06-11,Vihiga,6.44,21.36
2016-06-12,Vihiga,5.42,19.64
2016-06-13,Vihiga,5.67,21.24
2016-06-14,Vihiga,4.34,24.53
2016-06-15,Vihiga,6.8,19.5
2016-06-16,Vihiga,5.9,23.85
2016-06-17,Vihiga,5.65,21.4
2016-06-18,Vihiga,5.58,25.99
2016-06-19,Vihiga,8.51,22.13
2016-06-20,Vihiga,3.84,20.9
2016-06-21,Vihiga,6.05,24.19
2016-06-22,Vihiga,4.62,28.95
2016-06-23,Vihiga,6.24,21.44
2016-06-24,Vihiga,0.0,27.01
2016-06-25,Vihiga,4.61,22.14
2016-06-26,Vihiga,4.68,29.12
2016-06-27,Vihiga,4.05,25.02
2016-06-28,Vihiga,2.43,31.76
2016-06-29,Vihiga,2.95,23.57
2016-06-30,Vihiga,4.7,18.92
2016-07-01,Vihiga,7.42,23.32
2016-07-02,Vihiga,5.83,23.12
2016-07-03,Vihiga,7.48,24.34
2016-07-04,Vihiga,3.11,22.98
2016-07-05,Vihiga,5.37,20.79
2016-07-06,Vihiga,2.51,22.68
2016-07-07,Vihiga,7.1,31.05
2016-07-08,Vihiga,3.26,22.91
2016-07-09,Vihiga,2.03,20.61
2016-07-10,Vihiga,3.39,27.05
2016-07-11,Vihiga,5.52,25.45
2016-07-12,Vihiga,8.04,21.39
2016-07-13,Vihiga,9.08,23.84
2016-07-14,Vihiga,4.89,18.46
2016-07-15,Vihiga,4.62,25.96
2016-07-16,Vihiga,7.46,26.49
2016-07-17,Vihiga,4.69,20.83
2016-07-18,Vihiga,3.29,22.05
2016-07-19,Vihiga,3.56,20.36
2016-07-20,Vihiga,6.37,25.03
2016-07-21,Vihiga,7.17,22.7
2016-07-22,Vihiga,6.61,29.44
2016-07-23,Vihiga,3.12,24.85
2016-07-24,Vihiga,6.33,17.78
2016-07-25,Vihiga,4.97,23.03
2016-07-26,Vihiga,3.39,23.48
2016-07-27,Vihiga,4.93,25.2
2016-07-28,Vihiga,2.32,27.09
2016-07-29,Vihiga,6.9,18.34
2016-07-30,Vihiga,6.62,22.8
2016-07-31,Vihiga,6.02,28.32
2016-08-01,Vihiga,9.32,19.34
2016-08-02,Vihiga,10.46,32.84
2016-08-03,Vihiga,4.18,25.38
2016-08-04,Vihiga,7.71,27.41
2016-08-05,Vihiga,6.71,19.47
2016-08-06,Vihiga,5.06,24.87
2016-08-07,Vihiga,4.69,22.55
2016-08-08,Vihiga,5.71,28.75
2016-08-09,Vihiga,7.36,27.04
2016-08-10,Vihiga,5.59,20.19
2016-08-11,Vihiga,4.09,21.69
2016-08-12,Vihiga,5.61,24.76
2016-08-13,Vihiga,5.1,21.26
2016-08-14,Vihiga,4.89,32.01
2016-08-15,Vihiga,3.92,25.34
2016-08-16,Vihiga,3.37,19.22
2016-08-17,Vihiga,4.94,23.62
2016-08-18,Vihiga,4.54,22.78
2016-08-19,Vihiga,3.7,20.96
2016-08-20,Vihiga,0.0,19.17
2016-08-21,Vihiga,4.46,24.21
2016-08-22,Vihiga,2.85,25.11
2016-08-23,Vihiga,6.53,25.97
2016-08-24,Vihiga,6.92,32.11
2016-08-25,Vihiga,5.47,21.93
2016-08-26,Vihiga,4.86,20.43
2016-08-27,Vihiga,2.09,23.93
2016-08-28,Vihiga,5.72,26.64
2016-08-29,Vihiga,5.44,26.65
2016-08-30,Vihiga,8.36,23.38
2016-08-31,Vihiga,1.72,22.31
2016-09-01,Vihiga,7.63,29.25
2016-09-02,Vihiga,6.78,23.75
2016-09-03,Vihiga,2.49,21.72
2016-09-04,Vihiga,7.34,17.35
2016-09-05,Vihiga,4.87,21.26
2016-09-06,Vihiga,2.99,29.25
2016-09-07,Vihiga,1.27,24.29
2016-09-08,Vihiga,6.58,24.59
2016-09-09,Vihiga,2.95,24.75
2016-09-10,Vihiga,3.17,30.91
2016-09-11,Vihiga,7.25,23.97
2016-09-12,Vihiga,8.09,26.53
2016-09-13,Vihiga,2.38,18.84
2016-09-14,Vihiga,5.42,28.69
2016-09-15,Vihiga,6.66,23.91
2016-09-16,Vihiga,6.27,24.39
2016-09-17,Vihiga,4.57,27.5
2016-09-18,Vihiga,7.02,29.34
2016-09-19,Vihiga,1.22,22.71
2016-09-20,Vihiga,2.7,25.46
2016-09-21,Vihiga,3.86,25.89
2016-09-22,Vihiga,6.47,22.47
2016-09-23,Vihiga,2.88,22.47
2016-09-24,Vihiga,4.66,21.12
2016-09-25,Vihiga,4.71,26.1
2016-09-26,Vihiga,5.54,20.58
2016-09-27,Vihiga,3.25,26.79
2016-09-28,Vihiga,1.62,23.68
2016-09-29,Vihiga,3.21,27.6
2016-09-30,Vihiga,9.77,22.8
2016-10-01,Vihiga,7.84,24.22
2015-01-01,Bungoma,5.67,24.25
2015-01-02,Bungoma,2.72,20.61
2015-01-03,Bungoma,4.91,27.66
2015-01-04,Bungoma,5.98,19.41
2015-01-05,Bungoma,4.95,24.75
2015-01-06,Bungoma,5.59,27.54
2015-01-07,Bungoma,4.04,22.68
2015-01-08,Bungoma,4.85,24.28
2015-01-09,Bungoma,7.21,24.3
2015-01-10,Bungoma,3.91,21.81
2015-01-11,Bungoma,7.63,22.61
2015-01-12,Bungoma,8.79,20.04
2015-01-13,Bungoma,4.17,23.16
2015-01-14,Bungoma,1.63,21.8
2015-01-15,Bungoma,5.79,23.64
2015-01-16,Bungoma,4.43,24.66
2015-01-17,Bungoma,7.99,25.1
2015-01-18,Bungoma,1.2,19.85
2015-01-19,Bungoma,6.72,24.4
2015-01-20,Bungoma,6.49,24.44
2015-01-21,Bungoma,5.17,23.68
2015-01-22,Bungoma,6.01,18.87
2015-01-23,Bungoma,4.9,23.2
2015-01-24,Bungoma,8.55,26.23
2015-01-25,Bungoma,2.03,27.51
2015-01-26,Bungoma,4.18,26.03
2015-01-27,Bungoma,5.93,25.98
2015-01-28,Bungoma,6.62,20.99
2015-01-29,Bungoma,5.61,23.87
2015-01-30,Bungoma,4.16,27.0
2015-01-31,Bungoma,5.49,19.89
2015-02-01,Bungoma,4.36,24.93
2015-02-02,Bungoma,2.75,18.94
2015-02-03,Bungoma,5.76,25.49
2015-02-04,Bungoma,1.93,21.6
2015-02-05,Bungoma,8.63,24.93
2015-02-06,Bungoma,0.54,24.04
2015-02-07,Bungoma,9.55,22.85
2015-02-08,Bungoma,3.03,21.85
2015-02-09,Bungoma,4.31,24.93
2015-02-10,Bungoma,7.02,25.55
2015-02-11,Bungoma,6.72,22.27
2015-02-12,Bungoma,2.99,23.81
2015-02-13,Bungoma,1.41,22.74
2015-02-14,Bungoma,5.54,28.77
2015-02-15,Bungoma,2.07,21.96
2015-02-16,Bungoma,2.82,26.52
2015-02-17,Bungoma,4.21,18.03
2015-02-18,Bungoma,1.87,22.92
2015-02-19,Bungoma,5.18,16.83
2015-02-20,Bungoma,6.64,21.89
2015-02-21,Bungoma,7.4,24.4
2015-02-22,Bungoma,4.25,26.07
2015-02-23,Bungoma,5.61,23.35
2015-02-24,Bungoma,2.3,23.82
2015-02-25,Bungoma,5.15,22.59
2015-02-26,Bungoma,5.45,26.55
2015-02-27,Bungoma,5.58,24.15
2015-02-28,Bungoma,6.45,19.57
2015-03-01,Bungoma,17.99,24.61
2015-03-02,Bungoma,15.55,31.61
2015-03-03,Bungoma,14.43,23.64
2015-03-04,Bungoma,17.28,25.94
2015-03-05,Bungoma,15.76,24.89
2015-03-06,Bungoma,21.4,25.59
2015-03-07,Bungoma,7.06,24.26
2015-03-08,Bungoma,19.03,22.06
2015-03-09,Bungoma,18.15,20.93
2015-03-10,Bungoma,23.56,25.87
2015-03-11,Bungoma,21.32,24.09
2015-03-12,Bungoma,7.77,24.36
2015-03-13,Bungoma,12.36,21.61
2015-03-14,Bungoma,18.51,23.13
2015-03-15,Bungoma,27.2,21.42
2015-03-16,Bungoma,18.51,20.74
2015-03-17,Bungoma,15.98,29.93
2015-03-18,Bungoma,11.78,26.0
2015-03-19,Bungoma,16.74,23.46
2015-03-20,Bungoma,12.02,22.85
2015-03-21,Bungoma,13.5,23.68
2015-03-22,Bungoma,8.27,20.02
2015-03-23,Bungoma,8.66,24.24
2015-03-24,Bungoma,20.17,26.32
2015-03-25,Bungoma,18.24,28.62
2015-03-26,Bungoma,11.59,23.93
2015-03-27,Bungoma,5.71,25.57
2015-03-28,Bungoma,10.28,25.03
2015-03-29,Bungoma,16.82,21.67
2015-03-30,Bungoma,18.86,32.91
2015-03-31,Bungoma,18.08,22.66
2015-04-01,Bungoma,12.02,26.07
2015-04-02,Bungoma,19.7,27.44
2015-04-03,Bungoma,14.41,20.69
2015-04-04,Bungoma,11.56,25.39
2015-04-05,Bungoma,17.09,32.43
2015-04-06,Bungoma,15.37,19.58
2015-04-07,Bungoma,17.63,23.34
2015-04-08,Bungoma,18.84,30.21
2015-04-09,Bungoma,9.48,22.62
2015-04-10,Bungoma,14.57,23.99
2015-04-11,Bungoma,21.19,19.19
2015-04-12,Bungoma,14.48,26.85
2015-04-13,Bungoma,14.49,22.48
2015-04-14,Bungoma,20.31,16.3
2015-04-15,Bungoma,9.01,21.73
2015-04-16,Bungoma,15.24,28.21
2015-04-17,Bungoma,14.7,25.15
2015-04-18,Bungoma,11.95,25.32
2015-04-19,Bungoma,0.36,23.46
2015-04-20,Bungoma,12.6,24.3
2015-04-21,Bungoma,0.0,25.45
2015-04-22,Bungoma,4.57,25.83
2015-04-23,Bungoma,25.11,24.44
2015-04-24,Bungoma,16.73,24.5
2015-04-25,Bungoma,11.2,23.78
2015-04-26,Bungoma,20.19,23.47
2015-04-27,Bungoma,22.85,21.86
2015-04-28,Bungoma,14.16,28.02
2015-04-29,Bungoma,5.31,24.8
2015-04-30,Bungoma,15.16,22.64
2015-05-01,Bungoma,15.6,25.38
2015-05-02,Bungoma,18.25,21.57
2015-05-03,Bungoma,8.76,22.49
2015-05-04,Bungoma,11.39,24.85
2015-05-05,Bungoma,23.02,22.91
2015-05-06,Bungoma,15.94,16.7
2015-05-07,Bungoma,20.26,22.95
2015-05-08,Bungoma,23.04,21.7
2015-05-09,Bungoma,16.18,21.86
2015-05-10,Bungoma,11.06,30.22
2015-05-11,Bungoma,27.19,23.41
2015-05-12,Bungoma,11.89,26.43
2015-05-13,Bungoma,12.79,25.77
2015-05-14,Bungoma,10.91,25.16
2015-05-15,Bungoma,12.0,27.84
2015-05-16,Bungoma,15.13,18.76
2015-05-17,Bungoma,18.04,22.84
2015-05-18,Bungoma,15.34,24.05
2015-05-19,Bungoma,15.27,24.19
2015-05-20,Bungoma,22.04,25.86
2015-05-21,Bungoma,8.02,25.78
2015-05-22,Bungoma,16.52,28.82
2015-05-23,Bungoma,12.63,23.85
2015-05-24,Bungoma,20.72,19.49
2015-05-25,Bungoma,7.15,25.15
2015-05-26,Bungoma,6.79,20.89
2015-05-27,Bungoma,19.79,19.24
2015-05-28,Bungoma,17.22,18.49
2015-05-29,Bungoma,14.62,28.98
2015-05-30,Bungoma,20.27,22.52
2015-05-31,Bungoma,18.12,27.15
2015-06-01,Bungoma,5.22,22.16
2015-06-02,Bungoma,5.09,26.07
2015-06-03,Bungoma,4.02,19.63
2015-06-04,Bungoma,4.77,21.63
2015-06-05,Bungoma,6.28,25.04
2015-06-06,Bungoma,4.79,22.9
2015-06-07,Bungoma,5.65,26.37
2015-06-08,Bungoma,5.35,25.41
2015-06-09,Bungoma,8.55,18.68
2015-06-10,Bungoma,5.79,26.66
2015-06-11,Bungoma,4.31,22.42
2015-06-12,Bungoma,7.79,25.3
2015-06-13,Bungoma,4.09,20.96
2015-06-14,Bungoma,5.99,24.22
2015-06-15,Bungoma,7.4,22.73
2015-06-16,Bungoma,7.72,22.62
2015-06-17,Bungoma,6.23,23.08
2015-06-18,Bungoma,3.15,19.85
2015-06-19,Bungoma,2.77,22.33
2015-06-20,Bungoma,4.66,23.94
2015-06-21,Bungoma,5.62,25.13
2015-06-22,Bungoma,5.72,22.78
2015-06-23,Bungoma,6.23,22.43
2015-06-24,Bungoma,3.85,23.91
2015-06-25,Bungoma,5.38,20.54
2015-06-26,Bungoma,4.4,26.08
2015-06-27,Bungoma,1.78,20.59
2015-06-28,Bungoma,2.51,20.24
2015-06-29,Bungoma,3.21,28.27
2015-06-30,Bungoma,0.33,19.21
2015-07-01,Bungoma,5.13,21.46
2015-07-02,Bungoma,8.56,28.13
2015-07-03,Bungoma,5.24,22.76
2015-07-04,Bungoma,7.09,24.43
2015-07-05,Bungoma,7.32,19.64
2015-07-06,Bungoma,6.53,28.31
2015-07-07,Bungoma,4.04,25.74
2015-07-08,Bungoma,4.32,25.86
2015-07-09,Bungoma,5.97,21.69
2015-07-10,Bungoma,4.42,31.79
2015-07-11,Bungoma,1.78,21.94
2015-07-12,Bungoma,5.46,22.52
2015-07-13,Bungoma,5.66,19.19
2015-07-14,Bungoma,6.0,21.14
2015-07-15,Bungoma,5.61,28.19
2015-07-16,Bungoma,6.89,21.2
2015-07-17,Bungoma,4.02,23.93
2015-07-18,Bungoma,4.08,23.29
2015-07-19,Bungoma,6.28,24.91
2015-07-20,Bungoma,8.72,20.81
2015-07-21,Bungoma,8.29,22.43
2015-07-22,Bungoma,6.54,27.21
2015-07-23,Bungoma,3.65,26.12
2015-07-24,Bungoma,7.72,24.36
2015-07-25,Bungoma,5.0,20.31
2015-07-26,Bungoma,0.8,26.03
2015-07-27,Bungoma,5.9,27.31
2015-07-28,Bungoma,4.45,19.73
2015-07-29,Bungoma,4.3,21.26
2015-07-30,Bungoma,6.8,24.05
2015-07-31,Bungoma,3.79,21.65
2015-08-01,Bungoma,7.54,22.93
2015-08-02,Bungoma,6.63,22.91
2015-08-03,Bungoma,2.73,30.13
2015-08-04,Bungoma,4.99,23.69
2015-08-05,Bungoma,4.21,26.93
2015-08-06,Bungoma,4.09,23.54
2015-08-07,Bungoma,7.17,19.62
2015-08-08,Bungoma,8.09,27.69
2015-08-09,Bungoma,8.28,18.19
2015-08-10,Bungoma,5.68,28.57
2015-08-11,Bungoma,4.68,26.48
2015-08-12,Bungoma,7.06,24.55
2015-08-13,Bungoma,2.47,24.96
2015-08-14,Bungoma,6.45,25.65
2015-08-15,Bungoma,3.26,19.99
2015-08-16,Bungoma,7.64,21.5
2015-08-17,Bungoma,2.82,23.58
2015-08-18,Bungoma,5.75,26.66
2015-08-19,Bungoma,2.77,21.7
2015-08-20,Bungoma,4.79,24.65
2015-08-21,Bungoma,2.42,24.86
2015-08-22,Bungoma,5.32,21.9
2015-08-23,Bungoma,2.94,25.22
2015-08-24,Bungoma,3.34,21.8
2015-08-25,Bungoma,2.92,25.36
2015-08-26,Bungoma,5.5,20.57
2015-08-27,Bungoma,7.33,20.85
2015-08-28,Bungoma,3.56,27.64
2015-08-29,Bungoma,4.73,24.87
2015-08-30,Bungoma,4.79,25.66
2015-08-31,Bungoma,3.84,23.34
2015-09-01,Bungoma,7.71,22.82
2015-09-02,Bungoma,1.96,28.35
2015-09-03,Bungoma,3.37,27.93
2015-09-04,Bungoma,3.86,24.89
2015-09-05,Bungoma,6.14,29.7
2015-09-06,Bungoma,6.28,24.84
2015-09-07,Bungoma,5.79,22.13
2015-09-08,Bungoma,6.86,25.54
2015-09-09,Bungoma,8.61,24.87
2015-09-10,Bungoma,9.82,24.54
2015-09-11,Bungoma,6.21,21.96
2015-09-12,Bungoma,6.41,23.47
2015-09-13,Bungoma,4.11,24.79
2015-09-14,Bungoma,5.87,24.19
2015-09-15,Bungoma,3.84,27.29
2015-09-16,Bungoma,7.77,17.18
2015-09-17,Bungoma,3.25,25.8
2015-09-18,Bungoma,5.92,22.66
2015-09-19,Bungoma,3.57,25.93
2015-09-20,Bungoma,5.37,21.77
2015-09-21,Bungoma,3.71,28.14
2015-09-22,Bungoma,3.84,18.68
2015-09-23,Bungoma,5.58,23.52
2015-09-24,Bungoma,2.37,24.17
2015-09-25,Bungoma,4.16,29.52
2015-09-26,Bungoma,6.2,26.22
2015-09-27,Bungoma,6.01,26.37
2015-09-28,Bungoma,5.27,22.38
2015-09-29,Bungoma,4.98,21.58
2015-09-30,Bungoma,6.1,26.43
2015-10-01,Bungoma,12.98,23.53
2015-10-02,Bungoma,12.81,23.21
2015-10-03,Bungoma,12.1,25.77
2015-10-04,Bungoma,9.54,23.03
2015-10-05,Bungoma,13.71,19.44
2015-10-06,Bungoma,9.84,21.68
2015-10-07,Bungoma,12.83,24.53
2015-10-08,Bungoma,6.34,21.97
2015-10-09,Bungoma,14.45,23.76
2015-10-10,Bungoma,4.91,22.83
2015-10-11,Bungoma,11.95,17.76
2015-10-12,Bungoma,16.31,21.55
2015-10-13,Bungoma,11.53,22.97
2015-10-14,Bungoma,6.97,20.61
2015-10-15,Bungoma,4.34,23.69
2015-10-16,Bungoma,8.72,26.06
2015-10-17,Bungoma,6.46,27.08
2015-10-18,Bungoma,12.02,19.95
2015-10-19,Bungoma,9.85,23.18
2015-10-20,Bungoma,11.54,27.08
2015-10-21,Bungoma,18.32,22.49
2015-10-22,Bungoma,4.68,26.2
2015-10-23,Bungoma,20.52,24.93
2015-10-24,Bungoma,8.0,23.72
2015-10-25,Bungoma,12.28,23.75
2015-10-26,Bungoma,15.28,23.45
2015-10-27,Bungoma,10.18,25.33
2015-10-28,Bungoma,11.89,26.09
2015-10-29,Bungoma,13.18,21.91
2015-10-30,Bungoma,9.35,23.57
2015-10-31,Bungoma,9.38,20.56
2015-11-01,Bungoma,5.96,24.79
2015-11-02,Bungoma,14.88,28.25
2015-11-03,Bungoma,7.17,15.36
2015-11-04,Bungoma,12.4,30.44
2015-11-05,Bungoma,1.62,21.64
2015-11-06,Bungoma,15.02,27.15
2015-11-07,Bungoma,6.72,28.72
2015-11-08,Bungoma,1.1,24.05
2015-11-09,Bungoma,10.38,29.69
2015-11-10,Bungoma,9.32,23.28
2015-11-11,Bungoma,9.31,17.8
2015-11-12,Bungoma,11.07,23.44
2015-11-13,Bungoma,9.78,23.34
2015-11-14,Bungoma,16.55,24.62
2015-11-15,Bungoma,10.66,20.95
2015-11-16,Bungoma,10.84,26.58
2015-11-17,Bungoma,15.01,29.43
2015-11-18,Bungoma,12.16,25.26
2015-11-19,Bungoma,11.56,26.82
2015-11-20,Bungoma,8.2,26.82
2015-11-21,Bungoma,11.0,20.27
2015-11-22,Bungoma,12.79,22.61
2015-11-23,Bungoma,6.93,30.1
2015-11-24,Bungoma,3.62,17.37
2015-11-25,Bungoma,9.34,24.07
2015-11-26,Bungoma,10.61,21.1
2015-11-27,Bungoma,9.02,23.18
2015-11-28,Bungoma,5.44,27.58
2015-11-29,Bungoma,9.19,24.16
2015-11-30,Bungoma,10.35,21.39
2015-12-01,Bungoma,2.67,18.69
2015-12-02,Bungoma,4.62,18.86
2015-12-03,Bungoma,1.47,21.15
2015-12-04,Bungoma,2.73,25.37
2015-12-05,Bungoma,5.16,25.31
2015-12-06,Bungoma,7.4,23.55
2015-12-07,Bungoma,3.91,20.25
2015-12-08,Bungoma,6.94,27.74
2015-12-09,Bungoma,5.21,25.18
2015-12-10,Bungoma,0.69,22.56
2015-12-11,Bungoma,6.04,29.81
2015-12-12,Bungoma,3.39,23.81
2015-12-13,Bungoma,4.41,20.84
2015-12-14,Bungoma,3.77,25.37
2015-12-15,Bungoma,5.8,20.71
2015-12-16,Bungoma,4.69,27.8
2015-12-17,Bungoma,0.88,26.68
2015-12-18,Bungoma,3.0,24.75
2015-12-19,Bungoma,3.85,23.34
2015-12-20,Bungoma,2.23,25.67
2015-12-21,Bungoma,6.01,26.61
2015-12-22,Bungoma,6.08,14.79
2015-12-23,Bungoma,10.1,28.15
2015-12-24,Bungoma,1.91,25.34
2015-12-25,Bungoma,8.8,26.26
2015-12-26,Bungoma,6.59,23.88
2015-12-27,Bungoma,2.75,23.34
2015-12-28,Bungoma,7.58,19.2
2015-12-29,Bungoma,8.55,23.36
2015-12-30,Bungoma,9.42,27.15
2015-12-31,Bungoma,3.74,25.54
2016-01-01,Bungoma,8.34,21.51
2016-01-02,Bungoma,2.91,24.01
2016-01-03,Bungoma,9.4,23.74
2016-01-04,Bungoma,1.91,22.98
2016-01-05,Bungoma,5.17,23.21
2016-01-06,Bungoma,6.41,24.65
2016-01-07,Bungoma,3.23,25.26
2016-01-08,Bungoma,5.88,24.86
2016-01-09,Bungoma,4.95,20.67
2016-01-10,Bungoma,2.61,25.63
2016-01-11,Bungoma,1.73,21.68
2016-01-12,Bungoma,3.75,23.38
2016-01-13,Bungoma,4.4,29.31
2016-01-14,Bungoma,5.16,28.81
2016-01-15,Bungoma,5.21,26.41
2016-01-16,Bungoma,6.56,22.31
2016-01-17,Bungoma,4.17,27.71
2016-01-18,Bungoma,3.32,28.92
2016-01-19,Bungoma,4.47,22.22
2016-01-20,Bungoma,4.53,24.32
2016-01-21,Bungoma,6.06,23.44
2016-01-22,Bungoma,4.35,21.41
2016-01-23,Bungoma,3.14,22.61
2016-01-24,Bungoma,5.5,24.82
2016-01-25,Bungoma,2.61,21.89
2016-01-26,Bungoma,5.17,24.56
2016-01-27,Bungoma,4.0,24.65
2016-01-28,Bungoma,7.41,23.14
2016-01-29,Bungoma,0.0,22.97
2016-01-30,Bungoma,8.46,18.55
2016-01-31,Bungoma,7.82,29.68
2016-02-01,Bungoma,4.62,16.24
2016-02-02,Bungoma,5.46,23.48
2016-02-03,Bungoma,4.12,20.08
2016-02-04,Bungoma,2.19,23.83
2016-02-05,Bungoma,3.23,28.77
2016-02-06,Bungoma,4.41,25.42
2016-02-07,Bungoma,3.33,22.0
2016-02-08,Bungoma,4.97,24.24
2016-02-09,Bungoma,5.89,25.79
2016-02-10,Bungoma,3.77,21.67
2016-02-11,Bungoma,7.43,24.29
2016-02-12,Bungoma,8.16,18.87
2016-02-13,Bungoma,5.93,29.24
2016-02-14,Bungoma,6.97,23.51
2016-02-15,Bungoma,5.85,21.12
2016-02-16,Bungoma,5.55,19.55
2016-02-17,Bungoma,2.86,30.53
2016-02-18,Bungoma,6.56,26.41
2016-02-19,Bungoma,2.55,26.71
2016-02-20,Bungoma,6.88,21.55
2016-02-21,Bungoma,4.29,22.06
2016-02-22,Bungoma,5.89,27.89
2016-02-23,Bungoma,0.83,27.8
2016-02-24,Bungoma,2.25,28.16
2016-02-25,Bungoma,5.07,28.57
2016-02-26,Bungoma,8.06,25.88
2016-02-27,Bungoma,7.89,19.37
2016-02-28,Bungoma,5.64,29.29
2016-02-29,Bungoma,4.24,25.61
2016-03-01,Bungoma,20.15,23.32
2016-03-02,Bungoma,12.92,24.78
2016-03-03,Bungoma,16.39,27.29
2016-03-04,Bungoma,21.49,25.32
2016-03-05,Bungoma,10.96,25.18
2016-03-06,Bungoma,23.69,20.01
2016-03-07,Bungoma,17.45,27.67
2016-03-08,Bungoma,13.99,30.0
2016-03-09,Bungoma,20.9,22.84
2016-03-10,Bungoma,14.87,24.26
2016-03-11,Bungoma,4.58,20.45
2016-03-12,Bungoma,8.9,28.66
2016-03-13,Bungoma,10.52,27.08
2016-03-14,Bungoma,18.63,22.63
2016-03-15,Bungoma,20.74,28.06
2016-03-16,Bungoma,14.17,23.73
2016-03-17,Bungoma,23.11,22.38
2016-03-18,Bungoma,19.74,28.63
2016-03-19,Bungoma,21.18,23.13
2016-03-20,Bungoma,21.32,23.32
2016-03-21,Bungoma,21.71,25.29
2016-03-22,Bungoma,12.07,15.98
2016-03-23,Bungoma,9.64,26.49
2016-03-24,Bungoma,19.65,30.31
2016-03-25,Bungoma,24.27,23.52
2016-03-26,Bungoma,20.15,21.51
2016-03-27,Bungoma,15.73,21.44
2016-03-28,Bungoma,15.05,24.11
2016-03-29,Bungoma,12.81,27.94
2016-03-30,Bungoma,10.37,27.21
2016-03-31,Bungoma,13.1,19.39
2016-04-01,Bungoma,16.66,21.71
2016-04-02,Bungoma,19.82,25.82
2016-04-03,Bungoma,13.63,24.02
2016-04-04,Bungoma,14.7,25.53
2016-04-05,Bungoma,6.63,22.13
2016-04-06,Bungoma,10.24,22.56
2016-04-07,Bungoma,20.32,25.5
2016-04-08,Bungoma,7.72,26.62
2016-04-09,Bungoma,15.79,23.89
2016-04-10,Bungoma,8.35,23.93
2016-04-11,Bungoma,7.69,23.4
2016-04-12,Bungoma,22.22,25.72
2016-04-13,Bungoma,23.58,25.05
2016-04-14,Bungoma,17.41,25.07
2016-04-15,Bungoma,7.42,24.69
2016-04-16,Bungoma,13.69,26.2
2016-04-17,Bungoma,19.77,22.94
2016-04-18,Bungoma,26.9,26.76
2016-04-19,Bungoma,14.14,23.99
2016-04-20,Bungoma,14.69,20.32
2016-04-21,Bungoma,6.34,24.08
2016-04-22,Bungoma,13.66,26.87
2016-04-23,Bungoma,1.9,27.29
2016-04-24,Bungoma,22.18,28.08
2016-04-25,Bungoma,8.46,30.86
2016-04-26,Bungoma,21.92,21.67
2016-04-27,Bungoma,10.54,23.55
2016-04-28,Bungoma,8.37,28.98
2016-04-29,Bungoma,13.79,22.82
2016-04-30,Bungoma,14.02,20.6
2016-05-01,Bungoma,16.39,19.24
2016-05-02,Bungoma,23.5,22.84
2016-05-03,Bungoma,18.35,23.42
2016-05-04,Bungoma,13.92,23.31
2016-05-05,Bungoma,19.83,26.51
2016-05-06,Bungoma,16.43,26.69
2016-05-07,Bungoma,11.22,21.45
2016-05-08,Bungoma,19.86,26.64
2016-05-09,Bungoma,9.01,23.4
2016-05-10,Bungoma,16.79,24.47
2016-05-11,Bungoma,19.3,21.43
2016-05-12,Bungoma,11.25,26.91
2016-05-13,Bungoma,20.13,31.98
2016-05-14,Bungoma,4.26,29.33
2016-05-15,Bungoma,9.53,19.31
2016-05-16,Bungoma,19.41,27.54
2016-05-17,Bungoma,25.18,23.11
2016-05-18,Bungoma,15.99,25.24
2016-05-19,Bungoma,17.97,25.68
2016-05-20,Bungoma,18.39,31.97
2016-05-21,Bungoma,18.17,21.45
2016-05-22,Bungoma,25.73,21.22
2016-05-23,Bungoma,20.76,28.79
2016-05-24,Bungoma,24.07,27.48
2016-05-25,Bungoma,9.0,24.29
2016-05-26,Bungoma,10.9,22.87
2016-05-27,Bungoma,16.51,23.84
2016-05-28,Bungoma,18.93,30.28
2016-05-29,Bungoma,9.08,29.48
2016-05-30,Bungoma,14.33,21.06
2016-05-31,Bungoma,16.29,19.24
2016-06-01,Bungoma,4.38,17.03
2016-06-02,Bungoma,5.68,25.27
2016-06-03,Bungoma,2.06,22.43
2016-06-04,Bungoma,2.13,25.85
2016-06-05,Bungoma,6.23,21.17
2016-06-06,Bungoma,5.37,29.13
2016-06-07,Bungoma,4.42,25.86
2016-06-08,Bungoma,4.96,21.52
2016-06-09,Bungoma,4.11,21.21
2016-06-10,Bungoma,6.74,22.02
2016-06-11,Bungoma,4.36,24.23
2016-06-12,Bungoma,4.77,20.92
2016-06-13,Bungoma,4.97,26.41
2016-06-14,Bungoma,1.75,19.32
2016-06-15,Bungoma,2.19,23.83
2016-06-16,Bungoma,5.66,26.19
2016-06-17,Bungoma,2.93,23.63
2016-06-18,Bungoma,4.82,20.33
2016-06-19,Bungoma,4.01,23.07
2016-06-20,Bungoma,6.13,22.08
2016-06-21,Bungoma,4.63,21.39
2016-06-22,Bungoma,3.76,20.99
2016-06-23,Bungoma,8.56,27.85
2016-06-24,Bungoma,3.04,21.75
2016-06-25,Bungoma,4.38,24.15
2016-06-26,Bungoma,2.82,24.19
2016-06-27,Bungoma,2.3,23.49
2016-06-28,Bungoma,5.92,21.33
2016-06-29,Bungoma,4.24,26.66
2016-06-30,Bungoma,2.29,20.95
2016-07-01,Bungoma,5.79,19.89
2016-07-02,Bungoma,4.84,27.43
2016-07-03,Bungoma,5.32,24.42
2016-07-04,Bungoma,3.62,25.53
2016-07-05,Bungoma,2.0,22.93
2016-07-06,Bungoma,6.06,23.23
2016-07-07,Bungoma,5.56,19.32
2016-07-08,Bungoma,3.27,27.27
2016-07-09,Bungoma,3.01,21.47
2016-07-10,Bungoma,4.46,20.33
2016-07-11,Bungoma,9.58,23.57
2016-07-12,Bungoma,4.08,25.81
2016-07-13,Bungoma,3.98,17.82
2016-07-14,Bungoma,6.65,23.03
2016-07-15,Bungoma,5.63,22.18
2016-07-16,Bungoma,2.05,25.65
2016-07-17,Bungoma,2.96,22.7
2016-07-18,Bungoma,6.9,22.53
2016-07-19,Bungoma,9.7,24.73
2016-07-20,Bungoma,4.92,28.24
2016-07-21,Bungoma,8.96,21.8
2016-07-22,Bungoma,9.51,17.35
2016-07-23,Bungoma,4.08,19.92
2016-07-24,Bungoma,5.69,16.06
2016-07-25,Bungoma,5.08,26.6
2016-07-26,Bungoma,7.13,21.58
2016-07-27,Bungoma,6.2,25.26
2016-07-28,Bungoma,6.36,20.34
2016-07-29,Bungoma,6.62,27.32
2016-07-30,Bungoma,5.27,25.22
2016-07-31,Bungoma,4.57,25.77
2016-08-01,Bungoma,5.59,26.78
2016-08-02,Bungoma,5.5,21.03
2016-08-03,Bungoma,5.82,21.41
2016-08-04,Bungoma,2.39,24.9
2016-08-05,Bungoma,7.63,20.01
2016-08-06,Bungoma,3.14,28.09
2016-08-07,Bungoma,1.42,23.49
2016-08-08,Bungoma,5.96,21.44
2016-08-09,Bungoma,4.78,25.98
2016-08-10,Bungoma,5.8,26.46
2016-08-11,Bungoma,6.0,19.5
2016-08-12,Bungoma,5.72,26.15
2016-08-13,Bungoma,6.19,27.91
2016-08-14,Bungoma,2.92,24.16
2016-08-15,Bungoma,3.28,25.54
2016-08-16,Bungoma,4.19,22.73
2016-08-17,Bungoma,7.47,24.7
2016-08-18,Bungoma,5.34,24.37
2016-08-19,Bungoma,4.27,23.44
2016-08-20,Bungoma,4.87,18.22
2016-08-21,Bungoma,6.64,26.11
2016-08-22,Bungoma,6.43,21.83
2016-08-23,Bungoma,4.63,25.55
2016-08-24,Bungoma,5.25,18.96
2016-08-25,Bungoma,3.55,23.06
2016-08-26,Bungoma,7.25,27.27
2016-08-27,Bungoma,4.23,28.09
2016-08-28,Bungoma,7.2,24.39
2016-08-29,Bungoma,5.2,22.9
2016-08-30,Bungoma,0.76,24.54
2016-08-31,Bungoma,3.79,26.3
2016-09-01,Bungoma,6.09,23.84
2016-09-02,Bungoma,0.0,24.97
2016-09-03,Bungoma,2.63,23.94
2016-09-04,Bungoma,10.67,22.67
2016-09-05,Bungoma,6.1,21.72
2016-09-06,Bungoma,4.65,20.31
2016-09-07,Bungoma,8.61,23.67
2016-09-08,Bungoma,4.68,24.38
2016-09-09,Bungoma,3.07,23.08
2016-09-10,Bungoma,4.83,27.57
2016-09-11,Bungoma,7.24,22.89
2016-09-12,Bungoma,0.9,24.22
2016-09-13,Bungoma,9.11,23.19
2016-09-14,Bungoma,7.0,25.75
2016-09-15,Bungoma,4.71,23.78
2016-09-16,Bungoma,2.24,21.07
2016-09-17,Bungoma,5.67,26.47
2016-09-18,Bungoma,6.87,21.96
2016-09-19,Bungoma,5.99,18.22
2016-09-20,Bungoma,4.81,22.21
2016-09-21,Bungoma,5.75,25.1
2016-09-22,Bungoma,5.22,27.46
2016-09-23,Bungoma,3.92,22.96
2016-09-24,Bungoma,0.03,29.67
2016-09-25,Bungoma,2.59,18.48
2016-09-26,Bungoma,2.72,19.47
2016-09-27,Bungoma,4.27,26.78
2016-09-28,Bungoma,8.33,26.95
2016-09-29,Bungoma,6.51,25.22
2016-09-30,Bungoma,5.11,18.12
2016-10-01,Bungoma,13.12,24.52
2015-01-01,Busia,4.83,26.82
2015-01-02,Busia,6.23,26.07
2015-01-03,Busia,1.03,25.05
2015-01-04,Busia,4.42,26.49
2015-01-05,Busia,3.06,25.53
2015-01-06,Busia,4.58,19.42
2015-01-07,Busia,2.97,25.76
2015-01-08,Busia,9.18,28.22
2015-01-09,Busia,2.97,27.49
2015-01-10,Busia,4.04,23.97
2015-01-11,Busia,7.96,25.23
2015-01-12,Busia,1.21,20.03
2015-01-13,Busia,6.46,20.56
2015-01-14,Busia,5.9,26.01
2015-01-15,Busia,7.16,20.72
2015-01-16,Busia,4.71,22.38
2015-01-17,Busia,5.45,19.38
2015-01-18,Busia,4.39,21.48
2015-01-19,Busia,4.4,25.18
2015-01-20,Busia,2.82,22.16
2015-01-21,Busia,6.04,23.77
2015-01-22,Busia,2.67,21.55
2015-01-23,Busia,4.84,23.46
2015-01-24,Busia,2.72,26.2
2015-01-25,Busia,4.32,25.52
2015-01-26,Busia,6.0,22.58
2015-01-27,Busia,4.65,21.17
2015-01-28,Busia,2.83,23.77
2015-01-29,Busia,7.21,29.22
2015-01-30,Busia,3.47,23.24
2015-01-31,Busia,2.82,27.71
2015-02-01,Busia,5.59,24.21
2015-02-02,Busia,6.22,26.16
2015-02-03,Busia,7.56,23.0
2015-02-04,Busia,7.11,27.9
2015-02-05,Busia,6.81,21.92
2015-02-06,Busia,4.25,26.75
2015-02-07,Busia,6.02,24.16
2015-02-08,Busia,7.44,22.44
2015-02-09,Busia,5.49,25.2
2015-02-10,Busia,0.6,22.11
2015-02-11,Busia,3.86,25.77
2015-02-12,Busia,8.32,29.43
2015-02-13,Busia,2.9,23.82
2015-02-14,Busia,3.04,29.23
2015-02-15,Busia,3.49,23.53
2015-02-16,Busia,7.39,28.66
2015-02-17,Busia,5.82,25.52
2015-02-18,Busia,2.99,26.37
2015-02-19,Busia,3.4,28.86
2015-02-20,Busia,4.44,22.87
2015-02-21,Busia,5.0,27.9
2015-02-22,Busia,5.23,26.76
2015-02-23,Busia,5.01,25.33
2015-02-24,Busia,8.94,22.81
2015-02-25,Busia,6.41,22.0
2015-02-26,Busia,6.97,21.06
2015-02-27,Busia,4.73,23.6
2015-02-28,Busia,7.37,27.3
2015-03-01,Busia,15.36,28.87
2015-03-02,Busia,17.26,24.12
2015-03-03,Busia,16.52,20.14
2015-03-04,Busia,11.91,20.32
2015-03-05,Busia,22.93,23.18
2015-03-06,Busia,16.75,24.53
2015-03-07,Busia,17.54,24.28
2015-03-08,Busia,26.96,27.94
2015-03-09,Busia,14.89,21.74
2015-03-10,Busia,18.29,23.99
2015-03-11,Busia,8.8,19.5
2015-03-12,Busia,9.63,25.73
2015-03-13,Busia,12.1,26.25
2015-03-14,Busia,7.13,22.11
2015-03-15,Busia,11.5,27.14
2015-03-16,Busia,15.54,24.5
2015-03-17,Busia,12.99,21.99
2015-03-18,Busia,11.97,30.69
2015-03-19,Busia,10.39,18.77
2015-03-20,Busia,16.31,29.27
2015-03-21,Busia,12.84,22.86
2015-03-22,Busia,14.03,22.92
2015-03-23,Busia,18.94,21.54
2015-03-24,Busia,15.35,26.78
2015-03-25,Busia,13.56,24.64
2015-03-26,Busia,12.46,23.2
2015-03-27,Busia,19.46,27.76
2015-03-28,Busia,8.78,24.96
2015-03-29,Busia,10.39,25.09
2015-03-30,Busia,15.95,28.78
2015-03-31,Busia,8.79,24.08
2015-04-01,Busia,2.87,20.8
2015-04-02,Busia,6.33,21.99
2015-04-03,Busia,15.68,26.0
2015-04-04,Busia,19.77,23.51
2015-04-05,Busia,15.3,24.23
2015-04-06,Busia,10.32,27.29
2015-04-07,Busia,17.88,23.91
2015-04-08,Busia,24.77,19.72
2015-04-09,Busia,6.5,21.8
2015-04-10,Busia,19.08,29.21
2015-04-11,Busia,10.53,19.72
2015-04-12,Busia,24.28,22.27
2015-04-13,Busia,10.81,25.29
2015-04-14,Busia,0.16,23.99
2015-04-15,Busia,15.46,20.02
2015-04-16,Busia,21.96,25.03
2015-04-17,Busia,8.46,24.69
2015-04-18,Busia,3.99,27.91
2015-04-19,Busia,16.45,19.11
2015-04-20,Busia,17.63,21.2
2015-04-21,Busia,5.75,23.35
2015-04-22,Busia,20.41,21.85
2015-04-23,Busia,14.53,23.96
2015-04-24,Busia,7.84,25.75
2015-04-25,Busia,9.23,23.38
2015-04-26,Busia,16.69,16.76
2015-04-27,Busia,16.07,26.1
2015-04-28,Busia,15.34,17.03
2015-04-29,Busia,9.93,23.72
2015-04-30,Busia,16.29,25.58
2015-05-01,Busia,15.87,20.83
2015-05-02,Busia,10.87,20.65
2015-05-03,Busia,12.7,26.99
2015-05-04,Busia,21.31,24.85
2015-05-05,Busia,7.51,24.71
2015-05-06,Busia,13.42,20.41
2015-05-07,Busia,14.43,30.35
2015-05-08,Busia,11.44,23.47
2015-05-09,Busia,17.5,25.58
2015-05-10,Busia,24.21,18.84
2015-05-11,Busia,8.47,25.34
2015-05-12,Busia,14.63,24.52
2015-05-13,Busia,7.67,27.22
2015-05-14,Busia,12.1,24.15
2015-05-15,Busia,14.21,24.98
2015-05-16,Busia,12.56,26.69
2015-05-17,Busia,11.18,22.11
2015-05-18,Busia,30.98,24.65
2015-05-19,Busia,16.98,26.66
2015-05-20,Busia,17.93,28.05
2015-05-21,Busia,7.66,21.8
2015-05-22,Busia,10.96,24.06
2015-05-23,Busia,16.01,31.07
2015-05-24,Busia,23.24,21.95
2015-05-25,Busia,19.63,27.04
2015-05-26,Busia,14.14,23.4
2015-05-27,Busia,8.44,24.09
2015-05-28,Busia,19.21,22.54
2015-05-29,Busia,12.99,24.11
2015-05-30,Busia,2.12,19.9
2015-05-31,Busia,11.99,22.34
2015-06-01,Busia,1.37,25.01
2015-06-02,Busia,5.15,23.18
2015-06-03,Busia,1.26,24.95
2015-06-04,Busia,2.88,27.7
2015-06-05,Busia,3.13,21.69
2015-06-06,Busia,4.91,31.59
2015-06-07,Busia,8.16,24.56
2015-06-08,Busia,4.8,19.3
2015-06-09,Busia,3.61,21.63
2015-06-10,Busia,6.85,27.9
2015-06-11,Busia,2.87,26.09
2015-06-12,Busia,5.22,21.68
2015-06-13,Busia,5.3,25.22
2015-06-14,Busia,5.79,25.91
2015-06-15,Busia,6.06,24.33
2015-06-16,Busia,3.41,21.86
2015-06-17,Busia,6.18,27.15
2015-06-18,Busia,3.37,20.07
2015-06-19,Busia,1.27,24.85
2015-06-20,Busia,8.17,24.97
2015-06-21,Busia,6.07,18.84
2015-06-22,Busia,4.86,22.37
2015-06-23,Busia,2.72,21.33
2015-06-24,Busia,1.74,23.56
2015-06-25,Busia,7.1,17.78
2015-06-26,Busia,3.05,24.51
2015-06-27,Busia,2.88,19.43
2015-06-28,Busia,5.77,22.98
2015-06-29,Busia,6.98,25.59
2015-06-30,Busia,6.28,26.82
2015-07-01,Busia,5.99,25.33
2015-07-02,Busia,2.61,25.17
2015-07-03,Busia,3.73,22.35
2015-07-04,Busia,5.0,21.91
2015-07-05,Busia,5.34,24.9
2015-07-06,Busia,3.55,24.67
2015-07-07,Busia,3.74,27.77
2015-07-08,Busia,7.06,24.5
2015-07-09,Busia,6.15,23.74
2015-07-10,Busia,6.63,28.14
2015-07-11,Busia,7.03,18.89
2015-07-12,Busia,4.49,19.6
2015-07-13,Busia,4.49,20.75
2015-07-14,Busia,6.77,21.01
2015-07-15,Busia,4.86,25.09
2015-07-16,Busia,2.98,21.88
2015-07-17,Busia,4.56,23.95
2015-07-18,Busia,3.22,28.38
2015-07-19,Busia,5.64,21.62
2015-07-20,Busia,7.05,30.45
2015-07-21,Busia,5.97,28.17
2015-07-22,Busia,5.34,18.95
2015-07-23,Busia,4.26,16.46
2015-07-24,Busia,5.8,29.25
2015-07-25,Busia,1.94,25.16
2015-07-26,Busia,5.82,20.76
2015-07-27,Busia,5.05,26.82
2015-07-28,Busia,8.79,24.16
2015-07-29,Busia,5.82,20.39
2015-07-30,Busia,2.41,26.26
2015-07-31,Busia,4.37,20.89
2015-08-01,Busia,2.05,24.29
2015-08-02,Busia,5.81,21.33
2015-08-03,Busia,6.74,25.05
2015-08-04,Busia,9.17,27.99
2015-08-05,Busia,0.22,31.56
2015-08-06,Busia,3.26,21.87
2015-08-07,Busia,4.34,26.63
2015-08-08,Busia,3.51,31.61
2015-08-09,Busia,6.12,20.93
2015-08-10,Busia,4.27,24.19
2015-08-11,Busia,5.79,25.88
2015-08-12,Busia,1.13,22.21
2015-08-13,Busia,5.34,23.64
2015-08-14,Busia,6.37,26.02
2015-08-15,Busia,9.46,24.13
2015-08-16,Busia,3.68,20.74
2015-08-17,Busia,3.76,24.26
2015-08-18,Busia,4.07,22.17
2015-08-19,Busia,4.52,30.53
2015-08-20,Busia,5.32,25.21
2015-08-21,Busia,4.04,24.13
2015-08-22,Busia,7.34,24.67
2015-08-23,Busia,6.18,23.26
2015-08-24,Busia,4.78,28.95
2015-08-25,Busia,4.7,24.03
2015-08-26,Busia,0.64,21.69
2015-08-27,Busia,7.3,21.69
2015-08-28,Busia,0.5,20.86
2015-08-29,Busia,4.05,27.64
2015-08-30,Busia,4.06,17.43
2015-08-31,Busia,7.2,24.94
2015-09-01,Busia,5.62,23.83
2015-09-02,Busia,3.4,27.64
2015-09-03,Busia,6.08,30.44
2015-09-04,Busia,6.83,24.83
2015-09-05,Busia,6.63,23.77
2015-09-06,Busia,4.64,23.72
2015-09-07,Busia,3.1,22.18
2015-09-08,Busia,3.44,22.78
2015-09-09,Busia,4.46,20.81
2015-09-10,Busia,4.86,16.71
2015-09-11,Busia,5.2,25.0
2015-09-12,Busia,2.26,23.26
2015-09-13,Busia,2.45,23.84
2015-09-14,Busia,5.83,24.39
2015-09-15,Busia,5.26,26.67
2015-09-16,Busia,2.27,30.99
2015-09-17,Busia,3.89,22.62
2015-09-18,Busia,6.4,21.59
2015-09-19,Busia,5.34,27.96
2015-09-20,Busia,5.58,20.58
2015-09-21,Busia,5.58,23.35
2015-09-22,Busia,7.75,23.42
2015-09-23,Busia,5.66,25.38
2015-09-24,Busia,4.63,20.29
2015-09-25,Busia,1.67,23.46
2015-09-26,Busia,4.21,23.95
2015-09-27,Busia,7.49,21.15
2015-09-28,Busia,7.8,24.46
2015-09-29,Busia,5.04,21.9
2015-09-30,Busia,5.02,29.6
2015-10-01,Busia,13.18,22.07
2015-10-02,Busia,6.36,24.98
2015-10-03,Busia,10.03,24.99
2015-10-04,Busia,9.6,24.41
2015-10-05,Busia,8.89,19.48
2015-10-06,Busia,11.24,25.59
2015-10-07,Busia,8.82,26.61
2015-10-08,Busia,6.26,24.66
2015-10-09,Busia,9.63,29.78
2015-10-10,Busia,12.12,27.3
2015-10-11,Busia,8.76,21.68
2015-10-12,Busia,13.45,27.37
2015-10-13,Busia,8.82,25.41
2015-10-14,Busia,12.45,21.57
2015-10-15,Busia,6.96,23.41
2015-10-16,Busia,10.47,22.7
2015-10-17,Busia,8.53,23.05
2015-10-18,Busia,12.75,21.67
2015-10-19,Busia,8.38,30.25
2015-10-20,Busia,7.99,27.21
2015-10-21,Busia,15.49,24.39
2015-10-22,Busia,8.29,25.21
2015-10-23,Busia,7.82,23.43
2015-10-24,Busia,14.65,21.59
2015-10-25,Busia,6.01,30.8
2015-10-26,Busia,10.9,23.61
2015-10-27,Busia,12.64,25.95
2015-10-28,Busia,7.94,21.94
2015-10-29,Busia,10.95,21.3
2015-10-30,Busia,13.1,24.87
2015-10-31,Busia,10.0,25.71
2015-11-01,Busia,9.51,28.49
2015-11-02,Busia,7.33,25.01
2015-11-03,Busia,9.55,18.01
2015-11-04,Busia,8.38,29.32
2015-11-05,Busia,7.11,26.97
2015-11-06,Busia,14.76,23.65
2015-11-07,Busia,4.83,27.51
2015-11-08,Busia,10.23,24.61
2015-11-09,Busia,11.41,28.35
2015-11-10,Busia,12.03,20.86
2015-11-11,Busia,4.53,19.92
2015-11-12,Busia,8.34,16.97
2015-11-13,Busia,14.06,20.21
2015-11-14,Busia,11.07,23.61
2015-11-15,Busia,5.65,26.46
2015-11-16,Busia,2.29,28.7
2015-11-17,Busia,6.47,23.63
2015-11-18,Busia,9.28,24.61
2015-11-19,Busia,13.72,23.05
2015-11-20,Busia,7.4,22.68
2015-11-21,Busia,11.61,22.53
2015-11-22,Busia,12.46,22.29
2015-11-23,Busia,8.34,27.63
2015-11-24,Busia,6.38,17.71
2015-11-25,Busia,9.16,23.07
2015-11-26,Busia,9.88,23.06
2015-11-27,Busia,9.66,17.42
2015-11-28,Busia,5.85,24.44
2015-11-29,Busia,15.08,25.43
2015-11-30,Busia,7.31,22.21
2015-12-01,Busia,4.3,22.19
2015-12-02,Busia,7.9,21.43
2015-12-03,Busia,1.73,25.27
2015-12-04,Busia,6.38,20.15
2015-12-05,Busia,7.34,21.92
2015-12-06,Busia,0.0,23.35
2015-12-07,Busia,5.13,22.6
2015-12-08,Busia,1.9,21.75
2015-12-09,Busia,5.12,26.87
2015-12-10,Busia,3.08,26.85
2015-12-11,Busia,1.65,27.49
2015-12-12,Busia,4.8,24.86
2015-12-13,Busia,7.58,20.48
2015-12-14,Busia,2.36,24.4
2015-12-15,Busia,5.08,20.52
2015-12-16,Busia,4.53,23.86
2015-12-17,Busia,4.89,25.79
2015-12-18,Busia,9.34,26.48
2015-12-19,Busia,4.09,17.99
2015-12-20,Busia,5.26,29.27
2015-12-21,Busia,5.89,24.18
2015-12-22,Busia,5.9,21.25
2015-12-23,Busia,6.13,18.16
2015-12-24,Busia,2.68,26.72
2015-12-25,Busia,6.05,16.05
2015-12-26,Busia,8.5,20.44
2015-12-27,Busia,6.16,26.79
2015-12-28,Busia,6.77,27.73
2015-12-29,Busia,5.37,26.09
2015-12-30,Busia,0.77,27.63
2015-12-31,Busia,4.54,21.47
2016-01-01,Busia,4.33,20.04
2016-01-02,Busia,6.61,20.27
2016-01-03,Busia,6.08,30.33
2016-01-04,Busia,7.31,21.13
2016-01-05,Busia,0.71,26.32
2016-01-06,Busia,10.18,26.88
2016-01-07,Busia,6.54,20.03
2016-01-08,Busia,3.74,26.95
2016-01-09,Busia,5.44,25.69
2016-01-10,Busia,6.08,25.81
2016-01-11,Busia,4.98,23.2
2016-01-12,Busia,7.86,24.88
2016-01-13,Busia,7.07,26.09
2016-01-14,Busia,6.02,25.31
2016-01-15,Busia,3.1,22.12
2016-01-16,Busia,3.11,26.88
2016-01-17,Busia,3.62,16.4
2016-01-18,Busia,7.2,20.05
2016-01-19,Busia,5.39,28.48
2016-01-20,Busia,4.59,19.76
2016-01-21,Busia,5.11,24.67
2016-01-22,Busia,1.95,25.99
2016-01-23,Busia,4.14,25.87
2016-01-24,Busia,6.76,23.6
2016-01-25,Busia,8.37,20.63
2016-01-26,Busia,5.3,21.38
2016-01-27,Busia,4.0,24.89
2016-01-28,Busia,5.58,29.15
2016-01-29,Busia,5.52,24.26
2016-01-30,Busia,7.14,24.39
2016-01-31,Busia,9.05,25.51
2016-02-01,Busia,4.93,22.91
2016-02-02,Busia,6.65,27.13
2016-02-03,Busia,9.32,19.11
2016-02-04,Busia,2.42,26.53
2016-02-05,Busia,8.95,26.44
2016-02-06,Busia,5.41,21.87
2016-02-07,Busia,9.43,19.6
2016-02-08,Busia,4.94,23.97
2016-02-09,Busia,3.6,22.94
2016-02-10,Busia,6.91,25.27
2016-02-11,Busia,3.46,22.11
2016-02-12,Busia,3.1,24.91
2016-02-13,Busia,0.28,21.33
2016-02-14,Busia,0.05,22.85
2016-02-15,Busia,1.83,21.51
2016-02-16,Busia,2.17,21.6
2016-02-17,Busia,1.7,21.57
2016-02-18,Busia,4.05,26.5
2016-02-19,Busia,5.97,24.03
2016-02-20,Busia,5.86,18.39
2016-02-21,Busia,6.55,24.31
2016-02-22,Busia,4.68,26.3
2016-02-23,Busia,5.76,20.56
2016-02-24,Busia,2.61,21.8
2016-02-25,Busia,7.37,22.56
2016-02-26,Busia,6.86,25.29
2016-02-27,Busia,7.7,26.14
2016-02-28,Busia,6.11,24.06
2016-02-29,Busia,4.97,23.54
2016-03-01,Busia,20.47,24.65
2016-03-02,Busia,13.14,28.33
2016-03-03,Busia,14.12,22.19
2016-03-04,Busia,10.75,23.74
2016-03-05,Busia,5.29,21.75
2016-03-06,Busia,12.25,23.0
2016-03-07,Busia,16.26,24.54
2016-03-08,Busia,12.06,20.67
2016-03-09,Busia,13.87,18.91
2016-03-10,Busia,21.4,21.69
2016-03-11,Busia,6.11,23.46
2016-03-12,Busia,18.05,24.85
2016-03-13,Busia,20.7,24.11
2016-03-14,Busia,10.06,23.73
2016-03-15,Busia,16.35,24.61
2016-03-16,Busia,16.37,25.45
2016-03-17,Busia,18.7,23.07
2016-03-18,Busia,10.63,24.83
2016-03-19,Busia,17.9,27.99
2016-03-20,Busia,15.07,26.58
2016-03-21,Busia,12.95,26.87
2016-03-22,Busia,9.32,24.8
2016-03-23,Busia,27.41,24.63
2016-03-24,Busia,16.73,22.91
2016-03-25,Busia,14.36,27.39
2016-03-26,Busia,19.76,25.01
2016-03-27,Busia,18.13,22.92
2016-03-28,Busia,26.24,22.01
2016-03-29,Busia,10.3,23.7
2016-03-30,Busia,10.43,28.58
2016-03-31,Busia,15.99,20.45
2016-04-01,Busia,12.87,21.82
2016-04-02,Busia,15.04,24.19
2016-04-03,Busia,20.16,27.29
2016-04-04,Busia,16.58,25.68
2016-04-05,Busia,13.95,22.81
2016-04-06,Busia,16.06,24.29
2016-04-07,Busia,6.54,21.29
2016-04-08,Busia,8.82,23.54
2016-04-09,Busia,16.02,27.38
2016-04-10,Busia,15.92,21.24
2016-04-11,Busia,8.55,25.04
2016-04-12,Busia,15.83,21.48
2016-04-13,Busia,8.67,22.76
2016-04-14,Busia,22.16,21.54
2016-04-15,Busia,11.66,22.35
2016-04-16,Busia,10.78,25.63
2016-04-17,Busia,14.71,24.91
2016-04-18,Busia,16.49,22.77
2016-04-19,Busia,14.44,25.3
2016-04-20,Busia,23.42,17.57
2016-04-21,Busia,18.2,27.86
2016-04-22,Busia,8.97,23.86
2016-04-23,Busia,10.68,26.49
2016-04-24,Busia,12.01,23.09
2016-04-25,Busia,15.54,21.26
2016-04-26,Busia,22.25,24.19
2016-04-27,Busia,17.94,20.52
2016-04-28,Busia,13.58,29.0
2016-04-29,Busia,14.02,23.63
2016-04-30,Busia,15.5,24.06
2016-05-01,Busia,19.42,25.29
2016-05-02,Busia,10.45,19.53
2016-05-03,Busia,10.59,28.99
2016-05-04,Busia,10.96,23.48
2016-05-05,Busia,14.22,23.81
2016-05-06,Busia,13.99,28.81
2016-05-07,Busia,18.07,22.56
2016-05-08,Busia,16.72,23.83
2016-05-09,Busia,24.11,19.91
2016-05-10,Busia,8.51,19.76
2016-05-11,Busia,14.22,23.43
2016-05-12,Busia,15.02,23.88
2016-05-13,Busia,4.82,18.98
2016-05-14,Busia,15.47,21.82
2016-05-15,Busia,22.98,23.87
2016-05-16,Busia,7.59,26.96
2016-05-17,Busia,20.44,25.43
2016-05-18,Busia,0.42,24.1
2016-05-19,Busia,22.86,20.14
2016-05-20,Busia,14.78,22.81
2016-05-21,Busia,17.08,29.6
2016-05-22,Busia,8.32,25.95
2016-05-23,Busia,16.99,22.57
2016-05-24,Busia,12.87,18.99
2016-05-25,Busia,20.78,25.39
2016-05-26,Busia,11.33,23.29
2016-05-27,Busia,8.05,24.9
2016-05-28,Busia,23.44,25.93
2016-05-29,Busia,14.91,22.9
2016-05-30,Busia,9.01,18.42
2016-05-31,Busia,14.35,22.81
2016-06-01,Busia,4.07,24.6
2016-06-02,Busia,4.08,22.71
2016-06-03,Busia,4.21,25.74
2016-06-04,Busia,9.12,24.09
2016-06-05,Busia,6.94,24.39
2016-06-06,Busia,3.62,24.61
2016-06-07,Busia,7.33,27.96
2016-06-08,Busia,4.2,25.94
2016-06-09,Busia,3.97,27.55
2016-06-10,Busia,3.22,21.69
2016-06-11,Busia,4.89,21.58
2016-06-12,Busia,1.36,17.85
2016-06-13,Busia,8.49,29.14
2016-06-14,Busia,5.94,23.71
2016-06-15,Busia,3.09,23.97
2016-06-16,Busia,3.57,27.66
2016-06-17,Busia,5.24,22.12
2016-06-18,Busia,4.82,33.73
2016-06-19,Busia,4.66,23.96
2016-06-20,Busia,5.49,20.16
2016-06-21,Busia,2.67,25.09
2016-06-22,Busia,6.99,23.9
2016-06-23,Busia,5.58,23.83
2016-06-24,Busia,3.58,27.63
2016-06-25,Busia,1.66,24.13
2016-06-26,Busia,5.07,24.84
2016-06-27,Busia,9.85,28.32
2016-06-28,Busia,4.13,16.89
2016-06-29,Busia,6.23,24.44
2016-06-30,Busia,2.28,22.58
2016-07-01,Busia,5.15,22.87
2016-07-02,Busia,3.34,24.56
2016-07-03,Busia,1.81,24.31
2016-07-04,Busia,2.47,24.59
2016-07-05,Busia,2.96,24.43
2016-07-06,Busia,5.49,23.44
2016-07-07,Busia,5.45,21.78
2016-07-08,Busia,5.17,26.5
2016-07-09,Busia,7.03,23.32
2016-07-10,Busia,4.92,24.0
2016-07-11,Busia,3.75,27.3
2016-07-12,Busia,4.93,18.97
2016-07-13,Busia,5.9,16.62
2016-07-14,Busia,5.52,17.12
2016-07-15,Busia,5.58,22.21
2016-07-16,Busia,1.55,25.13
2016-07-17,Busia,4.14,27.92
2016-07-18,Busia,7.14,25.3
2016-07-19,Busia,9.45,22.53
2016-07-20,Busia,8.65,24.55
2016-07-21,Busia,4.44,23.58
2016-07-22,Busia,3.99,24.19
2016-07-23,Busia,6.27,21.6
2016-07-24,Busia,7.61,21.43
2016-07-25,Busia,3.65,21.23
2016-07-26,Busia,0.98,25.52
2016-07-27,Busia,2.46,27.52
2016-07-28,Busia,9.35,22.68
2016-07-29,Busia,3.98,22.12
2016-07-30,Busia,8.78,26.09
2016-07-31,Busia,2.32,25.23
2016-08-01,Busia,5.36,22.71
2016-08-02,Busia,6.63,25.4
2016-08-03,Busia,4.13,25.48
2016-08-04,Busia,4.07,17.04
2016-08-05,Busia,9.48,23.92
2016-08-06,Busia,6.58,23.93
2016-08-07,Busia,3.6,25.5
2016-08-08,Busia,3.32,24.22
2016-08-09,Busia,4.23,20.19
2016-08-10,Busia,5.46,27.66
2016-08-11,Busia,4.83,24.5
2016-08-12,Busia,3.08,27.63
2016-08-13,Busia,4.21,24.57
2016-08-14,Busia,8.14,24.19
2016-08-15,Busia,3.06,26.07
2016-08-16,Busia,7.73,22.68
2016-08-17,Busia,2.87,18.72
2016-08-18,Busia,7.25,26.5
2016-08-19,Busia,4.71,21.03
2016-08-20,Busia,1.75,26.75
2016-08-21,Busia,5.87,25.91
2016-08-22,Busia,6.04,28.36
2016-08-23,Busia,3.08,25.02
2016-08-24,Busia,4.08,25.69
2016-08-25,Busia,2.64,17.59
2016-08-26,Busia,4.32,19.81
2016-08-27,Busia,7.13,24.59
2016-08-28,Busia,3.42,30.78
2016-08-29,Busia,6.32,21.43
2016-08-30,Busia,7.97,21.87
2016-08-31,Busia,2.31,25.38
2016-09-01,Busia,3.53,27.98
2016-09-02,Busia,4.57,24.17
2016-09-03,Busia,4.98,22.56
2016-09-04,Busia,6.8,23.45
2016-09-05,Busia,8.62,24.97
2016-09-06,Busia,6.51,25.37
2016-09-07,Busia,4.78,23.55
2016-09-08,Busia,6.48,23.46
2016-09-09,Busia,7.5,22.07
2016-09-10,Busia,8.35,23.88
2016-09-11,Busia,6.11,26.57
2016-09-12,Busia,5.73,21.15
2016-09-13,Busia,4.37,20.83
2016-09-14,Busia,4.9,22.72
2016-09-15,Busia,4.19,23.14
2016-09-16,Busia,5.65,26.15
2016-09-17,Busia,3.69,28.43
2016-09-18,Busia,7.42,25.67
2016-09-19,Busia,5.86,27.77
2016-09-20,Busia,7.06,23.05
2016-09-21,Busia,9.6,20.2
2016-09-22,Busia,5.86,23.94
2016-09-23,Busia,3.05,22.77
2016-09-24,Busia,8.54,23.37
2016-09-25,Busia,2.83,24.24
2016-09-26,Busia,10.06,24.65
2016-09-27,Busia,5.92,22.32
2016-09-28,Busia,5.06,17.57
2016-09-29,Busia,1.89,24.17
2016-09-30,Busia,3.79,25.37
2016-10-01,Busia,7.67,21.61
2015-01-01,Siaya,6.65,33.26
2015-01-02,Siaya,5.11,23.04
2015-01-03,Siaya,5.72,27.57
2015-01-04,Siaya,6.54,24.03
2015-01-05,Siaya,5.93,25.57
2015-01-06,Siaya,4.76,21.94
2015-01-07,Siaya,5.46,23.68
2015-01-08,Siaya,6.73,23.76
2015-01-09,Siaya,3.23,18.87
2015-01-10,Siaya,6.67,20.69
2015-01-11,Siaya,5.79,26.1
2015-01-12,Siaya,3.0,24.02
2015-01-13,Siaya,6.81,27.93
2015-01-14,Siaya,5.68,20.95
2015-01-15,Siaya,3.02,20.6
2015-01-16,Siaya,6.1,26.45
2015-01-17,Siaya,5.68,26.82
2015-01-18,Siaya,6.11,20.7
2015-01-19,Siaya,8.82,27.0
2015-01-20,Siaya,3.76,23.22
2015-01-21,Siaya,3.05,23.48
2015-01-22,Siaya,6.05,19.85
2015-01-23,Siaya,7.27,30.77
2015-01-24,Siaya,6.21,19.38
2015-01-25,Siaya,5.93,21.87
2015-01-26,Siaya,6.79,20.3
2015-01-27,Siaya,5.71,22.7
2015-01-28,Siaya,4.24,30.25
2015-01-29,Siaya,4.18,23.91
2015-01-30,Siaya,4.19,25.51
2015-01-31,Siaya,4.43,20.36
2015-02-01,Siaya,4.64,23.39
2015-02-02,Siaya,5.35,24.3
2015-02-03,Siaya,2.63,20.28
2015-02-04,Siaya,1.97,22.03
2015-02-05,Siaya,6.07,20.15
2015-02-06,Siaya,1.84,22.71
2015-02-07,Siaya,7.73,18.45
2015-02-08,Siaya,5.2,20.0
2015-02-09,Siaya,7.77,21.4
2015-02-10,Siaya,3.5,20.98
2015-02-11,Siaya,4.52,30.18
2015-02-12,Siaya,3.86,27.91
2015-02-13,Siaya,4.59,25.49
2015-02-14,Siaya,11.09,23.88
2015-02-15,Siaya,5.94,18.91
2015-02-16,Siaya,7.72,19.58
2015-02-17,Siaya,7.63,26.36
2015-02-18,Siaya,3.72,22.07
2015-02-19,Siaya,7.04,22.3
2015-02-20,Siaya,1.66,23.1
2015-02-21,Siaya,4.64,23.2
2015-02-22,Siaya,7.15,26.96
2015-02-23,Siaya,5.18,23.69
2015-02-24,Siaya,6.77,24.4
2015-02-25,Siaya,4.67,24.4
2015-02-26,Siaya,0.0,18.82
2015-02-27,Siaya,6.52,23.49
2015-02-28,Siaya,3.66,26.55
2015-03-01,Siaya,16.97,23.06
2015-03-02,Siaya,22.69,22.54
2015-03-03,Siaya,10.8,23.04
2015-03-04,Siaya,15.46,24.47
2015-03-05,Siaya,9.15,17.8
2015-03-06,Siaya,17.29,22.58
2015-03-07,Siaya,13.98,25.86
2015-03-08,Siaya,13.76,24.88
2015-03-09,Siaya,16.89,20.63
2015-03-10,Siaya,19.1,21.96
2015-03-11,Siaya,12.18,20.48
2015-03-12,Siaya,13.86,24.07
2015-03-13,Siaya,5.64,22.4
2015-03-14,Siaya,14.81,25.33
2015-03-15,Siaya,14.97,31.36
2015-03-16,Siaya,13.21,25.06
2015-03-17,Siaya,14.3,20.55
2015-03-18,Siaya,11.04,24.69
2015-03-19,Siaya,16.69,16.97
2015-03-20,Siaya,6.36,19.78
2015-03-21,Siaya,21.84,22.16
2015-03-22,Siaya,2.01,22.78
2015-03-23,Siaya,21.09,20.49
2015-03-24,Siaya,5.48,25.48
2015-03-25,Siaya,16.27,25.83
2015-03-26,Siaya,21.04,23.28
2015-03-27,Siaya,13.4,25.56
2015-03-28,Siaya,14.27,24.12
2015-03-29,Siaya,18.51,21.59
2015-03-30,Siaya,17.06,27.43
2015-03-31,Siaya,14.91,20.29
2015-04-01,Siaya,21.23,24.01
2015-04-02,Siaya,16.62,21.43
2015-04-03,Siaya,16.21,25.01
2015-04-04,Siaya,13.33,29.9
2015-04-05,Siaya,23.08,23.09
2015-04-06,Siaya,13.31,20.53
2015-04-07,Siaya,14.46,24.16
2015-04-08,Siaya,17.95,23.45
2015-04-09,Siaya,14.1,23.67
2015-04-10,Siaya,19.72,26.78
2015-04-11,Siaya,24.67,22.09
2015-04-12,Siaya,12.03,25.74
2015-04-13,Siaya,13.82,24.98
2015-04-14,Siaya,20.33,24.2
2015-04-15,Siaya,29.47,20.71
2015-04-16,Siaya,19.56,24.41
2015-04-17,Siaya,14.47,19.77
2015-04-18,Siaya,0.87,23.87
2015-04-19,Siaya,16.05,24.49
2015-04-20,Siaya,24.0,28.32
2015-04-21,Siaya,6.33,29.61
2015-04-22,Siaya,6.34,23.27
2015-04-23,Siaya,11.58,18.15
2015-04-24,Siaya,18.63,26.12
2015-04-25,Siaya,17.87,28.54
2015-04-26,Siaya,14.12,26.38
2015-04-27,Siaya,17.6,20.51
2015-04-28,Siaya,17.08,22.13
2015-04-29,Siaya,23.39,26.04
2015-04-30,Siaya,10.72,23.44
2015-05-01,Siaya,10.57,19.19
2015-05-02,Siaya,18.52,29.17
2015-05-03,Siaya,13.26,23.19
2015-05-04,Siaya,8.5,26.4
2015-05-05,Siaya,26.33,23.62
2015-05-06,Siaya,11.24,21.38
2015-05-07,Siaya,10.38,24.84
2015-05-08,Siaya,5.53,19.79
2015-05-09,Siaya,13.1,12.91
2015-05-10,Siaya,20.61,23.17
2015-05-11,Siaya,17.52,25.87
2015-05-12,Siaya,25.07,21.07
2015-05-13,Siaya,26.24,25.83
2015-05-14,Siaya,9.23,26.57
2015-05-15,Siaya,16.02,25.46
2015-05-16,Siaya,16.79,16.69
2015-05-17,Siaya,13.42,26.21
2015-05-18,Siaya,14.77,23.38
2015-05-19,Siaya,13.13,23.13
2015-05-20,Siaya,13.89,24.69
2015-05-21,Siaya,18.85,22.87
2015-05-22,Siaya,9.86,17.82
2015-05-23,Siaya,20.35,23.94
2015-05-24,Siaya,18.97,27.48
2015-05-25,Siaya,21.07,25.33
2015-05-26,Siaya,19.46,24.46
2015-05-27,Siaya,17.68,15.5
2015-05-28,Siaya,8.14,20.96
2015-05-29,Siaya,19.3,19.5
2015-05-30,Siaya,18.44,19.39
2015-05-31,Siaya,20.14,21.92
2015-06-01,Siaya,2.52,24.99
2015-06-02,Siaya,1.13,18.11
2015-06-03,Siaya,3.58,22.55
2015-06-04,Siaya,3.29,23.16
2015-06-05,Siaya,5.39,22.55
2015-06-06,Siaya,8.41,19.17
2015-06-07,Siaya,6.66,23.69
2015-06-08,Siaya,2.52,24.86
2015-06-09,Siaya,3.0,25.45
2015-06-10,Siaya,6.73,19.72
2015-06-11,Siaya,3.74,22.9
2015-06-12,Siaya,3.6,23.25
2015-06-13,Siaya,3.09,20.89
2015-06-14,Siaya,6.34,26.0
2015-06-15,Siaya,3.74,24.3
2015-06-16,Siaya,5.37,20.76
2015-06-17,Siaya,8.37,14.43
2015-06-18,Siaya,6.57,19.13
2015-06-19,Siaya,9.09,22.09
2015-06-20,Siaya,3.78,25.57
2015-06-21,Siaya,7.08,25.48
2015-06-22,Siaya,3.71,23.54
2015-06-23,Siaya,5.41,21.9
2015-06-24,Siaya,7.99,18.92
2015-06-25,Siaya,8.62,25.82
2015-06-26,Siaya,5.97,26.22
2015-06-27,Siaya,7.56,18.98
2015-06-28,Siaya,4.07,26.14
2015-06-29,Siaya,7.7,19.37
2015-06-30,Siaya,2.74,24.55
2015-07-01,Siaya,3.12,27.62
2015-07-02,Siaya,7.68,24.58
2015-07-03,Siaya,3.32,21.32
2015-07-04,Siaya,3.86,24.59
2015-07-05,Siaya,4.96,25.36
2015-07-06,Siaya,5.03,26.67
2015-07-07,Siaya,3.92,24.52
2015-07-08,Siaya,7.07,24.52
2015-07-09,Siaya,6.79,22.0
2015-07-10,Siaya,3.22,20.32
2015-07-11,Siaya,3.98,25.17
2015-07-12,Siaya,4.68,22.68
2015-07-13,Siaya,7.74,28.45
2015-07-14,Siaya,5.35,22.24
2015-07-15,Siaya,7.65,27.68
2015-07-16,Siaya,0.0,24.36
2015-07-17,Siaya,2.29,23.35
2015-07-18,Siaya,4.65,18.37
2015-07-19,Siaya,7.34,23.12
2015-07-20,Siaya,8.58,21.52
2015-07-21,Siaya,4.39,25.29
2015-07-22,Siaya,5.33,26.13
2015-07-23,Siaya,5.4,24.65
2015-07-24,Siaya,7.27,22.02
2015-07-25,Siaya,7.92,25.6
2015-07-26,Siaya,1.53,27.67
2015-07-27,Siaya,4.46,25.29
2015-07-28,Siaya,6.86,23.63
2015-07-29,Siaya,4.12,26.46
2015-07-30,Siaya,7.34,24.35
2015-07-31,Siaya,0.0,27.77
2015-08-01,Siaya,5.83,18.2
2015-08-02,Siaya,4.25,23.08
2015-08-03,Siaya,5.16,20.27
2015-08-04,Siaya,3.63,26.42
2015-08-05,Siaya,6.59,26.25
2015-08-06,Siaya,7.18,20.26
2015-08-07,Siaya,4.14,24.49
2015-08-08,Siaya,2.17,21.02
2015-08-09,Siaya,8.76,31.06
2015-08-10,Siaya,2.08,21.31
2015-08-11,Siaya,2.86,24.73
2015-08-12,Siaya,6.8,24.61
2015-08-13,Siaya,4.72,25.26
2015-08-14,Siaya,4.75,22.47
2015-08-15,Siaya,5.72,23.72
2015-08-16,Siaya,6.0,19.48
2015-08-17,Siaya,6.69,26.7
2015-08-18,Siaya,11.24,26.58
2015-08-19,Siaya,5.27,29.14
2015-08-20,Siaya,6.84,23.03
2015-08-21,Siaya,3.12,27.6
2015-08-22,Siaya,4.19,23.79
2015-08-23,Siaya,6.73,27.13
2015-08-24,Siaya,5.29,20.54
2015-08-25,Siaya,3.97,22.76
2015-08-26,Siaya,2.07,23.54
2015-08-27,Siaya,6.19,25.51
2015-08-28,Siaya,4.46,24.94
2015-08-29,Siaya,5.2,25.13
2015-08-30,Siaya,3.29,24.53
2015-08-31,Siaya,4.25,24.98
2015-09-01,Siaya,7.59,21.15
2015-09-02,Siaya,7.28,31.79
2015-09-03,Siaya,6.99,21.28
2015-09-04,Siaya,5.46,26.47
2015-09-05,Siaya,5.17,26.79
2015-09-06,Siaya,9.29,25.05
2015-09-07,Siaya,3.34,26.0
2015-09-08,Siaya,3.85,28.58
2015-09-09,Siaya,5.61,23.52
2015-09-10,Siaya,4.1,21.41
2015-09-11,Siaya,4.39,27.61
2015-09-12,Siaya,3.95,20.27
2015-09-13,Siaya,6.13,21.56
2015-09-14,Siaya,5.98,25.31
2015-09-15,Siaya,1.72,25.93
2015-09-16,Siaya,7.93,20.6
2015-09-17,Siaya,4.12,21.9
2015-09-18,Siaya,7.06,18.48
2015-09-19,Siaya,4.82,22.67
2015-09-20,Siaya,2.81,21.77
2015-09-21,Siaya,6.19,20.67
2015-09-22,Siaya,6.21,29.72
2015-09-23,Siaya,6.34,19.03
2015-09-24,Siaya,4.79,23.08
2015-09-25,Siaya,7.87,23.49
2015-09-26,Siaya,2.77,23.68
2015-09-27,Siaya,8.22,28.39
2015-09-28,Siaya,3.18,20.44
2015-09-29,Siaya,6.9,20.35
2015-09-30,Siaya,2.53,21.02
2015-10-01,Siaya,14.56,22.47
2015-10-02,Siaya,19.9,19.27
2015-10-03,Siaya,12.22,21.42
2015-10-04,Siaya,12.71,22.47
2015-10-05,Siaya,14.54,25.84
2015-10-06,Siaya,4.32,24.66
2015-10-07,Siaya,6.42,23.51
2015-10-08,Siaya,8.49,22.82
2015-10-09,Siaya,10.51,24.72
2015-10-10,Siaya,11.82,20.75
2015-10-11,Siaya,15.54,23.71
2015-10-12,Siaya,12.06,21.72
2015-10-13,Siaya,11.54,25.02
2015-10-14,Siaya,6.65,21.93
2015-10-15,Siaya,13.06,20.91
2015-10-16,Siaya,11.03,25.2
2015-10-17,Siaya,10.42,28.56
2015-10-18,Siaya,8.11,27.17
2015-10-19,Siaya,7.41,27.7
2015-10-20,Siaya,4.22,29.47
2015-10-21,Siaya,11.64,18.67
2015-10-22,Siaya,9.34,22.25
2015-10-23,Siaya,6.88,23.81
2015-10-24,Siaya,15.16,26.39
2015-10-25,Siaya,13.2,26.09
2015-10-26,Siaya,8.09,30.07
2015-10-27,Siaya,8.58,25.77
2015-10-28,Siaya,11.55,26.48
2015-10-29,Siaya,13.31,25.52
2015-10-30,Siaya,8.97,19.71
2015-10-31,Siaya,12.18,24.76
2015-11-01,Siaya,4.61,22.3
2015-11-02,Siaya,9.5,27.02
2015-11-03,Siaya,14.4,26.33
2015-11-04,Siaya,5.09,22.5
2015-11-05,Siaya,9.69,21.77
2015-11-06,Siaya,8.87,20.91
2015-11-07,Siaya,4.77,28.21
2015-11-08,Siaya,8.92,22.15
2015-11-09,Siaya,7.4,25.03
2015-11-10,Siaya,4.51,22.98
2015-11-11,Siaya,17.58,19.7
2015-11-12,Siaya,11.23,23.26
2015-11-13,Siaya,8.16,22.61
2015-11-14,Siaya,12.28,25.83
2015-11-15,Siaya,8.1,24.09
2015-11-16,Siaya,5.68,21.94
2015-11-17,Siaya,7.84,23.65
2015-11-18,Siaya,7.11,27.81
2015-11-19,Siaya,11.3,22.77
2015-11-20,Siaya,9.51,22.95
2015-11-21,Siaya,6.86,27.11
2015-11-22,Siaya,13.24,23.19
2015-11-23,Siaya,3.76,24.46
2015-11-24,Siaya,5.4,17.96
2015-11-25,Siaya,9.44,26.61
2015-11-26,Siaya,12.7,21.51
2015-11-27,Siaya,13.53,26.22
2015-11-28,Siaya,17.73,28.31
2015-11-29,Siaya,11.63,24.04
2015-11-30,Siaya,14.02,27.05
2015-12-01,Siaya,3.26,21.29
2015-12-02,Siaya,6.43,26.21
2015-12-03,Siaya,6.44,29.99
2015-12-04,Siaya,6.78,26.76
2015-12-05,Siaya,5.36,23.52
2015-12-06,Siaya,6.74,28.26
2015-12-07,Siaya,6.8,22.35
2015-12-08,Siaya,5.04,29.89
2015-12-09,Siaya,5.62,22.13
2015-12-10,Siaya,5.43,24.67
2015-12-11,Siaya,3.7,18.04
2015-12-12,Siaya,8.94,21.69
2015-12-13,Siaya,5.25,22.02
2015-12-14,Siaya,7.4,26.76
2015-12-15,Siaya,8.29,21.42
2015-12-16,Siaya,2.64,22.32
2015-12-17,Siaya,4.07,25.75
2015-12-18,Siaya,6.22,21.77
2015-12-19,Siaya,7.18,26.29
2015-12-20,Siaya,6.6,24.77
2015-12-21,Siaya,4.84,29.65
2015-12-22,Siaya,5.75,23.84
2015-12-23,Siaya,5.13,25.58
2015-12-24,Siaya,8.27,22.49
2015-12-25,Siaya,0.66,21.5
2015-12-26,Siaya,5.9,26.48
2015-12-27,Siaya,3.32,27.14
2015-12-28,Siaya,2.3,21.02
2015-12-29,Siaya,5.76,15.23
2015-12-30,Siaya,2.87,23.16
2015-12-31,Siaya,9.9,19.69
2016-01-01,Siaya,6.07,20.48
2016-01-02,Siaya,5.01,22.23
2016-01-03,Siaya,2.59,24.64
2016-01-04,Siaya,4.96,24.95
2016-01-05,Siaya,5.96,28.64
2016-01-06,Siaya,3.45,20.88
2016-01-07,Siaya,9.77,20.95
2016-01-08,Siaya,2.36,29.44
2016-01-09,Siaya,3.78,23.66
2016-01-10,Siaya,4.21,25.94
2016-01-11,Siaya,4.58,26.39
2016-01-12,Siaya,6.18,31.4
2016-01-13,Siaya,5.3,21.38
2016-01-14,Siaya,6.92,20.83
2016-01-15,Siaya,0.66,27.18
2016-01-16,Siaya,2.74,28.67
2016-01-17,Siaya,7.69,23.5
2016-01-18,Siaya,8.63,21.55
2016-01-19,Siaya,3.83,25.21
2016-01-20,Siaya,3.91,20.24
2016-01-21,Siaya,8.37,23.28
2016-01-22,Siaya,6.38,26.54
2016-01-23,Siaya,4.75,21.16
2016-01-24,Siaya,4.23,20.78
2016-01-25,Siaya,1.86,19.16
2016-01-26,Siaya,8.97,21.93
2016-01-27,Siaya,3.65,25.4
2016-01-28,Siaya,4.08,24.04
2016-01-29,Siaya,2.84,25.35
2016-01-30,Siaya,5.21,23.9
2016-01-31,Siaya,5.86,27.03
2016-02-01,Siaya,5.8,26.34
2016-02-02,Siaya,4.97,21.37
2016-02-03,Siaya,6.73,22.38
2016-02-04,Siaya,7.0,24.41
2016-02-05,Siaya,2.6,21.19
2016-02-06,Siaya,5.13,25.0
2016-02-07,Siaya,3.37,24.54
2016-02-08,Siaya,7.82,22.79
2016-02-09,Siaya,4.65,23.33
2016-02-10,Siaya,4.72,22.71
2016-02-11,Siaya,7.02,25.67
2016-02-12,Siaya,4.87,19.52
2016-02-13,Siaya,2.43,18.94
2016-02-14,Siaya,8.48,18.0
2016-02-15,Siaya,7.59,28.02
2016-02-16,Siaya,4.04,22.3
2016-02-17,Siaya,3.36,24.33
2016-02-18,Siaya,6.18,20.41
2016-02-19,Siaya,7.39,19.45
2016-02-20,Siaya,5.71,29.85
2016-02-21,Siaya,3.88,25.11
2016-02-22,Siaya,4.66,23.34
2016-02-23,Siaya,2.49,26.63
2016-02-24,Siaya,5.46,19.99
2016-02-25,Siaya,3.72,22.8
2016-02-26,Siaya,8.59,26.33
2016-02-27,Siaya,3.98,21.46
2016-02-28,Siaya,3.62,20.54
2016-02-29,Siaya,5.67,21.22
2016-03-01,Siaya,19.27,25.54
2016-03-02,Siaya,14.35,27.76
2016-03-03,Siaya,24.28,24.99
2016-03-04,Siaya,16.04,20.88
2016-03-05,Siaya,9.3,18.78
2016-03-06,Siaya,18.48,29.76
2016-03-07,Siaya,23.82,20.53
2016-03-08,Siaya,10.16,28.22
2016-03-09,Siaya,14.76,20.46
2016-03-10,Siaya,17.42,22.01
2016-03-11,Siaya,9.01,24.58
2016-03-12,Siaya,21.05,22.26
2016-03-13,Siaya,14.09,24.36
2016-03-14,Siaya,6.87,22.94
2016-03-15,Siaya,17.04,24.44
2016-03-16,Siaya,13.15,23.27
2016-03-17,Siaya,11.75,27.73
2016-03-18,Siaya,9.43,25.8
2016-03-19,Siaya,14.46,24.9
2016-03-20,Siaya,14.77,18.25
2016-03-21,Siaya,16.03,23.56
2016-03-22,Siaya,29.02,18.97
2016-03-23,Siaya,17.91,24.71
2016-03-24,Siaya,21.05,22.11
2016-03-25,Siaya,11.34,22.98
2016-03-26,Siaya,11.3,19.2
2016-03-27,Siaya,19.7,22.73
2016-03-28,Siaya,11.39,26.24
2016-03-29,Siaya,12.35,23.67
2016-03-30,Siaya,12.87,26.84
2016-03-31,Siaya,17.9,20.87
2016-04-01,Siaya,22.29,23.87
2016-04-02,Siaya,12.34,23.7
2016-04-03,Siaya,11.31,27.93
2016-04-04,Siaya,6.98,26.08
2016-04-05,Siaya,17.29,25.78
2016-04-06,Siaya,19.02,21.37
2016-04-07,Siaya,10.59,25.71
2016-04-08,Siaya,23.91,20.8
2016-04-09,Siaya,15.07,24.48
2016-04-10,Siaya,24.85,24.47
2016-04-11,Siaya,12.81,23.53
2016-04-12,Siaya,21.18,22.94
2016-04-13,Siaya,6.11,20.24
2016-04-14,Siaya,9.85,26.81
2016-04-15,Siaya,23.19,25.37
2016-04-16,Siaya,21.66,23.38
2016-04-17,Siaya,13.33,28.33
2016-04-18,Siaya,8.51,19.49
2016-04-19,Siaya,25.89,24.8
2016-04-20,Siaya,14.71,21.28
2016-04-21,Siaya,17.1,27.12
2016-04-22,Siaya,12.51,22.66
2016-04-23,Siaya,14.76,23.94
2016-04-24,Siaya,18.6,24.17
2016-04-25,Siaya,6.3,26.54
2016-04-26,Siaya,14.63,26.77
2016-04-27,Siaya,10.42,19.45
2016-04-28,Siaya,19.87,18.66
2016-04-29,Siaya,16.26,21.97
2016-04-30,Siaya,16.79,25.89
2016-05-01,Siaya,15.86,29.07
2016-05-02,Siaya,11.16,24.84
2016-05-03,Siaya,5.1,18.03
2016-05-04,Siaya,18.13,25.89
2016-05-05,Siaya,12.19,21.52
2016-05-06,Siaya,12.86,28.73
2016-05-07,Siaya,11.66,22.5
2016-05-08,Siaya,1.02,20.37
2016-05-09,Siaya,20.65,23.66
2016-05-10,Siaya,10.91,22.24
2016-05-11,Siaya,21.04,23.61
2016-05-12,Siaya,7.84,22.59
2016-05-13,Siaya,16.67,22.04
2016-05-14,Siaya,17.2,19.5
2016-05-15,Siaya,11.48,24.6
2016-05-16,Siaya,21.42,22.36
2016-05-17,Siaya,15.97,29.22
2016-05-18,Siaya,14.88,17.66
2016-05-19,Siaya,23.37,27.25
2016-05-20,Siaya,15.09,27.1
2016-05-21,Siaya,8.46,25.38
2016-05-22,Siaya,10.16,23.45
2016-05-23,Siaya,9.72,23.16
2016-05-24,Siaya,6.23,23.73
2016-05-25,Siaya,22.94,24.82
2016-05-26,Siaya,13.24,20.42
2016-05-27,Siaya,14.85,26.16
2016-05-28,Siaya,11.18,25.09
2016-05-29,Siaya,17.34,22.29
2016-05-30,Siaya,19.07,25.98
2016-05-31,Siaya,17.13,28.38
2016-06-01,Siaya,10.15,24.39
2016-06-02,Siaya,2.48,17.29
2016-06-03,Siaya,4.16,27.69
2016-06-04,Siaya,3.05,25.24
2016-06-05,Siaya,3.11,25.32
2016-06-06,Siaya,3.27,24.63
2016-06-07,Siaya,4.65,25.92
2016-06-08,Siaya,6.46,21.73
2016-06-09,Siaya,2.97,22.81
2016-06-10,Siaya,5.9,21.36
2016-06-11,Siaya,4.38,22.28
2016-06-12,Siaya,5.13,24.25
2016-06-13,Siaya,3.92,26.89
2016-06-14,Siaya,3.12,25.19
2016-06-15,Siaya,2.2,24.08
2016-06-16,Siaya,5.64,21.55
2016-06-17,Siaya,1.11,25.36
2016-06-18,Siaya,5.08,21.95
2016-06-19,Siaya,7.92,21.78
2016-06-20,Siaya,3.77,21.94
2016-06-21,Siaya,2.37,23.77
2016-06-22,Siaya,3.01,27.92
2016-06-23,Siaya,2.73,23.68
2016-06-24,Siaya,2.43,19.52
2016-06-25,Siaya,5.01,24.23
2016-06-26,Siaya,6.1,22.89
2016-06-27,Siaya,3.62,18.88
2016-06-28,Siaya,2.25,30.77
2016-06-29,Siaya,2.91,22.86
2016-06-30,Siaya,1.52,25.39
2016-07-01,Siaya,8.36,23.23
2016-07-02,Siaya,6.98,29.21
2016-07-03,Siaya,3.93,29.04
2016-07-04,Siaya,2.99,25.16
2016-07-05,Siaya,5.4,24.88
2016-07-06,Siaya,5.47,22.95
2016-07-07,Siaya,5.67,28.48
2016-07-08,Siaya,5.66,26.33
2016-07-09,Siaya,4.01,22.56
2016-07-10,Siaya,1.32,25.35
2016-07-11,Siaya,0.0,22.71
2016-07-12,Siaya,6.24,21.41
2016-07-13,Siaya,4.0,20.36
2016-07-14,Siaya,3.76,19.52
2016-07-15,Siaya,5.59,25.62
2016-07-16,Siaya,6.17,29.31
2016-07-17,Siaya,2.83,27.33
2016-07-18,Siaya,5.16,19.17
2016-07-19,Siaya,8.41,28.65
2016-07-20,Siaya,4.4,25.89
2016-07-21,Siaya,7.48,23.67
2016-07-22,Siaya,5.2,24.9
2016-07-23,Siaya,4.65,29.79
2016-07-24,Siaya,1.07,24.08
2016-07-25,Siaya,3.37,24.67
2016-07-26,Siaya,5.45,24.29
2016-07-27,Siaya,8.02,23.9
2016-07-28,Siaya,5.51,20.32
2016-07-29,Siaya,4.51,21.21
2016-07-30,Siaya,5.36,20.27
2016-07-31,Siaya,5.42,25.91
2016-08-01,Siaya,6.07,26.09
2016-08-02,Siaya,6.16,23.84
2016-08-03,Siaya,4.24,27.19
2016-08-04,Siaya,6.83,18.37
2016-08-05,Siaya,7.35,21.28
2016-08-06,Siaya,6.56,20.02
2016-08-07,Siaya,3.47,27.41
2016-08-08,Siaya,7.12,24.59
2016-08-09,Siaya,6.62,20.96
2016-08-10,Siaya,8.11,24.98
2016-08-11,Siaya,2.24,26.11
2016-08-12,Siaya,9.48,26.6
2016-08-13,Siaya,8.5,22.36
2016-08-14,Siaya,6.92,19.98
2016-08-15,Siaya,5.76,20.09
2016-08-16,Siaya,6.49,23.27
2016-08-17,Siaya,5.81,26.22
2016-08-18,Siaya,5.17,23.25
2016-08-19,Siaya,3.4,25.1
2016-08-20,Siaya,9.95,19.85
2016-08-21,Siaya,4.87,22.73
2016-08-22,Siaya,6.47,25.67
2016-08-23,Siaya,3.79,24.99
2016-08-24,Siaya,1.51,21.51
2016-08-25,Siaya,2.5,23.99
2016-08-26,Siaya,4.9,28.53
2016-08-27,Siaya,6.53,30.24
2016-08-28,Siaya,3.6,20.83
2016-08-29,Siaya,5.3,23.46
2016-08-30,Siaya,7.88,20.39
2016-08-31,Siaya,2.83,22.56
2016-09-01,Siaya,3.64,25.28
2016-09-02,Siaya,10.7,19.71
2016-09-03,Siaya,5.71,21.19
2016-09-04,Siaya,3.75,25.03
2016-09-05,Siaya,1.99,23.09
2016-09-06,Siaya,6.66,23.39
2016-09-07,Siaya,5.04,27.65
2016-09-08,Siaya,4.83,21.36
2016-09-09,Siaya,4.05,24.47
2016-09-10,Siaya,2.89,27.47
2016-09-11,Siaya,7.88,26.44
2016-09-12,Siaya,7.35,22.0
2016-09-13,Siaya,3.63,27.63
2016-09-14,Siaya,3.48,21.74
2016-09-15,Siaya,3.33,28.74
2016-09-16,Siaya,7.16,22.12
2016-09-17,Siaya,4.97,25.5
2016-09-18,Siaya,6.9,26.81
2016-09-19,Siaya,5.25,28.37
2016-09-20,Siaya,6.51,20.56
2016-09-21,Siaya,7.42,19.45
2016-09-22,Siaya,6.73,20.39
2016-09-23,Siaya,1.34,23.23
2016-09-24,Siaya,2.51,19.66
2016-09-25,Siaya,5.83,23.37
2016-09-26,Siaya,2.26,20.09
2016-09-27,Siaya,4.22,26.72
2016-09-28,Siaya,7.22,19.0
2016-09-29,Siaya,7.07,29.68
2016-09-30,Siaya,3.8,26.27
2016-10-01,Siaya,6.79,22.09
2015-01-01,Kisumu,2.41,20.06
2015-01-02,Kisumu,4.93,30.31
2015-01-03,Kisumu,3.82,27.09
2015-01-04,Kisumu,2.85,26.02
2015-01-05,Kisumu,5.47,19.48
2015-01-06,Kisumu,6.26,22.47
2015-01-07,Kisumu,2.66,27.78
2015-01-08,Kisumu,3.71,25.87
2015-01-09,Kisumu,3.62,27.35
2015-01-10,Kisumu,6.1,27.51
2015-01-11,Kisumu,7.28,19.08
2015-01-12,Kisumu,3.44,26.17
2015-01-13,Kisumu,1.55,27.54
2015-01-14,Kisumu,5.11,22.23
2015-01-15,Kisumu,7.21,23.08
2015-01-16,Kisumu,5.02,18.46
2015-01-17,Kisumu,4.28,25.88
2015-01-18,Kisumu,1.37,25.11
2015-01-19,Kisumu,0.95,23.55
2015-01-20,Kisumu,5.68,23.89
2015-01-21,Kisumu,4.69,23.31
2015-01-22,Kisumu,4.81,20.12
2015-01-23,Kisumu,3.31,28.6
2015-01-24,Kisumu,1.87,23.99
2015-01-25,Kisumu,4.4,16.04
2015-01-26,Kisumu,3.7,22.16
2015-01-27,Kisumu,3.82,23.22
2015-01-28,Kisumu,4.42,27.26
2015-01-29,Kisumu,4.03,24.39
2015-01-30,Kisumu,6.04,25.99
2015-01-31,Kisumu,7.8,22.88
2015-02-01,Kisumu,3.48,22.19
2015-02-02,Kisumu,5.82,24.45
2015-02-03,Kisumu,10.54,22.12
2015-02-04,Kisumu,5.7,25.81
2015-02-05,Kisumu,5.14,29.81
2015-02-06,Kisumu,6.41,22.75
2015-02-07,Kisumu,2.52,23.48
2015-02-08,Kisumu,5.32,23.92
2015-02-09,Kisumu,4.0,23.55
2015-02-10,Kisumu,5.02,27.66
2015-02-11,Kisumu,5.45,27.02
2015-02-12,Kisumu,4.83,25.9
2015-02-13,Kisumu,3.48,25.59
2015-02-14,Kisumu,9.46,20.79
2015-02-15,Kisumu,1.51,21.62
2015-02-16,Kisumu,5.53,25.94
2015-02-17,Kisumu,5.01,24.37
2015-02-18,Kisumu,6.43,26.75
2015-02-19,Kisumu,3.6,22.05
2015-02-20,Kisumu,7.56,24.15
2015-02-21,Kisumu,2.82,28.12
2015-02-22,Kisumu,4.36,27.61
2015-02-23,Kisumu,7.28,25.36
2015-02-24,Kisumu,6.29,22.47
2015-02-25,Kisumu,3.55,23.59
2015-02-26,Kisumu,0.84,25.32
2015-02-27,Kisumu,5.1,23.66
2015-02-28,Kisumu,3.8,25.47
2015-03-01,Kisumu,22.97,22.52
2015-03-02,Kisumu,18.28,22.96
2015-03-03,Kisumu,20.61,22.28
2015-03-04,Kisumu,17.94,22.12
2015-03-05,Kisumu,21.47,24.21
2015-03-06,Kisumu,23.25,22.28
2015-03-07,Kisumu,12.67,27.6
2015-03-08,Kisumu,19.06,28.46
2015-03-09,Kisumu,10.37,23.81
2015-03-10,Kisumu,19.76,26.8
2015-03-11,Kisumu,13.54,26.93
2015-03-12,Kisumu,7.8,26.11
2015-03-13,Kisumu,13.53,23.33
2015-03-14,Kisumu,4.59,23.72
2015-03-15,Kisumu,18.42,24.57
2015-03-16,Kisumu,19.31,25.89
2015-03-17,Kisumu,7.17,19.92
2015-03-18,Kisumu,14.66,22.98
2015-03-19,Kisumu,19.58,21.02
2015-03-20,Kisumu,19.31,25.53
2015-03-21,Kisumu,20.82,23.41
2015-03-22,Kisumu,15.18,26.67
2015-03-23,Kisumu,17.7,21.53
2015-03-24,Kisumu,13.46,23.79
2015-03-25,Kisumu,19.9,21.51
2015-03-26,Kisumu,16.6,26.52
2015-03-27,Kisumu,28.88,25.35
2015-03-28,Kisumu,14.84,26.24
2015-03-29,Kisumu,16.91,22.45
2015-03-30,Kisumu,12.78,31.75
2015-03-31,Kisumu,18.04,21.45
2015-04-01,Kisumu,8.45,23.76
2015-04-02,Kisumu,11.42,23.99
2015-04-03,Kisumu,9.62,19.05
2015-04-04,Kisumu,11.62,24.3
2015-04-05,Kisumu,20.52,20.19
2015-04-06,Kisumu,21.8,20.55
2015-04-07,Kisumu,8.99,21.76
2015-04-08,Kisumu,15.02,24.55
2015-04-09,Kisumu,9.47,23.3
2015-04-10,Kisumu,21.79,21.69
2015-04-11,Kisumu,6.39,26.6
2015-04-12,Kisumu,9.52,25.1
2015-04-13,Kisumu,16.96,26.48
2015-04-14,Kisumu,25.19,20.32
2015-04-15,Kisumu,14.69,20.4
2015-04-16,Kisumu,16.51,22.24
2015-04-17,Kisumu,13.34,24.7
2015-04-18,Kisumu,20.62,27.33
2015-04-19,Kisumu,23.5,27.09
2015-04-20,Kisumu,9.31,26.1
2015-04-21,Kisumu,10.08,22.87
2015-04-22,Kisumu,15.25,25.17
2015-04-23,Kisumu,20.44,27.38
2015-04-24,Kisumu,19.58,21.4
2015-04-25,Kisumu,19.41,22.26
2015-04-26,Kisumu,19.54,20.02
2015-04-27,Kisumu,6.86,18.83
2015-04-28,Kisumu,9.49,26.49
2015-04-29,Kisumu,14.49,25.38
2015-04-30,Kisumu,9.84,20.82
2015-05-01,Kisumu,23.28,27.9
2015-05-02,Kisumu,12.79,25.51
2015-05-03,Kisumu,18.65,22.33
2015-05-04,Kisumu,11.01,24.56
2015-05-05,Kisumu,9.32,22.9
2015-05-06,Kisumu,14.26,25.21
2015-05-07,Kisumu,17.64,20.27
2015-05-08,Kisumu,14.64,25.53
2015-05-09,Kisumu,20.55,27.21
2015-05-10,Kisumu,17.77,20.89
2015-05-11,Kisumu,6.5,22.58
2015-05-12,Kisumu,17.99,18.51
2015-05-13,Kisumu,13.27,24.05
2015-05-14,Kisumu,13.47,23.61
2015-05-15,Kisumu,8.75,21.56
2015-05-16,Kisumu,23.17,28.58
2015-05-17,Kisumu,25.28,23.37
2015-05-18,Kisumu,23.18,25.35
2015-05-19,Kisumu,13.68,25.85
2015-05-20,Kisumu,13.41,18.2
2015-05-21,Kisumu,15.48,25.7
2015-05-22,Kisumu,20.48,26.0
2015-05-23,Kisumu,19.44,25.63
2015-05-24,Kisumu,10.05,23.45
2015-05-25,Kisumu,19.69,20.31
2015-05-26,Kisumu,7.93,26.68
2015-05-27,Kisumu,23.69,26.93
2015-05-28,Kisumu,18.1,26.39
2015-05-29,Kisumu,15.21,26.29
2015-05-30,Kisumu,15.16,21.64
2015-05-31,Kisumu,5.67,25.7
2015-06-01,Kisumu,0.51,19.34
2015-06-02,Kisumu,6.69,21.4
2015-06-03,Kisumu,4.83,20.15
2015-06-04,Kisumu,5.41,29.21
2015-06-05,Kisumu,5.26,20.81
2015-06-06,Kisumu,2.34,17.89
2015-06-07,Kisumu,7.62,24.95
2015-06-08,Kisumu,4.07,21.34
2015-06-09,Kisumu,6.36,24.19
2015-06-10,Kisumu,6.47,25.31
2015-06-11,Kisumu,5.22,24.34
2015-06-12,Kisumu,7.71,21.77
2015-06-13,Kisumu,7.14,22.69
2015-06-14,Kisumu,3.62,25.84
2015-06-15,Kisumu,5.16,25.78
2015-06-16,Kisumu,2.58,26.35
2015-06-17,Kisumu,7.19,24.48
2015-06-18,Kisumu,6.44,21.88
2015-06-19,Kisumu,6.04,26.14
2015-06-20,Kisumu,6.06,26.64
2015-06-21,Kisumu,2.1,24.83
2015-06-22,Kisumu,3.46,23.95
2015-06-23,Kisumu,0.24,24.23
2015-06-24,Kisumu,6.0,21.58
2015-06-25,Kisumu,4.13,21.64
2015-06-26,Kisumu,3.23,25.1
2015-06-27,Kisumu,4.64,21.46
2015-06-28,Kisumu,0.0,17.05
2015-06-29,Kisumu,5.16,25.03
2015-06-30,Kisumu,7.5,27.03
2015-07-01,Kisumu,6.27,22.41
2015-07-02,Kisumu,3.61,20.57
2015-07-03,Kisumu,3.76,21.91
2015-07-04,Kisumu,5.75,24.01
2015-07-05,Kisumu,1.71,21.44
2015-07-06,Kisumu,6.68,34.75
2015-07-07,Kisumu,5.41,21.15
2015-07-08,Kisumu,4.12,13.1
2015-07-09,Kisumu,4.58,27.26
2015-07-10,Kisumu,2.67,23.83
2015-07-11,Kisumu,4.18,24.56
2015-07-12,Kisumu,8.1,24.08
2015-07-13,Kisumu,4.73,26.12
2015-07-14,Kisumu,4.7,22.39
2015-07-15,Kisumu,7.48,26.14
2015-07-16,Kisumu,4.02,26.49
2015-07-17,Kisumu,3.42,21.96
2015-07-18,Kisumu,4.65,24.87
2015-07-19,Kisumu,3.88,24.34
2015-07-20,Kisumu,3.6,17.53
2015-07-21,Kisumu,3.08,24.72
2015-07-22,Kisumu,3.24,24.25
2015-07-23,Kisumu,4.46,20.06
2015-07-24,Kisumu,4.58,21.25
2015-07-25,Kisumu,6.97,26.33
2015-07-26,Kisumu,1.47,28.96
2015-07-27,Kisumu,5.68,23.72
2015-07-28,Kisumu,6.35,22.54
2015-07-29,Kisumu,5.56,22.13
2015-07-30,Kisumu,8.75,28.98
2015-07-31,Kisumu,8.42,19.58
2015-08-01,Kisumu,7.5,26.64
2015-08-02,Kisumu,5.02,24.55
2015-08-03,Kisumu,2.71,25.53
2015-08-04,Kisumu,3.54,23.5
2015-08-05,Kisumu,6.29,26.76
2015-08-06,Kisumu,6.09,25.98
2015-08-07,Kisumu,5.88,27.57
2015-08-08,Kisumu,3.19,23.0
2015-08-09,Kisumu,5.48,19.67
2015-08-10,Kisumu,3.16,23.63
2015-08-11,Kisumu,4.63,27.05
2015-08-12,Kisumu,6.32,22.06
2015-08-13,Kisumu,3.71,29.94
2015-08-14,Kisumu,5.61,18.62
2015-08-15,Kisumu,5.89,23.02
2015-08-16,Kisumu,6.32,25.64
2015-08-17,Kisumu,4.98,24.85
2015-08-18,Kisumu,6.36,25.96
2015-08-19,Kisumu,4.9,25.97
2015-08-20,Kisumu,6.68,25.08
2015-08-21,Kisumu,2.45,19.95
2015-08-22,Kisumu,3.09,23.79
2015-08-23,Kisumu,5.99,26.33
2015-08-24,Kisumu,2.94,21.16
2015-08-25,Kisumu,4.94,21.6
2015-08-26,Kisumu,5.95,24.8
2015-08-27,Kisumu,2.29,20.18
2015-08-28,Kisumu,0.11,21.26
2015-08-29,Kisumu,1.73,26.38
2015-08-30,Kisumu,4.56,28.4
2015-08-31,Kisumu,4.5,19.84
2015-09-01,Kisumu,4.54,19.76
2015-09-02,Kisumu,2.28,22.74
2015-09-03,Kisumu,6.73,23.73
2015-09-04,Kisumu,1.34,24.93
2015-09-05,Kisumu,6.75,21.87
2015-09-06,Kisumu,5.86,21.08
2015-09-07,Kisumu,4.01,19.38
2015-09-08,Kisumu,5.79,28.6
2015-09-09,Kisumu,4.43,15.41
2015-09-10,Kisumu,3.04,25.46
2015-09-11,Kisumu,2.35,22.82
2015-09-12,Kisumu,5.17,25.35
2015-09-13,Kisumu,2.52,20.58
2015-09-14,Kisumu,1.59,22.55
2015-09-15,Kisumu,4.12,22.24
2015-09-16,Kisumu,6.01,22.12
2015-09-17,Kisumu,3.61,25.11
2015-09-18,Kisumu,4.04,17.33
2015-09-19,Kisumu,3.61,30.67
2015-09-20,Kisumu,4.65,29.12
2015-09-21,Kisumu,3.89,20.97
2015-09-22,Kisumu,3.21,24.02
2015-09-23,Kisumu,3.35,23.75
2015-09-24,Kisumu,0.0,23.01
2015-09-25,Kisumu,4.38,21.87
2015-09-26,Kisumu,6.43,19.35
2015-09-27,Kisumu,3.02,23.41
2015-09-28,Kisumu,6.98,27.97
2015-09-29,Kisumu,4.3,25.55
2015-09-30,Kisumu,5.2,19.86
2015-10-01,Kisumu,5.19,25.95
2015-10-02,Kisumu,10.93,21.7
2015-10-03,Kisumu,10.79,22.04
2015-10-04,Kisumu,8.52,23.57
2015-10-05,Kisumu,13.38,23.76
2015-10-06,Kisumu,7.63,25.69
2015-10-07,Kisumu,11.3,25.37
2015-10-08,Kisumu,13.23,27.5
2015-10-09,Kisumu,3.45,21.19
2015-10-10,Kisumu,11.72,23.44
2015-10-11,Kisumu,10.95,24.09
2015-10-12,Kisumu,4.44,30.07
2015-10-13,Kisumu,9.61,26.25
2015-10-14,Kisumu,6.81,23.73
2015-10-15,Kisumu,13.16,25.02
2015-10-16,Kisumu,10.32,24.79
2015-10-17,Kisumu,7.81,25.66
2015-10-18,Kisumu,10.48,24.22
2015-10-19,Kisumu,5.72,21.71
2015-10-20,Kisumu,12.19,16.71
2015-10-21,Kisumu,8.33,23.82
2015-10-22,Kisumu,5.09,19.49
2015-10-23,Kisumu,12.4,19.05
2015-10-24,Kisumu,13.27,26.8
2015-10-25,Kisumu,16.97,16.66
2015-10-26,Kisumu,14.92,26.77
2015-10-27,Kisumu,10.4,22.65
2015-10-28,Kisumu,15.04,14.56
2015-10-29,Kisumu,9.96,23.02
2015-10-30,Kisumu,4.31,25.4
2015-10-31,Kisumu,11.78,20.39
2015-11-01,Kisumu,12.31,23.85
2015-11-02,Kisumu,9.87,26.09
2015-11-03,Kisumu,7.85,23.12
2015-11-04,Kisumu,11.9,22.28
2015-11-05,Kisumu,7.26,22.87
2015-11-06,Kisumu,11.84,22.27
2015-11-07,Kisumu,8.01,23.73
2015-11-08,Kisumu,4.6,20.86
2015-11-09,Kisumu,8.88,25.74
2015-11-10,Kisumu,9.67,26.54
2015-11-11,Kisumu,10.05,23.44
2015-11-12,Kisumu,3.83,21.28
2015-11-13,Kisumu,7.59,25.37
2015-11-14,Kisumu,4.15,20.28
2015-11-15,Kisumu,8.9,25.12
2015-11-16,Kisumu,15.27,26.33
2015-11-17,Kisumu,5.95,25.13
2015-11-18,Kisumu,9.29,18.79
2015-11-19,Kisumu,16.36,24.96
2015-11-20,Kisumu,8.2,25.47
2015-11-21,Kisumu,10.95,25.06
2015-11-22,Kisumu,16.81,26.5
2015-11-23,Kisumu,11.39,19.26
2015-11-24,Kisumu,9.12,23.96
2015-11-25,Kisumu,6.63,23.7
2015-11-26,Kisumu,11.68,21.93
2015-11-27,Kisumu,11.75,19.54
2015-11-28,Kisumu,11.99,20.71
2015-11-29,Kisumu,11.58,24.66
2015-11-30,Kisumu,10.6,28.13
2015-12-01,Kisumu,3.77,27.19
2015-12-02,Kisumu,9.18,23.47
2015-12-03,Kisumu,5.88,23.5
2015-12-04,Kisumu,3.55,20.39
2015-12-05,Kisumu,2.03,26.72
2015-12-06,Kisumu,3.77,26.77
2015-12-07,Kisumu,1.39,20.52
2015-12-08,Kisumu,6.43,24.08
2015-12-09,Kisumu,5.69,26.79
2015-12-10,Kisumu,7.07,23.7
2015-12-11,Kisumu,4.83,27.97
2015-12-12,Kisumu,9.54,24.78
2015-12-13,Kisumu,2.26,24.76
2015-12-14,Kisumu,1.66,24.24
2015-12-15,Kisumu,3.92,23.91
2015-12-16,Kisumu,7.35,31.39
2015-12-17,Kisumu,2.67,25.77
2015-12-18,Kisumu,5.34,26.97
2015-12-19,Kisumu,4.47,19.72
2015-12-20,Kisumu,3.58,24.88
2015-12-21,Kisumu,7.7,23.44
2015-12-22,Kisumu,4.25,23.88
2015-12-23,Kisumu,3.05,23.13
2015-12-24,Kisumu,3.55,26.72
2015-12-25,Kisumu,4.43,22.11
2015-12-26,Kisumu,6.21,21.43
2015-12-27,Kisumu,4.64,31.76
2015-12-28,Kisumu,4.75,26.0
2015-12-29,Kisumu,7.31,25.69
2015-12-30,Kisumu,4.21,19.13
2015-12-31,Kisumu,3.94,27.19
2016-01-01,Kisumu,5.42,29.81
2016-01-02,Kisumu,4.66,24.12
2016-01-03,Kisumu,4.39,16.35
2016-01-04,Kisumu,6.17,25.1
2016-01-05,Kisumu,2.34,23.23
2016-01-06,Kisumu,7.49,27.33
2016-01-07,Kisumu,4.74,24.94
2016-01-08,Kisumu,4.69,19.26
2016-01-09,Kisumu,4.9,23.42
2016-01-10,Kisumu,4.82,23.35
2016-01-11,Kisumu,5.43,26.04
2016-01-12,Kisumu,2.66,26.84
2016-01-13,Kisumu,4.48,19.43
2016-01-14,Kisumu,6.3,22.14
2016-01-15,Kisumu,4.15,23.0
2016-01-16,Kisumu,4.86,25.29
2016-01-17,Kisumu,4.63,21.92
2016-01-18,Kisumu,5.33,18.34
2016-01-19,Kisumu,1.51,24.34
2016-01-20,Kisumu,5.79,24.69
2016-01-21,Kisumu,5.09,23.7
2016-01-22,Kisumu,2.63,22.41
2016-01-23,Kisumu,6.51,22.63
2016-01-24,Kisumu,5.14,25.09
2016-01-25,Kisumu,6.62,24.14
2016-01-26,Kisumu,8.68,24.82
2016-01-27,Kisumu,0.02,27.81
2016-01-28,Kisumu,3.46,23.3
2016-01-29,Kisumu,7.24,20.8
2016-01-30,Kisumu,4.14,24.74
2016-01-31,Kisumu,8.31,20.87
2016-02-01,Kisumu,2.72,25.7
2016-02-02,Kisumu,5.95,22.14
2016-02-03,Kisumu,5.99,28.28
2016-02-04,Kisumu,7.48,25.05
2016-02-05,Kisumu,4.63,21.54
2016-02-06,Kisumu,4.63,21.14
2016-02-07,Kisumu,6.56,24.25
2016-02-08,Kisumu,4.25,23.16
2016-02-09,Kisumu,7.98,23.81
2016-02-10,Kisumu,6.9,22.85
2016-02-11,Kisumu,5.16,22.83
2016-02-12,Kisumu,8.42,22.85
2016-02-13,Kisumu,4.77,24.51
2016-02-14,Kisumu,6.75,25.71
2016-02-15,Kisumu,3.82,16.48
2016-02-16,Kisumu,0.86,24.91
2016-02-17,Kisumu,6.62,25.58
2016-02-18,Kisumu,3.3,27.32
2016-02-19,Kisumu,3.98,18.5
2016-02-20,Kisumu,3.97,23.37
2016-02-21,Kisumu,2.07,27.27
2016-02-22,Kisumu,4.2,20.75
2016-02-23,Kisumu,5.92,29.14
2016-02-24,Kisumu,8.04,21.41
2016-02-25,Kisumu,0.0,22.27
2016-02-26,Kisumu,4.26,22.08
2016-02-27,Kisumu,2.9,21.16
2016-02-28,Kisumu,1.26,27.27
2016-02-29,Kisumu,0.0,28.67
2016-03-01,Kisumu,13.38,21.37
2016-03-02,Kisumu,15.5,28.2
2016-03-03,Kisumu,15.02,26.49
2016-03-04,Kisumu,23.0,27.26
2016-03-05,Kisumu,8.6,25.41
2016-03-06,Kisumu,22.89,26.46
2016-03-07,Kisumu,27.98,25.5
2016-03-08,Kisumu,29.48,26.72
2016-03-09,Kisumu,18.23,20.98
2016-03-10,Kisumu,17.73,25.2
2016-03-11,Kisumu,16.12,25.81
2016-03-12,Kisumu,8.89,22.31
2016-03-13,Kisumu,14.64,20.36
2016-03-14,Kisumu,10.44,24.31
2016-03-15,Kisumu,26.66,24.87
2016-03-16,Kisumu,21.96,18.99
2016-03-17,Kisumu,24.37,25.97
2016-03-18,Kisumu,10.01,23.67
2016-03-19,Kisumu,18.97,21.82
2016-03-20,Kisumu,15.16,25.55
2016-03-21,Kisumu,7.99,21.18
2016-03-22,Kisumu,22.63,18.0
2016-03-23,Kisumu,9.68,23.01
2016-03-24,Kisumu,13.95,22.45
2016-03-25,Kisumu,7.52,24.24
2016-03-26,Kisumu,17.43,29.53
2016-03-27,Kisumu,21.78,27.59
2016-03-28,Kisumu,10.09,23.61
2016-03-29,Kisumu,18.0,25.72
2016-03-30,Kisumu,17.45,25.87
2016-03-31,Kisumu,10.17,23.64
2016-04-01,Kisumu,12.12,23.43
2016-04-02,Kisumu,17.92,19.34
2016-04-03,Kisumu,6.95,27.64
2016-04-04,Kisumu,13.98,21.22
2016-04-05,Kisumu,12.93,23.12
2016-04-06,Kisumu,12.43,25.25
2016-04-07,Kisumu,20.71,27.31
2016-04-08,Kisumu,4.35,18.67
2016-04-09,Kisumu,15.72,27.87
2016-04-10,Kisumu,23.7,25.42
2016-04-11,Kisumu,9.34,27.56
2016-04-12,Kisumu,16.34,22.9
2016-04-13,Kisumu,20.08,23.19
2016-04-14,Kisumu,19.81,23.29
2016-04-15,Kisumu,17.16,25.25
2016-04-16,Kisumu,12.35,24.22
2016-04-17,Kisumu,6.89,27.7
2016-04-18,Kisumu,11.12,21.03
2016-04-19,Kisumu,20.93,25.97
2016-04-20,Kisumu,12.05,19.5
2016-04-21,Kisumu,11.83,26.72
2016-04-22,Kisumu,15.8,24.13
2016-04-23,Kisumu,12.05,20.5
2016-04-24,Kisumu,17.54,27.39
2016-04-25,Kisumu,15.01,20.56
2016-04-26,Kisumu,14.11,28.59
2016-04-27,Kisumu,7.02,22.57
2016-04-28,Kisumu,15.47,26.01
2016-04-29,Kisumu,18.96,28.61
2016-04-30,Kisumu,7.18,25.86
2016-05-01,Kisumu,19.67,24.71
2016-05-02,Kisumu,12.38,28.22
2016-05-03,Kisumu,16.62,26.04
2016-05-04,Kisumu,13.27,24.62
2016-05-05,Kisumu,21.89,22.08
2016-05-06,Kisumu,20.02,17.2
2016-05-07,Kisumu,19.82,26.7
2016-05-08,Kisumu,15.78,25.76
2016-05-09,Kisumu,17.14,25.62
2016-05-10,Kisumu,8.03,22.2
2016-05-11,Kisumu,8.05,26.66
2016-05-12,Kisumu,19.22,21.26
2016-05-13,Kisumu,15.8,26.1
2016-05-14,Kisumu,20.91,22.41
2016-05-15,Kisumu,13.26,28.3
2016-05-16,Kisumu,13.23,20.11
2016-05-17,Kisumu,10.86,27.12
2016-05-18,Kisumu,12.56,25.31
2016-05-19,Kisumu,24.54,27.29
2016-05-20,Kisumu,14.43,26.42
2016-05-21,Kisumu,11.88,22.18
2016-05-22,Kisumu,8.23,27.63
2016-05-23,Kisumu,14.02,25.06
2016-05-24,Kisumu,0.49,21.23
2016-05-25,Kisumu,22.24,27.27
2016-05-26,Kisumu,10.44,16.58
2016-05-27,Kisumu,17.42,17.96
2016-05-28,Kisumu,20.99,29.28
2016-05-29,Kisumu,16.39,22.73
2016-05-30,Kisumu,22.54,24.31
2016-05-31,Kisumu,13.9,23.42
2016-06-01,Kisumu,5.34,29.01
2016-06-02,Kisumu,6.16,23.59
2016-06-03,Kisumu,3.75,23.74
2016-06-04,Kisumu,3.61,22.0
2016-06-05,Kisumu,6.53,20.35
2016-06-06,Kisumu,2.8,22.52
2016-06-07,Kisumu,1.41,22.92
2016-06-08,Kisumu,3.71,17.19
2016-06-09,Kisumu,3.59,21.16
2016-06-10,Kisumu,4.37,30.29
2016-06-11,Kisumu,5.72,28.29
2016-06-12,Kisumu,5.2,20.17
2016-06-13,Kisumu,3.3,22.0
2016-06-14,Kisumu,4.02,25.48
2016-06-15,Kisumu,7.7,24.41
2016-06-16,Kisumu,2.14,25.21
2016-06-17,Kisumu,5.28,18.32
2016-06-18,Kisumu,3.47,24.26
2016-06-19,Kisumu,6.35,23.76
2016-06-20,Kisumu,7.2,28.64
2016-06-21,Kisumu,0.31,25.68
2016-06-22,Kisumu,4.69,28.75
2016-06-23,Kisumu,2.98,26.61
2016-06-24,Kisumu,1.85,19.38
2016-06-25,Kisumu,3.76,27.82
2016-06-26,Kisumu,9.04,25.96
2016-06-27,Kisumu,4.59,27.24
2016-06-28,Kisumu,4.66,27.39
2016-06-29,Kisumu,2.1,20.18
2016-06-30,Kisumu,6.57,26.54
2016-07-01,Kisumu,6.28,25.69
2016-07-02,Kisumu,3.1,20.16
2016-07-03,Kisumu,4.34,19.76
2016-07-04,Kisumu,8.32,25.96
2016-07-05,Kisumu,5.45,28.81
2016-07-06,Kisumu,5.1,26.85
2016-07-07,Kisumu,3.94,22.55
2016-07-08,Kisumu,7.14,26.22
2016-07-09,Kisumu,4.41,27.94
2016-07-10,Kisumu,0.0,18.19
2016-07-11,Kisumu,4.49,25.38
2016-07-12,Kisumu,7.04,25.03
2016-07-13,Kisumu,8.02,25.86
2016-07-14,Kisumu,4.37,19.82
2016-07-15,Kisumu,5.07,25.21
2016-07-16,Kisumu,3.87,26.93
2016-07-17,Kisumu,1.6,21.15
2016-07-18,Kisumu,8.53,23.06
2016-07-19,Kisumu,3.3,21.17
2016-07-20,Kisumu,4.8,28.56
2016-07-21,Kisumu,0.0,24.45
2016-07-22,Kisumu,5.1,23.21
2016-07-23,Kisumu,2.92,23.78
2016-07-24,Kisumu,2.86,24.39
2016-07-25,Kisumu,3.21,23.84
2016-07-26,Kisumu,4.04,20.38
2016-07-27,Kisumu,6.28,29.87
2016-07-28,Kisumu,7.77,31.7
2016-07-29,Kisumu,3.57,25.48
2016-07-30,Kisumu,8.6,25.16
2016-07-31,Kisumu,7.16,18.76
2016-08-01,Kisumu,8.1,25.21
2016-08-02,Kisumu,5.04,22.34
2016-08-03,Kisumu,3.63,22.89
2016-08-04,Kisumu,2.79,21.16
2016-08-05,Kisumu,0.12,20.9
2016-08-06,Kisumu,4.63,26.64
2016-08-07,Kisumu,4.86,27.03
2016-08-08,Kisumu,3.82,22.77
2016-08-09,Kisumu,7.06,19.43
2016-08-10,Kisumu,3.9,29.79
2016-08-11,Kisumu,2.96,30.73
2016-08-12,Kisumu,3.19,21.65
2016-08-13,Kisumu,0.53,27.42
2016-08-14,Kisumu,3.01,24.95
2016-08-15,Kisumu,6.16,25.17
2016-08-16,Kisumu,4.85,22.86
2016-08-17,Kisumu,1.27,21.95
2016-08-18,Kisumu,2.12,19.15
2016-08-19,Kisumu,5.39,23.37
2016-08-20,Kisumu,8.67,13.17
2016-08-21,Kisumu,3.71,29.3
2016-08-22,Kisumu,4.59,21.29
2016-08-23,Kisumu,4.18,25.22
2016-08-24,Kisumu,5.95,22.8
2016-08-25,Kisumu,6.43,21.62
2016-08-26,Kisumu,3.75,25.18
2016-08-27,Kisumu,8.76,25.12
2016-08-28,Kisumu,2.51,27.41
2016-08-29,Kisumu,0.85,28.57
2016-08-30,Kisumu,5.93,22.53
2016-08-31,Kisumu,4.19,26.63
2016-09-01,Kisumu,1.86,26.93
2016-09-02,Kisumu,4.02,22.77
2016-09-03,Kisumu,5.29,24.06
2016-09-04,Kisumu,5.5,28.36
2016-09-05,Kisumu,2.94,24.37
2016-09-06,Kisumu,4.96,25.01
2016-09-07,Kisumu,8.11,22.43
2016-09-08,Kisumu,3.56,18.51
2016-09-09,Kisumu,6.07,26.38
2016-09-10,Kisumu,5.62,23.48
2016-09-11,Kisumu,3.15,26.51
2016-09-12,Kisumu,3.22,25.09
2016-09-13,Kisumu,2.08,21.72
2016-09-14,Kisumu,6.67,23.52
2016-09-15,Kisumu,7.81,25.73
2016-09-16,Kisumu,4.92,26.6
2016-09-17,Kisumu,4.44,28.53
2016-09-18,Kisumu,2.75,20.52
2016-09-19,Kisumu,5.42,23.86
2016-09-20,Kisumu,4.06,20.16
2016-09-21,Kisumu,8.0,27.65
2016-09-22,Kisumu,3.79,23.09
2016-09-23,Kisumu,5.62,23.9
2016-09-24,Kisumu,3.99,17.77
2016-09-25,Kisumu,5.38,24.78
2016-09-26,Kisumu,6.0,20.99
2016-09-27,Kisumu,3.27,25.75
2016-09-28,Kisumu,8.89,25.45
2016-09-29,Kisumu,2.03,22.94
2016-09-30,Kisumu,2.6,24.62
2016-10-01,Kisumu,13.42,27.42
2015-01-01,Homa Bay,1.06,21.91
2015-01-02,Homa Bay,1.8,19.65
2015-01-03,Homa Bay,3.63,28.75
2015-01-04,Homa Bay,6.67,24.94
2015-01-05,Homa Bay,8.73,28.99
2015-01-06,Homa Bay,7.36,22.93
2015-01-07,Homa Bay,4.21,25.44
2015-01-08,Homa Bay,3.29,24.65
2015-01-09,Homa Bay,7.39,24.18
2015-01-10,Homa Bay,4.62,27.09
2015-01-11,Homa Bay,4.29,21.62
2015-01-12,Homa Bay,6.19,25.25
2015-01-13,Homa Bay,3.67,25.11
2015-01-14,Homa Bay,4.45,25.49
2015-01-15,Homa Bay,6.08,26.1
2015-01-16,Homa Bay,9.24,21.88
2015-01-17,Homa Bay,9.19,26.16
2015-01-18,Homa Bay,0.89,24.31
2015-01-19,Homa Bay,8.05,25.92
2015-01-20,Homa Bay,2.05,17.06
2015-01-21,Homa Bay,4.78,25.62
2015-01-22,Homa Bay,6.71,20.93
2015-01-23,Homa Bay,5.89,21.89
2015-01-24,Homa Bay,6.51,24.22
2015-01-25,Homa Bay,2.4,27.37
2015-01-26,Homa Bay,5.31,21.42
2015-01-27,Homa Bay,7.09,20.77
2015-01-28,Homa Bay,4.33,24.02
2015-01-29,Homa Bay,5.25,30.86
2015-01-30,Homa Bay,5.13,26.35
2015-01-31,Homa Bay,6.61,20.32
2015-02-01,Homa Bay,7.73,24.9
2015-02-02,Homa Bay,2.79,29.46
2015-02-03,Homa Bay,6.15,25.89
2015-02-04,Homa Bay,3.74,24.99
2015-02-05,Homa Bay,5.05,24.24
2015-02-06,Homa Bay,7.72,20.04
2015-02-07,Homa Bay,8.01,22.14
2015-02-08,Homa Bay,7.69,30.16
2015-02-09,Homa Bay,3.95,25.67
2015-02-10,Homa Bay,0.78,30.11
2015-02-11,Homa Bay,7.76,27.13
2015-02-12,Homa Bay,7.37,22.12
2015-02-13,Homa Bay,6.99,20.12
2015-02-14,Homa Bay,4.43,26.9
2015-02-15,Homa Bay,3.74,22.81
2015-02-16,Homa Bay,3.02,22.21
2015-02-17,Homa Bay,3.58,24.01
2015-02-18,Homa Bay,7.02,29.43
2015-02-19,Homa Bay,8.69,23.34
2015-02-20,Homa Bay,6.73,23.06
2015-02-21,Homa Bay,2.66,27.05
2015-02-22,Homa Bay,7.68,24.87
2015-02-23,Homa Bay,1.68,21.77
2015-02-24,Homa Bay,7.94,24.33
2015-02-25,Homa Bay,7.99,24.54
2015-02-26,Homa Bay,5.21,25.32
2015-02-27,Homa Bay,3.11,21.12
2015-02-28,Homa Bay,10.12,19.09
2015-03-01,Homa Bay,22.07,24.03
2015-03-02,Homa Bay,13.95,27.51
2015-03-03,Homa Bay,16.45,26.2
2015-03-04,Homa Bay,19.15,21.26
2015-03-05,Homa Bay,8.75,27.11
2015-03-06,Homa Bay,13.03,23.64
2015-03-07,Homa Bay,21.82,25.94
2015-03-08,Homa Bay,16.7,27.51
2015-03-09,Homa Bay,19.39,18.9
2015-03-10,Homa Bay,9.61,22.88
2015-03-11,Homa Bay,6.87,22.53
2015-03-12,Homa Bay,3.08,24.81
2015-03-13,Homa Bay,13.25,20.7
2015-03-14,Homa Bay,3.38,25.7
2015-03-15,Homa Bay,15.64,25.91
2015-03-16,Homa Bay,9.72,19.51
2015-03-17,Homa Bay,6.4,25.23
2015-03-18,Homa Bay,15.77,27.41
2015-03-19,Homa Bay,4.08,25.34
2015-03-20,Homa Bay,10.35,24.11
2015-03-21,Homa Bay,16.97,21.22
2015-03-22,Homa Bay,6.06,22.39
2015-03-23,Homa Bay,20.69,24.4
2015-03-24,Homa Bay,10.0,23.76
2015-03-25,Homa Bay,15.62,24.78
2015-03-26,Homa Bay,21.41,24.05
2015-03-27,Homa Bay,9.28,21.63
2015-03-28,Homa Bay,13.38,23.56
2015-03-29,Homa Bay,10.1,21.39
2015-03-30,Homa Bay,9.36,28.44
2015-03-31,Homa Bay,8.05,20.87
2015-04-01,Homa Bay,18.77,21.99
2015-04-02,Homa Bay,18.21,23.51
2015-04-03,Homa Bay,9.64,21.31
2015-04-04,Homa Bay,18.27,21.67
2015-04-05,Homa Bay,16.48,17.84
2015-04-06,Homa Bay,10.64,25.03
2015-04-07,Homa Bay,13.26,23.53
2015-04-08,Homa Bay,14.38,20.0
2015-04-09,Homa Bay,21.66,22.04
2015-04-10,Homa Bay,7.84,25.98
2015-04-11,Homa Bay,13.78,23.43
2015-04-12,Homa Bay,16.79,28.34
2015-04-13,Homa Bay,16.14,20.94
2015-04-14,Homa Bay,15.84,26.02
2015-04-15,Homa Bay,15.75,25.08
2015-04-16,Homa Bay,15.72,23.32
2015-04-17,Homa Bay,22.93,23.65
2015-04-18,Homa Bay,15.05,26.74
2015-04-19,Homa Bay,18.81,20.69
2015-04-20,Homa Bay,6.76,24.11
2015-04-21,Homa Bay,12.56,29.92
2015-04-22,Homa Bay,12.3,26.61
2015-04-23,Homa Bay,16.75,26.94
2015-04-24,Homa Bay,24.15,24.32
2015-04-25,Homa Bay,7.02,26.51
2015-04-26,Homa Bay,10.78,23.25
2015-04-27,Homa Bay,10.73,23.52
2015-04-28,Homa Bay,13.88,16.59
2015-04-29,Homa Bay,17.46,26.0
2015-04-30,Homa Bay,16.68,26.02
2015-05-01,Homa Bay,18.67,24.3
2015-05-02,Homa Bay,12.24,21.97
2015-05-03,Homa Bay,7.69,25.55
2015-05-04,Homa Bay,24.57,18.5
2015-05-05,Homa Bay,11.44,22.48
2015-05-06,Homa Bay,17.63,21.53
2015-05-07,Homa Bay,20.49,25.16
2015-05-08,Homa Bay,14.18,22.05
2015-05-09,Homa Bay,8.28,26.23
2015-05-10,Homa Bay,15.74,27.26
2015-05-11,Homa Bay,12.63,24.46
2015-05-12,Homa Bay,8.46,20.57
2015-05-13,Homa Bay,7.53,21.31
2015-05-14,Homa Bay,16.36,26.83
2015-05-15,Homa Bay,17.91,29.12
2015-05-16,Homa Bay,15.44,25.6
2015-05-17,Homa Bay,2.59,24.92
2015-05-18,Homa Bay,20.12,31.16
2015-05-19,Homa Bay,0.0,23.9
2015-05-20,Homa Bay,12.43,26.21
2015-05-21,Homa Bay,12.83,20.0
2015-05-22,Homa Bay,11.27,22.68
2015-05-23,Homa Bay,23.22,24.99
2015-05-24,Homa Bay,19.43,26.45
2015-05-25,Homa Bay,11.1,28.47
2015-05-26,Homa Bay,11.03,25.52
2015-05-27,Homa Bay,13.37,25.76
2015-05-28,Homa Bay,19.16,25.59
2015-05-29,Homa Bay,17.59,23.87
2015-05-30,Homa Bay,10.04,22.11
2015-05-31,Homa Bay,22.82,23.63
2015-06-01,Homa Bay,5.13,28.98
2015-06-02,Homa Bay,7.55,20.0
2015-06-03,Homa Bay,4.7,24.67
2015-06-04,Homa Bay,4.71,25.11
2015-06-05,Homa Bay,0.26,22.2
2015-06-06,Homa Bay,5.55,20.58
2015-06-07,Homa Bay,5.55,19.74
2015-06-08,Homa Bay,4.19,27.4
2015-06-09,Homa Bay,5.98,24.62
2015-06-10,Homa Bay,8.25,23.95
2015-06-11,Homa Bay,5.6,24.2
2015-06-12,Homa Bay,4.09,24.29
2015-06-13,Homa Bay,7.29,30.52
2015-06-14,Homa Bay,2.44,23.95
2015-06-15,Homa Bay,5.21,21.41
2015-06-16,Homa Bay,2.37,24.68
2015-06-17,Homa Bay,2.31,20.6
2015-06-18,Homa Bay,1.54,22.74
2015-06-19,Homa Bay,6.44,25.61
2015-06-20,Homa Bay,4.28,24.85
2015-06-21,Homa Bay,5.05,19.67
2015-06-22,Homa Bay,4.29,23.58
2015-06-23,Homa Bay,4.91,28.4
2015-06-24,Homa Bay,5.37,22.3
2015-06-25,Homa Bay,6.42,19.23
2015-06-26,Homa Bay,2.74,27.42
2015-06-27,Homa Bay,5.67,22.7
2015-06-28,Homa Bay,5.91,21.52
2015-06-29,Homa Bay,5.95,27.42
2015-06-30,Homa Bay,3.77,24.04
2015-07-01,Homa Bay,6.55,28.32
2015-07-02,Homa Bay,7.42,19.19
2015-07-03,Homa Bay,7.88,22.43
2015-07-04,Homa Bay,6.33,18.23
2015-07-05,Homa Bay,5.28,27.46
2015-07-06,Homa Bay,5.58,20.98
2015-07-07,Homa Bay,6.42,27.69
2015-07-08,Homa Bay,5.25,16.7
2015-07-09,Homa Bay,7.84,17.34
2015-07-10,Homa Bay,7.58,23.78
2015-07-11,Homa Bay,3.07,22.52
2015-07-12,Homa Bay,8.84,27.48
2015-07-13,Homa Bay,5.48,24.2
2015-07-14,Homa Bay,3.66,24.9
2015-07-15,Homa Bay,8.31,24.92
2015-07-16,Homa Bay,3.91,24.91
2015-07-17,Homa Bay,4.18,22.46
2015-07-18,Homa Bay,2.41,33.04
2015-07-19,Homa Bay,4.07,29.25
2015-07-20,Homa Bay,9.05,23.88
2015-07-21,Homa Bay,2.1,21.58
2015-07-22,Homa Bay,6.6,24.0
2015-07-23,Homa Bay,5.06,26.2
2015-07-24,Homa Bay,5.41,26.02
2015-07-25,Homa Bay,2.11,27.5
2015-07-26,Homa Bay,1.83,24.6
2015-07-27,Homa Bay,4.79,24.74
2015-07-28,Homa Bay,7.37,30.39
2015-07-29,Homa Bay,3.88,23.62
2015-07-30,Homa Bay,4.13,26.02
2015-07-31,Homa Bay,4.13,24.24
2015-08-01,Homa Bay,7.95,29.62
2015-08-02,Homa Bay,8.27,23.81
2015-08-03,Homa Bay,4.71,20.6
2015-08-04,Homa Bay,1.88,21.19
2015-08-05,Homa Bay,6.54,21.39
2015-08-06,Homa Bay,2.76,21.94
2015-08-07,Homa Bay,4.69,26.36
2015-08-08,Homa Bay,4.09,23.27
2015-08-09,Homa Bay,5.11,22.44
2015-08-10,Homa Bay,6.23,24.35
2015-08-11,Homa Bay,3.09,22.91
2015-08-12,Homa Bay,5.04,18.77
2015-08-13,Homa Bay,1.42,23.28
2015-08-14,Homa Bay,5.39,23.65
2015-08-15,Homa Bay,5.73,25.06
2015-08-16,Homa Bay,3.27,24.05
2015-08-17,Homa Bay,5.36,24.95
2015-08-18,Homa Bay,6.34,22.06
2015-08-19,Homa Bay,3.58,23.48
2015-08-20,Homa Bay,7.14,25.12
2015-08-21,Homa Bay,7.67,23.9
2015-08-22,Homa Bay,3.09,27.49
2015-08-23,Homa Bay,3.43,25.15
2015-08-24,Homa Bay,6.64,24.9
2015-08-25,Homa Bay,8.54,20.93
2015-08-26,Homa Bay,4.93,24.67
2015-08-27,Homa Bay,4.71,24.39
2015-08-28,Homa Bay,6.23,22.73
2015-08-29,Homa Bay,2.73,25.97
2015-08-30,Homa Bay,6.48,26.11
2015-08-31,Homa Bay,4.9,25.85
2015-09-01,Homa Bay,9.4,23.98
2015-09-02,Homa Bay,2.35,20.42
2015-09-03,Homa Bay,1.85,26.13
2015-09-04,Homa Bay,5.52,26.35
2015-09-05,Homa Bay,4.0,23.22
2015-09-06,Homa Bay,5.47,22.62
2015-09-07,Homa Bay,3.62,23.05
2015-09-08,Homa Bay,5.41,19.75
2015-09-09,Homa Bay,4.85,24.21
2015-09-10,Homa Bay,3.79,27.53
2015-09-11,Homa Bay,5.89,23.14
2015-09-12,Homa Bay,5.69,20.5
2015-09-13,Homa Bay,6.99,25.03
2015-09-14,Homa Bay,8.28,25.61
2015-09-15,Homa Bay,7.05,26.66
2015-09-16,Homa Bay,6.91,23.38
2015-09-17,Homa Bay,3.58,22.98
2015-09-18,Homa Bay,4.48,28.87
2015-09-19,Homa Bay,7.76,24.74
2015-09-20,Homa Bay,6.17,29.19
2015-09-21,Homa Bay,6.21,24.17
2015-09-22,Homa Bay,0.19,25.45
2015-09-23,Homa Bay,4.71,27.86
2015-09-24,Homa Bay,3.02,23.38
2015-09-25,Homa Bay,3.49,26.71
2015-09-26,Homa Bay,5.74,24.26
2015-09-27,Homa Bay,5.19,17.48
2015-09-28,Homa Bay,6.29,26.76
2015-09-29,Homa Bay,4.31,21.62
2015-09-30,Homa Bay,4.89,26.32
2015-10-01,Homa Bay,12.3,25.87
2015-10-02,Homa Bay,10.45,27.47
2015-10-03,Homa Bay,12.33,23.52
2015-10-04,Homa Bay,12.05,19.91
2015-10-05,Homa Bay,9.46,22.02
2015-10-06,Homa Bay,13.83,24.92
2015-10-07,Homa Bay,11.58,28.72
2015-10-08,Homa Bay,12.74,20.5
2015-10-09,Homa Bay,9.22,23.9
2015-10-10,Homa Bay,10.94,24.06
2015-10-11,Homa Bay,4.22,18.64
2015-10-12,Homa Bay,3.35,16.38
2015-10-13,Homa Bay,6.46,25.34
2015-10-14,Homa Bay,7.37,29.05
2015-10-15,Homa Bay,7.54,24.84
2015-10-16,Homa Bay,7.28,26.06
2015-10-17,Homa Bay,11.48,21.85
2015-10-18,Homa Bay,13.39,25.17
2015-10-19,Homa Bay,6.58,19.48
2015-10-20,Homa Bay,11.06,26.97
2015-10-21,Homa Bay,9.66,23.43
2015-10-22,Homa Bay,4.53,27.67
2015-10-23,Homa Bay,11.32,24.67
2015-10-24,Homa Bay,7.78,21.82
2015-10-25,Homa Bay,8.4,25.94
2015-10-26,Homa Bay,7.03,26.61
2015-10-27,Homa Bay,5.43,25.63
2015-10-28,Homa Bay,8.97,25.12
2015-10-29,Homa Bay,14.71,22.02
2015-10-30,Homa Bay,16.11,21.31
2015-10-31,Homa Bay,7.48,22.07
2015-11-01,Homa Bay,9.41,27.09
2015-11-02,Homa Bay,15.75,26.12
2015-11-03,Homa Bay,10.85,26.07
2015-11-04,Homa Bay,7.61,22.91
2015-11-05,Homa Bay,19.12,20.69
2015-11-06,Homa Bay,12.47,27.46
2015-11-07,Homa Bay,7.84,22.42
2015-11-08,Homa Bay,9.79,23.35
2015-11-09,Homa Bay,7.6,20.36
2015-11-10,Homa Bay,13.94,25.68
2015-11-11,Homa Bay,11.26,25.03
2015-11-12,Homa Bay,10.79,24.3
2015-11-13,Homa Bay,9.01,21.85
2015-11-14,Homa Bay,16.86,24.84
2015-11-15,Homa Bay,4.97,21.63
2015-11-16,Homa Bay,13.68,25.97
2015-11-17,Homa Bay,19.13,22.41
2015-11-18,Homa Bay,12.72,27.37
2015-11-19,Homa Bay,7.29,12.8
2015-11-20,Homa Bay,16.7,26.4
2015-11-21,Homa Bay,4.09,26.74
2015-11-22,Homa Bay,9.1,23.48
2015-11-23,Homa Bay,12.32,24.23
2015-11-24,Homa Bay,4.53,21.28
2015-11-25,Homa Bay,7.65,24.12
2015-11-26,Homa Bay,18.3,23.42
2015-11-27,Homa Bay,7.58,21.53
2015-11-28,Homa Bay,8.72,24.57
2015-11-29,Homa Bay,4.26,26.28
2015-11-30,Homa Bay,8.49,18.7
2015-12-01,Homa Bay,2.86,26.3
2015-12-02,Homa Bay,3.74,25.82
2015-12-03,Homa Bay,6.27,26.37
2015-12-04,Homa Bay,5.33,21.81
2015-12-05,Homa Bay,4.16,24.3
2015-12-06,Homa Bay,3.18,26.04
2015-12-07,Homa Bay,5.19,19.34
2015-12-08,Homa Bay,4.5,21.75
2015-12-09,Homa Bay,5.11,28.14
2015-12-10,Homa Bay,5.88,26.34
2015-12-11,Homa Bay,3.62,16.33
2015-12-12,Homa Bay,3.92,20.12
2015-12-13,Homa Bay,2.3,22.79
2015-12-14,Homa Bay,6.23,22.52
2015-12-15,Homa Bay,4.83,18.49
2015-12-16,Homa Bay,3.71,27.91
2015-12-17,Homa Bay,3.54,22.59
2015-12-18,Homa Bay,8.71,24.07
2015-12-19,Homa Bay,5.29,21.43
2015-12-20,Homa Bay,4.0,18.92
2015-12-21,Homa Bay,3.13,24.39
2015-12-22,Homa Bay,3.18,24.33
2015-12-23,Homa Bay,4.08,25.5
2015-12-24,Homa Bay,6.26,21.77
2015-12-25,Homa Bay,7.85,23.4
2015-12-26,Homa Bay,4.13,25.31
2015-12-27,Homa Bay,5.89,22.24
2015-12-28,Homa Bay,4.83,24.96
2015-12-29,Homa Bay,3.15,18.59
2015-12-30,Homa Bay,0.64,24.76
2015-12-31,Homa Bay,7.74,27.31
2016-01-01,Homa Bay,9.2,21.25
2016-01-02,Homa Bay,5.9,24.75
2016-01-03,Homa Bay,6.29,27.73
2016-01-04,Homa Bay,6.66,24.06
2016-01-05,Homa Bay,7.82,22.3
2016-01-06,Homa Bay,3.32,21.71
2016-01-07,Homa Bay,5.67,22.46
2016-01-08,Homa Bay,3.29,23.81
2016-01-09,Homa Bay,8.44,26.24
2016-01-10,Homa Bay,4.29,20.06
2016-01-11,Homa Bay,5.53,19.36
2016-01-12,Homa Bay,7.7,22.89
2016-01-13,Homa Bay,6.82,17.34
2016-01-14,Homa Bay,4.31,23.02
2016-01-15,Homa Bay,5.82,27.49
2016-01-16,Homa Bay,7.17,23.97
2016-01-17,Homa Bay,7.68,28.82
2016-01-18,Homa Bay,7.54,26.0
2016-01-19,Homa Bay,6.38,26.46
2016-01-20,Homa Bay,6.54,24.47
2016-01-21,Homa Bay,8.25,25.73
2016-01-22,Homa Bay,8.99,18.22
2016-01-23,Homa Bay,5.12,25.64
2016-01-24,Homa Bay,5.85,25.65
2016-01-25,Homa Bay,9.18,24.85
2016-01-26,Homa Bay,5.89,23.61
2016-01-27,Homa Bay,5.22,25.71
2016-01-28,Homa Bay,7.29,22.57
2016-01-29,Homa Bay,3.15,23.12
2016-01-30,Homa Bay,5.57,20.0
2016-01-31,Homa Bay,2.16,25.85
2016-02-01,Homa Bay,2.09,26.42
2016-02-02,Homa Bay,5.98,25.21
2016-02-03,Homa Bay,7.65,19.67
2016-02-04,Homa Bay,4.54,24.73
2016-02-05,Homa Bay,5.37,27.33
2016-02-06,Homa Bay,5.73,23.14
2016-02-07,Homa Bay,5.63,21.56
2016-02-08,Homa Bay,1.97,23.07
2016-02-09,Homa Bay,7.01,24.39
2016-02-10,Homa Bay,7.74,25.45
2016-02-11,Homa Bay,6.09,18.09
2016-02-12,Homa Bay,3.13,26.09
2016-02-13,Homa Bay,4.2,26.49
2016-02-14,Homa Bay,4.59,21.73
2016-02-15,Homa Bay,7.41,22.81
2016-02-16,Homa Bay,3.3,27.1
2016-02-17,Homa Bay,6.78,24.97
2016-02-18,Homa Bay,8.62,23.12
2016-02-19,Homa Bay,5.96,25.3
2016-02-20,Homa Bay,7.62,24.6
2016-02-21,Homa Bay,3.41,24.86
2016-02-22,Homa Bay,8.58,21.61
2016-02-23,Homa Bay,1.31,21.96
2016-02-24,Homa Bay,4.24,26.33
2016-02-25,Homa Bay,10.77,25.72
2016-02-26,Homa Bay,8.53,22.03
2016-02-27,Homa Bay,6.51,29.52
2016-02-28,Homa Bay,7.5,24.18
2016-02-29,Homa Bay,5.36,24.59
2016-03-01,Homa Bay,10.08,30.56
2016-03-02,Homa Bay,12.82,18.19
2016-03-03,Homa Bay,5.42,29.28
2016-03-04,Homa Bay,14.41,24.05
2016-03-05,Homa Bay,17.44,22.08
2016-03-06,Homa Bay,10.2,22.77
2016-03-07,Homa Bay,13.03,21.54
2016-03-08,Homa Bay,14.6,24.28
2016-03-09,Homa Bay,17.97,22.25
2016-03-10,Homa Bay,20.34,26.35
2016-03-11,Homa Bay,10.13,27.83
2016-03-12,Homa Bay,9.37,21.41
2016-03-13,Homa Bay,15.42,27.31
2016-03-14,Homa Bay,23.68,29.26
2016-03-15,Homa Bay,7.03,19.19
2016-03-16,Homa Bay,22.57,21.04
2016-03-17,Homa Bay,13.22,22.08
2016-03-18,Homa Bay,17.52,26.3
2016-03-19,Homa Bay,16.16,25.98
2016-03-20,Homa Bay,12.36,24.11
2016-03-21,Homa Bay,19.85,26.81
2016-03-22,Homa Bay,19.86,25.25
2016-03-23,Homa Bay,10.73,24.41
2016-03-24,Homa Bay,19.02,20.37
2016-03-25,Homa Bay,7.51,20.94
2016-03-26,Homa Bay,18.98,21.12
2016-03-27,Homa Bay,3.37,20.77
2016-03-28,Homa Bay,14.89,24.67
2016-03-29,Homa Bay,21.11,19.82
2016-03-30,Homa Bay,11.94,19.74
2016-03-31,Homa Bay,21.59,20.59
2016-04-01,Homa Bay,19.16,23.91
2016-04-02,Homa Bay,15.78,21.26
2016-04-03,Homa Bay,22.4,26.2
2016-04-04,Homa Bay,6.18,23.89
2016-04-05,Homa Bay,15.39,26.1
2016-04-06,Homa Bay,10.16,29.68
2016-04-07,Homa Bay,8.26,26.04
2016-04-08,Homa Bay,20.88,25.79
2016-04-09,Homa Bay,17.69,20.69
2016-04-10,Homa Bay,5.55,25.17
2016-04-11,Homa Bay,14.43,22.8
2016-04-12,Homa Bay,15.42,21.48
2016-04-13,Homa Bay,19.89,24.98
2016-04-14,Homa Bay,13.92,21.48
2016-04-15,Homa Bay,10.72,19.09
2016-04-16,Homa Bay,23.75,24.93
2016-04-17,Homa Bay,17.08,28.59
2016-04-18,Homa Bay,9.5,24.97
2016-04-19,Homa Bay,14.18,21.31
2016-04-20,Homa Bay,18.28,20.87
2016-04-21,Homa Bay,5.08,24.83
2016-04-22,Homa Bay,11.97,24.43
2016-04-23,Homa Bay,18.97,28.31
2016-04-24,Homa Bay,17.83,25.86
2016-04-25,Homa Bay,15.71,23.48
2016-04-26,Homa Bay,18.38,25.61
2016-04-27,Homa Bay,19.39,21.61
2016-04-28,Homa Bay,23.08,24.12
2016-04-29,Homa Bay,18.95,22.07
2016-04-30,Homa Bay,14.29,22.5
2016-05-01,Homa Bay,13.2,22.07
2016-05-02,Homa Bay,21.02,21.79
2016-05-03,Homa Bay,17.35,24.44
2016-05-04,Homa Bay,10.1,20.44
2016-05-05,Homa Bay,12.22,27.0
2016-05-06,Homa Bay,12.03,25.83
2016-05-07,Homa Bay,12.74,21.43
2016-05-08,Homa Bay,10.99,24.32
2016-05-09,Homa Bay,10.73,25.99
2016-05-10,Homa Bay,8.48,21.89
2016-05-11,Homa Bay,13.71,21.53
2016-05-12,Homa Bay,15.99,26.93
2016-05-13,Homa Bay,17.49,24.36
2016-05-14,Homa Bay,20.01,23.44
2016-05-15,Homa Bay,18.46,21.17
2016-05-16,Homa Bay,16.47,17.64
2016-05-17,Homa Bay,20.03,25.3
2016-05-18,Homa Bay,14.87,19.14
2016-05-19,Homa Bay,14.53,26.31
2016-05-20,Homa Bay,10.97,20.94
2016-05-21,Homa Bay,20.12,23.53
2016-05-22,Homa Bay,15.49,30.27
2016-05-23,Homa Bay,2.89,24.76
2016-05-24,Homa Bay,18.24,21.88
2016-05-25,Homa Bay,20.74,22.03
2016-05-26,Homa Bay,19.57,26.62
2016-05-27,Homa Bay,22.69,26.08
2016-05-28,Homa Bay,13.42,20.96
2016-05-29,Homa Bay,17.47,26.23
2016-05-30,Homa Bay,15.29,26.43
2016-05-31,Homa Bay,19.2,21.61
2016-06-01,Homa Bay,7.23,19.87
2016-06-02,Homa Bay,4.42,28.01
2016-06-03,Homa Bay,5.0,17.76
2016-06-04,Homa Bay,3.17,21.2
2016-06-05,Homa Bay,1.73,27.7
2016-06-06,Homa Bay,9.4,27.31
2016-06-07,Homa Bay,8.01,22.92
2016-06-08,Homa Bay,5.77,27.49
2016-06-09,Homa Bay,3.54,26.16
2016-06-10,Homa Bay,6.23,25.38
2016-06-11,Homa Bay,2.89,23.2
2016-06-12,Homa Bay,3.49,22.65
2016-06-13,Homa Bay,4.12,23.7
2016-06-14,Homa Bay,2.87,24.61
2016-06-15,Homa Bay,6.51,18.43
2016-06-16,Homa Bay,4.25,23.41
2016-06-17,Homa Bay,3.64,25.95
2016-06-18,Homa Bay,4.18,20.58
2016-06-19,Homa Bay,6.71,27.97
2016-06-20,Homa Bay,7.01,20.15
2016-06-21,Homa Bay,7.18,26.79
2016-06-22,Homa Bay,2.97,22.08
2016-06-23,Homa Bay,6.17,21.05
2016-06-24,Homa Bay,7.33,25.04
2016-06-25,Homa Bay,7.31,23.44
2016-06-26,Homa Bay,7.86,24.33
2016-06-27,Homa Bay,3.04,30.32
2016-06-28,Homa Bay,7.92,22.1
2016-06-29,Homa Bay,5.1,25.35
2016-06-30,Homa Bay,6.07,23.87
2016-07-01,Homa Bay,8.6,28.05
2016-07-02,Homa Bay,6.92,19.82
2016-07-03,Homa Bay,3.61,22.53
2016-07-04,Homa Bay,5.25,23.2
2016-07-05,Homa Bay,5.59,23.57
2016-07-06,Homa Bay,7.8,25.1
2016-07-07,Homa Bay,2.81,21.08
2016-07-08,Homa Bay,4.54,18.63
2016-07-09,Homa Bay,3.05,23.87
2016-07-10,Homa Bay,1.86,25.87
2016-07-11,Homa Bay,2.11,23.57
2016-07-12,Homa Bay,5.55,19.69
2016-07-13,Homa Bay,3.53,22.15
2016-07-14,Homa Bay,6.72,29.67
2016-07-15,Homa Bay,6.28,27.28
2016-07-16,Homa Bay,3.34,21.32
2016-07-17,Homa Bay,6.88,21.54
2016-07-18,Homa Bay,1.65,22.81
2016-07-19,Homa Bay,3.25,25.56
2016-07-20,Homa Bay,3.25,26.15
2016-07-21,Homa Bay,5.09,22.21
2016-07-22,Homa Bay,4.68,24.59
2016-07-23,Homa Bay,3.91,23.48
2016-07-24,Homa Bay,1.42,22.67
2016-07-25,Homa Bay,2.96,27.09
2016-07-26,Homa Bay,1.5,25.39
2016-07-27,Homa Bay,6.88,24.55
2016-07-28,Homa Bay,3.22,29.62
2016-07-29,Homa Bay,2.88,20.79
2016-07-30,Homa Bay,6.12,26.79
2016-07-31,Homa Bay,3.16,23.93
2016-08-01,Homa Bay,7.37,25.21
2016-08-02,Homa Bay,5.11,28.6
2016-08-03,Homa Bay,4.15,24.17
2016-08-04,Homa Bay,1.97,24.25
2016-08-05,Homa Bay,6.77,24.96
2016-08-06,Homa Bay,5.5,19.82
2016-08-07,Homa Bay,4.74,23.32
2016-08-08,Homa Bay,2.31,21.56
2016-08-09,Homa Bay,4.07,18.92
2016-08-10,Homa Bay,3.87,21.59
2016-08-11,Homa Bay,6.31,18.48
2016-08-12,Homa Bay,2.22,23.8
2016-08-13,Homa Bay,3.33,24.69
2016-08-14,Homa Bay,3.58,22.26
2016-08-15,Homa Bay,9.93,27.06
2016-08-16,Homa Bay,4.26,18.27
2016-08-17,Homa Bay,3.88,20.05
2016-08-18,Homa Bay,2.68,24.32
2016-08-19,Homa Bay,3.98,28.88
2016-08-20,Homa Bay,5.43,27.09
2016-08-21,Homa Bay,4.87,20.58
2016-08-22,Homa Bay,3.52,21.02
2016-08-23,Homa Bay,6.32,26.58
2016-08-24,Homa Bay,3.94,24.01
2016-08-25,Homa Bay,4.28,21.56
2016-08-26,Homa Bay,3.76,25.54
2016-08-27,Homa Bay,3.59,25.79
2016-08-28,Homa Bay,6.54,19.57
2016-08-29,Homa Bay,1.87,23.34
2016-08-30,Homa Bay,2.05,23.75
2016-08-31,Homa Bay,11.0,24.37
2016-09-01,Homa Bay,3.37,19.89
2016-09-02,Homa Bay,4.43,20.89
2016-09-03,Homa Bay,7.66,21.44
2016-09-04,Homa Bay,3.38,27.41
2016-09-05,Homa Bay,8.83,20.38
2016-09-06,Homa Bay,4.41,26.25
2016-09-07,Homa Bay,8.4,30.63
2016-09-08,Homa Bay,4.44,31.17
2016-09-09,Homa Bay,7.34,16.11
2016-09-10,Homa Bay,4.14,17.22
2016-09-11,Homa Bay,5.27,15.86
2016-09-12,Homa Bay,9.23,23.63
2016-09-13,Homa Bay,2.34,23.66
2016-09-14,Homa Bay,3.38,17.56
2016-09-15,Homa Bay,2.95,24.41
2016-09-16,Homa Bay,4.7,18.69
2016-09-17,Homa Bay,6.06,25.69
2016-09-18,Homa Bay,5.74,22.83
2016-09-19,Homa Bay,5.11,27.31
2016-09-20,Homa Bay,5.19,26.53
2016-09-21,Homa Bay,6.67,23.32
2016-09-22,Homa Bay,6.68,25.16
2016-09-23,Homa Bay,5.95,27.52
2016-09-24,Homa Bay,9.02,22.29
2016-09-25,Homa Bay,4.66,24.64
2016-09-26,Homa Bay,5.51,27.65
2016-09-27,Homa Bay,5.83,30.72
2016-09-28,Homa Bay,5.13,26.45
2016-09-29,Homa Bay,5.99,22.7
2016-09-30,Homa Bay,4.7,21.72
2016-10-01,Homa Bay,12.84,18.57
2015-01-01,Migori,4.58,22.74
2015-01-02,Migori,2.94,26.19
2015-01-03,Migori,6.15,21.27
2015-01-04,Migori,8.47,23.82
2015-01-05,Migori,4.43,23.86
2015-01-06,Migori,6.1,22.04
2015-01-07,Migori,3.4,23.63
2015-01-08,Migori,3.91,27.4
2015-01-09,Migori,6.29,20.99
2015-01-10,Migori,4.07,24.57
2015-01-11,Migori,3.94,23.55
2015-01-12,Migori,6.39,21.84
2015-01-13,Migori,5.57,26.4
2015-01-14,Migori,5.59,21.34
2015-01-15,Migori,3.15,24.86
2015-01-16,Migori,1.1,23.6
2015-01-17,Migori,6.82,21.0
2015-01-18,Migori,4.76,21.93
2015-01-19,Migori,4.43,25.39
2015-01-20,Migori,2.15,23.43
2015-01-21,Migori,5.44,24.0
2015-01-22,Migori,2.62,24.22
2015-01-23,Migori,6.45,25.28
2015-01-24,Migori,4.92,24.72
2015-01-25,Migori,2.29,24.39
2015-01-26,Migori,3.6,25.39
2015-01-27,Migori,5.85,27.3
2015-01-28,Migori,2.83,25.81
2015-01-29,Migori,4.8,21.52
2015-01-30,Migori,7.07,27.99
2015-01-31,Migori,3.28,21.46
2015-02-01,Migori,4.73,19.81
2015-02-02,Migori,7.29,21.7
2015-02-03,Migori,4.61,25.97
2015-02-04,Migori,4.48,24.03
2015-02-05,Migori,0.47,29.97
2015-02-06,Migori,4.75,28.21
2015-02-07,Migori,3.7,22.84
2015-02-08,Migori,4.6,21.25
2015-02-09,Migori,7.65,23.52
2015-02-10,Migori,4.68,22.7
2015-02-11,Migori,2.74,23.29
2015-02-12,Migori,2.85,26.43
2015-02-13,Migori,5.36,26.25
2015-02-14,Migori,3.24,26.33
2015-02-15,Migori,3.94,23.66
2015-02-16,Migori,6.77,20.04
2015-02-17,Migori,5.04,25.02
2015-02-18,Migori,6.42,28.39
2015-02-19,Migori,2.47,21.82
2015-02-20,Migori,4.72,23.93
2015-02-21,Migori,5.12,20.08
2015-02-22,Migori,6.57,24.95
2015-02-23,Migori,6.09,27.94
2015-02-24,Migori,1.48,27.21
2015-02-25,Migori,7.33,20.7
2015-02-26,Migori,6.52,20.92
2015-02-27,Migori,6.82,24.12
2015-02-28,Migori,2.57,26.05
2015-03-01,Migori,10.6,21.19
2015-03-02,Migori,15.44,20.93
2015-03-03,Migori,21.04,24.53
2015-03-04,Migori,7.73,21.68
2015-03-05,Migori,12.12,18.93
2015-03-06,Migori,20.8,29.03
2015-03-07,Migori,10.63,23.47
2015-03-08,Migori,16.54,21.58
2015-03-09,Migori,19.38,26.28
2015-03-10,Migori,11.98,16.29
2015-03-11,Migori,19.32,27.79
2015-03-12,Migori,5.97,26.41
2015-03-13,Migori,0.0,26.11
2015-03-14,Migori,17.38,23.04
2015-03-15,Migori,16.6,27.14
2015-03-16,Migori,12.09,18.25
2015-03-17,Migori,11.62,23.1
2015-03-18,Migori,19.02,25.09
2015-03-19,Migori,13.99,22.88
2015-03-20,Migori,26.12,22.42
2015-03-21,Migori,19.89,21.6
2015-03-22,Migori,14.12,23.95
2015-03-23,Migori,6.82,24.64
2015-03-24,Migori,10.93,24.79
2015-03-25,Migori,12.19,21.74
2015-03-26,Migori,16.55,18.57
2015-03-27,Migori,22.65,21.53
2015-03-28,Migori,16.58,25.06
2015-03-29,Migori,22.04,20.69
2015-03-30,Migori,0.0,23.83
2015-03-31,Migori,9.62,28.41
2015-04-01,Migori,18.59,23.5
2015-04-02,Migori,18.11,21.07
2015-04-03,Migori,12.05,23.39
2015-04-04,Migori,17.97,25.62
2015-04-05,Migori,25.94,26.56
2015-04-06,Migori,15.07,24.94
2015-04-07,Migori,11.12,22.18
2015-04-08,Migori,20.56,21.55
2015-04-09,Migori,15.77,23.3
2015-04-10,Migori,15.81,21.71
2015-04-11,Migori,15.39,28.14
2015-04-12,Migori,17.79,25.56
2015-04-13,Migori,14.22,20.73
2015-04-14,Migori,12.3,26.13
2015-04-15,Migori,18.92,26.79
2015-04-16,Migori,10.85,26.53
2015-04-17,Migori,12.87,25.36
2015-04-18,Migori,10.88,30.6
2015-04-19,Migori,20.07,23.64
2015-04-20,Migori,16.4,21.89
2015-04-21,Migori,16.8,19.82
2015-04-22,Migori,20.86,19.07
2015-04-23,Migori,4.92,18.56
2015-04-24,Migori,11.69,22.8
2015-04-25,Migori,13.97,19.13
2015-04-26,Migori,13.3,21.88
2015-04-27,Migori,23.78,24.11
2015-04-28,Migori,10.2,24.92
2015-04-29,Migori,8.11,24.82
2015-04-30,Migori,21.95,26.3
2015-05-01,Migori,18.58,17.58
2015-05-02,Migori,8.24,26.54
2015-05-03,Migori,14.51,28.08
2015-05-04,Migori,9.91,24.76
2015-05-05,Migori,13.31,22.72
2015-05-06,Migori,14.5,22.32
2015-05-07,Migori,15.47,26.89
2015-05-08,Migori,2.62,25.06
2015-05-09,Migori,13.04,22.5
2015-05-10,Migori,17.25,21.28
2015-05-11,Migori,17.95,25.75
2015-05-12,Migori,1.08,24.2
2015-05-13,Migori,12.06,25.43
2015-05-14,Migori,4.51,24.72
2015-05-15,Migori,9.94,19.36
2015-05-16,Migori,27.18,20.91
2015-05-17,Migori,10.72,24.48
2015-05-18,Migori,19.78,26.78
2015-05-19,Migori,12.11,21.67
2015-05-20,Migori,15.7,22.75
2015-05-21,Migori,17.07,23.53
2015-05-22,Migori,8.89,27.75
2015-05-23,Migori,12.58,16.96
2015-05-24,Migori,17.44,20.21
2015-05-25,Migori,5.85,18.87
2015-05-26,Migori,15.96,22.26
2015-05-27,Migori,8.89,26.76
2015-05-28,Migori,13.53,26.68
2015-05-29,Migori,13.56,28.55
2015-05-30,Migori,17.98,26.22
2015-05-31,Migori,15.72,23.72
2015-06-01,Migori,5.12,22.66
2015-06-02,Migori,5.23,26.76
2015-06-03,Migori,4.4,20.86
2015-06-04,Migori,4.58,25.8
2015-06-05,Migori,5.38,27.75
2015-06-06,Migori,1.65,20.89
2015-06-07,Migori,2.77,22.04
2015-06-08,Migori,6.08,24.84
2015-06-09,Migori,6.03,26.86
2015-06-10,Migori,7.94,20.1
2015-06-11,Migori,7.62,23.26
2015-06-12,Migori,4.99,27.78
2015-06-13,Migori,3.26,20.99
2015-06-14,Migori,5.69,21.51
2015-06-15,Migori,6.46,23.73
2015-06-16,Migori,2.72,21.62
2015-06-17,Migori,4.12,24.09
2015-06-18,Migori,7.14,19.14
2015-06-19,Migori,5.33,25.76
2015-06-20,Migori,8.56,30.12
2015-06-21,Migori,6.26,24.76
2015-06-22,Migori,4.96,24.38
2015-06-23,Migori,4.13,29.82
2015-06-24,Migori,7.46,28.22
2015-06-25,Migori,1.9,25.46
2015-06-26,Migori,3.61,23.69
2015-06-27,Migori,3.49,23.44
2015-06-28,Migori,6.37,27.91
2015-06-29,Migori,2.92,21.49
2015-06-30,Migori,3.73,24.9
2015-07-01,Migori,6.37,22.7
2015-07-02,Migori,5.35,27.3
2015-07-03,Migori,2.31,18.11
2015-07-04,Migori,4.42,26.99
2015-07-05,Migori,2.11,24.71
2015-07-06,Migori,3.33,23.65
2015-07-07,Migori,4.5,23.59
2015-07-08,Migori,3.81,22.11
2015-07-09,Migori,4.39,28.38
2015-07-10,Migori,2.81,26.53
2015-07-11,Migori,7.76,25.92
2015-07-12,Migori,7.26,23.11
2015-07-13,Migori,3.84,28.94
2015-07-14,Migori,6.91,23.16
2015-07-15,Migori,0.0,18.46
2015-07-16,Migori,1.64,23.1
2015-07-17,Migori,2.8,26.84
2015-07-18,Migori,4.54,27.47
2015-07-19,Migori,7.56,25.31
2015-07-20,Migori,4.24,24.23
2015-07-21,Migori,3.28,26.24
2015-07-22,Migori,5.61,22.25
2015-07-23,Migori,7.38,21.42
2015-07-24,Migori,5.15,28.03
2015-07-25,Migori,5.96,25.52
2015-07-26,Migori,5.07,22.77
2015-07-27,Migori,5.89,20.29
2015-07-28,Migori,3.83,20.56
2015-07-29,Migori,4.22,24.33
2015-07-30,Migori,6.26,21.6
2015-07-31,Migori,0.96,17.16
2015-08-01,Migori,2.59,21.02
2015-08-02,Migori,6.51,24.04
2015-08-03,Migori,6.08,25.17
2015-08-04,Migori,5.2,22.41
2015-08-05,Migori,3.02,26.38
2015-08-06,Migori,4.41,25.03
2015-08-07,Migori,6.84,28.12
2015-08-08,Migori,1.44,26.49
2015-08-09,Migori,7.16,22.81
2015-08-10,Migori,4.87,21.1
2015-08-11,Migori,5.64,23.01
2015-08-12,Migori,5.79,24.15
2015-08-13,Migori,6.39,22.19
2015-08-14,Migori,4.76,19.61
2015-08-15,Migori,4.34,19.95
2015-08-16,Migori,2.18,27.24
2015-08-17,Migori,5.36,27.45
2015-08-18,Migori,2.38,21.58
2015-08-19,Migori,2.21,20.95
2015-08-20,Migori,5.68,18.62
2015-08-21,Migori,5.87,21.2
2015-08-22,Migori,7.31,22.89
2015-08-23,Migori,7.1,28.21
2015-08-24,Migori,3.71,19.96
2015-08-25,Migori,3.52,23.43
2015-08-26,Migori,2.73,25.43
2015-08-27,Migori,6.65,24.42
2015-08-28,Migori,3.35,27.11
2015-08-29,Migori,7.13,31.21
2015-08-30,Migori,7.07,21.79
2015-08-31,Migori,4.74,27.61
2015-09-01,Migori,2.86,22.66
2015-09-02,Migori,7.1,24.46
2015-09-03,Migori,4.93,18.05
2015-09-04,Migori,9.59,22.61
2015-09-05,Migori,2.11,19.73
2015-09-06,Migori,4.87,25.87
2015-09-07,Migori,3.08,26.9
2015-09-08,Migori,4.02,24.59
2015-09-09,Migori,3.42,25.13
2015-09-10,Migori,5.06,24.2
2015-09-11,Migori,5.51,27.1
2015-09-12,Migori,7.47,20.6
2015-09-13,Migori,6.97,23.92
2015-09-14,Migori,6.18,24.56
2015-09-15,Migori,6.13,20.71
2015-09-16,Migori,5.96,24.76
2015-09-17,Migori,3.43,18.14
2015-09-18,Migori,4.97,23.72
2015-09-19,Migori,2.33,25.27
2015-09-20,Migori,6.37,22.74
2015-09-21,Migori,6.55,22.3
2015-09-22,Migori,4.73,18.23
2015-09-23,Migori,1.45,24.24
2015-09-24,Migori,6.64,26.86
2015-09-25,Migori,8.53,18.37
2015-09-26,Migori,2.85,23.4
2015-09-27,Migori,5.13,24.18
2015-09-28,Migori,4.84,21.14
2015-09-29,Migori,2.43,25.79
2015-09-30,Migori,4.3,23.3
2015-10-01,Migori,8.77,28.54
2015-10-02,Migori,10.7,20.76
2015-10-03,Migori,8.1,24.13
2015-10-04,Migori,9.3,24.71
2015-10-05,Migori,7.66,22.09
2015-10-06,Migori,11.73,22.43
2015-10-07,Migori,13.7,26.04
2015-10-08,Migori,10.6,26.23
2015-10-09,Migori,15.0,20.93
2015-10-10,Migori,8.44,26.08
2015-10-11,Migori,7.91,25.62
2015-10-12,Migori,7.36,17.81
2015-10-13,Migori,12.09,26.24
2015-10-14,Migori,5.31,27.61
2015-10-15,Migori,7.3,23.24
2015-10-16,Migori,10.98,20.53
2015-10-17,Migori,3.76,26.59
2015-10-18,Migori,5.52,24.35
2015-10-19,Migori,9.97,29.93
2015-10-20,Migori,10.93,23.33
2015-10-21,Migori,10.5,22.42
2015-10-22,Migori,15.51,21.87
2015-10-23,Migori,8.53,23.7
2015-10-24,Migori,5.59,23.05
2015-10-25,Migori,4.42,20.62
2015-10-26,Migori,14.06,22.74
2015-10-27,Migori,15.41,26.21
2015-10-28,Migori,6.76,27.43
2015-10-29,Migori,6.05,17.88
2015-10-30,Migori,8.65,22.66
2015-10-31,Migori,8.46,27.1
2015-11-01,Migori,14.59,23.93
2015-11-02,Migori,8.84,21.72
2015-11-03,Migori,9.2,30.82
2015-11-04,Migori,12.72,21.87
2015-11-05,Migori,11.18,24.37
2015-11-06,Migori,4.43,22.36
2015-11-07,Migori,12.88,28.3
2015-11-08,Migori,5.27,30.69
2015-11-09,Migori,11.33,20.32
2015-11-10,Migori,14.63,26.16
2015-11-11,Migori,5.39,21.82
2015-11-12,Migori,8.48,26.28
2015-11-13,Migori,11.72,26.07
2015-11-14,Migori,11.3,25.66
2015-11-15,Migori,11.9,29.79
2015-11-16,Migori,9.96,25.11
2015-11-17,Migori,10.31,20.16
2015-11-18,Migori,11.67,28.26
2015-11-19,Migori,5.15,22.26
2015-11-20,Migori,7.65,21.31
2015-11-21,Migori,10.82,26.75
2015-11-22,Migori,7.67,25.44
2015-11-23,Migori,11.34,23.85
2015-11-24,Migori,12.95,14.24
2015-11-25,Migori,4.1,25.46
2015-11-26,Migori,8.01,24.16
2015-11-27,Migori,14.54,25.67
2015-11-28,Migori,5.75,24.57
2015-11-29,Migori,10.59,27.8
2015-11-30,Migori,12.33,23.68
2015-12-01,Migori,3.75,23.25
2015-12-02,Migori,6.03,25.05
2015-12-03,Migori,7.22,23.94
2015-12-04,Migori,6.17,25.48
2015-12-05,Migori,6.96,24.31
2015-12-06,Migori,4.55,20.98
2015-12-07,Migori,4.95,22.01
2015-12-08,Migori,3.74,20.51
2015-12-09,Migori,9.41,21.76
2015-12-10,Migori,6.49,26.1
2015-12-11,Migori,2.78,23.0
2015-12-12,Migori,3.97,28.05
2015-12-13,Migori,5.04,25.61
2015-12-14,Migori,6.48,23.78
2015-12-15,Migori,5.05,19.86
2015-12-16,Migori,2.26,29.37
2015-12-17,Migori,3.63,22.5
2015-12-18,Migori,2.59,26.19
2015-12-19,Migori,4.74,27.26
2015-12-20,Migori,2.09,18.19
2015-12-21,Migori,4.24,26.88
2015-12-22,Migori,6.73,23.05
2015-12-23,Migori,4.46,22.21
2015-12-24,Migori,3.54,29.06
2015-12-25,Migori,4.91,21.27
2015-12-26,Migori,5.88,24.17
2015-12-27,Migori,6.17,27.73
2015-12-28,Migori,4.93,21.69
2015-12-29,Migori,5.06,28.05
2015-12-30,Migori,2.25,24.05
2015-12-31,Migori,7.55,23.25
2016-01-01,Migori,0.89,26.4
2016-01-02,Migori,3.07,20.81
2016-01-03,Migori,6.51,25.52
2016-01-04,Migori,4.53,24.92
2016-01-05,Migori,5.36,29.49
2016-01-06,Migori,4.32,27.77
2016-01-07,Migori,7.49,25.39
2016-01-08,Migori,4.52,24.22
2016-01-09,Migori,5.0,23.42
2016-01-10,Migori,6.55,26.24
2016-01-11,Migori,5.42,26.24
2016-01-12,Migori,5.62,26.53
2016-01-13,Migori,7.16,21.33
2016-01-14,Migori,7.37,33.18
2016-01-15,Migori,4.47,20.9
2016-01-16,Migori,6.63,25.45
2016-01-17,Migori,7.71,17.58
2016-01-18,Migori,4.94,26.34
2016-01-19,Migori,2.68,28.57
2016-01-20,Migori,7.89,23.76
2016-01-21,Migori,4.82,23.04
2016-01-22,Migori,3.57,22.44
2016-01-23,Migori,5.64,25.23
2016-01-24,Migori,6.21,25.89
2016-01-25,Migori,5.47,23.0
2016-01-26,Migori,2.19,24.52
2016-01-27,Migori,7.32,25.61
2016-01-28,Migori,4.49,23.27
2016-01-29,Migori,3.56,21.42
2016-01-30,Migori,1.83,26.3
2016-01-31,Migori,1.3,25.88
2016-02-01,Migori,4.18,19.76
2016-02-02,Migori,3.31,19.8
2016-02-03,Migori,3.21,25.05
2016-02-04,Migori,5.48,25.15
2016-02-05,Migori,5.76,20.39
2016-02-06,Migori,4.38,18.13
2016-02-07,Migori,8.47,23.95
2016-02-08,Migori,4.25,22.31
2016-02-09,Migori,3.39,24.69
2016-02-10,Migori,2.65,19.36
2016-02-11,Migori,8.12,23.67
2016-02-12,Migori,4.61,27.14
2016-02-13,Migori,4.92,31.67
2016-02-14,Migori,9.08,23.75
2016-02-15,Migori,2.05,24.15
2016-02-16,Migori,6.56,26.51
2016-02-17,Migori,6.4,29.15
2016-02-18,Migori,8.3,27.42
2016-02-19,Migori,2.38,23.89
2016-02-20,Migori,6.12,23.73
2016-02-21,Migori,5.1,23.12
2016-02-22,Migori,3.39,21.8
2016-02-23,Migori,6.07,21.55
2016-02-24,Migori,4.19,25.8
2016-02-25,Migori,6.44,21.29
2016-02-26,Migori,5.45,23.13
2016-02-27,Migori,6.35,18.94
2016-02-28,Migori,6.93,23.84
2016-02-29,Migori,2.72,24.86
2016-03-01,Migori,19.74,25.73
2016-03-02,Migori,9.51,23.73
2016-03-03,Migori,20.82,23.92
2016-03-04,Migori,19.47,28.42
2016-03-05,Migori,18.06,24.66
2016-03-06,Migori,9.0,23.39
2016-03-07,Migori,26.19,24.88
2016-03-08,Migori,18.75,27.84
2016-03-09,Migori,26.96,23.88
2016-03-10,Migori,17.77,20.88
2016-03-11,Migori,17.45,27.69
2016-03-12,Migori,16.29,22.5
2016-03-13,Migori,19.28,29.46
2016-03-14,Migori,11.34,28.41
2016-03-15,Migori,16.64,25.27
2016-03-16,Migori,11.19,23.94
2016-03-17,Migori,19.11,20.55
2016-03-18,Migori,19.04,28.14
2016-03-19,Migori,17.56,27.54
2016-03-20,Migori,13.55,28.47
2016-03-21,Migori,15.63,28.88
2016-03-22,Migori,9.12,23.98
2016-03-23,Migori,19.81,23.52
2016-03-24,Migori,10.69,25.12
2016-03-25,Migori,20.42,22.13
2016-03-26,Migori,14.28,22.72
2016-03-27,Migori,17.41,24.36
2016-03-28,Migori,15.62,22.13
2016-03-29,Migori,12.7,19.52
2016-03-30,Migori,16.0,29.88
2016-03-31,Migori,14.05,27.58
2016-04-01,Migori,17.22,19.03
2016-04-02,Migori,12.12,23.86
2016-04-03,Migori,11.06,22.62
2016-04-04,Migori,14.86,22.67
2016-04-05,Migori,21.23,18.95
2016-04-06,Migori,21.49,19.84
2016-04-07,Migori,13.42,22.03
2016-04-08,Migori,7.61,26.06
2016-04-09,Migori,12.47,21.95
2016-04-10,Migori,12.45,24.74
2016-04-11,Migori,16.7,20.4
2016-04-12,Migori,22.42,25.61
2016-04-13,Migori,8.94,23.64
2016-04-14,Migori,7.61,19.54
2016-04-15,Migori,10.31,19.46
2016-04-16,Migori,24.76,21.29
2016-04-17,Migori,12.51,23.96
2016-04-18,Migori,8.28,25.52
2016-04-19,Migori,15.76,22.21
2016-04-20,Migori,15.4,20.25
2016-04-21,Migori,22.74,22.7
2016-04-22,Migori,16.4,27.16
2016-04-23,Migori,12.27,24.46
2016-04-24,Migori,22.98,29.44
2016-04-25,Migori,9.2,29.02
2016-04-26,Migori,6.51,23.33
2016-04-27,Migori,14.57,23.16
2016-04-28,Migori,13.41,19.91
2016-04-29,Migori,14.32,22.5
2016-04-30,Migori,24.7,24.66
2016-05-01,Migori,16.29,24.9
2016-05-02,Migori,13.71,21.08
2016-05-03,Migori,15.87,18.63
2016-05-04,Migori,10.11,21.83
2016-05-05,Migori,23.25,30.05
2016-05-06,Migori,9.39,24.02
2016-05-07,Migori,13.85,25.4
2016-05-08,Migori,6.74,28.31
2016-05-09,Migori,10.07,24.3
2016-05-10,Migori,16.94,22.54
2016-05-11,Migori,13.67,24.45
2016-05-12,Migori,13.05,23.23
2016-05-13,Migori,21.79,18.53
2016-05-14,Migori,2.16,20.99
2016-05-15,Migori,14.8,23.11
2016-05-16,Migori,18.73,27.84
2016-05-17,Migori,21.29,21.44
2016-05-18,Migori,19.86,26.57
2016-05-19,Migori,11.63,25.37
2016-05-20,Migori,14.2,16.43
2016-05-21,Migori,15.68,20.11
2016-05-22,Migori,12.57,23.77
2016-05-23,Migori,13.58,24.85
2016-05-24,Migori,18.73,28.58
2016-05-25,Migori,16.06,27.7
2016-05-26,Migori,25.02,24.16
2016-05-27,Migori,5.93,26.16
2016-05-28,Migori,9.71,30.49
2016-05-29,Migori,9.13,16.64
2016-05-30,Migori,6.49,20.87
2016-05-31,Migori,21.91,26.87
2016-06-01,Migori,4.67,24.7
2016-06-02,Migori,4.12,23.41
2016-06-03,Migori,7.17,27.0
2016-06-04,Migori,3.41,20.02
2016-06-05,Migori,3.73,23.07
2016-06-06,Migori,3.28,20.44
2016-06-07,Migori,5.51,23.21
2016-06-08,Migori,4.05,23.18
2016-06-09,Migori,6.44,23.92
2016-06-10,Migori,6.06,25.73
2016-06-11,Migori,6.56,20.1
2016-06-12,Migori,7.08,25.66
2016-06-13,Migori,3.72,19.46
2016-06-14,Migori,4.63,23.86
2016-06-15,Migori,7.74,22.26
2016-06-16,Migori,2.3,25.21
2016-06-17,Migori,0.88,24.73
2016-06-18,Migori,5.16,29.67
2016-06-19,Migori,2.73,27.42
2016-06-20,Migori,6.96,24.55
2016-06-21,Migori,6.2,24.8
2016-06-22,Migori,11.28,21.31
2016-06-23,Migori,4.54,23.31
2016-06-24,Migori,4.66,27.26
2016-06-25,Migori,9.06,23.72
2016-06-26,Migori,6.23,25.9
2016-06-27,Migori,6.75,23.96
2016-06-28,Migori,4.38,23.91
2016-06-29,Migori,4.16,22.32
2016-06-30,Migori,3.39,24.24
2016-07-01,Migori,5.95,23.06
2016-07-02,Migori,5.29,23.43
2016-07-03,Migori,1.06,25.33
2016-07-04,Migori,3.76,25.07
2016-07-05,Migori,4.97,24.48
2016-07-06,Migori,5.68,30.39
2016-07-07,Migori,2.44,25.0
2016-07-08,Migori,7.02,25.58
2016-07-09,Migori,5.28,25.21
2016-07-10,Migori,1.63,24.19
2016-07-11,Migori,6.49,28.61
2016-07-12,Migori,5.28,22.39
2016-07-13,Migori,6.42,22.8
2016-07-14,Migori,4.14,26.6
2016-07-15,Migori,4.45,27.13
2016-07-16,Migori,8.34,19.9
2016-07-17,Migori,2.82,27.52
2016-07-18,Migori,5.13,22.67
2016-07-19,Migori,1.24,24.32
2016-07-20,Migori,6.64,23.28
2016-07-21,Migori,7.89,26.1
2016-07-22,Migori,3.72,20.57
2016-07-23,Migori,4.8,21.55
2016-07-24,Migori,5.91,20.21
2016-07-25,Migori,2.65,28.96
2016-07-26,Migori,9.23,22.6
2016-07-27,Migori,5.31,24.95
2016-07-28,Migori,6.02,23.54
2016-07-29,Migori,7.81,24.7
2016-07-30,Migori,4.25,26.9
2016-07-31,Migori,4.86,22.02
2016-08-01,Migori,2.13,23.22
2016-08-02,Migori,3.29,25.49
2016-08-03,Migori,7.43,21.98
2016-08-04,Migori,5.92,26.35
2016-08-05,Migori,4.92,18.63
2016-08-06,Migori,6.08,22.5
2016-08-07,Migori,5.09,29.12
2016-08-08,Migori,6.68,23.23
2016-08-09,Migori,4.96,20.66
2016-08-10,Migori,0.51,24.95
2016-08-11,Migori,6.05,23.95
2016-08-12,Migori,5.23,23.89
2016-08-13,Migori,5.8,25.76
2016-08-14,Migori,5.64,27.77
2016-08-15,Migori,5.27,27.2
2016-08-16,Migori,9.76,25.82
2016-08-17,Migori,3.54,25.29
2016-08-18,Migori,6.89,23.73
2016-08-19,Migori,8.19,28.53
2016-08-20,Migori,3.02,20.12
2016-08-21,Migori,4.67,28.25
2016-08-22,Migori,7.61,21.22
2016-08-23,Migori,7.34,20.64
2016-08-24,Migori,5.58,28.37
2016-08-25,Migori,5.73,25.35
2016-08-26,Migori,5.84,25.01
2016-08-27,Migori,5.72,28.02
2016-08-28,Migori,7.25,17.94
2016-08-29,Migori,4.86,25.17
2016-08-30,Migori,2.71,20.02
2016-08-31,Migori,2.51,23.27
2016-09-01,Migori,5.47,25.38
2016-09-02,Migori,6.06,22.16
2016-09-03,Migori,2.69,20.69
2016-09-04,Migori,5.91,26.59
2016-09-05,Migori,7.54,25.2
2016-09-06,Migori,5.59,31.36
2016-09-07,Migori,8.94,30.14
2016-09-08,Migori,7.1,23.43
2016-09-09,Migori,3.47,23.97
2016-09-10,Migori,5.8,26.91
2016-09-11,Migori,2.72,27.61
2016-09-12,Migori,8.35,26.39
2016-09-13,Migori,7.62,26.78
2016-09-14,Migori,2.94,21.56
2016-09-15,Migori,6.23,18.46
2016-09-16,Migori,5.02,21.54
2016-09-17,Migori,5.15,20.51
2016-09-18,Migori,5.78,23.32
2016-09-19,Migori,4.99,24.95
2016-09-20,Migori,6.85,24.94
2016-09-21,Migori,4.1,25.01
2016-09-22,Migori,6.45,23.96
2016-09-23,Migori,3.02,22.91
2016-09-24,Migori,8.18,24.45
2016-09-25,Migori,3.46,24.02
2016-09-26,Migori,1.98,23.89
2016-09-27,Migori,7.54,25.85
2016-09-28,Migori,6.13,27.75
2016-09-29,Migori,3.6,17.6
2016-09-30,Migori,3.48,20.81
2016-10-01,Migori,9.75,24.74
2015-01-01,Kisii,8.12,23.19
2015-01-02,Kisii,5.17,24.76
2015-01-03,Kisii,0.0,25.13
2015-01-04,Kisii,0.0,23.45
2015-01-05,Kisii,6.02,20.33
2015-01-06,Kisii,5.7,25.99
2015-01-07,Kisii,6.14,28.63
2015-01-08,Kisii,5.22,23.15
2015-01-09,Kisii,5.64,27.09
2015-01-10,Kisii,6.08,21.15
2015-01-11,Kisii,7.79,23.95
2015-01-12,Kisii,5.25,21.33
2015-01-13,Kisii,6.7,23.43
2015-01-14,Kisii,3.7,26.67
2015-01-15,Kisii,8.66,23.07
2015-01-16,Kisii,6.65,20.99
2015-01-17,Kisii,5.11,26.81
2015-01-18,Kisii,4.2,21.84
2015-01-19,Kisii,4.99,25.63
2015-01-20,Kisii,4.43,17.49
2015-01-21,Kisii,4.43,16.32
2015-01-22,Kisii,4.1,20.79
2015-01-23,Kisii,5.56,21.38
2015-01-24,Kisii,4.57,27.16
2015-01-25,Kisii,6.45,27.85
2015-01-26,Kisii,3.0,24.06
2015-01-27,Kisii,5.54,26.79
2015-01-28,Kisii,7.25,22.48
2015-01-29,Kisii,8.4,28.03
2015-01-30,Kisii,5.75,30.0
2015-01-31,Kisii,6.39,26.99
2015-02-01,Kisii,4.04,26.22
2015-02-02,Kisii,3.22,21.26
2015-02-03,Kisii,1.52,24.58
2015-02-04,Kisii,5.0,23.87
2015-02-05,Kisii,7.36,23.03
2015-02-06,Kisii,2.37,24.91
2015-02-07,Kisii,4.67,26.19
2015-02-08,Kisii,7.15,28.02
2015-02-09,Kisii,3.13,22.52
2015-02-10,Kisii,6.13,23.8
2015-02-11,Kisii,2.74,23.16
2015-02-12,Kisii,3.54,22.28
2015-02-13,Kisii,7.15,27.11
2015-02-14,Kisii,3.4,27.98
2015-02-15,Kisii,5.97,24.79
2015-02-16,Kisii,5.99,22.18
2015-02-17,Kisii,4.94,27.82
2015-02-18,Kisii,1.95,20.8
2015-02-19,Kisii,3.23,23.92
2015-02-20,Kisii,6.42,29.3
2015-02-21,Kisii,1.64,25.42
2015-02-22,Kisii,5.57,25.62
2015-02-23,Kisii,5.62,25.51
2015-02-24,Kisii,5.15,27.75
2015-02-25,Kisii,7.37,22.59
2015-02-26,Kisii,6.93,24.69
2015-02-27,Kisii,4.63,24.9
2015-02-28,Kisii,5.29,21.67
2015-03-01,Kisii,12.27,24.64
2015-03-02,Kisii,12.28,25.66
2015-03-03,Kisii,20.43,29.97
2015-03-04,Kisii,10.17,19.3
2015-03-05,Kisii,8.63,22.97
2015-03-06,Kisii,15.53,26.83
2015-03-07,Kisii,21.15,22.16
2015-03-08,Kisii,18.1,24.21
2015-03-09,Kisii,11.1,26.76
2015-03-10,Kisii,7.31,23.22
2015-03-11,Kisii,20.02,25.27
2015-03-12,Kisii,10.31,25.3
2015-03-13,Kisii,11.77,22.28
2015-03-14,Kisii,13.64,23.83
2015-03-15,Kisii,12.13,27.5
2015-03-16,Kisii,16.22,24.78
2015-03-17,Kisii,19.65,20.84
2015-03-18,Kisii,17.05,25.87
2015-03-19,Kisii,14.75,24.62
2015-03-20,Kisii,9.53,24.44
2015-03-21,Kisii,13.86,24.83
2015-03-22,Kisii,10.75,28.27
2015-03-23,Kisii,16.0,23.8
2015-03-24,Kisii,18.67,27.57
2015-03-25,Kisii,12.63,29.84
2015-03-26,Kisii,16.85,23.09
2015-03-27,Kisii,16.95,22.87
2015-03-28,Kisii,9.35,21.48
2015-03-29,Kisii,10.01,25.08
2015-03-30,Kisii,15.65,23.36
2015-03-31,Kisii,25.63,25.0
2015-04-01,Kisii,18.53,28.19
2015-04-02,Kisii,23.05,23.33
2015-04-03,Kisii,24.15,25.87
2015-04-04,Kisii,11.85,19.41
2015-04-05,Kisii,12.68,24.44
2015-04-06,Kisii,15.15,22.94
2015-04-07,Kisii,20.24,20.57
2015-04-08,Kisii,22.32,28.2
2015-04-09,Kisii,10.13,21.71
2015-04-10,Kisii,11.66,21.3
2015-04-11,Kisii,18.13,20.5
2015-04-12,Kisii,17.3,27.74
2015-04-13,Kisii,21.56,26.03
2015-04-14,Kisii,19.59,25.89
2015-04-15,Kisii,23.93,28.39
2015-04-16,Kisii,12.53,27.06
2015-04-17,Kisii,14.73,22.82
2015-04-18,Kisii,16.21,20.09
2015-04-19,Kisii,13.33,24.78
2015-04-20,Kisii,15.36,26.26
2015-04-21,Kisii,17.16,28.47
2015-04-22,Kisii,10.51,21.89
2015-04-23,Kisii,13.64,25.27
2015-04-24,Kisii,16.7,17.86
2015-04-25,Kisii,15.44,23.01
2015-04-26,Kisii,16.43,31.66
2015-04-27,Kisii,10.0,26.59
2015-04-28,Kisii,6.92,23.08
2015-04-29,Kisii,11.31,28.16
2015-04-30,Kisii,28.31,23.07
2015-05-01,Kisii,20.38,21.7
2015-05-02,Kisii,7.67,25.46
2015-05-03,Kisii,17.9,23.49
2015-05-04,Kisii,13.93,29.78
2015-05-05,Kisii,13.06,22.64
2015-05-06,Kisii,11.74,25.54
2015-05-07,Kisii,8.08,24.85
2015-05-08,Kisii,13.26,24.23
2015-05-09,Kisii,19.17,26.58
2015-05-10,Kisii,13.76,24.62
2015-05-11,Kisii,19.73,25.17
2015-05-12,Kisii,13.79,26.27
2015-05-13,Kisii,11.94,26.45
2015-05-14,Kisii,13.5,29.11
2015-05-15,Kisii,10.01,20.73
2015-05-16,Kisii,18.18,26.33
2015-05-17,Kisii,21.67,23.9
2015-05-18,Kisii,22.65,27.9
2015-05-19,Kisii,14.66,21.26
2015-05-20,Kisii,19.62,23.38
2015-05-21,Kisii,18.23,24.89
2015-05-22,Kisii,17.65,28.41
2015-05-23,Kisii,19.85,23.05
2015-05-24,Kisii,17.45,22.6
2015-05-25,Kisii,20.54,21.95
2015-05-26,Kisii,15.49,26.14
2015-05-27,Kisii,9.71,22.19
2015-05-28,Kisii,7.84,23.59
2015-05-29,Kisii,25.1,25.53
2015-05-30,Kisii,19.83,21.96
2015-05-31,Kisii,8.78,23.58
2015-06-01,Kisii,6.39,21.85
2015-06-02,Kisii,3.89,25.77
2015-06-03,Kisii,5.81,21.2
2015-06-04,Kisii,1.85,24.81
2015-06-05,Kisii,3.81,23.13
2015-06-06,Kisii,8.11,24.76
2015-06-07,Kisii,3.57,32.13
2015-06-08,Kisii,4.88,23.69
2015-06-09,Kisii,9.11,28.12
2015-06-10,Kisii,5.73,20.97
2015-06-11,Kisii,5.98,24.05
2015-06-12,Kisii,2.34,26.32
2015-06-13,Kisii,5.3,21.39
2015-06-14,Kisii,7.61,24.31
2015-06-15,Kisii,6.11,25.57
2015-06-16,Kisii,8.31,25.97
2015-06-17,Kisii,3.81,24.51
2015-06-18,Kisii,8.88,18.03
2015-06-19,Kisii,2.3,26.36
2015-06-20,Kisii,4.52,21.07
2015-06-21,Kisii,8.77,24.83
2015-06-22,Kisii,6.93,26.45
2015-06-23,Kisii,6.93,28.54
2015-06-24,Kisii,6.54,22.19
2015-06-25,Kisii,7.3,27.05
2015-06-26,Kisii,3.53,21.71
2015-06-27,Kisii,4.81,16.54
2015-06-28,Kisii,7.86,18.53
2015-06-29,Kisii,3.98,22.56
2015-06-30,Kisii,4.22,19.35
2015-07-01,Kisii,6.08,23.31
2015-07-02,Kisii,7.72,18.32
2015-07-03,Kisii,4.37,22.53
2015-07-04,Kisii,4.32,23.07
2015-07-05,Kisii,2.02,22.98
2015-07-06,Kisii,5.64,23.17
2015-07-07,Kisii,2.69,23.04
2015-07-08,Kisii,6.52,27.0
2015-07-09,Kisii,2.6,26.54
2015-07-10,Kisii,1.56,19.03
2015-07-11,Kisii,5.32,22.86
2015-07-12,Kisii,7.4,12.18
2015-07-13,Kisii,4.27,25.5
2015-07-14,Kisii,2.74,23.96
2015-07-15,Kisii,0.65,24.67
2015-07-16,Kisii,5.46,22.95
2015-07-17,Kisii,6.65,22.56
2015-07-18,Kisii,5.18,23.07
2015-07-19,Kisii,3.03,21.04
2015-07-20,Kisii,6.22,20.94
2015-07-21,Kisii,2.11,21.59
2015-07-22,Kisii,5.19,23.3
2015-07-23,Kisii,5.26,22.84
2015-07-24,Kisii,4.38,23.34
2015-07-25,Kisii,5.37,27.53
2015-07-26,Kisii,6.56,25.53
2015-07-27,Kisii,5.27,27.2
2015-07-28,Kisii,6.24,28.51
2015-07-29,Kisii,4.67,28.15
2015-07-30,Kisii,7.17,20.14
2015-07-31,Kisii,8.71,26.38
2015-08-01,Kisii,3.86,31.81
2015-08-02,Kisii,3.83,24.13
2015-08-03,Kisii,3.34,23.11
2015-08-04,Kisii,3.85,23.72
2015-08-05,Kisii,6.91,21.39
2015-08-06,Kisii,6.71,23.2
2015-08-07,Kisii,3.94,24.8
2015-08-08,Kisii,4.45,19.83
2015-08-09,Kisii,4.31,22.42
2015-08-10,Kisii,3.61,20.7
2015-08-11,Kisii,7.95,27.8
2015-08-12,Kisii,8.52,24.45
2015-08-13,Kisii,6.67,28.38
2015-08-14,Kisii,4.34,24.91
2015-08-15,Kisii,4.38,22.95
2015-08-16,Kisii,2.96,24.98
2015-08-17,Kisii,3.61,23.37
2015-08-18,Kisii,8.15,19.64
2015-08-19,Kisii,9.27,22.36
2015-08-20,Kisii,6.97,22.46
2015-08-21,Kisii,5.1,27.84
2015-08-22,Kisii,8.17,22.32
2015-08-23,Kisii,4.62,24.1
2015-08-24,Kisii,4.68,21.46
2015-08-25,Kisii,3.57,23.99
2015-08-26,Kisii,1.75,24.2
2015-08-27,Kisii,6.01,27.04
2015-08-28,Kisii,7.5,22.66
2015-08-29,Kisii,3.4,24.58
2015-08-30,Kisii,5.31,22.21
2015-08-31,Kisii,7.98,21.22
2015-09-01,Kisii,3.15,29.4
2015-09-02,Kisii,7.91,23.01
2015-09-03,Kisii,3.37,26.05
2015-09-04,Kisii,5.84,28.01
2015-09-05,Kisii,2.04,27.05
2015-09-06,Kisii,4.43,15.72
2015-09-07,Kisii,7.31,25.49
2015-09-08,Kisii,6.77,24.39
2015-09-09,Kisii,0.89,29.24
2015-09-10,Kisii,2.94,25.36
2015-09-11,Kisii,4.12,22.82
2015-09-12,Kisii,4.65,22.73
2015-09-13,Kisii,4.82,27.05
2015-09-14,Kisii,6.95,27.68
2015-09-15,Kisii,4.33,25.09
2015-09-16,Kisii,2.93,22.59
2015-09-17,Kisii,5.54,23.49
2015-09-18,Kisii,3.91,23.12
2015-09-19,Kisii,3.53,24.12
2015-09-20,Kisii,7.27,26.15
2015-09-21,Kisii,7.1,25.89
2015-09-22,Kisii,8.01,21.65
2015-09-23,Kisii,4.46,25.05
2015-09-24,Kisii,6.69,21.58
2015-09-25,Kisii,7.84,16.65
2015-09-26,Kisii,4.41,22.2
2015-09-27,Kisii,2.69,25.23
2015-09-28,Kisii,4.21,25.48
2015-09-29,Kisii,1.16,17.5
2015-09-30,Kisii,3.55,24.82
2015-10-01,Kisii,6.07,25.49
2015-10-02,Kisii,5.31,19.58
2015-10-03,Kisii,7.51,27.55
2015-10-04,Kisii,15.98,23.3
2015-10-05,Kisii,12.28,26.66
2015-10-06,Kisii,7.2,23.77
2015-10-07,Kisii,8.29,23.76
2015-10-08,Kisii,4.23,22.31
2015-10-09,Kisii,4.11,19.29
2015-10-10,Kisii,7.02,26.92
2015-10-11,Kisii,14.12,30.96
2015-10-12,Kisii,8.73,27.14
2015-10-13,Kisii,11.0,26.45
2015-10-14,Kisii,6.87,24.13
2015-10-15,Kisii,12.48,24.44
2015-10-16,Kisii,10.3,25.81
2015-10-17,Kisii,10.86,22.33
2015-10-18,Kisii,8.46,27.06
2015-10-19,Kisii,9.91,19.69
2015-10-20,Kisii,10.93,29.02
2015-10-21,Kisii,6.97,18.08
2015-10-22,Kisii,15.58,23.78
2015-10-23,Kisii,11.7,21.01
2015-10-24,Kisii,7.26,22.55
2015-10-25,Kisii,9.48,26.0
2015-10-26,Kisii,9.81,19.31
2015-10-27,Kisii,1.14,26.19
2015-10-28,Kisii,9.24,25.73
2015-10-29,Kisii,14.67,26.23
2015-10-30,Kisii,7.33,22.97
2015-10-31,Kisii,14.07,26.22
2015-11-01,Kisii,8.14,25.25
2015-11-02,Kisii,9.3,23.14
2015-11-03,Kisii,11.94,26.91
2015-11-04,Kisii,14.53,25.9
2015-11-05,Kisii,9.83,25.44
2015-11-06,Kisii,6.27,26.08
2015-11-07,Kisii,16.88,26.11
2015-11-08,Kisii,2.58,23.7
2015-11-09,Kisii,6.29,22.27
2015-11-10,Kisii,4.93,24.32
2015-11-11,Kisii,0.0,26.53
2015-11-12,Kisii,12.28,19.14
2015-11-13,Kisii,10.46,21.34
2015-11-14,Kisii,9.19,23.96
2015-11-15,Kisii,8.85,26.67
2015-11-16,Kisii,5.78,23.28
2015-11-17,Kisii,11.64,20.14
2015-11-18,Kisii,13.0,22.25
2015-11-19,Kisii,8.83,31.24
2015-11-20,Kisii,9.11,25.49
2015-11-21,Kisii,8.56,22.94
2015-11-22,Kisii,13.77,24.21
2015-11-23,Kisii,7.74,23.25
2015-11-24,Kisii,6.58,21.82
2015-11-25,Kisii,9.56,26.6
2015-11-26,Kisii,15.24,25.37
2015-11-27,Kisii,11.77,23.6
2015-11-28,Kisii,9.24,23.68
2015-11-29,Kisii,4.75,22.41
2015-11-30,Kisii,13.7,26.66
2015-12-01,Kisii,3.33,21.74
2015-12-02,Kisii,3.15,22.88
2015-12-03,Kisii,2.46,23.64
2015-12-04,Kisii,7.39,26.52
2015-12-05,Kisii,10.28,21.03
2015-12-06,Kisii,2.18,29.82
2015-12-07,Kisii,7.8,25.2
2015-12-08,Kisii,3.77,24.96
2015-12-09,Kisii,6.63,24.03
2015-12-10,Kisii,6.04,20.74
2015-12-11,Kisii,0.0,23.71
2015-12-12,Kisii,4.85,22.45
2015-12-13,Kisii,4.67,23.97
2015-12-14,Kisii,3.92,17.83
2015-12-15,Kisii,4.55,25.29
2015-12-16,Kisii,4.45,23.48
2015-12-17,Kisii,1.65,23.91
2015-12-18,Kisii,4.11,22.8
2015-12-19,Kisii,3.48,23.2
2015-12-20,Kisii,4.68,22.26
2015-12-21,Kisii,4.64,24.75
2015-12-22,Kisii,3.49,30.18
2015-12-23,Kisii,3.06,23.68
2015-12-24,Kisii,2.78,25.33
2015-12-25,Kisii,7.8,23.85
2015-12-26,Kisii,6.3,24.56
2015-12-27,Kisii,5.58,31.46
2015-12-28,Kisii,3.39,18.68
2015-12-29,Kisii,8.84,21.03
2015-12-30,Kisii,1.36,30.67
2015-12-31,Kisii,4.24,26.2
2016-01-01,Kisii,5.62,27.35
2016-01-02,Kisii,3.79,21.19
2016-01-03,Kisii,7.52,19.82
2016-01-04,Kisii,4.28,21.69
2016-01-05,Kisii,5.11,29.84
2016-01-06,Kisii,4.75,25.78
2016-01-07,Kisii,5.71,22.5
2016-01-08,Kisii,7.37,27.34
2016-01-09,Kisii,1.58,24.25
2016-01-10,Kisii,6.89,22.82
2016-01-11,Kisii,3.9,24.51
2016-01-12,Kisii,4.7,26.04
2016-01-13,Kisii,2.83,18.39
2016-01-14,Kisii,6.08,25.81
2016-01-15,Kisii,4.68,22.79
2016-01-16,Kisii,3.41,26.19
2016-01-17,Kisii,6.22,25.22
2016-01-18,Kisii,8.91,24.6
2016-01-19,Kisii,2.59,23.03
2016-01-20,Kisii,6.2,28.33
2016-01-21,Kisii,1.88,23.16
2016-01-22,Kisii,4.5,18.74
2016-01-23,Kisii,7.01,29.73
2016-01-24,Kisii,5.01,20.45
2016-01-25,Kisii,7.5,27.58
2016-01-26,Kisii,5.15,21.22
2016-01-27,Kisii,4.62,25.82
2016-01-28,Kisii,8.17,19.97
2016-01-29,Kisii,5.0,26.43
2016-01-30,Kisii,4.92,27.03
2016-01-31,Kisii,7.16,22.85
2016-02-01,Kisii,4.05,26.61
2016-02-02,Kisii,7.33,22.92
2016-02-03,Kisii,5.35,29.48
2016-02-04,Kisii,5.47,23.46
2016-02-05,Kisii,8.8,22.73
2016-02-06,Kisii,7.87,20.1
2016-02-07,Kisii,4.47,17.54
2016-02-08,Kisii,7.35,24.79
2016-02-09,Kisii,5.25,19.92
2016-02-10,Kisii,5.95,18.91
2016-02-11,Kisii,7.09,26.16
2016-02-12,Kisii,9.35,24.84
2016-02-13,Kisii,6.28,27.81
2016-02-14,Kisii,8.54,19.84
2016-02-15,Kisii,4.81,21.5
2016-02-16,Kisii,2.94,21.04
2016-02-17,Kisii,4.09,27.03
2016-02-18,Kisii,7.88,21.35
2016-02-19,Kisii,5.9,27.66
2016-02-20,Kisii,2.76,22.68
2016-02-21,Kisii,4.77,25.32
2016-02-22,Kisii,6.39,22.95
2016-02-23,Kisii,8.06,23.53
2016-02-24,Kisii,5.79,28.22
2016-02-25,Kisii,7.26,19.02
2016-02-26,Kisii,1.88,18.98
2016-02-27,Kisii,6.5,23.27
2016-02-28,Kisii,5.89,25.54
2016-02-29,Kisii,6.02,26.48
2016-03-01,Kisii,13.91,23.0
2016-03-02,Kisii,23.72,25.01
2016-03-03,Kisii,9.91,21.95
2016-03-04,Kisii,12.42,23.77
2016-03-05,Kisii,23.57,21.66
2016-03-06,Kisii,15.47,25.71
2016-03-07,Kisii,17.94,21.52
2016-03-08,Kisii,13.91,26.76
2016-03-09,Kisii,10.15,27.8
2016-03-10,Kisii,16.34,26.71
2016-03-11,Kisii,15.48,25.7
2016-03-12,Kisii,14.61,27.71
2016-03-13,Kisii,10.53,26.56
2016-03-14,Kisii,5.49,22.39
2016-03-15,Kisii,16.54,22.59
2016-03-16,Kisii,20.86,19.15
2016-03-17,Kisii,10.91,26.97
2016-03-18,Kisii,11.42,30.55
2016-03-19,Kisii,19.06,24.66
2016-03-20,Kisii,17.76,23.0
2016-03-21,Kisii,12.03,22.07
2016-03-22,Kisii,19.76,23.36
2016-03-23,Kisii,8.73,23.05
2016-03-24,Kisii,16.23,24.4
2016-03-25,Kisii,7.08,22.85
2016-03-26,Kisii,15.86,29.26
2016-03-27,Kisii,19.28,21.59
2016-03-28,Kisii,0.66,26.02
2016-03-29,Kisii,13.97,21.82
2016-03-30,Kisii,17.98,18.25
2016-03-31,Kisii,19.27,30.85
2016-04-01,Kisii,11.3,24.71
2016-04-02,Kisii,18.98,23.32
2016-04-03,Kisii,15.37,30.36
2016-04-04,Kisii,13.93,28.5
2016-04-05,Kisii,14.92,25.92
2016-04-06,Kisii,5.7,26.73
2016-04-07,Kisii,16.29,21.8
2016-04-08,Kisii,23.48,26.81
2016-04-09,Kisii,21.08,26.22
2016-04-10,Kisii,16.4,25.87
2016-04-11,Kisii,12.3,24.0
2016-04-12,Kisii,14.48,17.52
2016-04-13,Kisii,11.57,26.93
2016-04-14,Kisii,4.73,21.7
2016-04-15,Kisii,7.51,23.88
2016-04-16,Kisii,17.63,27.12
2016-04-17,Kisii,13.19,21.74
2016-04-18,Kisii,22.72,24.61
2016-04-19,Kisii,23.6,22.63
2016-04-20,Kisii,19.61,25.35
2016-04-21,Kisii,15.71,21.99
2016-04-22,Kisii,21.38,25.47
2016-04-23,Kisii,6.73,28.1
2016-04-24,Kisii,9.97,21.25
2016-04-25,Kisii,14.86,25.13
2016-04-26,Kisii,12.07,23.64
2016-04-27,Kisii,8.73,24.9
2016-04-28,Kisii,16.04,22.8
2016-04-29,Kisii,12.79,20.54
2016-04-30,Kisii,15.8,21.59
2016-05-01,Kisii,22.4,25.32
2016-05-02,Kisii,15.45,21.95
2016-05-03,Kisii,12.66,25.02
2016-05-04,Kisii,13.63,23.14
2016-05-05,Kisii,7.4,23.43
2016-05-06,Kisii,15.38,23.8
2016-05-07,Kisii,14.96,17.36
2016-05-08,Kisii,5.84,23.3
2016-05-09,Kisii,22.19,22.87
2016-05-10,Kisii,12.91,20.49
2016-05-11,Kisii,11.16,23.25
2016-05-12,Kisii,16.14,20.58
2016-05-13,Kisii,17.72,21.47
2016-05-14,Kisii,6.88,25.19
2016-05-15,Kisii,22.18,26.27
2016-05-16,Kisii,11.38,26.39
2016-05-17,Kisii,14.78,23.79
2016-05-18,Kisii,9.42,27.23
2016-05-19,Kisii,4.56,20.59
2016-05-20,Kisii,27.43,29.46
2016-05-21,Kisii,16.52,31.69
2016-05-22,Kisii,20.68,26.38
2016-05-23,Kisii,12.24,25.55
2016-05-24,Kisii,14.21,22.96
2016-05-25,Kisii,16.17,23.34
2016-05-26,Kisii,16.65,29.29
2016-05-27,Kisii,22.83,25.43
2016-05-28,Kisii,13.99,29.1
2016-05-29,Kisii,16.84,23.33
2016-05-30,Kisii,18.33,23.85
2016-05-31,Kisii,12.14,24.43
2016-06-01,Kisii,7.77,23.99
2016-06-02,Kisii,7.21,25.02
2016-06-03,Kisii,2.36,26.72
2016-06-04,Kisii,7.91,26.55
2016-06-05,Kisii,9.24,24.37
2016-06-06,Kisii,0.52,26.63
2016-06-07,Kisii,2.62,27.94
2016-06-08,Kisii,7.74,19.29
2016-06-09,Kisii,5.93,23.22
2016-06-10,Kisii,8.61,24.43
2016-06-11,Kisii,6.3,23.07
2016-06-12,Kisii,1.08,23.09
2016-06-13,Kisii,7.49,23.79
2016-06-14,Kisii,5.98,25.47
2016-06-15,Kisii,2.54,24.57
2016-06-16,Kisii,2.52,23.4
2016-06-17,Kisii,5.7,24.06
2016-06-18,Kisii,6.27,20.73
2016-06-19,Kisii,6.53,17.41
2016-06-20,Kisii,2.75,24.58
2016-06-21,Kisii,4.4,24.49
2016-06-22,Kisii,8.53,21.2
2016-06-23,Kisii,8.07,29.75
2016-06-24,Kisii,4.94,29.09
2016-06-25,Kisii,3.26,20.85
2016-06-26,Kisii,5.11,24.77
2016-06-27,Kisii,4.69,21.45
2016-06-28,Kisii,5.62,23.65
2016-06-29,Kisii,5.66,21.22
2016-06-30,Kisii,6.61,30.07
2016-07-01,Kisii,2.65,28.58
2016-07-02,Kisii,7.44,18.3
2016-07-03,Kisii,9.16,24.28
2016-07-04,Kisii,2.52,22.87
2016-07-05,Kisii,5.78,20.76
2016-07-06,Kisii,0.7,23.95
2016-07-07,Kisii,4.09,31.27
2016-07-08,Kisii,9.41,21.92
2016-07-09,Kisii,2.73,23.1
2016-07-10,Kisii,5.22,28.37
2016-07-11,Kisii,5.7,27.26
2016-07-12,Kisii,2.42,31.72
2016-07-13,Kisii,2.57,21.28
2016-07-14,Kisii,4.77,18.84
2016-07-15,Kisii,2.0,20.79
2016-07-16,Kisii,4.4,23.69
2016-07-17,Kisii,7.27,31.73
2016-07-18,Kisii,3.88,22.13
2016-07-19,Kisii,1.76,24.24
2016-07-20,Kisii,5.09,23.7
2016-07-21,Kisii,6.9,22.37
2016-07-22,Kisii,4.02,25.82
2016-07-23,Kisii,2.12,25.65
2016-07-24,Kisii,2.25,20.63
2016-07-25,Kisii,2.48,30.14
2016-07-26,Kisii,4.31,26.45
2016-07-27,Kisii,0.0,27.14
2016-07-28,Kisii,3.8,23.06
2016-07-29,Kisii,5.05,21.71
2016-07-30,Kisii,4.6,22.61
2016-07-31,Kisii,3.94,28.17
2016-08-01,Kisii,4.93,21.57
2016-08-02,Kisii,3.05,27.49
2016-08-03,Kisii,5.53,25.86
2016-08-04,Kisii,3.85,22.79
2016-08-05,Kisii,6.0,23.05
2016-08-06,Kisii,5.72,27.68
2016-08-07,Kisii,3.13,28.28
2016-08-08,Kisii,5.04,24.03
2016-08-09,Kisii,6.48,24.63
2016-08-10,Kisii,6.18,23.79
2016-08-11,Kisii,8.79,21.62
2016-08-12,Kisii,3.99,23.65
2016-08-13,Kisii,7.08,18.56
2016-08-14,Kisii,5.62,26.26
2016-08-15,Kisii,3.85,28.62
2016-08-16,Kisii,3.56,21.34
2016-08-17,Kisii,3.9,22.65
2016-08-18,Kisii,3.36,22.38
2016-08-19,Kisii,7.54,21.36
2016-08-20,Kisii,7.91,27.53
2016-08-21,Kisii,5.32,25.23
2016-08-22,Kisii,6.46,29.52
2016-08-23,Kisii,6.62,26.66
2016-08-24,Kisii,6.11,23.55
2016-08-25,Kisii,5.28,25.43
2016-08-26,Kisii,5.24,26.85
2016-08-27,Kisii,8.32,28.06
2016-08-28,Kisii,4.98,25.85
2016-08-29,Kisii,5.94,28.36
2016-08-30,Kisii,1.78,22.14
2016-08-31,Kisii,8.25,25.98
2016-09-01,Kisii,5.2,19.36
2016-09-02,Kisii,5.69,20.54
2016-09-03,Kisii,7.09,20.51
2016-09-04,Kisii,4.17,24.74
2016-09-05,Kisii,3.32,21.16
2016-09-06,Kisii,5.01,29.05
2016-09-07,Kisii,4.54,27.03
2016-09-08,Kisii,4.29,28.82
2016-09-09,Kisii,4.21,26.67
2016-09-10,Kisii,9.94,26.15
2016-09-11,Kisii,8.13,21.57
2016-09-12,Kisii,7.88,25.63
2016-09-13,Kisii,4.5,24.33
2016-09-14,Kisii,2.93,18.01
2016-09-15,Kisii,2.72,25.75
2016-09-16,Kisii,2.96,24.5
2016-09-17,Kisii,3.72,24.88
2016-09-18,Kisii,2.6,20.15
2016-09-19,Kisii,4.66,28.12
2016-09-20,Kisii,6.29,21.9
2016-09-21,Kisii,2.85,23.45
2016-09-22,Kisii,3.56,24.9
2016-09-23,Kisii,4.81,22.86
2016-09-24,Kisii,4.63,20.35
2016-09-25,Kisii,6.59,27.86
2016-09-26,Kisii,4.67,27.2
2016-09-27,Kisii,8.86,26.87
2016-09-28,Kisii,3.19,23.13
2016-09-29,Kisii,7.18,23.84
2016-09-30,Kisii,0.21,23.04
2016-10-01,Kisii,13.83,22.45
2015-01-01,Nyamira,7.96,21.51
2015-01-02,Nyamira,5.55,23.97
2015-01-03,Nyamira,3.48,28.8
2015-01-04,Nyamira,12.42,20.95
2015-01-05,Nyamira,5.04,22.85
2015-01-06,Nyamira,4.11,24.29
2015-01-07,Nyamira,5.96,26.26
2015-01-08,Nyamira,5.41,23.19
2015-01-09,Nyamira,5.63,20.08
2015-01-10,Nyamira,5.12,20.69
2015-01-11,Nyamira,6.36,22.58
2015-01-12,Nyamira,0.15,24.05
2015-01-13,Nyamira,3.43,25.19
2015-01-14,Nyamira,3.24,22.11
2015-01-15,Nyamira,2.82,22.63
2015-01-16,Nyamira,4.56,20.23
2015-01-17,Nyamira,6.94,25.05
2015-01-18,Nyamira,4.51,24.26
2015-01-19,Nyamira,3.99,18.78
2015-01-20,Nyamira,4.88,26.43
2015-01-21,Nyamira,5.73,21.47
2015-01-22,Nyamira,5.83,22.73
2015-01-23,Nyamira,5.98,24.53
2015-01-24,Nyamira,4.36,27.86
2015-01-25,Nyamira,5.31,24.81
2015-01-26,Nyamira,0.4,21.56
2015-01-27,Nyamira,3.83,21.57
2015-01-28,Nyamira,6.08,19.76
2015-01-29,Nyamira,4.51,26.36
2015-01-30,Nyamira,2.77,27.1
2015-01-31,Nyamira,3.95,20.46
2015-02-01,Nyamira,5.45,21.29
2015-02-02,Nyamira,5.99,24.23
2015-02-03,Nyamira,2.41,27.4
2015-02-04,Nyamira,3.19,31.35
2015-02-05,Nyamira,7.42,23.33
2015-02-06,Nyamira,7.66,27.95
2015-02-07,Nyamira,2.27,22.14
2015-02-08,Nyamira,3.88,26.08
2015-02-09,Nyamira,6.22,26.25
2015-02-10,Nyamira,5.43,16.84
2015-02-11,Nyamira,8.79,26.41
2015-02-12,Nyamira,3.86,26.68
2015-02-13,Nyamira,4.78,30.32
2015-02-14,Nyamira,4.06,25.43
2015-02-15,Nyamira,9.67,29.02
2015-02-16,Nyamira,4.55,26.81
2015-02-17,Nyamira,3.4,29.19
2015-02-18,Nyamira,5.71,21.38
2015-02-19,Nyamira,3.92,20.15
2015-02-20,Nyamira,0.92,21.93
2015-02-21,Nyamira,2.88,20.02
2015-02-22,Nyamira,5.03,22.29
2015-02-23,Nyamira,4.38,22.92
2015-02-24,Nyamira,6.16,23.96
2015-02-25,Nyamira,2.93,28.11
2015-02-26,Nyamira,6.54,22.44
2015-02-27,Nyamira,5.63,22.17
2015-02-28,Nyamira,2.37,22.65
2015-03-01,Nyamira,16.86,26.17
2015-03-02,Nyamira,9.43,21.89
2015-03-03,Nyamira,13.63,18.73
2015-03-04,Nyamira,19.92,22.6
2015-03-05,Nyamira,14.07,16.47
2015-03-06,Nyamira,14.95,24.57
2015-03-07,Nyamira,0.0,27.8
2015-03-08,Nyamira,21.62,30.4
2015-03-09,Nyamira,12.1,27.17
2015-03-10,Nyamira,17.21,22.43
2015-03-11,Nyamira,15.87,19.08
2015-03-12,Nyamira,19.0,22.94
2015-03-13,Nyamira,9.96,23.2
2015-03-14,Nyamira,11.61,23.27
2015-03-15,Nyamira,8.07,24.98
2015-03-16,Nyamira,16.65,24.69
2015-03-17,Nyamira,13.69,29.75
2015-03-18,Nyamira,23.52,24.95
2015-03-19,Nyamira,5.11,28.91
2015-03-20,Nyamira,13.49,25.0
2015-03-21,Nyamira,11.98,25.99
2015-03-22,Nyamira,8.76,26.36
2015-03-23,Nyamira,9.14,24.42
2015-03-24,Nyamira,17.36,26.94
2015-03-25,Nyamira,7.46,23.18
2015-03-26,Nyamira,4.52,25.72
2015-03-27,Nyamira,8.12,21.53
2015-03-28,Nyamira,13.74,24.91
2015-03-29,Nyamira,3.76,24.43
2015-03-30,Nyamira,24.2,23.83
2015-03-31,Nyamira,15.41,24.64
2015-04-01,Nyamira,17.8,24.31
2015-04-02,Nyamira,23.65,23.94
2015-04-03,Nyamira,8.12,24.69
2015-04-04,Nyamira,14.09,25.93
2015-04-05,Nyamira,14.18,25.58
2015-04-06,Nyamira,14.88,30.32
2015-04-07,Nyamira,22.41,23.38
2015-04-08,Nyamira,8.93,27.46
2015-04-09,Nyamira,4.48,22.72
2015-04-10,Nyamira,4.16,26.85
2015-04-11,Nyamira,17.09,25.82
2015-04-12,Nyamira,18.66,17.47
2015-04-13,Nyamira,10.48,24.63
2015-04-14,Nyamira,15.96,28.17
2015-04-15,Nyamira,5.86,24.22
2015-04-16,Nyamira,16.18,23.5
2015-04-17,Nyamira,9.83,23.17
2015-04-18,Nyamira,10.93,24.08
2015-04-19,Nyamira,15.62,26.6
2015-04-20,Nyamira,13.83,23.4
2015-04-21,Nyamira,3.36,21.34
2015-04-22,Nyamira,24.78,22.84
2015-04-23,Nyamira,11.18,18.41
2015-04-24,Nyamira,11.71,25.4
2015-04-25,Nyamira,9.29,18.27
2015-04-26,Nyamira,5.52,27.26
2015-04-27,Nyamira,9.93,24.68
2015-04-28,Nyamira,6.31,25.79
2015-04-29,Nyamira,14.46,21.81
2015-04-30,Nyamira,12.57,31.49
2015-05-01,Nyamira,8.38,22.89
2015-05-02,Nyamira,19.11,22.94
2015-05-03,Nyamira,28.01,19.06
2015-05-04,Nyamira,17.43,21.02
2015-05-05,Nyamira,15.26,20.41
2015-05-06,Nyamira,14.04,26.47
2015-05-07,Nyamira,12.46,17.12
2015-05-08,Nyamira,11.77,27.54
2015-05-09,Nyamira,20.2,24.25
2015-05-10,Nyamira,16.85,23.47
2015-05-11,Nyamira,24.9,25.08
2015-05-12,Nyamira,26.75,22.78
2015-05-13,Nyamira,19.54,23.96
2015-05-14,Nyamira,16.57,28.48
2015-05-15,Nyamira,20.67,18.71
2015-05-16,Nyamira,7.49,24.84
2015-05-17,Nyamira,9.34,25.32
2015-05-18,Nyamira,17.93,20.78
2015-05-19,Nyamira,12.43,21.85
2015-05-20,Nyamira,21.98,23.68
2015-05-21,Nyamira,5.13,25.78
2015-05-22,Nyamira,24.52,20.28
2015-05-23,Nyamira,13.18,26.3
2015-05-24,Nyamira,22.08,23.62
2015-05-25,Nyamira,7.44,23.26
2015-05-26,Nyamira,19.39,20.53
2015-05-27,Nyamira,18.36,23.97
2015-05-28,Nyamira,19.31,27.55
2015-05-29,Nyamira,15.96,24.91
2015-05-30,Nyamira,9.98,30.97
2015-05-31,Nyamira,13.26,21.86
2015-06-01,Nyamira,2.91,28.41
2015-06-02,Nyamira,3.49,22.15
2015-06-03,Nyamira,5.0,23.88
2015-06-04,Nyamira,6.59,20.19
2015-06-05,Nyamira,2.39,19.07
2015-06-06,Nyamira,7.67,23.59
2015-06-07,Nyamira,4.35,26.87
2015-06-08,Nyamira,6.05,26.34
2015-06-09,Nyamira,2.85,22.47
2015-06-10,Nyamira,4.27,26.08
2015-06-11,Nyamira,4.84,23.27
2015-06-12,Nyamira,4.77,28.22
2015-06-13,Nyamira,1.74,25.92
2015-06-14,Nyamira,4.46,27.59
2015-06-15,Nyamira,4.04,20.94
2015-06-16,Nyamira,4.64,26.36
2015-06-17,Nyamira,6.88,19.64
2015-06-18,Nyamira,5.75,27.93
2015-06-19,Nyamira,4.9,24.32
2015-06-20,Nyamira,5.12,19.59
2015-06-21,Nyamira,5.67,27.7
2015-06-22,Nyamira,4.13,24.4
2015-06-23,Nyamira,4.46,20.68
2015-06-24,Nyamira,3.06,27.21
2015-06-25,Nyamira,8.46,24.18
2015-06-26,Nyamira,6.96,14.38
2015-06-27,Nyamira,2.06,27.15
2015-06-28,Nyamira,7.99,27.01
2015-06-29,Nyamira,3.7,23.89
2015-06-30,Nyamira,8.26,27.64
2015-07-01,Nyamira,8.03,23.9
2015-07-02,Nyamira,3.92,24.13
2015-07-03,Nyamira,6.47,25.32
2015-07-04,Nyamira,4.73,26.9
2015-07-05,Nyamira,2.28,22.06
2015-07-06,Nyamira,8.61,21.98
2015-07-07,Nyamira,6.72,26.08
2015-07-08,Nyamira,5.9,22.5
2015-07-09,Nyamira,5.12,19.48
2015-07-10,Nyamira,6.01,24.69
2015-07-11,Nyamira,5.9,24.77
2015-07-12,Nyamira,5.8,26.21
2015-07-13,Nyamira,4.33,25.22
2015-07-14,Nyamira,7.71,21.7
2015-07-15,Nyamira,5.87,25.21
2015-07-16,Nyamira,3.74,28.55
2015-07-17,Nyamira,2.6,21.95
2015-07-18,Nyamira,4.88,24.01
2015-07-19,Nyamira,3.01,23.69
2015-07-20,Nyamira,3.79,23.19
2015-07-21,Nyamira,8.4,23.56
2015-07-22,Nyamira,0.0,27.34
2015-07-23,Nyamira,5.0,29.83
2015-07-24,Nyamira,4.37,23.17
2015-07-25,Nyamira,3.34,19.9
2015-07-26,Nyamira,3.55,26.62
2015-07-27,Nyamira,3.56,22.26
2015-07-28,Nyamira,2.06,27.41
2015-07-29,Nyamira,3.32,21.37
2015-07-30,Nyamira,7.84,28.34
2015-07-31,Nyamira,4.25,24.62
2015-08-01,Nyamira,6.17,19.64
2015-08-02,Nyamira,4.69,21.73
2015-08-03,Nyamira,2.77,19.9
2015-08-04,Nyamira,3.88,23.23
2015-08-05,Nyamira,4.75,30.65
2015-08-06,Nyamira,3.59,24.51
2015-08-07,Nyamira,5.7,27.19
2015-08-08,Nyamira,4.46,21.64
2015-08-09,Nyamira,5.63,23.53
2015-08-10,Nyamira,4.83,18.85
2015-08-11,Nyamira,5.27,21.44
2015-08-12,Nyamira,6.95,24.31
2015-08-13,Nyamira,7.51,21.14
2015-08-14,Nyamira,3.4,30.93
2015-08-15,Nyamira,6.17,24.28
2015-08-16,Nyamira,5.59,16.95
2015-08-17,Nyamira,1.57,22.9
2015-08-18,Nyamira,8.31,18.72
2015-08-19,Nyamira,5.38,24.43
2015-08-20,Nyamira,7.44,19.99
2015-08-21,Nyamira,6.41,23.57
2015-08-22,Nyamira,5.33,23.0
2015-08-23,Nyamira,6.63,19.72
2015-08-24,Nyamira,4.99,26.61
2015-08-25,Nyamira,2.54,22.46
2015-08-26,Nyamira,4.43,30.01
2015-08-27,Nyamira,5.86,22.16
2015-08-28,Nyamira,9.13,27.76
2015-08-29,Nyamira,4.83,29.71
2015-08-30,Nyamira,4.55,24.47
2015-08-31,Nyamira,5.18,24.44
2015-09-01,Nyamira,10.57,27.76
2015-09-02,Nyamira,2.63,27.28
2015-09-03,Nyamira,7.44,16.97
2015-09-04,Nyamira,2.02,19.65
2015-09-05,Nyamira,9.09,24.63
2015-09-06,Nyamira,4.57,25.27
2015-09-07,Nyamira,7.84,30.55
2015-09-08,Nyamira,3.11,25.16
2015-09-09,Nyamira,3.61,24.25
2015-09-10,Nyamira,6.44,24.56
2015-09-11,Nyamira,4.66,29.04
2015-09-12,Nyamira,6.24,27.08
2015-09-13,Nyamira,4.08,27.04
2015-09-14,Nyamira,8.84,28.42
2015-09-15,Nyamira,6.07,23.92
2015-09-16,Nyamira,2.38,26.77
2015-09-17,Nyamira,5.82,21.14
2015-09-18,Nyamira,6.65,21.52
2015-09-19,Nyamira,3.59,28.72
2015-09-20,Nyamira,5.9,29.32
2015-09-21,Nyamira,3.87,19.11
2015-09-22,Nyamira,2.65,19.35
2015-09-23,Nyamira,3.61,27.93
2015-09-24,Nyamira,4.65,31.02
2015-09-25,Nyamira,7.03,23.68
2015-09-26,Nyamira,5.1,21.14
2015-09-27,Nyamira,7.27,22.71
2015-09-28,Nyamira,4.06,23.78
2015-09-29,Nyamira,6.28,23.67
2015-09-30,Nyamira,1.77,23.7
2015-10-01,Nyamira,7.43,25.43
2015-10-02,Nyamira,11.43,19.52
2015-10-03,Nyamira,14.26,24.54
2015-10-04,Nyamira,6.61,23.32
2015-10-05,Nyamira,6.94,24.98
2015-10-06,Nyamira,10.15,18.8
2015-10-07,Nyamira,7.91,25.01
2015-10-08,Nyamira,4.04,24.08
2015-10-09,Nyamira,11.15,25.36
2015-10-10,Nyamira,14.11,23.11
2015-10-11,Nyamira,15.88,29.29
2015-10-12,Nyamira,15.24,19.93
2015-10-13,Nyamira,18.56,26.1
2015-10-14,Nyamira,14.77,25.47
2015-10-15,Nyamira,13.04,25.38
2015-10-16,Nyamira,15.04,21.34
2015-10-17,Nyamira,9.67,24.98
2015-10-18,Nyamira,9.63,22.79
2015-10-19,Nyamira,10.11,26.46
2015-10-20,Nyamira,9.4,25.1
2015-10-21,Nyamira,14.44,22.49
2015-10-22,Nyamira,7.38,21.45
2015-10-23,Nyamira,8.2,21.4
2015-10-24,Nyamira,12.23,24.43
2015-10-25,Nyamira,17.81,20.29
2015-10-26,Nyamira,8.94,25.0
2015-10-27,Nyamira,6.69,25.6
2015-10-28,Nyamira,0.65,25.28
2015-10-29,Nyamira,8.99,21.3
2015-10-30,Nyamira,10.07,25.48
2015-10-31,Nyamira,14.69,23.84
2015-11-01,Nyamira,11.49,25.84
2015-11-02,Nyamira,7.68,22.79
2015-11-03,Nyamira,7.94,26.77
2015-11-04,Nyamira,13.72,26.09
2015-11-05,Nyamira,3.44,22.39
2015-11-06,Nyamira,1.7,20.93
2015-11-07,Nyamira,16.21,18.11
2015-11-08,Nyamira,12.59,24.46
2015-11-09,Nyamira,14.63,29.1
2015-11-10,Nyamira,6.97,27.41
2015-11-11,Nyamira,10.9,27.67
2015-11-12,Nyamira,8.68,19.94
2015-11-13,Nyamira,6.98,23.26
2015-11-14,Nyamira,6.83,26.07
2015-11-15,Nyamira,13.47,23.7
2015-11-16,Nyamira,9.17,23.25
2015-11-17,Nyamira,10.78,22.86
2015-11-18,Nyamira,4.73,20.26
2015-11-19,Nyamira,8.54,30.18
2015-11-20,Nyamira,3.08,24.24
2015-11-21,Nyamira,7.64,27.1
2015-11-22,Nyamira,8.53,22.59
2015-11-23,Nyamira,6.22,23.12
2015-11-24,Nyamira,14.11,30.72
2015-11-25,Nyamira,6.69,20.91
2015-11-26,Nyamira,10.79,23.47
2015-11-27,Nyamira,8.51,21.33
2015-11-28,Nyamira,9.99,24.0
2015-11-29,Nyamira,10.11,24.73
2015-11-30,Nyamira,5.82,22.87
2015-12-01,Nyamira,6.12,29.48
2015-12-02,Nyamira,2.63,23.79
2015-12-03,Nyamira,9.46,21.03
2015-12-04,Nyamira,1.51,27.58
2015-12-05,Nyamira,5.03,24.7
2015-12-06,Nyamira,3.6,20.08
2015-12-07,Nyamira,5.19,24.35
2015-12-08,Nyamira,0.0,24.96
2015-12-09,Nyamira,4.31,23.36
2015-12-10,Nyamira,4.38,22.37
2015-12-11,Nyamira,2.18,21.91
2015-12-12,Nyamira,7.33,27.23
2015-12-13,Nyamira,2.4,25.55
2015-12-14,Nyamira,6.35,22.98
2015-12-15,Nyamira,6.98,25.07
2015-12-16,Nyamira,9.64,25.5
2015-12-17,Nyamira,8.06,21.39
2015-12-18,Nyamira,3.57,23.45
2015-12-19,Nyamira,3.65,21.65
2015-12-20,Nyamira,6.28,21.65
2015-12-21,Nyamira,7.7,26.08
2015-12-22,Nyamira,6.61,21.07
2015-12-23,Nyamira,8.28,25.51
2015-12-24,Nyamira,6.04,23.44
2015-12-25,Nyamira,8.65,25.69
2015-12-26,Nyamira,3.6,26.97
2015-12-27,Nyamira,4.85,24.11
2015-12-28,Nyamira,6.69,25.59
2015-12-29,Nyamira,2.33,21.12
2015-12-30,Nyamira,2.98,24.7
2015-12-31,Nyamira,6.5,23.17
2016-01-01,Nyamira,5.23,23.53
2016-01-02,Nyamira,3.08,22.14
2016-01-03,Nyamira,3.9,21.55
2016-01-04,Nyamira,8.43,24.65
2016-01-05,Nyamira,2.92,28.59
2016-01-06,Nyamira,4.73,27.31
2016-01-07,Nyamira,4.46,26.07
2016-01-08,Nyamira,1.65,24.31
2016-01-09,Nyamira,4.85,24.5
2016-01-10,Nyamira,3.17,24.04
2016-01-11,Nyamira,3.93,25.57
2016-01-12,Nyamira,4.76,31.5
2016-01-13,Nyamira,2.25,30.21
2016-01-14,Nyamira,10.85,22.17
2016-01-15,Nyamira,5.98,26.1
2016-01-16,Nyamira,7.34,23.35
2016-01-17,Nyamira,7.09,25.4
2016-01-18,Nyamira,6.64,26.57
2016-01-19,Nyamira,6.34,22.22
2016-01-20,Nyamira,6.91,21.78
2016-01-21,Nyamira,3.62,23.37
2016-01-22,Nyamira,5.64,20.22
2016-01-23,Nyamira,5.57,27.4
2016-01-24,Nyamira,0.42,32.65
2016-01-25,Nyamira,4.82,28.81
2016-01-26,Nyamira,2.72,22.06
2016-01-27,Nyamira,9.07,24.55
2016-01-28,Nyamira,5.14,25.7
2016-01-29,Nyamira,4.05,20.91
2016-01-30,Nyamira,4.28,19.07
2016-01-31,Nyamira,5.58,27.41
2016-02-01,Nyamira,6.26,21.71
2016-02-02,Nyamira,6.55,17.87
2016-02-03,Nyamira,5.19,20.28
2016-02-04,Nyamira,4.71,26.92
2016-02-05,Nyamira,7.94,19.43
2016-02-06,Nyamira,5.0,22.39
2016-02-07,Nyamira,2.5,19.61
2016-02-08,Nyamira,6.37,24.6
2016-02-09,Nyamira,3.9,25.22
2016-02-10,Nyamira,3.02,25.36
2016-02-11,Nyamira,5.71,20.17
2016-02-12,Nyamira,2.35,27.54
2016-02-13,Nyamira,6.6,22.45
2016-02-14,Nyamira,5.82,23.04
2016-02-15,Nyamira,5.36,28.42
2016-02-16,Nyamira,3.66,23.54
2016-02-17,Nyamira,3.89,19.87
2016-02-18,Nyamira,4.09,24.07
2016-02-19,Nyamira,4.17,21.82
2016-02-20,Nyamira,4.66,20.74
2016-02-21,Nyamira,2.96,24.74
2016-02-22,Nyamira,2.5,22.22
2016-02-23,Nyamira,6.25,25.41
2016-02-24,Nyamira,1.72,21.8
2016-02-25,Nyamira,2.23,22.11
2016-02-26,Nyamira,2.43,23.44
2016-02-27,Nyamira,5.38,26.64
2016-02-28,Nyamira,4.88,23.48
2016-02-29,Nyamira,6.59,20.29
2016-03-01,Nyamira,21.49,23.54
2016-03-02,Nyamira,10.84,26.57
2016-03-03,Nyamira,17.94,25.55
2016-03-04,Nyamira,23.94,24.94
2016-03-05,Nyamira,10.36,25.18
2016-03-06,Nyamira,14.71,24.67
2016-03-07,Nyamira,15.96,22.98
2016-03-08,Nyamira,10.09,30.52
2016-03-09,Nyamira,12.26,27.98
2016-03-10,Nyamira,20.86,24.93
2016-03-11,Nyamira,14.43,26.76
2016-03-12,Nyamira,15.83,26.07
2016-03-13,Nyamira,9.71,21.51
2016-03-14,Nyamira,22.62,23.65
2016-03-15,Nyamira,17.9,22.85
2016-03-16,Nyamira,19.63,24.05
2016-03-17,Nyamira,21.33,21.03
2016-03-18,Nyamira,22.78,23.71
2016-03-19,Nyamira,13.41,23.78
2016-03-20,Nyamira,12.81,24.88
2016-03-21,Nyamira,20.15,29.15
2016-03-22,Nyamira,15.95,24.15
2016-03-23,Nyamira,13.63,18.15
2016-03-24,Nyamira,20.36,19.27
2016-03-25,Nyamira,15.41,25.3
2016-03-26,Nyamira,11.3,24.47
2016-03-27,Nyamira,3.67,25.12
2016-03-28,Nyamira,20.19,27.1
2016-03-29,Nyamira,12.07,27.8
2016-03-30,Nyamira,15.72,24.33
2016-03-31,Nyamira,19.41,21.85
2016-04-01,Nyamira,13.61,20.28
2016-04-02,Nyamira,15.15,28.47
2016-04-03,Nyamira,16.68,28.82
2016-04-04,Nyamira,12.62,25.0
2016-04-05,Nyamira,2.48,25.3
2016-04-06,Nyamira,12.34,20.82
2016-04-07,Nyamira,16.33,20.39
2016-04-08,Nyamira,20.28,26.09
2016-04-09,Nyamira,5.49,22.47
2016-04-10,Nyamira,12.41,29.71
2016-04-11,Nyamira,15.17,23.68
2016-04-12,Nyamira,24.67,22.34
2016-04-13,Nyamira,21.77,17.99
2016-04-14,Nyamira,18.25,23.59
2016-04-15,Nyamira,9.65,24.07
2016-04-16,Nyamira,11.08,23.75
2016-04-17,Nyamira,26.67,21.98
2016-04-18,Nyamira,19.87,25.16
2016-04-19,Nyamira,19.97,24.44
2016-04-20,Nyamira,6.69,24.33
2016-04-21,Nyamira,12.35,26.22
2016-04-22,Nyamira,22.17,22.47
2016-04-23,Nyamira,7.2,22.91
2016-04-24,Nyamira,6.64,27.19
2016-04-25,Nyamira,10.9,25.46
2016-04-26,Nyamira,12.58,20.25
2016-04-27,Nyamira,11.06,21.03
2016-04-28,Nyamira,8.48,32.83
2016-04-29,Nyamira,19.94,25.07
2016-04-30,Nyamira,19.71,20.11
2016-05-01,Nyamira,20.89,22.94
2016-05-02,Nyamira,8.97,28.3
2016-05-03,Nyamira,21.08,26.53
2016-05-04,Nyamira,18.3,28.84
2016-05-05,Nyamira,16.15,25.73
2016-05-06,Nyamira,10.78,24.4
2016-05-07,Nyamira,11.01,33.14
2016-05-08,Nyamira,9.44,24.9
2016-05-09,Nyamira,10.49,27.6
2016-05-10,Nyamira,16.55,33.27
2016-05-11,Nyamira,15.14,20.24
2016-05-12,Nyamira,7.91,22.3
2016-05-13,Nyamira,8.2,23.11
2016-05-14,Nyamira,23.17,27.81
2016-05-15,Nyamira,8.1,24.13
2016-05-16,Nyamira,10.83,19.82
2016-05-17,Nyamira,11.24,24.75
2016-05-18,Nyamira,15.24,26.08
2016-05-19,Nyamira,9.39,20.82
2016-05-20,Nyamira,13.21,24.06
2016-05-21,Nyamira,6.27,19.59
2016-05-22,Nyamira,15.01,22.77
2016-05-23,Nyamira,8.06,21.27
2016-05-24,Nyamira,7.69,26.65
2016-05-25,Nyamira,26.28,28.74
2016-05-26,Nyamira,17.01,21.17
2016-05-27,Nyamira,19.45,24.49
2016-05-28,Nyamira,9.33,22.44
2016-05-29,Nyamira,16.88,24.93
2016-05-30,Nyamira,6.26,22.55
2016-05-31,Nyamira,11.26,24.19
2016-06-01,Nyamira,6.43,21.81
2016-06-02,Nyamira,5.83,25.96
2016-06-03,Nyamira,3.59,23.28
2016-06-04,Nyamira,1.67,21.61
2016-06-05,Nyamira,5.15,21.6
2016-06-06,Nyamira,6.16,24.44
2016-06-07,Nyamira,2.64,27.39
2016-06-08,Nyamira,3.67,25.87
2016-06-09,Nyamira,4.91,19.94
2016-06-10,Nyamira,6.98,21.4
2016-06-11,Nyamira,5.34,23.51
2016-06-12,Nyamira,5.61,25.08
2016-06-13,Nyamira,5.07,26.77
2016-06-14,Nyamira,7.34,20.5
2016-06-15,Nyamira,9.19,25.37
2016-06-16,Nyamira,3.34,27.15
2016-06-17,Nyamira,6.66,23.49
2016-06-18,Nyamira,3.46,23.76
2016-06-19,Nyamira,2.07,26.11
2016-06-20,Nyamira,4.46,32.58
2016-06-21,Nyamira,6.5,20.65
2016-06-22,Nyamira,5.78,23.0
2016-06-23,Nyamira,2.39,25.14
2016-06-24,Nyamira,1.28,23.05
2016-06-25,Nyamira,4.96,23.59
2016-06-26,Nyamira,4.11,20.05
2016-06-27,Nyamira,5.34,25.31
2016-06-28,Nyamira,5.63,17.75
2016-06-29,Nyamira,3.1,26.26
2016-06-30,Nyamira,4.41,22.77
2016-07-01,Nyamira,4.87,14.48
2016-07-02,Nyamira,0.4,16.48
2016-07-03,Nyamira,2.49,31.78
2016-07-04,Nyamira,5.86,22.25
2016-07-05,Nyamira,3.56,28.99
2016-07-06,Nyamira,4.6,29.13
2016-07-07,Nyamira,3.28,20.83
2016-07-08,Nyamira,5.46,18.39
2016-07-09,Nyamira,3.44,22.17
2016-07-10,Nyamira,3.01,31.03
2016-07-11,Nyamira,7.19,21.77
2016-07-12,Nyamira,3.94,25.16
2016-07-13,Nyamira,4.58,25.55
2016-07-14,Nyamira,1.46,23.82
2016-07-15,Nyamira,4.84,22.51
2016-07-16,Nyamira,3.88,20.97
2016-07-17,Nyamira,6.17,26.27
2016-07-18,Nyamira,4.08,24.21
2016-07-19,Nyamira,5.45,21.19
2016-07-20,Nyamira,4.76,24.02
2016-07-21,Nyamira,3.74,21.02
2016-07-22,Nyamira,4.66,24.32
2016-07-23,Nyamira,7.2,21.76
2016-07-24,Nyamira,3.16,26.85
2016-07-25,Nyamira,3.26,24.17
2016-07-26,Nyamira,3.28,19.43
2016-07-27,Nyamira,7.97,26.82
2016-07-28,Nyamira,4.28,22.43
2016-07-29,Nyamira,5.58,26.11
2016-07-30,Nyamira,5.43,27.14
2016-07-31,Nyamira,8.29,27.92
2016-08-01,Nyamira,4.23,24.98
2016-08-02,Nyamira,6.19,25.34
2016-08-03,Nyamira,6.29,18.15
2016-08-04,Nyamira,9.0,26.85
2016-08-05,Nyamira,5.57,22.83
2016-08-06,Nyamira,8.01,24.76
2016-08-07,Nyamira,6.54,23.53
2016-08-08,Nyamira,3.7,25.98
2016-08-09,Nyamira,6.46,28.57
2016-08-10,Nyamira,0.48,24.27
2016-08-11,Nyamira,2.28,23.4
2016-08-12,Nyamira,7.04,21.91
2016-08-13,Nyamira,4.52,20.82
2016-08-14,Nyamira,5.06,19.98
2016-08-15,Nyamira,5.42,21.77
2016-08-16,Nyamira,5.92,21.88
2016-08-17,Nyamira,0.31,23.03
2016-08-18,Nyamira,7.25,24.52
2016-08-19,Nyamira,5.13,20.97
2016-08-20,Nyamira,3.34,25.31
2016-08-21,Nyamira,7.7,29.9
2016-08-22,Nyamira,0.62,15.6
2016-08-23,Nyamira,5.2,25.39
2016-08-24,Nyamira,5.95,25.08
2016-08-25,Nyamira,5.42,22.2
2016-08-26,Nyamira,4.51,24.34
2016-08-27,Nyamira,3.54,21.58
2016-08-28,Nyamira,6.82,22.34
2016-08-29,Nyamira,1.61,20.37
2016-08-30,Nyamira,6.09,28.93
2016-08-31,Nyamira,4.83,23.25
2016-09-01,Nyamira,1.73,24.82
2016-09-02,Nyamira,7.53,20.59
2016-09-03,Nyamira,5.03,18.66
2016-09-04,Nyamira,5.05,29.27
2016-09-05,Nyamira,7.49,23.25
2016-09-06,Nyamira,5.18,25.93
2016-09-07,Nyamira,4.2,20.09
2016-09-08,Nyamira,6.33,18.69
2016-09-09,Nyamira,1.46,22.98
2016-09-10,Nyamira,7.28,28.67
2016-09-11,Nyamira,6.77,16.72
2016-09-12,Nyamira,3.98,26.01
2016-09-13,Nyamira,8.13,26.37
2016-09-14,Nyamira,4.11,27.12
2016-09-15,Nyamira,2.41,22.91
2016-09-16,Nyamira,5.49,21.53
2016-09-17,Nyamira,7.47,22.07
2016-09-18,Nyamira,4.38,20.88
2016-09-19,Nyamira,4.0,25.22
2016-09-20,Nyamira,4.47,24.09
2016-09-21,Nyamira,4.96,21.23
2016-09-22,Nyamira,4.75,20.14
2016-09-23,Nyamira,2.94,21.38
2016-09-24,Nyamira,1.22,21.06
2016-09-25,Nyamira,5.8,25.57
2016-09-26,Nyamira,3.12,30.16
2016-09-27,Nyamira,3.65,26.96
2016-09-28,Nyamira,5.07,22.41
2016-09-29,Nyamira,6.5,21.67
2016-09-30,Nyamira,0.0,22.33
2016-10-01,Nyamira,6.59,26.15
2015-01-01,Nairobi,5.87,22.23
2015-01-02,Nairobi,4.72,17.05
2015-01-03,Nairobi,1.19,20.62
2015-01-04,Nairobi,7.95,23.83
2015-01-05,Nairobi,7.09,18.03
2015-01-06,Nairobi,3.78,13.45
2015-01-07,Nairobi,5.68,16.97
2015-01-08,Nairobi,5.88,22.85
2015-01-09,Nairobi,3.56,22.11
2015-01-10,Nairobi,3.85,17.04
2015-01-11,Nairobi,4.93,25.38
2015-01-12,Nairobi,4.16,20.1
2015-01-13,Nairobi,6.42,16.29
2015-01-14,Nairobi,4.69,21.1
2015-01-15,Nairobi,1.81,21.82
2015-01-16,Nairobi,5.57,14.39
2015-01-17,Nairobi,4.61,21.0
2015-01-18,Nairobi,8.78,18.0
2015-01-19,Nairobi,8.23,20.6
2015-01-20,Nairobi,6.63,22.7
2015-01-21,Nairobi,5.97,22.2
2015-01-22,Nairobi,6.03,15.22
2015-01-23,Nairobi,6.01,19.56
2015-01-24,Nairobi,5.73,21.7
2015-01-25,Nairobi,5.8,20.63
2015-01-26,Nairobi,2.36,19.01
2015-01-27,Nairobi,2.32,20.41
2015-01-28,Nairobi,4.41,20.47
2015-01-29,Nairobi,1.94,20.87
2015-01-30,Nairobi,2.45,20.47
2015-01-31,Nairobi,7.49,20.73
2015-02-01,Nairobi,6.18,22.03
2015-02-02,Nairobi,7.11,18.49
2015-02-03,Nairobi,4.0,18.15
2015-02-04,Nairobi,4.41,20.33
2015-02-05,Nairobi,6.03,14.58
2015-02-06,Nairobi,5.15,17.86
2015-02-07,Nairobi,3.92,19.81
2015-02-08,Nairobi,1.47,21.76
2015-02-09,Nairobi,3.05,18.22
2015-02-10,Nairobi,6.85,19.4
2015-02-11,Nairobi,8.18,18.22
2015-02-12,Nairobi,4.52,18.38
2015-02-13,Nairobi,4.33,20.6
2015-02-14,Nairobi,6.65,21.02
2015-02-15,Nairobi,6.76,23.75
2015-02-16,Nairobi,6.22,19.94
2015-02-17,Nairobi,5.81,19.89
2015-02-18,Nairobi,0.0,19.94
2015-02-19,Nairobi,3.5,19.72
2015-02-20,Nairobi,2.85,23.0
2015-02-21,Nairobi,2.55,22.53
2015-02-22,Nairobi,5.52,21.48
2015-02-23,Nairobi,4.85,20.57
2015-02-24,Nairobi,4.47,17.61
2015-02-25,Nairobi,7.37,16.47
2015-02-26,Nairobi,5.77,22.58
2015-02-27,Nairobi,3.12,18.53
2015-02-28,Nairobi,4.97,22.4
2015-03-01,Nairobi,16.45,21.24
2015-03-02,Nairobi,11.75,23.1
2015-03-03,Nairobi,18.22,15.83
2015-03-04,Nairobi,11.12,22.97
2015-03-05,Nairobi,12.24,16.9
2015-03-06,Nairobi,21.53,23.61
2015-03-07,Nairobi,18.07,22.32
2015-03-08,Nairobi,20.2,19.45
2015-03-09,Nairobi,15.66,20.2
2015-03-10,Nairobi,23.38,16.61
2015-03-11,Nairobi,9.73,20.58
2015-03-12,Nairobi,11.17,21.31
2015-03-13,Nairobi,25.36,21.48
2015-03-14,Nairobi,19.08,19.4
2015-03-15,Nairobi,13.16,18.78
2015-03-16,Nairobi,20.81,22.4
2015-03-17,Nairobi,21.42,19.81
2015-03-18,Nairobi,10.13,22.63
2015-03-19,Nairobi,7.64,22.02
2015-03-20,Nairobi,11.32,19.78
2015-03-21,Nairobi,21.46,19.41
2015-03-22,Nairobi,9.05,18.87
2015-03-23,Nairobi,25.08,18.19
2015-03-24,Nairobi,17.36,20.91
2015-03-25,Nairobi,19.21,18.9
2015-03-26,Nairobi,17.96,16.54
2015-03-27,Nairobi,15.48,21.52
2015-03-28,Nairobi,12.3,16.95
2015-03-29,Nairobi,9.22,18.74
2015-03-30,Nairobi,17.04,22.5
2015-03-31,Nairobi,6.07,21.36
2015-04-01,Nairobi,21.7,19.17
2015-04-02,Nairobi,18.37,25.05
2015-04-03,Nairobi,13.42,24.11
2015-04-04,Nairobi,17.84,19.27
2015-04-05,Nairobi,17.86,19.28
2015-04-06,Nairobi,17.27,22.19
2015-04-07,Nairobi,17.83,22.09
2015-04-08,Nairobi,19.61,23.65
2015-04-09,Nairobi,17.4,21.98
2015-04-10,Nairobi,21.01,22.93
2015-04-11,Nairobi,17.02,21.46
2015-04-12,Nairobi,22.49,19.92
2015-04-13,Nairobi,9.01,22.11
2015-04-14,Nairobi,21.23,20.58
2015-04-15,Nairobi,17.48,21.63
2015-04-16,Nairobi,14.18,22.18
2015-04-17,Nairobi,10.66,17.69
2015-04-18,Nairobi,13.67,19.07
2015-04-19,Nairobi,9.15,20.86
2015-04-20,Nairobi,22.61,19.1
2015-04-21,Nairobi,9.9,19.42
2015-04-22,Nairobi,24.18,20.6
2015-04-23,Nairobi,8.07,20.37
2015-04-24,Nairobi,18.47,21.61
2015-04-25,Nairobi,12.57,23.09
2015-04-26,Nairobi,19.96,14.94
2015-04-27,Nairobi,11.78,21.1
2015-04-28,Nairobi,22.27,21.64
2015-04-29,Nairobi,16.15,18.65
2015-04-30,Nairobi,15.81,18.67
2015-05-01,Nairobi,17.22,17.59
2015-05-02,Nairobi,26.05,18.11
2015-05-03,Nairobi,22.06,23.02
2015-05-04,Nairobi,14.69,20.16
2015-05-05,Nairobi,8.48,23.6
2015-05-06,Nairobi,11.91,21.85
2015-05-07,Nairobi,15.54,20.26
2015-05-08,Nairobi,16.78,22.89
2015-05-09,Nairobi,14.21,23.62
2015-05-10,Nairobi,24.13,18.43
2015-05-11,Nairobi,11.52,21.42
2015-05-12,Nairobi,13.68,21.98
2015-05-13,Nairobi,12.89,18.21
2015-05-14,Nairobi,17.09,17.83
2015-05-15,Nairobi,13.41,22.21
2015-05-16,Nairobi,18.04,21.92
2015-05-17,Nairobi,20.09,17.74
2015-05-18,Nairobi,16.27,19.44
2015-05-19,Nairobi,15.04,20.68
2015-05-20,Nairobi,12.11,17.78
2015-05-21,Nairobi,12.75,18.96
2015-05-22,Nairobi,24.54,21.3
2015-05-23,Nairobi,17.6,19.9
2015-05-24,Nairobi,19.29,21.04
2015-05-25,Nairobi,16.8,19.84
2015-05-26,Nairobi,17.57,20.6
2015-05-27,Nairobi,12.24,17.58
2015-05-28,Nairobi,10.28,17.8
2015-05-29,Nairobi,21.0,22.12
2015-05-30,Nairobi,14.94,20.79
2015-05-31,Nairobi,20.93,21.53
2015-06-01,Nairobi,4.46,19.93
2015-06-02,Nairobi,3.4,20.14
2015-06-03,Nairobi,0.0,18.62
2015-06-04,Nairobi,4.29,21.46
2015-06-05,Nairobi,6.9,14.63
2015-06-06,Nairobi,0.0,23.22
2015-06-07,Nairobi,1.53,16.82
2015-06-08,Nairobi,2.41,18.03
2015-06-09,Nairobi,7.53,22.15
2015-06-10,Nairobi,4.69,21.25
2015-06-11,Nairobi,5.57,21.74
2015-06-12,Nairobi,0.52,18.03
2015-06-13,Nairobi,7.69,21.82
2015-06-14,Nairobi,5.87,21.1
2015-06-15,Nairobi,3.88,16.03
2015-06-16,Nairobi,3.47,18.85
2015-06-17,Nairobi,5.63,22.01
2015-06-18,Nairobi,1.38,23.48
2015-06-19,Nairobi,4.79,21.09
2015-06-20,Nairobi,7.74,18.87
2015-06-21,Nairobi,5.38,20.37
2015-06-22,Nairobi,5.11,20.13
2015-06-23,Nairobi,2.59,20.48
2015-06-24,Nairobi,3.5,18.53
2015-06-25,Nairobi,7.67,18.36
2015-06-26,Nairobi,5.0,24.39
2015-06-27,Nairobi,3.74,16.27
2015-06-28,Nairobi,4.56,23.63
2015-06-29,Nairobi,3.45,20.8
2015-06-30,Nairobi,2.78,21.75
2015-07-01,Nairobi,4.18,20.65
2015-07-02,Nairobi,7.61,21.37
2015-07-03,Nairobi,5.73,18.61
2015-07-04,Nairobi,2.91,20.58
2015-07-05,Nairobi,7.12,21.41
2015-07-06,Nairobi,7.81,19.08
2015-07-07,Nairobi,6.35,21.11
2015-07-08,Nairobi,4.86,19.98
2015-07-09,Nairobi,4.92,18.88
2015-07-10,Nairobi,1.52,20.66
2015-07-11,Nairobi,4.65,20.27
2015-07-12,Nairobi,5.86,19.51
2015-07-13,Nairobi,1.49,19.23
2015-07-14,Nairobi,0.55,19.44
2015-07-15,Nairobi,6.22,19.16
2015-07-16,Nairobi,6.67,19.8
2015-07-17,Nairobi,5.02,23.09
2015-07-18,Nairobi,3.86,16.23
2015-07-19,Nairobi,7.4,17.6
2015-07-20,Nairobi,8.35,20.58
2015-07-21,Nairobi,4.77,22.3
2015-07-22,Nairobi,4.73,17.26
2015-07-23,Nairobi,6.05,18.32
2015-07-24,Nairobi,4.49,19.28
2015-07-25,Nairobi,2.11,20.82
2015-07-26,Nairobi,8.89,20.71
2015-07-27,Nairobi,5.63,22.07
2015-07-28,Nairobi,2.22,22.81
2015-07-29,Nairobi,4.22,25.13
2015-07-30,Nairobi,5.75,23.06
2015-07-31,Nairobi,5.25,22.24
2015-08-01,Nairobi,5.48,22.35
2015-08-02,Nairobi,6.75,20.17
2015-08-03,Nairobi,8.63,18.59
2015-08-04,Nairobi,7.36,21.05
2015-08-05,Nairobi,7.1,20.08
2015-08-06,Nairobi,5.25,18.18
2015-08-07,Nairobi,5.49,18.96
2015-08-08,Nairobi,4.35,20.04
2015-08-09,Nairobi,5.79,18.41
2015-08-10,Nairobi,0.09,21.86
2015-08-11,Nairobi,3.96,18.84
2015-08-12,Nairobi,3.69,15.99
2015-08-13,Nairobi,2.6,20.96
2015-08-14,Nairobi,5.6,19.96
2015-08-15,Nairobi,8.09,20.84
2015-08-16,Nairobi,6.61,18.2
2015-08-17,Nairobi,3.66,20.06
2015-08-18,Nairobi,2.36,18.61
2015-08-19,Nairobi,4.69,21.55
2015-08-20,Nairobi,4.51,19.86
2015-08-21,Nairobi,7.49,19.02
2015-08-22,Nairobi,8.12,18.78
2015-08-23,Nairobi,7.92,22.78
2015-08-24,Nairobi,7.78,22.06
2015-08-25,Nairobi,9.07,18.27
2015-08-26,Nairobi,5.67,19.46
2015-08-27,Nairobi,4.83,18.81
2015-08-28,Nairobi,3.34,22.88
2015-08-29,Nairobi,6.44,18.55
2015-08-30,Nairobi,9.46,16.61
2015-08-31,Nairobi,7.74,16.92
2015-09-01,Nairobi,6.81,22.99
2015-09-02,Nairobi,2.59,18.74
2015-09-03,Nairobi,4.06,21.84
2015-09-04,Nairobi,7.44,18.58
2015-09-05,Nairobi,6.28,19.41
2015-09-06,Nairobi,3.64,21.15
2015-09-07,Nairobi,3.99,20.24
2015-09-08,Nairobi,5.06,20.14
2015-09-09,Nairobi,3.05,18.94
2015-09-10,Nairobi,9.0,20.24
2015-09-11,Nairobi,7.53,19.11
2015-09-12,Nairobi,6.27,20.09
2015-09-13,Nairobi,5.87,21.31
2015-09-14,Nairobi,4.45,21.73
2015-09-15,Nairobi,5.47,18.62
2015-09-16,Nairobi,4.21,19.25
2015-09-17,Nairobi,4.39,22.16
2015-09-18,Nairobi,7.53,16.69
2015-09-19,Nairobi,9.7,17.39
2015-09-20,Nairobi,4.71,19.22
2015-09-21,Nairobi,5.19,23.11
2015-09-22,Nairobi,3.62,18.65
2015-09-23,Nairobi,6.01,22.53
2015-09-24,Nairobi,6.76,23.07
2015-09-25,Nairobi,4.13,19.94
2015-09-26,Nairobi,4.77,20.54
2015-09-27,Nairobi,9.08,19.55
2015-09-28,Nairobi,5.91,20.42
2015-09-29,Nairobi,2.61,20.27
2015-09-30,Nairobi,6.78,20.53
2015-10-01,Nairobi,11.88,19.06
2015-10-02,Nairobi,9.57,19.05
2015-10-03,Nairobi,5.6,17.31
2015-10-04,Nairobi,4.91,19.02
2015-10-05,Nairobi,6.62,20.01
2015-10-06,Nairobi,18.58,22.93
2015-10-07,Nairobi,13.55,20.18
2015-10-08,Nairobi,6.98,17.97
2015-10-09,Nairobi,10.04,18.45
2015-10-10,Nairobi,8.97,19.61
2015-10-11,Nairobi,10.48,22.73
2015-10-12,Nairobi,5.8,21.16
2015-10-13,Nairobi,10.65,18.37
2015-10-14,Nairobi,8.28,18.26
2015-10-15,Nairobi,13.03,20.9
2015-10-16,Nairobi,16.1,18.22
2015-10-17,Nairobi,15.02,18.66
2015-10-18,Nairobi,2.55,17.24
2015-10-19,Nairobi,6.65,19.04
2015-10-20,Nairobi,9.49,17.54
2015-10-21,Nairobi,10.04,19.16
2015-10-22,Nairobi,6.36,16.05
2015-10-23,Nairobi,7.0,21.39
2015-10-24,Nairobi,10.64,18.31
2015-10-25,Nairobi,8.52,19.59
2015-10-26,Nairobi,18.28,21.71
2015-10-27,Nairobi,12.2,16.98
2015-10-28,Nairobi,11.43,20.67
2015-10-29,Nairobi,12.16,21.6
2015-10-30,Nairobi,6.41,18.54
2015-10-31,Nairobi,13.11,16.48
2015-11-01,Nairobi,4.15,20.38
2015-11-02,Nairobi,13.65,18.5
2015-11-03,Nairobi,4.25,19.99
2015-11-04,Nairobi,13.43,20.81
2015-11-05,Nairobi,6.45,17.94
2015-11-06,Nairobi,15.78,18.34
2015-11-07,Nairobi,10.2,18.2
2015-11-08,Nairobi,6.56,21.47
2015-11-09,Nairobi,11.0,18.68
2015-11-10,Nairobi,11.39,19.97
2015-11-11,Nairobi,9.48,18.89
2015-11-12,Nairobi,15.55,19.08
2015-11-13,Nairobi,5.72,21.2
2015-11-14,Nairobi,6.34,21.25
2015-11-15,Nairobi,10.15,19.43
2015-11-16,Nairobi,11.84,17.31
2015-11-17,Nairobi,12.76,17.43
2015-11-18,Nairobi,6.39,17.13
2015-11-19,Nairobi,6.02,20.1
2015-11-20,Nairobi,6.32,19.6
2015-11-21,Nairobi,15.91,19.67
2015-11-22,Nairobi,4.82,19.43
2015-11-23,Nairobi,11.95,19.64
2015-11-24,Nairobi,11.23,21.11
2015-11-25,Nairobi,20.92,19.63
2015-11-26,Nairobi,7.59,16.61
2015-11-27,Nairobi,6.62,21.52
2015-11-28,Nairobi,1.29,21.64
2015-11-29,Nairobi,10.52,21.67
2015-11-30,Nairobi,12.06,17.86
2015-12-01,Nairobi,7.51,18.54
2015-12-02,Nairobi,2.36,18.05
2015-12-03,Nairobi,8.03,17.18
2015-12-04,Nairobi,3.56,21.66
2015-12-05,Nairobi,4.83,20.04
2015-12-06,Nairobi,2.35,18.35
2015-12-07,Nairobi,4.95,18.75
2015-12-08,Nairobi,7.06,17.04
2015-12-09,Nairobi,6.65,18.79
2015-12-10,Nairobi,6.93,18.38
2015-12-11,Nairobi,6.18,19.47
2015-12-12,Nairobi,4.79,21.35
2015-12-13,Nairobi,7.04,21.21
2015-12-14,Nairobi,5.82,21.3
2015-12-15,Nairobi,4.3,20.96
2015-12-16,Nairobi,9.1,19.89
2015-12-17,Nairobi,8.14,21.34
2015-12-18,Nairobi,2.7,23.02
2015-12-19,Nairobi,4.59,19.77
2015-12-20,Nairobi,6.9,19.2
2015-12-21,Nairobi,4.27,21.02
2015-12-22,Nairobi,5.33,17.92
2015-12-23,Nairobi,7.45,22.23
2015-12-24,Nairobi,5.32,20.87
2015-12-25,Nairobi,6.23,17.87
2015-12-26,Nairobi,3.54,18.21
2015-12-27,Nairobi,5.36,18.67
2015-12-28,Nairobi,3.55,21.0
2015-12-29,Nairobi,4.7,21.24
2015-12-30,Nairobi,3.79,18.26
2015-12-31,Nairobi,4.65,17.52
2016-01-01,Nairobi,2.62,20.5
2016-01-02,Nairobi,3.09,22.32
2016-01-03,Nairobi,4.0,17.15
2016-01-04,Nairobi,7.12,20.14
2016-01-05,Nairobi,7.56,19.79
2016-01-06,Nairobi,1.77,16.45
2016-01-07,Nairobi,4.09,19.03
2016-01-08,Nairobi,2.84,18.08
2016-01-09,Nairobi,7.37,22.5
2016-01-10,Nairobi,4.89,17.11
2016-01-11,Nairobi,6.83,20.42
2016-01-12,Nairobi,5.53,18.86
2016-01-13,Nairobi,7.09,16.44
2016-01-14,Nairobi,6.24,18.49
2016-01-15,Nairobi,3.89,14.1
2016-01-16,Nairobi,5.24,20.94
2016-01-17,Nairobi,4.34,18.7
2016-01-18,Nairobi,6.69,21.03
2016-01-19,Nairobi,6.04,19.78
2016-01-20,Nairobi,7.54,21.36
2016-01-21,Nairobi,7.49,19.84
2016-01-22,Nairobi,5.4,19.88
2016-01-23,Nairobi,4.6,19.12
2016-01-24,Nairobi,5.84,19.63
2016-01-25,Nairobi,8.51,22.0
2016-01-26,Nairobi,5.68,18.81
2016-01-27,Nairobi,2.2,16.32
2016-01-28,Nairobi,2.18,20.37
2016-01-29,Nairobi,3.87,19.54
2016-01-30,Nairobi,4.23,15.74
2016-01-31,Nairobi,2.26,18.82
2016-02-01,Nairobi,7.47,21.98
2016-02-02,Nairobi,6.81,19.12
2016-02-03,Nairobi,4.32,20.87
2016-02-04,Nairobi,5.79,23.22
2016-02-05,Nairobi,6.09,21.45
2016-02-06,Nairobi,5.35,24.97
2016-02-07,Nairobi,7.21,20.81
2016-02-08,Nairobi,3.21,19.24
2016-02-09,Nairobi,3.05,20.29
2016-02-10,Nairobi,8.15,18.16
2016-02-11,Nairobi,4.31,19.93
2016-02-12,Nairobi,7.41,23.93
2016-02-13,Nairobi,3.95,23.85
2016-02-14,Nairobi,4.68,19.31
2016-02-15,Nairobi,3.89,17.35
2016-02-16,Nairobi,6.01,23.93
2016-02-17,Nairobi,5.49,19.23
2016-02-18,Nairobi,4.65,19.52
2016-02-19,Nairobi,1.83,20.06
2016-02-20,Nairobi,4.41,23.11
2016-02-21,Nairobi,5.59,19.22
2016-02-22,Nairobi,6.49,17.25
2016-02-23,Nairobi,6.61,22.47
2016-02-24,Nairobi,5.96,21.44
2016-02-25,Nairobi,3.33,19.91
2016-02-26,Nairobi,4.54,19.31
2016-02-27,Nairobi,6.3,21.18
2016-02-28,Nairobi,4.07,18.41
2016-02-29,Nairobi,6.1,20.87
2016-03-01,Nairobi,25.11,17.63
2016-03-02,Nairobi,20.8,21.33
2016-03-03,Nairobi,19.81,20.14
2016-03-04,Nairobi,22.12,20.75
2016-03-05,Nairobi,32.42,17.82
2016-03-06,Nairobi,19.03,22.65
2016-03-07,Nairobi,11.04,18.68
2016-03-08,Nairobi,14.83,21.84
2016-03-09,Nairobi,22.53,21.63
2016-03-10,Nairobi,9.75,21.91
2016-03-11,Nairobi,14.77,13.32
2016-03-12,Nairobi,13.02,16.98
2016-03-13,Nairobi,10.42,20.02
2016-03-14,Nairobi,18.38,17.7
2016-03-15,Nairobi,16.37,20.11
2016-03-16,Nairobi,11.07,21.93
2016-03-17,Nairobi,22.29,15.65
2016-03-18,Nairobi,10.37,20.91
2016-03-19,Nairobi,15.06,20.59
2016-03-20,Nairobi,11.26,19.18
2016-03-21,Nairobi,5.0,19.18
2016-03-22,Nairobi,10.6,24.84
2016-03-23,Nairobi,15.77,19.04
2016-03-24,Nairobi,15.07,17.52
2016-03-25,Nairobi,26.81,17.65
2016-03-26,Nairobi,14.63,17.8
2016-03-27,Nairobi,14.08,21.03
2016-03-28,Nairobi,7.36,17.02
2016-03-29,Nairobi,19.92,22.7
2016-03-30,Nairobi,19.92,17.65
2016-03-31,Nairobi,10.95,18.87
2016-04-01,Nairobi,13.8,20.2
2016-04-02,Nairobi,17.65,16.11
2016-04-03,Nairobi,7.95,20.82
2016-04-04,Nairobi,12.66,20.72
2016-04-05,Nairobi,27.7,17.43
2016-04-06,Nairobi,10.67,22.46
2016-04-07,Nairobi,18.37,21.82
2016-04-08,Nairobi,16.46,19.75
2016-04-09,Nairobi,12.94,18.84
2016-04-10,Nairobi,10.68,18.11
2016-04-11,Nairobi,13.04,19.16
2016-04-12,Nairobi,16.95,17.29
2016-04-13,Nairobi,19.85,22.08
2016-04-14,Nairobi,6.99,21.78
2016-04-15,Nairobi,14.4,22.79
2016-04-16,Nairobi,17.58,19.58
2016-04-17,Nairobi,19.54,18.72
2016-04-18,Nairobi,20.3,22.42
2016-04-19,Nairobi,4.99,19.56
2016-04-20,Nairobi,12.79,20.83
2016-04-21,Nairobi,10.42,15.63
2016-04-22,Nairobi,18.37,18.93
2016-04-23,Nairobi,16.21,17.41
2016-04-24,Nairobi,15.56,19.35
2016-04-25,Nairobi,15.34,21.76
2016-04-26,Nairobi,25.29,20.06
2016-04-27,Nairobi,11.23,18.84
2016-04-28,Nairobi,25.51,17.47
2016-04-29,Nairobi,13.99,21.36
2016-04-30,Nairobi,7.6,16.95
2016-05-01,Nairobi,17.42,19.3
2016-05-02,Nairobi,17.59,18.03
2016-05-03,Nairobi,26.31,18.3
2016-05-04,Nairobi,22.4,19.3
2016-05-05,Nairobi,18.5,20.47
2016-05-06,Nairobi,13.89,20.2
2016-05-07,Nairobi,23.53,22.12
2016-05-08,Nairobi,4.38,23.49
2016-05-09,Nairobi,18.38,19.0
2016-05-10,Nairobi,14.78,18.99
2016-05-11,Nairobi,17.97,19.69
2016-05-12,Nairobi,18.92,21.29
2016-05-13,Nairobi,15.78,18.94
2016-05-14,Nairobi,16.52,21.87
2016-05-15,Nairobi,12.83,18.65
2016-05-16,Nairobi,23.22,18.14
2016-05-17,Nairobi,13.86,19.62
2016-05-18,Nairobi,23.32,23.94
2016-05-19,Nairobi,13.59,18.03
2016-05-20,Nairobi,17.42,19.14
2016-05-21,Nairobi,9.9,22.04
2016-05-22,Nairobi,22.21,20.65
2016-05-23,Nairobi,18.8,17.47
2016-05-24,Nairobi,8.35,20.91
2016-05-25,Nairobi,12.92,21.82
2016-05-26,Nairobi,19.87,19.9
2016-05-27,Nairobi,15.34,20.49
2016-05-28,Nairobi,20.59,20.45
2016-05-29,Nairobi,11.95,20.47
2016-05-30,Nairobi,12.47,16.33
2016-05-31,Nairobi,21.58,17.58
2016-06-01,Nairobi,3.35,19.6
2016-06-02,Nairobi,6.74,20.61
2016-06-03,Nairobi,6.5,18.85
2016-06-04,Nairobi,5.53,19.52
2016-06-05,Nairobi,3.75,20.81
2016-06-06,Nairobi,5.0,19.46
2016-06-07,Nairobi,4.27,19.51
2016-06-08,Nairobi,3.81,22.8
2016-06-09,Nairobi,1.61,23.41
2016-06-10,Nairobi,5.6,19.99
2016-06-11,Nairobi,7.59,22.72
2016-06-12,Nairobi,4.56,21.25
2016-06-13,Nairobi,1.71,22.2
2016-06-14,Nairobi,7.91,19.2
2016-06-15,Nairobi,4.03,20.53
2016-06-16,Nairobi,7.76,20.64
2016-06-17,Nairobi,8.11,19.47
2016-06-18,Nairobi,5.1,23.78
2016-06-19,Nairobi,6.79,21.82
2016-06-20,Nairobi,3.74,17.6
2016-06-21,Nairobi,3.21,19.65
2016-06-22,Nairobi,4.93,21.02
2016-06-23,Nairobi,3.62,15.55
2016-06-24,Nairobi,6.06,22.11
2016-06-25,Nairobi,2.97,18.92
2016-06-26,Nairobi,3.67,23.44
2016-06-27,Nairobi,6.11,20.55
2016-06-28,Nairobi,2.7,22.15
2016-06-29,Nairobi,4.31,23.85
2016-06-30,Nairobi,4.16,22.47
2016-07-01,Nairobi,7.17,23.21
2016-07-02,Nairobi,1.46,18.31
2016-07-03,Nairobi,2.19,19.8
2016-07-04,Nairobi,3.24,19.29
2016-07-05,Nairobi,3.14,20.28
2016-07-06,Nairobi,5.74,18.63
2016-07-07,Nairobi,5.4,20.3
2016-07-08,Nairobi,7.53,18.55
2016-07-09,Nairobi,6.59,19.82
2016-07-10,Nairobi,6.19,19.27
2016-07-11,Nairobi,7.89,19.75
2016-07-12,Nairobi,7.48,16.25
2016-07-13,Nairobi,7.92,20.07
