date,county,cholera_cases
2015-01-01,Mombasa,0
2015-01-02,Mombasa,2
2015-01-03,Mombasa,1
2015-01-04,Mombasa,2
2015-01-05,Mombasa,2
2015-01-06,Mombasa,0
2015-01-07,Mombasa,0
2015-01-08,Mombasa,1
2015-01-09,Mombasa,1
2015-01-10,Mombasa,1
2015-01-11,Mombasa,2
2015-01-12,Mombasa,1
2015-01-13,Mombasa,2
2015-01-14,Mombasa,2
2015-01-15,Mombasa,0
2015-01-16,Mombasa,2
2015-01-17,Mombasa,2
2015-01-18,Mombasa,2
2015-01-19,Mombasa,1
2015-01-20,Mombasa,0
2015-01-21,Mombasa,2
2015-01-22,Mombasa,1
2015-01-23,Mombasa,2
2015-01-24,Mombasa,1
2015-01-25,Mombasa,2
2015-01-26,Mombasa,1
2015-01-27,Mombasa,0
2015-01-28,Mombasa,0
2015-01-29,Mombasa,1
2015-01-30,Mombasa,1
2015-01-31,Mombasa,0
2015-02-01,Mombasa,0
2015-02-02,Mombasa,2
2015-02-03,Mombasa,2
2015-02-04,Mombasa,0
2015-02-05,Mombasa,0
2015-02-06,Mombasa,0
2015-02-07,Mombasa,2
2015-02-08,Mombasa,0
2015-02-09,Mombasa,2
2015-02-10,Mombasa,1
2015-02-11,Mombasa,0
2015-02-12,Mombasa,2
2015-02-13,Mombasa,0
2015-02-14,Mombasa,1
2015-02-15,Mombasa,1
2015-02-16,Mombasa,0
2015-02-17,Mombasa,2
2015-02-18,Mombasa,1
2015-02-19,Mombasa,2
2015-02-20,Mombasa,2
2015-02-21,Mombasa,1
2015-02-22,Mombasa,2
2015-02-23,Mombasa,0
2015-02-24,Mombasa,2
2015-02-25,Mombasa,2
2015-02-26,Mombasa,1
2015-02-27,Mombasa,1
2015-02-28,Mombasa,0
2015-03-01,Mombasa,2
2015-03-02,Mombasa,2
2015-03-03,Mombasa,1
2015-03-04,Mombasa,2
2015-03-05,Mombasa,0
2015-03-06,Mombasa,14
2015-03-07,Mombasa,1
2015-03-08,Mombasa,0
2015-03-09,Mombasa,14
2015-03-10,Mombasa,0
2015-03-11,Mombasa,12
2015-03-12,Mombasa,15
2015-03-13,Mombasa,11
2015-03-14,Mombasa,10
2015-03-15,Mombasa,1
2015-03-16,Mombasa,2
2015-03-17,Mombasa,0
2015-03-18,Mombasa,17
2015-03-19,Mombasa,14
2015-03-20,Mombasa,16
2015-03-21,Mombasa,0
2015-03-22,Mombasa,2
2015-03-23,Mombasa,1
2015-03-24,Mombasa,3
2015-03-25,Mombasa,2
2015-03-26,Mombasa,22
2015-03-27,Mombasa,15
2015-03-28,Mombasa,0
2015-03-29,Mombasa,6
2015-03-30,Mombasa,2
2015-03-31,Mombasa,2
2015-04-01,Mombasa,11
2015-04-02,Mombasa,1
2015-04-03,Mombasa,2
2015-04-04,Mombasa,13
2015-04-05,Mombasa,0
2015-04-06,Mombasa,9
2015-04-07,Mombasa,15
2015-04-08,Mombasa,2
2015-04-09,Mombasa,5
2015-04-10,Mombasa,16
2015-04-11,Mombasa,0
2015-04-12,Mombasa,0
2015-04-13,Mombasa,3
2015-04-14,Mombasa,11
2015-04-15,Mombasa,2
2015-04-16,Mombasa,20
2015-04-17,Mombasa,18
2015-04-18,Mombasa,14
2015-04-19,Mombasa,1
2015-04-20,Mombasa,2
2015-04-21,Mombasa,16
2015-04-22,Mombasa,0
2015-04-23,Mombasa,7
2015-04-24,Mombasa,11
2015-04-25,Mombasa,0
2015-04-26,Mombasa,2
2015-04-27,Mombasa,14
2015-04-28,Mombasa,18
2015-04-29,Mombasa,13
2015-04-30,Mombasa,2
2015-05-01,Mombasa,2
2015-05-02,Mombasa,0
2015-05-03,Mombasa,18
2015-05-04,Mombasa,17
2015-05-05,Mombasa,0
2015-05-06,Mombasa,10
2015-05-07,Mombasa,18
2015-05-08,Mombasa,1
2015-05-09,Mombasa,11
2015-05-10,Mombasa,12
2015-05-11,Mombasa,0
2015-05-12,Mombasa,17
2015-05-13,Mombasa,2
2015-05-14,Mombasa,1
2015-05-15,Mombasa,14
2015-05-16,Mombasa,2
2015-05-17,Mombasa,0
2015-05-18,Mombasa,0
2015-05-19,Mombasa,14
2015-05-20,Mombasa,0
2015-05-21,Mombasa,2
2015-05-22,Mombasa,10
2015-05-23,Mombasa,0
2015-05-24,Mombasa,6
2015-05-25,Mombasa,8
2015-05-26,Mombasa,16
2015-05-27,Mombasa,19
2015-05-28,Mombasa,0
2015-05-29,Mombasa,0
2015-05-30,Mombasa,0
2015-05-31,Mombasa,1
2015-06-01,Mombasa,0
2015-06-02,Mombasa,0
2015-06-03,Mombasa,0
2015-06-04,Mombasa,0
2015-06-05,Mombasa,2
2015-06-06,Mombasa,2
2015-06-07,Mombasa,0
2015-06-08,Mombasa,2
2015-06-09,Mombasa,0
2015-06-10,Mombasa,0
2015-06-11,Mombasa,0
2015-06-12,Mombasa,0
2015-06-13,Mombasa,2
2015-06-14,Mombasa,0
2015-06-15,Mombasa,0
2015-06-16,Mombasa,2
2015-06-17,Mombasa,1
2015-06-18,Mombasa,0
2015-06-19,Mombasa,1
2015-06-20,Mombasa,1
2015-06-21,Mombasa,2
2015-06-22,Mombasa,2
2015-06-23,Mombasa,1
2015-06-24,Mombasa,1
2015-06-25,Mombasa,0
2015-06-26,Mombasa,1
2015-06-27,Mombasa,2
2015-06-28,Mombasa,0
2015-06-29,Mombasa,2
2015-06-30,Mombasa,0
2015-07-01,Mombasa,2
2015-07-02,Mombasa,0
2015-07-03,Mombasa,2
2015-07-04,Mombasa,2
2015-07-05,Mombasa,1
2015-07-06,Mombasa,1
2015-07-07,Mombasa,2
2015-07-08,Mombasa,0
2015-07-09,Mombasa,0
2015-07-10,Mombasa,0
2015-07-11,Mombasa,1
2015-07-12,Mombasa,2
2015-07-13,Mombasa,0
2015-07-14,Mombasa,2
2015-07-15,Mombasa,2
2015-07-16,Mombasa,0
2015-07-17,Mombasa,1
2015-07-18,Mombasa,1
2015-07-19,Mombasa,1
2015-07-20,Mombasa,0
2015-07-21,Mombasa,2
2015-07-22,Mombasa,1
2015-07-23,Mombasa,1
2015-07-24,Mombasa,0
2015-07-25,Mombasa,1
2015-07-26,Mombasa,0
2015-07-27,Mombasa,2
2015-07-28,Mombasa,1
2015-07-29,Mombasa,0
2015-07-30,Mombasa,1
2015-07-31,Mombasa,1
2015-08-01,Mombasa,2
2015-08-02,Mombasa,2
2015-08-03,Mombasa,1
2015-08-04,Mombasa,1
2015-08-05,Mombasa,0
2015-08-06,Mombasa,2
2015-08-07,Mombasa,2
2015-08-08,Mombasa,0
2015-08-09,Mombasa,2
2015-08-10,Mombasa,2
2015-08-11,Mombasa,1
2015-08-12,Mombasa,0
2015-08-13,Mombasa,2
2015-08-14,Mombasa,2
2015-08-15,Mombasa,0
2015-08-16,Mombasa,2
2015-08-17,Mombasa,2
2015-08-18,Mombasa,2
2015-08-19,Mombasa,2
2015-08-20,Mombasa,0
2015-08-21,Mombasa,2
2015-08-22,Mombasa,2
2015-08-23,Mombasa,2
2015-08-24,Mombasa,2
2015-08-25,Mombasa,1
2015-08-26,Mombasa,2
2015-08-27,Mombasa,2
2015-08-28,Mombasa,1
2015-08-29,Mombasa,2
2015-08-30,Mombasa,2
2015-08-31,Mombasa,0
2015-09-01,Mombasa,0
2015-09-02,Mombasa,2
2015-09-03,Mombasa,1
2015-09-04,Mombasa,1
2015-09-05,Mombasa,2
2015-09-06,Mombasa,0
2015-09-07,Mombasa,1
2015-09-08,Mombasa,1
2015-09-09,Mombasa,0
2015-09-10,Mombasa,0
2015-09-11,Mombasa,1
2015-09-12,Mombasa,0
2015-09-13,Mombasa,1
2015-09-14,Mombasa,0
2015-09-15,Mombasa,0
2015-09-16,Mombasa,1
2015-09-17,Mombasa,1
2015-09-18,Mombasa,2
2015-09-19,Mombasa,1
2015-09-20,Mombasa,2
2015-09-21,Mombasa,2
2015-09-22,Mombasa,2
2015-09-23,Mombasa,0
2015-09-24,Mombasa,1
2015-09-25,Mombasa,0
2015-09-26,Mombasa,2
2015-09-27,Mombasa,2
2015-09-28,Mombasa,0
2015-09-29,Mombasa,0
2015-09-30,Mombasa,2
2015-10-01,Mombasa,0
2015-10-02,Mombasa,0
2015-10-03,Mombasa,0
2015-10-04,Mombasa,0
2015-10-05,Mombasa,0
2015-10-06,Mombasa,1
2015-10-07,Mombasa,1
2015-10-08,Mombasa,1
2015-10-09,Mombasa,0
2015-10-10,Mombasa,2
2015-10-11,Mombasa,2
2015-10-12,Mombasa,0
2015-10-13,Mombasa,1
2015-10-14,Mombasa,1
2015-10-15,Mombasa,0
2015-10-16,Mombasa,0
2015-10-17,Mombasa,2
2015-10-18,Mombasa,1
2015-10-19,Mombasa,20
2015-10-20,Mombasa,1
2015-10-21,Mombasa,1
2015-10-22,Mombasa,0
2015-10-23,Mombasa,2
2015-10-24,Mombasa,2
2015-10-25,Mombasa,0
2015-10-26,Mombasa,1
2015-10-27,Mombasa,1
2015-10-28,Mombasa,2
2015-10-29,Mombasa,0
2015-10-30,Mombasa,1
2015-10-31,Mombasa,0
2015-11-01,Mombasa,2
2015-11-02,Mombasa,1
2015-11-03,Mombasa,2
2015-11-04,Mombasa,2
2015-11-05,Mombasa,0
2015-11-06,Mombasa,1
2015-11-07,Mombasa,2
2015-11-08,Mombasa,2
2015-11-09,Mombasa,13
2015-11-10,Mombasa,0
2015-11-11,Mombasa,0
2015-11-12,Mombasa,0
2015-11-13,Mombasa,2
2015-11-14,Mombasa,0
2015-11-15,Mombasa,6
2015-11-16,Mombasa,2
2015-11-17,Mombasa,2
2015-11-18,Mombasa,2
2015-11-19,Mombasa,2
2015-11-20,Mombasa,2
2015-11-21,Mombasa,2
2015-11-22,Mombasa,14
2015-11-23,Mombasa,0
2015-11-24,Mombasa,0
2015-11-25,Mombasa,1
2015-11-26,Mombasa,0
2015-11-27,Mombasa,1
2015-11-28,Mombasa,0
2015-11-29,Mombasa,0
2015-11-30,Mombasa,2
2015-12-01,Mombasa,0
2015-12-02,Mombasa,2
2015-12-03,Mombasa,0
2015-12-04,Mombasa,2
2015-12-05,Mombasa,2
2015-12-06,Mombasa,0
2015-12-07,Mombasa,1
2015-12-08,Mombasa,0
2015-12-09,Mombasa,0
2015-12-10,Mombasa,0
2015-12-11,Mombasa,1
2015-12-12,Mombasa,2
2015-12-13,Mombasa,1
2015-12-14,Mombasa,1
2015-12-15,Mombasa,0
2015-12-16,Mombasa,1
2015-12-17,Mombasa,0
2015-12-18,Mombasa,1
2015-12-19,Mombasa,1
2015-12-20,Mombasa,1
2015-12-21,Mombasa,1
2015-12-22,Mombasa,2
2015-12-23,Mombasa,0
2015-12-24,Mombasa,0
2015-12-25,Mombasa,1
2015-12-26,Mombasa,2
2015-12-27,Mombasa,1
2015-12-28,Mombasa,2
2015-12-29,Mombasa,2
2015-12-30,Mombasa,2
2015-12-31,Mombasa,2
2016-01-01,Mombasa,2
2016-01-02,Mombasa,1
2016-01-03,Mombasa,0
2016-01-04,Mombasa,2
2016-01-05,Mombasa,1
2016-01-06,Mombasa,0
2016-01-07,Mombasa,0
2016-01-08,Mombasa,1
2016-01-09,Mombasa,2
2016-01-10,Mombasa,1
2016-01-11,Mombasa,1
2016-01-12,Mombasa,1
2016-01-13,Mombasa,0
2016-01-14,Mombasa,0
2016-01-15,Mombasa,2
2016-01-16,Mombasa,1
2016-01-17,Mombasa,1
2016-01-18,Mombasa,0
2016-01-19,Mombasa,2
2016-01-20,Mombasa,1
2016-01-21,Mombasa,1
2016-01-22,Mombasa,1
2016-01-23,Mombasa,0
2016-01-24,Mombasa,0
2016-01-25,Mombasa,1
2016-01-26,Mombasa,1
2016-01-27,Mombasa,1
2016-01-28,Mombasa,2
2016-01-29,Mombasa,1
2016-01-30,Mombasa,2
2016-01-31,Mombasa,0
2016-02-01,Mombasa,2
2016-02-02,Mombasa,0
2016-02-03,Mombasa,1
2016-02-04,Mombasa,0
2016-02-05,Mombasa,1
2016-02-06,Mombasa,0
2016-02-07,Mombasa,2
2016-02-08,Mombasa,2
2016-02-09,Mombasa,0
2016-02-10,Mombasa,0
2016-02-11,Mombasa,0
2016-02-12,Mombasa,1
2016-02-13,Mombasa,0
2016-02-14,Mombasa,2
2016-02-15,Mombasa,1
2016-02-16,Mombasa,0
2016-02-17,Mombasa,1
2016-02-18,Mombasa,2
2016-02-19,Mombasa,1
2016-02-20,Mombasa,2
2016-02-21,Mombasa,0
2016-02-22,Mombasa,2
2016-02-23,Mombasa,2
2016-02-24,Mombasa,2
2016-02-25,Mombasa,0
2016-02-26,Mombasa,0
2016-02-27,Mombasa,1
2016-02-28,Mombasa,1
2016-02-29,Mombasa,1
2016-03-01,Mombasa,15
2016-03-02,Mombasa,0
2016-03-03,Mombasa,8
2016-03-04,Mombasa,15
2016-03-05,Mombasa,2
2016-03-06,Mombasa,0
2016-03-07,Mombasa,13
2016-03-08,Mombasa,1
2016-03-09,Mombasa,0
2016-03-10,Mombasa,19
2016-03-11,Mombasa,20
2016-03-12,Mombasa,2
2016-03-13,Mombasa,2
2016-03-14,Mombasa,19
2016-03-15,Mombasa,0
2016-03-16,Mombasa,1
2016-03-17,Mombasa,12
2016-03-18,Mombasa,2
2016-03-19,Mombasa,10
2016-03-20,Mombasa,17
2016-03-21,Mombasa,1
2016-03-22,Mombasa,1
2016-03-23,Mombasa,3
2016-03-24,Mombasa,11
2016-03-25,Mombasa,2
2016-03-26,Mombasa,2
2016-03-27,Mombasa,1
2016-03-28,Mombasa,0
2016-03-29,Mombasa,5
2016-03-30,Mombasa,2
2016-03-31,Mombasa,2
2016-04-01,Mombasa,0
2016-04-02,Mombasa,1
2016-04-03,Mombasa,15
2016-04-04,Mombasa,2
2016-04-05,Mombasa,0
2016-04-06,Mombasa,0
2016-04-07,Mombasa,0
2016-04-08,Mombasa,0
2016-04-09,Mombasa,7
2016-04-10,Mombasa,10
2016-04-11,Mombasa,8
2016-04-12,Mombasa,22
2016-04-13,Mombasa,2
2016-04-14,Mombasa,2
2016-04-15,Mombasa,10
2016-04-16,Mombasa,2
2016-04-17,Mombasa,1
2016-04-18,Mombasa,19
2016-04-19,Mombasa,11
2016-04-20,Mombasa,0
2016-04-21,Mombasa,2
2016-04-22,Mombasa,14
2016-04-23,Mombasa,25
2016-04-24,Mombasa,2
2016-04-25,Mombasa,18
2016-04-26,Mombasa,13
2016-04-27,Mombasa,2
2016-04-28,Mombasa,2
2016-04-29,Mombasa,14
2016-04-30,Mombasa,22
2016-05-01,Mombasa,16
2016-05-02,Mombasa,2
2016-05-03,Mombasa,6
2016-05-04,Mombasa,1
2016-05-05,Mombasa,2
2016-05-06,Mombasa,8
2016-05-07,Mombasa,14
2016-05-08,Mombasa,14
2016-05-09,Mombasa,5
2016-05-10,Mombasa,0
2016-05-11,Mombasa,20
2016-05-12,Mombasa,2
2016-05-13,Mombasa,13
2016-05-14,Mombasa,19
2016-05-15,Mombasa,18
2016-05-16,Mombasa,0
2016-05-17,Mombasa,0
2016-05-18,Mombasa,0
2016-05-19,Mombasa,1
2016-05-20,Mombasa,1
2016-05-21,Mombasa,0
2016-05-22,Mombasa,22
2016-05-23,Mombasa,20
2016-05-24,Mombasa,6
2016-05-25,Mombasa,1
2016-05-26,Mombasa,0
2016-05-27,Mombasa,1
2016-05-28,Mombasa,17
2016-05-29,Mombasa,14
2016-05-30,Mombasa,19
2016-05-31,Mombasa,18
2016-06-01,Mombasa,0
2016-06-02,Mombasa,2
2016-06-03,Mombasa,0
2016-06-04,Mombasa,1
2016-06-05,Mombasa,2
2016-06-06,Mombasa,0
2016-06-07,Mombasa,2
2016-06-08,Mombasa,0
2016-06-09,Mombasa,2
2016-06-10,Mombasa,0
2016-06-11,Mombasa,1
2016-06-12,Mombasa,2
2016-06-13,Mombasa,2
2016-06-14,Mombasa,2
2016-06-15,Mombasa,2
2016-06-16,Mombasa,1
2016-06-17,Mombasa,0
2016-06-18,Mombasa,0
2016-06-19,Mombasa,1
2016-06-20,Mombasa,0
2016-06-21,Mombasa,2
2016-06-22,Mombasa,2
2016-06-23,Mombasa,0
2016-06-24,Mombasa,2
2016-06-25,Mombasa,0
2016-06-26,Mombasa,1
2016-06-27,Mombasa,0
2016-06-28,Mombasa,2
2016-06-29,Mombasa,2
2016-06-30,Mombasa,2
2016-07-01,Mombasa,0
2016-07-02,Mombasa,2
2016-07-03,Mombasa,1
2016-07-04,Mombasa,0
2016-07-05,Mombasa,0
2016-07-06,Mombasa,1
2016-07-07,Mombasa,0
2016-07-08,Mombasa,1
2016-07-09,Mombasa,1
2016-07-10,Mombasa,2
2016-07-11,Mombasa,2
2016-07-12,Mombasa,1
2016-07-13,Mombasa,1
2016-07-14,Mombasa,1
2016-07-15,Mombasa,1
2016-07-16,Mombasa,2
2016-07-17,Mombasa,0
2016-07-18,Mombasa,1
2016-07-19,Mombasa,0
2016-07-20,Mombasa,2
2016-07-21,Mombasa,1
2016-07-22,Mombasa,1
2016-07-23,Mombasa,2
2016-07-24,Mombasa,0
2016-07-25,Mombasa,1
2016-07-26,Mombasa,0
2016-07-27,Mombasa,2
2016-07-28,Mombasa,1
2016-07-29,Mombasa,0
2016-07-30,Mombasa,1
2016-07-31,Mombasa,2
2016-08-01,Mombasa,1
2016-08-02,Mombasa,0
2016-08-03,Mombasa,0
2016-08-04,Mombasa,2
2016-08-05,Mombasa,1
2016-08-06,Mombasa,1
2016-08-07,Mombasa,1
2016-08-08,Mombasa,1
2016-08-09,Mombasa,1
2016-08-10,Mombasa,2
2016-08-11,Mombasa,1
2016-08-12,Mombasa,2
2016-08-13,Mombasa,2
2016-08-14,Mombasa,0
2016-08-15,Mombasa,0
2016-08-16,Mombasa,1
2016-08-17,Mombasa,0
2016-08-18,Mombasa,2
2016-08-19,Mombasa,2
2016-08-20,Mombasa,1
2016-08-21,Mombasa,0
2016-08-22,Mombasa,1
2016-08-23,Mombasa,2
2016-08-24,Mombasa,1
2016-08-25,Mombasa,0
2016-08-26,Mombasa,0
2016-08-27,Mombasa,1
2016-08-28,Mombasa,0
2016-08-29,Mombasa,2
2016-08-30,Mombasa,2
2016-08-31,Mombasa,1
2016-09-01,Mombasa,1
2016-09-02,Mombasa,0
2016-09-03,Mombasa,2
2016-09-04,Mombasa,2
2016-09-05,Mombasa,2
2016-09-06,Mombasa,1
2016-09-07,Mombasa,1
2016-09-08,Mombasa,1
2016-09-09,Mombasa,1
2016-09-10,Mombasa,2
2016-09-11,Mombasa,1
2016-09-12,Mombasa,1
2016-09-13,Mombasa,2
2016-09-14,Mombasa,0
2016-09-15,Mombasa,0
2016-09-16,Mombasa,2
2016-09-17,Mombasa,2
2016-09-18,Mombasa,0
2016-09-19,Mombasa,2
2016-09-20,Mombasa,2
2016-09-21,Mombasa,2
2016-09-22,Mombasa,2
2016-09-23,Mombasa,2
2016-09-24,Mombasa,2
2016-09-25,Mombasa,2
2016-09-26,Mombasa,1
2016-09-27,Mombasa,1
2016-09-28,Mombasa,2
2016-09-29,Mombasa,1
2016-09-30,Mombasa,0
2016-10-01,Mombasa,0
2015-01-01,Kwale,0
2015-01-02,Kwale,0
2015-01-03,Kwale,0
2015-01-04,Kwale,2
2015-01-05,Kwale,0
2015-01-06,Kwale,2
2015-01-07,Kwale,2
2015-01-08,Kwale,0
2015-01-09,Kwale,1
2015-01-10,Kwale,2
2015-01-11,Kwale,1
2015-01-12,Kwale,1
2015-01-13,Kwale,2
2015-01-14,Kwale,1
2015-01-15,Kwale,2
2015-01-16,Kwale,2
2015-01-17,Kwale,1
2015-01-18,Kwale,2
2015-01-19,Kwale,2
2015-01-20,Kwale,0
2015-01-21,Kwale,2
2015-01-22,Kwale,1
2015-01-23,Kwale,0
2015-01-24,Kwale,0
2015-01-25,Kwale,1
2015-01-26,Kwale,2
2015-01-27,Kwale,1
2015-01-28,Kwale,0
2015-01-29,Kwale,0
2015-01-30,Kwale,0
2015-01-31,Kwale,1
2015-02-01,Kwale,1
2015-02-02,Kwale,0
2015-02-03,Kwale,0
2015-02-04,Kwale,0
2015-02-05,Kwale,1
2015-02-06,Kwale,2
2015-02-07,Kwale,0
2015-02-08,Kwale,2
2015-02-09,Kwale,0
2015-02-10,Kwale,2
2015-02-11,Kwale,2
2015-02-12,Kwale,2
2015-02-13,Kwale,1
2015-02-14,Kwale,2
2015-02-15,Kwale,0
2015-02-16,Kwale,2
2015-02-17,Kwale,0
2015-02-18,Kwale,0
2015-02-19,Kwale,2
2015-02-20,Kwale,1
2015-02-21,Kwale,1
2015-02-22,Kwale,2
2015-02-23,Kwale,0
2015-02-24,Kwale,0
2015-02-25,Kwale,2
2015-02-26,Kwale,0
2015-02-27,Kwale,2
2015-02-28,Kwale,2
2015-03-01,Kwale,16
2015-03-02,Kwale,17
2015-03-03,Kwale,2
2015-03-04,Kwale,9
2015-03-05,Kwale,18
2015-03-06,Kwale,17
2015-03-07,Kwale,1
2015-03-08,Kwale,1
2015-03-09,Kwale,1
2015-03-10,Kwale,20
2015-03-11,Kwale,21
2015-03-12,Kwale,0
2015-03-13,Kwale,0
2015-03-14,Kwale,16
2015-03-15,Kwale,14
2015-03-16,Kwale,1
2015-03-17,Kwale,18
2015-03-18,Kwale,12
2015-03-19,Kwale,24
2015-03-20,Kwale,13
2015-03-21,Kwale,0
2015-03-22,Kwale,2
2015-03-23,Kwale,0
2015-03-24,Kwale,15
2015-03-25,Kwale,2
2015-03-26,Kwale,16
2015-03-27,Kwale,1
2015-03-28,Kwale,18
2015-03-29,Kwale,1
2015-03-30,Kwale,3
2015-03-31,Kwale,2
2015-04-01,Kwale,2
2015-04-02,Kwale,1
2015-04-03,Kwale,1
2015-04-04,Kwale,0
2015-04-05,Kwale,1
2015-04-06,Kwale,2
2015-04-07,Kwale,1
2015-04-08,Kwale,0
2015-04-09,Kwale,17
2015-04-10,Kwale,0
2015-04-11,Kwale,24
2015-04-12,Kwale,19
2015-04-13,Kwale,16
2015-04-14,Kwale,0
2015-04-15,Kwale,22
2015-04-16,Kwale,1
2015-04-17,Kwale,12
2015-04-18,Kwale,0
2015-04-19,Kwale,11
2015-04-20,Kwale,1
2015-04-21,Kwale,7
2015-04-22,Kwale,15
2015-04-23,Kwale,18
2015-04-24,Kwale,1
2015-04-25,Kwale,12
2015-04-26,Kwale,0
2015-04-27,Kwale,17
2015-04-28,Kwale,7
2015-04-29,Kwale,1
2015-04-30,Kwale,2
2015-05-01,Kwale,11
2015-05-02,Kwale,28
2015-05-03,Kwale,16
2015-05-04,Kwale,2
2015-05-05,Kwale,18
2015-05-06,Kwale,0
2015-05-07,Kwale,0
2015-05-08,Kwale,2
2015-05-09,Kwale,2
2015-05-10,Kwale,17
2015-05-11,Kwale,2
2015-05-12,Kwale,2
2015-05-13,Kwale,5
2015-05-14,Kwale,0
2015-05-15,Kwale,4
2015-05-16,Kwale,7
2015-05-17,Kwale,2
2015-05-18,Kwale,0
2015-05-19,Kwale,1
2015-05-20,Kwale,20
2015-05-21,Kwale,1
2015-05-22,Kwale,1
2015-05-23,Kwale,9
2015-05-24,Kwale,13
2015-05-25,Kwale,0
2015-05-26,Kwale,15
2015-05-27,Kwale,9
2015-05-28,Kwale,0
2015-05-29,Kwale,1
2015-05-30,Kwale,1
2015-05-31,Kwale,9
2015-06-01,Kwale,2
2015-06-02,Kwale,0
2015-06-03,Kwale,1
2015-06-04,Kwale,1
2015-06-05,Kwale,1
2015-06-06,Kwale,2
2015-06-07,Kwale,0
2015-06-08,Kwale,2
2015-06-09,Kwale,0
2015-06-10,Kwale,0
2015-06-11,Kwale,1
2015-06-12,Kwale,1
2015-06-13,Kwale,2
2015-06-14,Kwale,0
2015-06-15,Kwale,0
2015-06-16,Kwale,1
2015-06-17,Kwale,0
2015-06-18,Kwale,2
2015-06-19,Kwale,0
2015-06-20,Kwale,1
2015-06-21,Kwale,2
2015-06-22,Kwale,0
2015-06-23,Kwale,0
2015-06-24,Kwale,0
2015-06-25,Kwale,0
2015-06-26,Kwale,0
2015-06-27,Kwale,2
2015-06-28,Kwale,0
2015-06-29,Kwale,0
2015-06-30,Kwale,0
2015-07-01,Kwale,1
2015-07-02,Kwale,0
2015-07-03,Kwale,0
2015-07-04,Kwale,1
2015-07-05,Kwale,0
2015-07-06,Kwale,2
2015-07-07,Kwale,2
2015-07-08,Kwale,1
2015-07-09,Kwale,2
2015-07-10,Kwale,1
2015-07-11,Kwale,2
2015-07-12,Kwale,0
2015-07-13,Kwale,1
2015-07-14,Kwale,1
2015-07-15,Kwale,0
2015-07-16,Kwale,0
2015-07-17,Kwale,0
2015-07-18,Kwale,1
2015-07-19,Kwale,1
2015-07-20,Kwale,2
2015-07-21,Kwale,2
2015-07-22,Kwale,1
2015-07-23,Kwale,0
2015-07-24,Kwale,1
2015-07-25,Kwale,0
2015-07-26,Kwale,1
2015-07-27,Kwale,1
2015-07-28,Kwale,0
2015-07-29,Kwale,0
2015-07-30,Kwale,0
2015-07-31,Kwale,1
2015-08-01,Kwale,0
2015-08-02,Kwale,2
2015-08-03,Kwale,1
2015-08-04,Kwale,1
2015-08-05,Kwale,2
2015-08-06,Kwale,0
2015-08-07,Kwale,0
2015-08-08,Kwale,1
2015-08-09,Kwale,2
2015-08-10,Kwale,0
2015-08-11,Kwale,1
2015-08-12,Kwale,1
2015-08-13,Kwale,0
2015-08-14,Kwale,1
2015-08-15,Kwale,1
2015-08-16,Kwale,0
2015-08-17,Kwale,0
2015-08-18,Kwale,0
2015-08-19,Kwale,1
2015-08-20,Kwale,0
2015-08-21,Kwale,0
2015-08-22,Kwale,1
2015-08-23,Kwale,0
2015-08-24,Kwale,2
2015-08-25,Kwale,0
2015-08-26,Kwale,1
2015-08-27,Kwale,2
2015-08-28,Kwale,0
2015-08-29,Kwale,0
2015-08-30,Kwale,0
2015-08-31,Kwale,1
2015-09-01,Kwale,2
2015-09-02,Kwale,2
2015-09-03,Kwale,2
2015-09-04,Kwale,0
2015-09-05,Kwale,1
2015-09-06,Kwale,1
2015-09-07,Kwale,2
2015-09-08,Kwale,2
2015-09-09,Kwale,2
2015-09-10,Kwale,2
2015-09-11,Kwale,0
2015-09-12,Kwale,2
2015-09-13,Kwale,2
2015-09-14,Kwale,0
2015-09-15,Kwale,0
2015-09-16,Kwale,2
2015-09-17,Kwale,1
2015-09-18,Kwale,1
2015-09-19,Kwale,1
2015-09-20,Kwale,0
2015-09-21,Kwale,0
2015-09-22,Kwale,1
2015-09-23,Kwale,0
2015-09-24,Kwale,0
2015-09-25,Kwale,1
2015-09-26,Kwale,2
2015-09-27,Kwale,0
2015-09-28,Kwale,0
2015-09-29,Kwale,0
2015-09-30,Kwale,2
2015-10-01,Kwale,0
2015-10-02,Kwale,1
2015-10-03,Kwale,10
2015-10-04,Kwale,1
2015-10-05,Kwale,1
2015-10-06,Kwale,1
2015-10-07,Kwale,0
2015-10-08,Kwale,1
2015-10-09,Kwale,1
2015-10-10,Kwale,1
2015-10-11,Kwale,1
2015-10-12,Kwale,1
2015-10-13,Kwale,1
2015-10-14,Kwale,16
2015-10-15,Kwale,1
2015-10-16,Kwale,1
2015-10-17,Kwale,2
2015-10-18,Kwale,1
2015-10-19,Kwale,0
2015-10-20,Kwale,0
2015-10-21,Kwale,2
2015-10-22,Kwale,0
2015-10-23,Kwale,2
2015-10-24,Kwale,1
2015-10-25,Kwale,2
2015-10-26,Kwale,2
2015-10-27,Kwale,1
2015-10-28,Kwale,0
2015-10-29,Kwale,1
2015-10-30,Kwale,0
2015-10-31,Kwale,1
2015-11-01,Kwale,2
2015-11-02,Kwale,12
2015-11-03,Kwale,0
2015-11-04,Kwale,0
2015-11-05,Kwale,0
2015-11-06,Kwale,1
2015-11-07,Kwale,1
2015-11-08,Kwale,0
2015-11-09,Kwale,0
2015-11-10,Kwale,1
2015-11-11,Kwale,1
2015-11-12,Kwale,1
2015-11-13,Kwale,2
2015-11-14,Kwale,1
2015-11-15,Kwale,5
2015-11-16,Kwale,1
2015-11-17,Kwale,2
2015-11-18,Kwale,0
2015-11-19,Kwale,1
2015-11-20,Kwale,0
2015-11-21,Kwale,2
2015-11-22,Kwale,7
2015-11-23,Kwale,2
2015-11-24,Kwale,0
2015-11-25,Kwale,2
2015-11-26,Kwale,13
2015-11-27,Kwale,0
2015-11-28,Kwale,1
2015-11-29,Kwale,1
2015-11-30,Kwale,0
2015-12-01,Kwale,2
2015-12-02,Kwale,0
2015-12-03,Kwale,0
2015-12-04,Kwale,1
2015-12-05,Kwale,2
2015-12-06,Kwale,0
2015-12-07,Kwale,0
2015-12-08,Kwale,1
2015-12-09,Kwale,2
2015-12-10,Kwale,1
2015-12-11,Kwale,1
2015-12-12,Kwale,0
2015-12-13,Kwale,2
2015-12-14,Kwale,0
2015-12-15,Kwale,0
2015-12-16,Kwale,1
2015-12-17,Kwale,1
2015-12-18,Kwale,2
2015-12-19,Kwale,0
2015-12-20,Kwale,0
2015-12-21,Kwale,0
2015-12-22,Kwale,1
2015-12-23,Kwale,1
2015-12-24,Kwale,1
2015-12-25,Kwale,1
2015-12-26,Kwale,1
2015-12-27,Kwale,0
2015-12-28,Kwale,0
2015-12-29,Kwale,0
2015-12-30,Kwale,1
2015-12-31,Kwale,2
2016-01-01,Kwale,2
2016-01-02,Kwale,0
2016-01-03,Kwale,1
2016-01-04,Kwale,0
2016-01-05,Kwale,0
2016-01-06,Kwale,2
2016-01-07,Kwale,0
2016-01-08,Kwale,2
2016-01-09,Kwale,2
2016-01-10,Kwale,2
2016-01-11,Kwale,2
2016-01-12,Kwale,0
2016-01-13,Kwale,2
2016-01-14,Kwale,2
2016-01-15,Kwale,0
2016-01-16,Kwale,1
2016-01-17,Kwale,2
2016-01-18,Kwale,0
2016-01-19,Kwale,1
2016-01-20,Kwale,0
2016-01-21,Kwale,2
2016-01-22,Kwale,1
2016-01-23,Kwale,0
2016-01-24,Kwale,1
2016-01-25,Kwale,2
2016-01-26,Kwale,2
2016-01-27,Kwale,0
2016-01-28,Kwale,0
2016-01-29,Kwale,0
2016-01-30,Kwale,1
2016-01-31,Kwale,0
2016-02-01,Kwale,0
2016-02-02,Kwale,1
2016-02-03,Kwale,0
2016-02-04,Kwale,0
2016-02-05,Kwale,1
2016-02-06,Kwale,2
2016-02-07,Kwale,1
2016-02-08,Kwale,1
2016-02-09,Kwale,2
2016-02-10,Kwale,0
2016-02-11,Kwale,1
2016-02-12,Kwale,0
2016-02-13,Kwale,2
2016-02-14,Kwale,0
2016-02-15,Kwale,1
2016-02-16,Kwale,1
2016-02-17,Kwale,2
2016-02-18,Kwale,0
2016-02-19,Kwale,1
2016-02-20,Kwale,0
2016-02-21,Kwale,0
2016-02-22,Kwale,1
2016-02-23,Kwale,0
2016-02-24,Kwale,2
2016-02-25,Kwale,0
2016-02-26,Kwale,2
2016-02-27,Kwale,0
2016-02-28,Kwale,0
2016-02-29,Kwale,0
2016-03-01,Kwale,12
2016-03-02,Kwale,12
2016-03-03,Kwale,2
2016-03-04,Kwale,2
2016-03-05,Kwale,2
2016-03-06,Kwale,12
2016-03-07,Kwale,2
2016-03-08,Kwale,2
2016-03-09,Kwale,13
2016-03-10,Kwale,2
2016-03-11,Kwale,1
2016-03-12,Kwale,27
2016-03-13,Kwale,1
2016-03-14,Kwale,0
2016-03-15,Kwale,0
2016-03-16,Kwale,6
2016-03-17,Kwale,13
2016-03-18,Kwale,0
2016-03-19,Kwale,12
2016-03-20,Kwale,1
2016-03-21,Kwale,6
2016-03-22,Kwale,2
2016-03-23,Kwale,1
2016-03-24,Kwale,1
2016-03-25,Kwale,19
2016-03-26,Kwale,8
2016-03-27,Kwale,0
2016-03-28,Kwale,2
2016-03-29,Kwale,1
2016-03-30,Kwale,1
2016-03-31,Kwale,17
2016-04-01,Kwale,0
2016-04-02,Kwale,22
2016-04-03,Kwale,15
2016-04-04,Kwale,0
2016-04-05,Kwale,2
2016-04-06,Kwale,11
2016-04-07,Kwale,15
2016-04-08,Kwale,1
2016-04-09,Kwale,1
2016-04-10,Kwale,17
2016-04-11,Kwale,0
2016-04-12,Kwale,1
2016-04-13,Kwale,10
2016-04-14,Kwale,1
2016-04-15,Kwale,1
2016-04-16,Kwale,20
2016-04-17,Kwale,0
2016-04-18,Kwale,17
2016-04-19,Kwale,13
2016-04-20,Kwale,10
2016-04-21,Kwale,22
2016-04-22,Kwale,1
2016-04-23,Kwale,23
2016-04-24,Kwale,0
2016-04-25,Kwale,1
2016-04-26,Kwale,0
2016-04-27,Kwale,18
2016-04-28,Kwale,14
2016-04-29,Kwale,2
2016-04-30,Kwale,7
2016-05-01,Kwale,0
2016-05-02,Kwale,2
2016-05-03,Kwale,1
2016-05-04,Kwale,25
2016-05-05,Kwale,1
2016-05-06,Kwale,1
2016-05-07,Kwale,24
2016-05-08,Kwale,2
2016-05-09,Kwale,15
2016-05-10,Kwale,7
2016-05-11,Kwale,0
2016-05-12,Kwale,1
2016-05-13,Kwale,2
2016-05-14,Kwale,14
2016-05-15,Kwale,15
2016-05-16,Kwale,0
2016-05-17,Kwale,1
2016-05-18,Kwale,2
2016-05-19,Kwale,17
2016-05-20,Kwale,9
2016-05-21,Kwale,17
2016-05-22,Kwale,2
2016-05-23,Kwale,23
2016-05-24,Kwale,2
2016-05-25,Kwale,0
2016-05-26,Kwale,1
2016-05-27,Kwale,11
2016-05-28,Kwale,0
2016-05-29,Kwale,0
2016-05-30,Kwale,15
2016-05-31,Kwale,13
2016-06-01,Kwale,1
2016-06-02,Kwale,2
2016-06-03,Kwale,0
2016-06-04,Kwale,1
2016-06-05,Kwale,2
2016-06-06,Kwale,1
2016-06-07,Kwale,1
2016-06-08,Kwale,0
2016-06-09,Kwale,0
2016-06-10,Kwale,1
2016-06-11,Kwale,2
2016-06-12,Kwale,0
2016-06-13,Kwale,1
2016-06-14,Kwale,2
2016-06-15,Kwale,2
2016-06-16,Kwale,0
2016-06-17,Kwale,1
2016-06-18,Kwale,1
2016-06-19,Kwale,0
2016-06-20,Kwale,0
2016-06-21,Kwale,2
2016-06-22,Kwale,0
2016-06-23,Kwale,0
2016-06-24,Kwale,0
2016-06-25,Kwale,1
2016-06-26,Kwale,1
2016-06-27,Kwale,0
2016-06-28,Kwale,0
2016-06-29,Kwale,1
2016-06-30,Kwale,1
2016-07-01,Kwale,2
2016-07-02,Kwale,2
2016-07-03,Kwale,1
2016-07-04,Kwale,0
2016-07-05,Kwale,1
2016-07-06,Kwale,0
2016-07-07,Kwale,1
2016-07-08,Kwale,2
2016-07-09,Kwale,2
2016-07-10,Kwale,0
2016-07-11,Kwale,2
2016-07-12,Kwale,2
2016-07-13,Kwale,1
2016-07-14,Kwale,2
2016-07-15,Kwale,1
2016-07-16,Kwale,0
2016-07-17,Kwale,2
2016-07-18,Kwale,2
2016-07-19,Kwale,0
2016-07-20,Kwale,0
2016-07-21,Kwale,0
2016-07-22,Kwale,0
2016-07-23,Kwale,1
2016-07-24,Kwale,1
2016-07-25,Kwale,0
2016-07-26,Kwale,0
2016-07-27,Kwale,1
2016-07-28,Kwale,0
2016-07-29,Kwale,1
2016-07-30,Kwale,1
2016-07-31,Kwale,0
2016-08-01,Kwale,2
2016-08-02,Kwale,1
2016-08-03,Kwale,0
2016-08-04,Kwale,1
2016-08-05,Kwale,0
2016-08-06,Kwale,1
2016-08-07,Kwale,0
2016-08-08,Kwale,2
2016-08-09,Kwale,1
2016-08-10,Kwale,0
2016-08-11,Kwale,2
2016-08-12,Kwale,1
2016-08-13,Kwale,2
2016-08-14,Kwale,0
2016-08-15,Kwale,2
2016-08-16,Kwale,1
2016-08-17,Kwale,1
2016-08-18,Kwale,1
2016-08-19,Kwale,0
2016-08-20,Kwale,0
2016-08-21,Kwale,0
2016-08-22,Kwale,0
2016-08-23,Kwale,1
2016-08-24,Kwale,0
2016-08-25,Kwale,0
2016-08-26,Kwale,0
2016-08-27,Kwale,0
2016-08-28,Kwale,1
2016-08-29,Kwale,0
2016-08-30,Kwale,2
2016-08-31,Kwale,2
2016-09-01,Kwale,0
2016-09-02,Kwale,1
2016-09-03,Kwale,2
2016-09-04,Kwale,0
2016-09-05,Kwale,2
2016-09-06,Kwale,1
2016-09-07,Kwale,1
2016-09-08,Kwale,1
2016-09-09,Kwale,1
2016-09-10,Kwale,0
2016-09-11,Kwale,2
2016-09-12,Kwale,1
2016-09-13,Kwale,0
2016-09-14,Kwale,1
2016-09-15,Kwale,2
2016-09-16,Kwale,2
2016-09-17,Kwale,1
2016-09-18,Kwale,0
2016-09-19,Kwale,2
2016-09-20,Kwale,0
2016-09-21,Kwale,2
2016-09-22,Kwale,0
2016-09-23,Kwale,1
2016-09-24,Kwale,1
2016-09-25,Kwale,2
2016-09-26,Kwale,1
2016-09-27,Kwale,2
2016-09-28,Kwale,1
2016-09-29,Kwale,0
2016-09-30,Kwale,0
2016-10-01,Kwale,1
2015-01-01,Kilifi,0
2015-01-02,Kilifi,0
2015-01-03,Kilifi,1
2015-01-04,Kilifi,2
2015-01-05,Kilifi,1
2015-01-06,Kilifi,1
2015-01-07,Kilifi,2
2015-01-08,Kilifi,1
2015-01-09,Kilifi,2
2015-01-10,Kilifi,2
2015-01-11,Kilifi,0
2015-01-12,Kilifi,1
2015-01-13,Kilifi,1
2015-01-14,Kilifi,2
2015-01-15,Kilifi,0
2015-01-16,Kilifi,1
2015-01-17,Kilifi,0
2015-01-18,Kilifi,2
2015-01-19,Kilifi,2
2015-01-20,Kilifi,0
2015-01-21,Kilifi,0
2015-01-22,Kilifi,0
2015-01-23,Kilifi,1
2015-01-24,Kilifi,1
2015-01-25,Kilifi,1
2015-01-26,Kilifi,0
2015-01-27,Kilifi,2
2015-01-28,Kilifi,0
2015-01-29,Kilifi,1
2015-01-30,Kilifi,2
2015-01-31,Kilifi,0
2015-02-01,Kilifi,2
2015-02-02,Kilifi,0
2015-02-03,Kilifi,1
2015-02-04,Kilifi,2
2015-02-05,Kilifi,2
2015-02-06,Kilifi,2
2015-02-07,Kilifi,2
2015-02-08,Kilifi,1
2015-02-09,Kilifi,2
2015-02-10,Kilifi,2
2015-02-11,Kilifi,2
2015-02-12,Kilifi,1
2015-02-13,Kilifi,1
2015-02-14,Kilifi,0
2015-02-15,Kilifi,0
2015-02-16,Kilifi,2
2015-02-17,Kilifi,0
2015-02-18,Kilifi,2
2015-02-19,Kilifi,1
2015-02-20,Kilifi,0
2015-02-21,Kilifi,2
2015-02-22,Kilifi,1
2015-02-23,Kilifi,0
2015-02-24,Kilifi,0
2015-02-25,Kilifi,2
2015-02-26,Kilifi,0
2015-02-27,Kilifi,1
2015-02-28,Kilifi,0
2015-03-01,Kilifi,20
2015-03-02,Kilifi,0
2015-03-03,Kilifi,18
2015-03-04,Kilifi,1
2015-03-05,Kilifi,17
2015-03-06,Kilifi,9
2015-03-07,Kilifi,14
2015-03-08,Kilifi,1
2015-03-09,Kilifi,3
2015-03-10,Kilifi,10
2015-03-11,Kilifi,16
2015-03-12,Kilifi,1
2015-03-13,Kilifi,16
2015-03-14,Kilifi,15
2015-03-15,Kilifi,15
2015-03-16,Kilifi,2
2015-03-17,Kilifi,1
2015-03-18,Kilifi,11
2015-03-19,Kilifi,0
2015-03-20,Kilifi,13
2015-03-21,Kilifi,2
2015-03-22,Kilifi,0
2015-03-23,Kilifi,0
2015-03-24,Kilifi,9
2015-03-25,Kilifi,15
2015-03-26,Kilifi,20
2015-03-27,Kilifi,2
2015-03-28,Kilifi,18
2015-03-29,Kilifi,15
2015-03-30,Kilifi,6
2015-03-31,Kilifi,0
2015-04-01,Kilifi,0
2015-04-02,Kilifi,3
2015-04-03,Kilifi,14
2015-04-04,Kilifi,9
2015-04-05,Kilifi,16
2015-04-06,Kilifi,0
2015-04-07,Kilifi,1
2015-04-08,Kilifi,1
2015-04-09,Kilifi,2
2015-04-10,Kilifi,4
2015-04-11,Kilifi,1
2015-04-12,Kilifi,1
2015-04-13,Kilifi,9
2015-04-14,Kilifi,0
2015-04-15,Kilifi,13
2015-04-16,Kilifi,0
2015-04-17,Kilifi,1
2015-04-18,Kilifi,12
2015-04-19,Kilifi,25
2015-04-20,Kilifi,13
2015-04-21,Kilifi,5
2015-04-22,Kilifi,2
2015-04-23,Kilifi,2
2015-04-24,Kilifi,14
2015-04-25,Kilifi,1
2015-04-26,Kilifi,1
2015-04-27,Kilifi,2
2015-04-28,Kilifi,4
2015-04-29,Kilifi,15
2015-04-30,Kilifi,12
2015-05-01,Kilifi,21
2015-05-02,Kilifi,1
2015-05-03,Kilifi,0
2015-05-04,Kilifi,11
2015-05-05,Kilifi,0
2015-05-06,Kilifi,19
2015-05-07,Kilifi,11
2015-05-08,Kilifi,17
2015-05-09,Kilifi,0
2015-05-10,Kilifi,23
2015-05-11,Kilifi,11
2015-05-12,Kilifi,1
2015-05-13,Kilifi,9
2015-05-14,Kilifi,19
2015-05-15,Kilifi,1
2015-05-16,Kilifi,2
2015-05-17,Kilifi,0
2015-05-18,Kilifi,1
2015-05-19,Kilifi,2
2015-05-20,Kilifi,16
2015-05-21,Kilifi,0
2015-05-22,Kilifi,7
2015-05-23,Kilifi,1
2015-05-24,Kilifi,2
2015-05-25,Kilifi,1
2015-05-26,Kilifi,15
2015-05-27,Kilifi,1
2015-05-28,Kilifi,2
2015-05-29,Kilifi,8
2015-05-30,Kilifi,19
2015-05-31,Kilifi,2
2015-06-01,Kilifi,1
2015-06-02,Kilifi,1
2015-06-03,Kilifi,1
2015-06-04,Kilifi,2
2015-06-05,Kilifi,2
2015-06-06,Kilifi,1
2015-06-07,Kilifi,0
2015-06-08,Kilifi,2
2015-06-09,Kilifi,0
2015-06-10,Kilifi,2
2015-06-11,Kilifi,1
2015-06-12,Kilifi,0
2015-06-13,Kilifi,0
2015-06-14,Kilifi,1
2015-06-15,Kilifi,1
2015-06-16,Kilifi,1
2015-06-17,Kilifi,1
2015-06-18,Kilifi,1
2015-06-19,Kilifi,1
2015-06-20,Kilifi,1
2015-06-21,Kilifi,1
2015-06-22,Kilifi,1
2015-06-23,Kilifi,2
2015-06-24,Kilifi,2
2015-06-25,Kilifi,1
2015-06-26,Kilifi,1
2015-06-27,Kilifi,2
2015-06-28,Kilifi,2
2015-06-29,Kilifi,1
2015-06-30,Kilifi,0
2015-07-01,Kilifi,2
2015-07-02,Kilifi,1
2015-07-03,Kilifi,2
2015-07-04,Kilifi,0
2015-07-05,Kilifi,2
2015-07-06,Kilifi,1
2015-07-07,Kilifi,0
2015-07-08,Kilifi,0
2015-07-09,Kilifi,0
2015-07-10,Kilifi,2
2015-07-11,Kilifi,1
2015-07-12,Kilifi,1
2015-07-13,Kilifi,0
2015-07-14,Kilifi,1
2015-07-15,Kilifi,1
2015-07-16,Kilifi,2
2015-07-17,Kilifi,0
2015-07-18,Kilifi,0
2015-07-19,Kilifi,0
2015-07-20,Kilifi,0
2015-07-21,Kilifi,2
2015-07-22,Kilifi,2
2015-07-23,Kilifi,1
2015-07-24,Kilifi,1
2015-07-25,Kilifi,1
2015-07-26,Kilifi,2
2015-07-27,Kilifi,1
2015-07-28,Kilifi,0
2015-07-29,Kilifi,0
2015-07-30,Kilifi,2
2015-07-31,Kilifi,2
2015-08-01,Kilifi,0
2015-08-02,Kilifi,2
2015-08-03,Kilifi,2
2015-08-04,Kilifi,0
2015-08-05,Kilifi,0
2015-08-06,Kilifi,1
2015-08-07,Kilifi,0
2015-08-08,Kilifi,1
2015-08-09,Kilifi,1
2015-08-10,Kilifi,1
2015-08-11,Kilifi,0
2015-08-12,Kilifi,0
2015-08-13,Kilifi,0
2015-08-14,Kilifi,0
2015-08-15,Kilifi,2
2015-08-16,Kilifi,1
2015-08-17,Kilifi,2
2015-08-18,Kilifi,0
2015-08-19,Kilifi,0
2015-08-20,Kilifi,0
2015-08-21,Kilifi,1
2015-08-22,Kilifi,2
2015-08-23,Kilifi,0
2015-08-24,Kilifi,1
2015-08-25,Kilifi,0
2015-08-26,Kilifi,1
2015-08-27,Kilifi,0
2015-08-28,Kilifi,1
2015-08-29,Kilifi,1
2015-08-30,Kilifi,2
2015-08-31,Kilifi,1
2015-09-01,Kilifi,1
2015-09-02,Kilifi,2
2015-09-03,Kilifi,2
2015-09-04,Kilifi,1
2015-09-05,Kilifi,2
2015-09-06,Kilifi,0
2015-09-07,Kilifi,2
2015-09-08,Kilifi,2
2015-09-09,Kilifi,2
2015-09-10,Kilifi,2
2015-09-11,Kilifi,0
2015-09-12,Kilifi,2
2015-09-13,Kilifi,1
2015-09-14,Kilifi,1
2015-09-15,Kilifi,2
2015-09-16,Kilifi,2
2015-09-17,Kilifi,1
2015-09-18,Kilifi,0
2015-09-19,Kilifi,2
2015-09-20,Kilifi,0
2015-09-21,Kilifi,2
2015-09-22,Kilifi,0
2015-09-23,Kilifi,2
2015-09-24,Kilifi,1
2015-09-25,Kilifi,1
2015-09-26,Kilifi,2
2015-09-27,Kilifi,0
2015-09-28,Kilifi,0
2015-09-29,Kilifi,1
2015-09-30,Kilifi,0
2015-10-01,Kilifi,2
2015-10-02,Kilifi,0
2015-10-03,Kilifi,0
2015-10-04,Kilifi,1
2015-10-05,Kilifi,2
2015-10-06,Kilifi,15
2015-10-07,Kilifi,2
2015-10-08,Kilifi,1
2015-10-09,Kilifi,2
2015-10-10,Kilifi,1
2015-10-11,Kilifi,1
2015-10-12,Kilifi,1
2015-10-13,Kilifi,12
2015-10-14,Kilifi,0
2015-10-15,Kilifi,0
2015-10-16,Kilifi,1
2015-10-17,Kilifi,2
2015-10-18,Kilifi,1
2015-10-19,Kilifi,2
2015-10-20,Kilifi,1
2015-10-21,Kilifi,2
2015-10-22,Kilifi,1
2015-10-23,Kilifi,2
2015-10-24,Kilifi,0
2015-10-25,Kilifi,0
2015-10-26,Kilifi,1
2015-10-27,Kilifi,0
2015-10-28,Kilifi,0
2015-10-29,Kilifi,2
2015-10-30,Kilifi,0
2015-10-31,Kilifi,1
2015-11-01,Kilifi,9
2015-11-02,Kilifi,1
2015-11-03,Kilifi,0
2015-11-04,Kilifi,0
2015-11-05,Kilifi,1
2015-11-06,Kilifi,2
2015-11-07,Kilifi,1
2015-11-08,Kilifi,1
2015-11-09,Kilifi,1
2015-11-10,Kilifi,0
2015-11-11,Kilifi,1
2015-11-12,Kilifi,0
2015-11-13,Kilifi,2
2015-11-14,Kilifi,0
2015-11-15,Kilifi,2
2015-11-16,Kilifi,0
2015-11-17,Kilifi,2
2015-11-18,Kilifi,1
2015-11-19,Kilifi,1
2015-11-20,Kilifi,0
2015-11-21,Kilifi,1
2015-11-22,Kilifi,0
2015-11-23,Kilifi,2
2015-11-24,Kilifi,0
2015-11-25,Kilifi,2
2015-11-26,Kilifi,1
2015-11-27,Kilifi,12
2015-11-28,Kilifi,1
2015-11-29,Kilifi,2
2015-11-30,Kilifi,1
2015-12-01,Kilifi,0
2015-12-02,Kilifi,2
2015-12-03,Kilifi,2
2015-12-04,Kilifi,0
2015-12-05,Kilifi,2
2015-12-06,Kilifi,1
2015-12-07,Kilifi,0
2015-12-08,Kilifi,1
2015-12-09,Kilifi,1
2015-12-10,Kilifi,1
2015-12-11,Kilifi,1
2015-12-12,Kilifi,2
2015-12-13,Kilifi,2
2015-12-14,Kilifi,1
2015-12-15,Kilifi,0
2015-12-16,Kilifi,1
2015-12-17,Kilifi,0
2015-12-18,Kilifi,1
2015-12-19,Kilifi,0
2015-12-20,Kilifi,2
2015-12-21,Kilifi,1
2015-12-22,Kilifi,1
2015-12-23,Kilifi,2
2015-12-24,Kilifi,0
2015-12-25,Kilifi,2
2015-12-26,Kilifi,1
2015-12-27,Kilifi,1
2015-12-28,Kilifi,0
2015-12-29,Kilifi,2
2015-12-30,Kilifi,1
2015-12-31,Kilifi,0
2016-01-01,Kilifi,0
2016-01-02,Kilifi,1
2016-01-03,Kilifi,2
2016-01-04,Kilifi,0
2016-01-05,Kilifi,0
2016-01-06,Kilifi,2
2016-01-07,Kilifi,0
2016-01-08,Kilifi,1
2016-01-09,Kilifi,0
2016-01-10,Kilifi,1
2016-01-11,Kilifi,1
2016-01-12,Kilifi,0
2016-01-13,Kilifi,1
2016-01-14,Kilifi,2
2016-01-15,Kilifi,2
2016-01-16,Kilifi,2
2016-01-17,Kilifi,0
2016-01-18,Kilifi,2
2016-01-19,Kilifi,0
2016-01-20,Kilifi,0
2016-01-21,Kilifi,1
2016-01-22,Kilifi,1
2016-01-23,Kilifi,1
2016-01-24,Kilifi,2
2016-01-25,Kilifi,2
2016-01-26,Kilifi,2
2016-01-27,Kilifi,2
2016-01-28,Kilifi,0
2016-01-29,Kilifi,1
2016-01-30,Kilifi,1
2016-01-31,Kilifi,1
2016-02-01,Kilifi,2
2016-02-02,Kilifi,1
2016-02-03,Kilifi,0
2016-02-04,Kilifi,2
2016-02-05,Kilifi,1
2016-02-06,Kilifi,1
2016-02-07,Kilifi,2
2016-02-08,Kilifi,0
2016-02-09,Kilifi,2
2016-02-10,Kilifi,1
2016-02-11,Kilifi,0
2016-02-12,Kilifi,1
2016-02-13,Kilifi,2
2016-02-14,Kilifi,0
2016-02-15,Kilifi,2
2016-02-16,Kilifi,1
2016-02-17,Kilifi,1
2016-02-18,Kilifi,2
2016-02-19,Kilifi,2
2016-02-20,Kilifi,0
2016-02-21,Kilifi,0
2016-02-22,Kilifi,2
2016-02-23,Kilifi,2
2016-02-24,Kilifi,1
2016-02-25,Kilifi,2
2016-02-26,Kilifi,1
2016-02-27,Kilifi,1
2016-02-28,Kilifi,0
2016-02-29,Kilifi,0
2016-03-01,Kilifi,9
2016-03-02,Kilifi,11
2016-03-03,Kilifi,6
2016-03-04,Kilifi,15
2016-03-05,Kilifi,0
2016-03-06,Kilifi,11
2016-03-07,Kilifi,18
2016-03-08,Kilifi,1
2016-03-09,Kilifi,18
2016-03-10,Kilifi,22
2016-03-11,Kilifi,2
2016-03-12,Kilifi,0
2016-03-13,Kilifi,1
2016-03-14,Kilifi,12
2016-03-15,Kilifi,0
2016-03-16,Kilifi,9
2016-03-17,Kilifi,0
2016-03-18,Kilifi,16
2016-03-19,Kilifi,1
2016-03-20,Kilifi,2
2016-03-21,Kilifi,16
2016-03-22,Kilifi,16
2016-03-23,Kilifi,1
2016-03-24,Kilifi,11
2016-03-25,Kilifi,13
2016-03-26,Kilifi,2
2016-03-27,Kilifi,2
2016-03-28,Kilifi,2
2016-03-29,Kilifi,8
2016-03-30,Kilifi,0
2016-03-31,Kilifi,23
2016-04-01,Kilifi,0
2016-04-02,Kilifi,16
2016-04-03,Kilifi,5
2016-04-04,Kilifi,2
2016-04-05,Kilifi,16
2016-04-06,Kilifi,23
2016-04-07,Kilifi,14
2016-04-08,Kilifi,11
2016-04-09,Kilifi,0
2016-04-10,Kilifi,14
2016-04-11,Kilifi,4
2016-04-12,Kilifi,0
2016-04-13,Kilifi,12
2016-04-14,Kilifi,0
2016-04-15,Kilifi,0
2016-04-16,Kilifi,2
2016-04-17,Kilifi,1
2016-04-18,Kilifi,15
2016-04-19,Kilifi,10
2016-04-20,Kilifi,19
2016-04-21,Kilifi,0
2016-04-22,Kilifi,18
2016-04-23,Kilifi,18
2016-04-24,Kilifi,0
2016-04-25,Kilifi,11
2016-04-26,Kilifi,1
2016-04-27,Kilifi,18
2016-04-28,Kilifi,0
2016-04-29,Kilifi,0
2016-04-30,Kilifi,1
2016-05-01,Kilifi,0
2016-05-02,Kilifi,1
2016-05-03,Kilifi,2
2016-05-04,Kilifi,8
2016-05-05,Kilifi,0
2016-05-06,Kilifi,12
2016-05-07,Kilifi,2
2016-05-08,Kilifi,1
2016-05-09,Kilifi,1
2016-05-10,Kilifi,31
2016-05-11,Kilifi,1
2016-05-12,Kilifi,19
2016-05-13,Kilifi,16
2016-05-14,Kilifi,2
2016-05-15,Kilifi,14
2016-05-16,Kilifi,0
2016-05-17,Kilifi,1
2016-05-18,Kilifi,11
2016-05-19,Kilifi,2
2016-05-20,Kilifi,3
2016-05-21,Kilifi,15
2016-05-22,Kilifi,2
2016-05-23,Kilifi,7
2016-05-24,Kilifi,2
2016-05-25,Kilifi,6
2016-05-26,Kilifi,0
2016-05-27,Kilifi,9
2016-05-28,Kilifi,0
2016-05-29,Kilifi,2
2016-05-30,Kilifi,21
2016-05-31,Kilifi,1
2016-06-01,Kilifi,2
2016-06-02,Kilifi,0
2016-06-03,Kilifi,1
2016-06-04,Kilifi,1
2016-06-05,Kilifi,2
2016-06-06,Kilifi,0
2016-06-07,Kilifi,1
2016-06-08,Kilifi,1
2016-06-09,Kilifi,1
2016-06-10,Kilifi,2
2016-06-11,Kilifi,1
2016-06-12,Kilifi,1
2016-06-13,Kilifi,2
2016-06-14,Kilifi,1
2016-06-15,Kilifi,0
2016-06-16,Kilifi,2
2016-06-17,Kilifi,1
2016-06-18,Kilifi,1
2016-06-19,Kilifi,1
2016-06-20,Kilifi,0
2016-06-21,Kilifi,1
2016-06-22,Kilifi,2
2016-06-23,Kilifi,1
2016-06-24,Kilifi,2
2016-06-25,Kilifi,2
2016-06-26,Kilifi,1
2016-06-27,Kilifi,2
2016-06-28,Kilifi,2
2016-06-29,Kilifi,2
2016-06-30,Kilifi,0
2016-07-01,Kilifi,2
2016-07-02,Kilifi,1
2016-07-03,Kilifi,2
2016-07-04,Kilifi,0
2016-07-05,Kilifi,2
2016-07-06,Kilifi,0
2016-07-07,Kilifi,0
2016-07-08,Kilifi,1
2016-07-09,Kilifi,0
2016-07-10,Kilifi,1
2016-07-11,Kilifi,2
2016-07-12,Kilifi,0
2016-07-13,Kilifi,0
2016-07-14,Kilifi,1
2016-07-15,Kilifi,2
2016-07-16,Kilifi,2
2016-07-17,Kilifi,2
2016-07-18,Kilifi,2
2016-07-19,Kilifi,1
2016-07-20,Kilifi,1
2016-07-21,Kilifi,0
2016-07-22,Kilifi,2
2016-07-23,Kilifi,0
2016-07-24,Kilifi,0
2016-07-25,Kilifi,2
2016-07-26,Kilifi,1
2016-07-27,Kilifi,0
2016-07-28,Kilifi,0
2016-07-29,Kilifi,1
2016-07-30,Kilifi,1
2016-07-31,Kilifi,1
2016-08-01,Kilifi,1
2016-08-02,Kilifi,2
2016-08-03,Kilifi,0
2016-08-04,Kilifi,0
2016-08-05,Kilifi,0
2016-08-06,Kilifi,2
2016-08-07,Kilifi,2
2016-08-08,Kilifi,1
2016-08-09,Kilifi,0
2016-08-10,Kilifi,0
2016-08-11,Kilifi,0
2016-08-12,Kilifi,2
2016-08-13,Kilifi,2
2016-08-14,Kilifi,0
2016-08-15,Kilifi,0
2016-08-16,Kilifi,0
2016-08-17,Kilifi,0
2016-08-18,Kilifi,1
2016-08-19,Kilifi,2
2016-08-20,Kilifi,2
2016-08-21,Kilifi,2
2016-08-22,Kilifi,2
2016-08-23,Kilifi,0
2016-08-24,Kilifi,0
2016-08-25,Kilifi,2
2016-08-26,Kilifi,1
2016-08-27,Kilifi,2
2016-08-28,Kilifi,2
2016-08-29,Kilifi,1
2016-08-30,Kilifi,0
2016-08-31,Kilifi,2
2016-09-01,Kilifi,1
2016-09-02,Kilifi,1
2016-09-03,Kilifi,0
2016-09-04,Kilifi,1
2016-09-05,Kilifi,2
2016-09-06,Kilifi,1
2016-09-07,Kilifi,0
2016-09-08,Kilifi,1
2016-09-09,Kilifi,1
2016-09-10,Kilifi,2
2016-09-11,Kilifi,0
2016-09-12,Kilifi,0
2016-09-13,Kilifi,0
2016-09-14,Kilifi,2
2016-09-15,Kilifi,2
2016-09-16,Kilifi,1
2016-09-17,Kilifi,1
2016-09-18,Kilifi,2
2016-09-19,Kilifi,2
2016-09-20,Kilifi,0
2016-09-21,Kilifi,0
2016-09-22,Kilifi,0
2016-09-23,Kilifi,1
2016-09-24,Kilifi,1
2016-09-25,Kilifi,0
2016-09-26,Kilifi,1
2016-09-27,Kilifi,1
2016-09-28,Kilifi,1
2016-09-29,Kilifi,0
2016-09-30,Kilifi,1
2016-10-01,Kilifi,0
2015-01-01,Tana River,1
2015-01-02,Tana River,2
2015-01-03,Tana River,1
2015-01-04,Tana River,1
2015-01-05,Tana River,1
2015-01-06,Tana River,2
2015-01-07,Tana River,0
2015-01-08,Tana River,0
2015-01-09,Tana River,0
2015-01-10,Tana River,2
2015-01-11,Tana River,0
2015-01-12,Tana River,0
2015-01-13,Tana River,0
2015-01-14,Tana River,2
2015-01-15,Tana River,1
2015-01-16,Tana River,2
2015-01-17,Tana River,2
2015-01-18,Tana River,2
2015-01-19,Tana River,1
2015-01-20,Tana River,1
2015-01-21,Tana River,2
2015-01-22,Tana River,2
2015-01-23,Tana River,0
2015-01-24,Tana River,0
2015-01-25,Tana River,2
2015-01-26,Tana River,2
2015-01-27,Tana River,0
2015-01-28,Tana River,2
2015-01-29,Tana River,2
2015-01-30,Tana River,0
2015-01-31,Tana River,0
2015-02-01,Tana River,2
2015-02-02,Tana River,2
2015-02-03,Tana River,0
2015-02-04,Tana River,1
2015-02-05,Tana River,0
2015-02-06,Tana River,0
2015-02-07,Tana River,2
2015-02-08,Tana River,2
2015-02-09,Tana River,2
2015-02-10,Tana River,1
2015-02-11,Tana River,0
2015-02-12,Tana River,0
2015-02-13,Tana River,0
2015-02-14,Tana River,2
2015-02-15,Tana River,1
2015-02-16,Tana River,2
2015-02-17,Tana River,0
2015-02-18,Tana River,2
2015-02-19,Tana River,1
2015-02-20,Tana River,0
2015-02-21,Tana River,0
2015-02-22,Tana River,2
2015-02-23,Tana River,0
2015-02-24,Tana River,0
2015-02-25,Tana River,0
2015-02-26,Tana River,1
2015-02-27,Tana River,0
2015-02-28,Tana River,0
2015-03-01,Tana River,0
2015-03-02,Tana River,11
2015-03-03,Tana River,24
2015-03-04,Tana River,2
2015-03-05,Tana River,2
2015-03-06,Tana River,2
2015-03-07,Tana River,0
2015-03-08,Tana River,2
2015-03-09,Tana River,14
2015-03-10,Tana River,20
2015-03-11,Tana River,0
2015-03-12,Tana River,1
2015-03-13,Tana River,17
2015-03-14,Tana River,14
2015-03-15,Tana River,1
2015-03-16,Tana River,2
2015-03-17,Tana River,2
2015-03-18,Tana River,25
2015-03-19,Tana River,10
2015-03-20,Tana River,5
2015-03-21,Tana River,8
2015-03-22,Tana River,16
2015-03-23,Tana River,2
2015-03-24,Tana River,10
2015-03-25,Tana River,0
2015-03-26,Tana River,19
2015-03-27,Tana River,11
2015-03-28,Tana River,2
2015-03-29,Tana River,26
2015-03-30,Tana River,0
2015-03-31,Tana River,11
2015-04-01,Tana River,0
2015-04-02,Tana River,13
2015-04-03,Tana River,2
2015-04-04,Tana River,17
2015-04-05,Tana River,2
2015-04-06,Tana River,6
2015-04-07,Tana River,1
2015-04-08,Tana River,0
2015-04-09,Tana River,4
2015-04-10,Tana River,0
2015-04-11,Tana River,0
2015-04-12,Tana River,2
2015-04-13,Tana River,0
2015-04-14,Tana River,2
2015-04-15,Tana River,2
2015-04-16,Tana River,12
2015-04-17,Tana River,24
2015-04-18,Tana River,0
2015-04-19,Tana River,14
2015-04-20,Tana River,2
2015-04-21,Tana River,0
2015-04-22,Tana River,1
2015-04-23,Tana River,5
2015-04-24,Tana River,1
2015-04-25,Tana River,17
2015-04-26,Tana River,2
2015-04-27,Tana River,2
2015-04-28,Tana River,18
2015-04-29,Tana River,8
2015-04-30,Tana River,9
2015-05-01,Tana River,0
2015-05-02,Tana River,2
2015-05-03,Tana River,0
2015-05-04,Tana River,2
2015-05-05,Tana River,2
2015-05-06,Tana River,10
2015-05-07,Tana River,2
2015-05-08,Tana River,1
2015-05-09,Tana River,1
2015-05-10,Tana River,18
2015-05-11,Tana River,20
2015-05-12,Tana River,11
2015-05-13,Tana River,1
2015-05-14,Tana River,8
2015-05-15,Tana River,23
2015-05-16,Tana River,16
2015-05-17,Tana River,0
2015-05-18,Tana River,5
2015-05-19,Tana River,4
2015-05-20,Tana River,13
2015-05-21,Tana River,19
2015-05-22,Tana River,13
2015-05-23,Tana River,2
2015-05-24,Tana River,0
2015-05-25,Tana River,1
2015-05-26,Tana River,25
2015-05-27,Tana River,0
2015-05-28,Tana River,0
2015-05-29,Tana River,7
2015-05-30,Tana River,0
2015-05-31,Tana River,24
2015-06-01,Tana River,1
2015-06-02,Tana River,2
2015-06-03,Tana River,0
2015-06-04,Tana River,0
2015-06-05,Tana River,2
2015-06-06,Tana River,2
2015-06-07,Tana River,1
2015-06-08,Tana River,2
2015-06-09,Tana River,2
2015-06-10,Tana River,0
2015-06-11,Tana River,2
2015-06-12,Tana River,0
2015-06-13,Tana River,1
2015-06-14,Tana River,2
2015-06-15,Tana River,1
2015-06-16,Tana River,0
2015-06-17,Tana River,0
2015-06-18,Tana River,2
2015-06-19,Tana River,0
2015-06-20,Tana River,0
2015-06-21,Tana River,2
2015-06-22,Tana River,2
2015-06-23,Tana River,0
2015-06-24,Tana River,0
2015-06-25,Tana River,0
2015-06-26,Tana River,1
2015-06-27,Tana River,1
2015-06-28,Tana River,1
2015-06-29,Tana River,1
2015-06-30,Tana River,2
2015-07-01,Tana River,1
2015-07-02,Tana River,1
2015-07-03,Tana River,0
2015-07-04,Tana River,0
2015-07-05,Tana River,0
2015-07-06,Tana River,0
2015-07-07,Tana River,1
2015-07-08,Tana River,2
2015-07-09,Tana River,2
2015-07-10,Tana River,0
2015-07-11,Tana River,0
2015-07-12,Tana River,1
2015-07-13,Tana River,1
2015-07-14,Tana River,2
2015-07-15,Tana River,1
2015-07-16,Tana River,0
2015-07-17,Tana River,1
2015-07-18,Tana River,1
2015-07-19,Tana River,2
2015-07-20,Tana River,2
2015-07-21,Tana River,1
2015-07-22,Tana River,2
2015-07-23,Tana River,1
2015-07-24,Tana River,1
2015-07-25,Tana River,0
2015-07-26,Tana River,2
2015-07-27,Tana River,1
2015-07-28,Tana River,1
2015-07-29,Tana River,0
2015-07-30,Tana River,2
2015-07-31,Tana River,1
2015-08-01,Tana River,2
2015-08-02,Tana River,1
2015-08-03,Tana River,0
2015-08-04,Tana River,2
2015-08-05,Tana River,2
2015-08-06,Tana River,0
2015-08-07,Tana River,0
2015-08-08,Tana River,2
2015-08-09,Tana River,1
2015-08-10,Tana River,0
2015-08-11,Tana River,0
2015-08-12,Tana River,1
2015-08-13,Tana River,0
2015-08-14,Tana River,2
2015-08-15,Tana River,2
2015-08-16,Tana River,2
2015-08-17,Tana River,0
2015-08-18,Tana River,2
2015-08-19,Tana River,0
2015-08-20,Tana River,0
2015-08-21,Tana River,1
2015-08-22,Tana River,0
2015-08-23,Tana River,2
2015-08-24,Tana River,1
2015-08-25,Tana River,2
2015-08-26,Tana River,1
2015-08-27,Tana River,0
2015-08-28,Tana River,2
2015-08-29,Tana River,2
2015-08-30,Tana River,2
2015-08-31,Tana River,0
2015-09-01,Tana River,0
2015-09-02,Tana River,2
2015-09-03,Tana River,0
2015-09-04,Tana River,1
2015-09-05,Tana River,2
2015-09-06,Tana River,1
2015-09-07,Tana River,1
2015-09-08,Tana River,0
2015-09-09,Tana River,1
2015-09-10,Tana River,0
2015-09-11,Tana River,0
2015-09-12,Tana River,2
2015-09-13,Tana River,0
2015-09-14,Tana River,2
2015-09-15,Tana River,0
2015-09-16,Tana River,0
2015-09-17,Tana River,1
2015-09-18,Tana River,1
2015-09-19,Tana River,2
2015-09-20,Tana River,0
2015-09-21,Tana River,2
2015-09-22,Tana River,2
2015-09-23,Tana River,2
2015-09-24,Tana River,2
2015-09-25,Tana River,1
2015-09-26,Tana River,1
2015-09-27,Tana River,0
2015-09-28,Tana River,2
2015-09-29,Tana River,2
2015-09-30,Tana River,0
2015-10-01,Tana River,2
2015-10-02,Tana River,0
2015-10-03,Tana River,2
2015-10-04,Tana River,2
2015-10-05,Tana River,2
2015-10-06,Tana River,2
2015-10-07,Tana River,0
2015-10-08,Tana River,1
2015-10-09,Tana River,1
2015-10-10,Tana River,1
2015-10-11,Tana River,4
2015-10-12,Tana River,10
2015-10-13,Tana River,6
2015-10-14,Tana River,2
2015-10-15,Tana River,2
2015-10-16,Tana River,0
2015-10-17,Tana River,1
2015-10-18,Tana River,0
2015-10-19,Tana River,1
2015-10-20,Tana River,0
2015-10-21,Tana River,2
2015-10-22,Tana River,1
2015-10-23,Tana River,2
2015-10-24,Tana River,0
2015-10-25,Tana River,1
2015-10-26,Tana River,0
2015-10-27,Tana River,0
2015-10-28,Tana River,1
2015-10-29,Tana River,1
2015-10-30,Tana River,2
2015-10-31,Tana River,1
2015-11-01,Tana River,17
2015-11-02,Tana River,1
2015-11-03,Tana River,1
2015-11-04,Tana River,0
2015-11-05,Tana River,2
2015-11-06,Tana River,21
2015-11-07,Tana River,0
2015-11-08,Tana River,0
2015-11-09,Tana River,2
2015-11-10,Tana River,0
2015-11-11,Tana River,2
2015-11-12,Tana River,0
2015-11-13,Tana River,0
2015-11-14,Tana River,2
2015-11-15,Tana River,0
2015-11-16,Tana River,0
2015-11-17,Tana River,2
2015-11-18,Tana River,6
2015-11-19,Tana River,1
2015-11-20,Tana River,1
2015-11-21,Tana River,2
2015-11-22,Tana River,1
2015-11-23,Tana River,2
2015-11-24,Tana River,1
2015-11-25,Tana River,2
2015-11-26,Tana River,2
2015-11-27,Tana River,5
2015-11-28,Tana River,0
2015-11-29,Tana River,1
2015-11-30,Tana River,2
2015-12-01,Tana River,2
2015-12-02,Tana River,1
2015-12-03,Tana River,2
2015-12-04,Tana River,2
2015-12-05,Tana River,1
2015-12-06,Tana River,1
2015-12-07,Tana River,0
2015-12-08,Tana River,0
2015-12-09,Tana River,2
2015-12-10,Tana River,2
2015-12-11,Tana River,2
2015-12-12,Tana River,1
2015-12-13,Tana River,0
2015-12-14,Tana River,2
2015-12-15,Tana River,0
2015-12-16,Tana River,1
2015-12-17,Tana River,0
2015-12-18,Tana River,0
2015-12-19,Tana River,0
2015-12-20,Tana River,0
2015-12-21,Tana River,2
2015-12-22,Tana River,2
2015-12-23,Tana River,1
2015-12-24,Tana River,2
2015-12-25,Tana River,0
2015-12-26,Tana River,2
2015-12-27,Tana River,1
2015-12-28,Tana River,0
2015-12-29,Tana River,1
2015-12-30,Tana River,1
2015-12-31,Tana River,0
2016-01-01,Tana River,0
2016-01-02,Tana River,2
2016-01-03,Tana River,1
2016-01-04,Tana River,0
2016-01-05,Tana River,1
2016-01-06,Tana River,0
2016-01-07,Tana River,2
2016-01-08,Tana River,1
2016-01-09,Tana River,1
2016-01-10,Tana River,0
2016-01-11,Tana River,2
2016-01-12,Tana River,1
2016-01-13,Tana River,0
2016-01-14,Tana River,1
2016-01-15,Tana River,0
2016-01-16,Tana River,0
2016-01-17,Tana River,0
2016-01-18,Tana River,0
2016-01-19,Tana River,1
2016-01-20,Tana River,2
2016-01-21,Tana River,2
2016-01-22,Tana River,2
2016-01-23,Tana River,2
2016-01-24,Tana River,1
2016-01-25,Tana River,2
2016-01-26,Tana River,1
2016-01-27,Tana River,2
2016-01-28,Tana River,1
2016-01-29,Tana River,2
2016-01-30,Tana River,1
2016-01-31,Tana River,1
2016-02-01,Tana River,1
2016-02-02,Tana River,2
2016-02-03,Tana River,2
2016-02-04,Tana River,1
2016-02-05,Tana River,1
2016-02-06,Tana River,2
2016-02-07,Tana River,0
2016-02-08,Tana River,0
2016-02-09,Tana River,2
2016-02-10,Tana River,1
2016-02-11,Tana River,1
2016-02-12,Tana River,0
2016-02-13,Tana River,0
2016-02-14,Tana River,1
2016-02-15,Tana River,2
2016-02-16,Tana River,2
2016-02-17,Tana River,0
2016-02-18,Tana River,1
2016-02-19,Tana River,2
2016-02-20,Tana River,1
2016-02-21,Tana River,1
2016-02-22,Tana River,1
2016-02-23,Tana River,2
2016-02-24,Tana River,1
2016-02-25,Tana River,0
2016-02-26,Tana River,0
2016-02-27,Tana River,1
2016-02-28,Tana River,0
2016-02-29,Tana River,2
2016-03-01,Tana River,14
2016-03-02,Tana River,16
2016-03-03,Tana River,14
2016-03-04,Tana River,2
2016-03-05,Tana River,6
2016-03-06,Tana River,12
2016-03-07,Tana River,11
2016-03-08,Tana River,12
2016-03-09,Tana River,0
2016-03-10,Tana River,5
2016-03-11,Tana River,19
2016-03-12,Tana River,6
2016-03-13,Tana River,15
2016-03-14,Tana River,17
2016-03-15,Tana River,13
2016-03-16,Tana River,15
2016-03-17,Tana River,14
2016-03-18,Tana River,14
2016-03-19,Tana River,12
2016-03-20,Tana River,4
2016-03-21,Tana River,9
2016-03-22,Tana River,1
2016-03-23,Tana River,11
2016-03-24,Tana River,1
2016-03-25,Tana River,9
2016-03-26,Tana River,21
2016-03-27,Tana River,5
2016-03-28,Tana River,1
2016-03-29,Tana River,1
2016-03-30,Tana River,0
2016-03-31,Tana River,0
2016-04-01,Tana River,16
2016-04-02,Tana River,1
2016-04-03,Tana River,0
2016-04-04,Tana River,2
2016-04-05,Tana River,12
2016-04-06,Tana River,0
2016-04-07,Tana River,0
2016-04-08,Tana River,12
2016-04-09,Tana River,25
2016-04-10,Tana River,0
2016-04-11,Tana River,16
2016-04-12,Tana River,0
2016-04-13,Tana River,17
2016-04-14,Tana River,10
2016-04-15,Tana River,1
2016-04-16,Tana River,2
2016-04-17,Tana River,17
2016-04-18,Tana River,2
2016-04-19,Tana River,0
2016-04-20,Tana River,29
2016-04-21,Tana River,6
2016-04-22,Tana River,2
2016-04-23,Tana River,22
2016-04-24,Tana River,1
2016-04-25,Tana River,0
2016-04-26,Tana River,26
2016-04-27,Tana River,19
2016-04-28,Tana River,14
2016-04-29,Tana River,1
2016-04-30,Tana River,0
2016-05-01,Tana River,0
2016-05-02,Tana River,16
2016-05-03,Tana River,1
2016-05-04,Tana River,1
2016-05-05,Tana River,0
2016-05-06,Tana River,0
2016-05-07,Tana River,1
2016-05-08,Tana River,2
2016-05-09,Tana River,15
2016-05-10,Tana River,11
2016-05-11,Tana River,13
2016-05-12,Tana River,0
2016-05-13,Tana River,21
2016-05-14,Tana River,15
2016-05-15,Tana River,1
2016-05-16,Tana River,1
2016-05-17,Tana River,11
2016-05-18,Tana River,2
2016-05-19,Tana River,12
2016-05-20,Tana River,2
2016-05-21,Tana River,2
2016-05-22,Tana River,0
2016-05-23,Tana River,11
2016-05-24,Tana River,14
2016-05-25,Tana River,0
2016-05-26,Tana River,6
2016-05-27,Tana River,13
2016-05-28,Tana River,6
2016-05-29,Tana River,12
2016-05-30,Tana River,1
2016-05-31,Tana River,2
2016-06-01,Tana River,2
2016-06-02,Tana River,1
2016-06-03,Tana River,1
2016-06-04,Tana River,2
2016-06-05,Tana River,2
2016-06-06,Tana River,0
2016-06-07,Tana River,2
2016-06-08,Tana River,0
2016-06-09,Tana River,0
2016-06-10,Tana River,0
2016-06-11,Tana River,0
2016-06-12,Tana River,1
2016-06-13,Tana River,0
2016-06-14,Tana River,0
2016-06-15,Tana River,1
2016-06-16,Tana River,0
2016-06-17,Tana River,2
2016-06-18,Tana River,1
2016-06-19,Tana River,1
2016-06-20,Tana River,2
2016-06-21,Tana River,0
2016-06-22,Tana River,1
2016-06-23,Tana River,0
2016-06-24,Tana River,1
2016-06-25,Tana River,0
2016-06-26,Tana River,2
2016-06-27,Tana River,2
2016-06-28,Tana River,0
2016-06-29,Tana River,2
2016-06-30,Tana River,0
2016-07-01,Tana River,0
2016-07-02,Tana River,2
2016-07-03,Tana River,2
2016-07-04,Tana River,0
2016-07-05,Tana River,1
2016-07-06,Tana River,0
2016-07-07,Tana River,2
2016-07-08,Tana River,1
2016-07-09,Tana River,0
2016-07-10,Tana River,0
2016-07-11,Tana River,1
2016-07-12,Tana River,1
2016-07-13,Tana River,0
2016-07-14,Tana River,2
2016-07-15,Tana River,1
2016-07-16,Tana River,1
2016-07-17,Tana River,0
2016-07-18,Tana River,1
2016-07-19,Tana River,2
2016-07-20,Tana River,1
2016-07-21,Tana River,1
2016-07-22,Tana River,1
2016-07-23,Tana River,0
2016-07-24,Tana River,1
2016-07-25,Tana River,1
2016-07-26,Tana River,1
2016-07-27,Tana River,1
2016-07-28,Tana River,1
2016-07-29,Tana River,0
2016-07-30,Tana River,2
2016-07-31,Tana River,1
2016-08-01,Tana River,2
2016-08-02,Tana River,2
2016-08-03,Tana River,2
2016-08-04,Tana River,2
2016-08-05,Tana River,1
2016-08-06,Tana River,0
2016-08-07,Tana River,2
2016-08-08,Tana River,0
2016-08-09,Tana River,0
2016-08-10,Tana River,2
2016-08-11,Tana River,0
2016-08-12,Tana River,0
2016-08-13,Tana River,2
2016-08-14,Tana River,1
2016-08-15,Tana River,0
2016-08-16,Tana River,2
2016-08-17,Tana River,2
2016-08-18,Tana River,0
2016-08-19,Tana River,1
2016-08-20,Tana River,2
2016-08-21,Tana River,1
2016-08-22,Tana River,2
2016-08-23,Tana River,0
2016-08-24,Tana River,1
2016-08-25,Tana River,2
2016-08-26,Tana River,0
2016-08-27,Tana River,0
2016-08-28,Tana River,2
2016-08-29,Tana River,1
2016-08-30,Tana River,2
2016-08-31,Tana River,0
2016-09-01,Tana River,0
2016-09-02,Tana River,0
2016-09-03,Tana River,0
2016-09-04,Tana River,0
2016-09-05,Tana River,1
2016-09-06,Tana River,1
2016-09-07,Tana River,1
2016-09-08,Tana River,2
2016-09-09,Tana River,0
2016-09-10,Tana River,2
2016-09-11,Tana River,2
2016-09-12,Tana River,0
2016-09-13,Tana River,0
2016-09-14,Tana River,2
2016-09-15,Tana River,2
2016-09-16,Tana River,0
2016-09-17,Tana River,0
2016-09-18,Tana River,1
2016-09-19,Tana River,2
2016-09-20,Tana River,0
2016-09-21,Tana River,1
2016-09-22,Tana River,1
2016-09-23,Tana River,2
2016-09-24,Tana River,2
2016-09-25,Tana River,1
2016-09-26,Tana River,1
2016-09-27,Tana River,0
2016-09-28,Tana River,1
2016-09-29,Tana River,0
2016-09-30,Tana River,0
2016-10-01,Tana River,1
2015-01-01,Lamu,1
2015-01-02,Lamu,1
2015-01-03,Lamu,0
2015-01-04,Lamu,1
2015-01-05,Lamu,2
2015-01-06,Lamu,0
2015-01-07,Lamu,1
2015-01-08,Lamu,2
2015-01-09,Lamu,0
2015-01-10,Lamu,2
2015-01-11,Lamu,1
2015-01-12,Lamu,0
2015-01-13,Lamu,1
2015-01-14,Lamu,1
2015-01-15,Lamu,0
2015-01-16,Lamu,0
2015-01-17,Lamu,0
2015-01-18,Lamu,0
2015-01-19,Lamu,1
2015-01-20,Lamu,1
2015-01-21,Lamu,2
2015-01-22,Lamu,1
2015-01-23,Lamu,2
2015-01-24,Lamu,0
2015-01-25,Lamu,2
2015-01-26,Lamu,0
2015-01-27,Lamu,1
2015-01-28,Lamu,2
2015-01-29,Lamu,2
2015-01-30,Lamu,2
2015-01-31,Lamu,1
2015-02-01,Lamu,2
2015-02-02,Lamu,2
2015-02-03,Lamu,2
2015-02-04,Lamu,0
2015-02-05,Lamu,1
2015-02-06,Lamu,1
2015-02-07,Lamu,0
2015-02-08,Lamu,0
2015-02-09,Lamu,1
2015-02-10,Lamu,2
2015-02-11,Lamu,1
2015-02-12,Lamu,1
2015-02-13,Lamu,1
2015-02-14,Lamu,0
2015-02-15,Lamu,2
2015-02-16,Lamu,1
2015-02-17,Lamu,0
2015-02-18,Lamu,0
2015-02-19,Lamu,2
2015-02-20,Lamu,2
2015-02-21,Lamu,0
2015-02-22,Lamu,0
2015-02-23,Lamu,1
2015-02-24,Lamu,2
2015-02-25,Lamu,1
2015-02-26,Lamu,0
2015-02-27,Lamu,2
2015-02-28,Lamu,1
2015-03-01,Lamu,2
2015-03-02,Lamu,0
2015-03-03,Lamu,0
2015-03-04,Lamu,2
2015-03-05,Lamu,14
2015-03-06,Lamu,9
2015-03-07,Lamu,1
2015-03-08,Lamu,2
2015-03-09,Lamu,26
2015-03-10,Lamu,2
2015-03-11,Lamu,2
2015-03-12,Lamu,1
2015-03-13,Lamu,6
2015-03-14,Lamu,15
2015-03-15,Lamu,12
2015-03-16,Lamu,13
2015-03-17,Lamu,2
2015-03-18,Lamu,15
2015-03-19,Lamu,0
2015-03-20,Lamu,2
2015-03-21,Lamu,11
2015-03-22,Lamu,9
2015-03-23,Lamu,1
2015-03-24,Lamu,1
2015-03-25,Lamu,26
2015-03-26,Lamu,18
2015-03-27,Lamu,9
2015-03-28,Lamu,13
2015-03-29,Lamu,2
2015-03-30,Lamu,22
2015-03-31,Lamu,17
2015-04-01,Lamu,7
2015-04-02,Lamu,2
2015-04-03,Lamu,0
2015-04-04,Lamu,0
2015-04-05,Lamu,0
2015-04-06,Lamu,13
2015-04-07,Lamu,20
2015-04-08,Lamu,15
2015-04-09,Lamu,12
2015-04-10,Lamu,1
2015-04-11,Lamu,19
2015-04-12,Lamu,1
2015-04-13,Lamu,21
2015-04-14,Lamu,11
2015-04-15,Lamu,2
2015-04-16,Lamu,20
2015-04-17,Lamu,3
2015-04-18,Lamu,11
2015-04-19,Lamu,9
2015-04-20,Lamu,16
2015-04-21,Lamu,8
2015-04-22,Lamu,1
2015-04-23,Lamu,1
2015-04-24,Lamu,22
2015-04-25,Lamu,8
2015-04-26,Lamu,2
2015-04-27,Lamu,2
2015-04-28,Lamu,1
2015-04-29,Lamu,14
2015-04-30,Lamu,1
2015-05-01,Lamu,2
2015-05-02,Lamu,8
2015-05-03,Lamu,2
2015-05-04,Lamu,17
2015-05-05,Lamu,17
2015-05-06,Lamu,6
2015-05-07,Lamu,2
2015-05-08,Lamu,6
2015-05-09,Lamu,11
2015-05-10,Lamu,0
2015-05-11,Lamu,17
2015-05-12,Lamu,1
2015-05-13,Lamu,19
2015-05-14,Lamu,6
2015-05-15,Lamu,0
2015-05-16,Lamu,17
2015-05-17,Lamu,0
2015-05-18,Lamu,1
2015-05-19,Lamu,2
2015-05-20,Lamu,13
2015-05-21,Lamu,2
2015-05-22,Lamu,1
2015-05-23,Lamu,0
2015-05-24,Lamu,21
2015-05-25,Lamu,15
2015-05-26,Lamu,16
2015-05-27,Lamu,9
2015-05-28,Lamu,0
2015-05-29,Lamu,1
2015-05-30,Lamu,2
2015-05-31,Lamu,0
2015-06-01,Lamu,1
2015-06-02,Lamu,1
2015-06-03,Lamu,1
2015-06-04,Lamu,2
2015-06-05,Lamu,1
2015-06-06,Lamu,0
2015-06-07,Lamu,1
2015-06-08,Lamu,1
2015-06-09,Lamu,2
2015-06-10,Lamu,2
2015-06-11,Lamu,2
2015-06-12,Lamu,1
2015-06-13,Lamu,0
2015-06-14,Lamu,2
2015-06-15,Lamu,0
2015-06-16,Lamu,1
2015-06-17,Lamu,2
2015-06-18,Lamu,0
2015-06-19,Lamu,2
2015-06-20,Lamu,1
2015-06-21,Lamu,1
2015-06-22,Lamu,2
2015-06-23,Lamu,1
2015-06-24,Lamu,1
2015-06-25,Lamu,0
2015-06-26,Lamu,1
2015-06-27,Lamu,1
2015-06-28,Lamu,1
2015-06-29,Lamu,1
2015-06-30,Lamu,1
2015-07-01,Lamu,2
2015-07-02,Lamu,0
2015-07-03,Lamu,1
2015-07-04,Lamu,0
2015-07-05,Lamu,2
2015-07-06,Lamu,2
2015-07-07,Lamu,0
2015-07-08,Lamu,2
2015-07-09,Lamu,0
2015-07-10,Lamu,1
2015-07-11,Lamu,0
2015-07-12,Lamu,1
2015-07-13,Lamu,0
2015-07-14,Lamu,0
2015-07-15,Lamu,0
2015-07-16,Lamu,2
2015-07-17,Lamu,0
2015-07-18,Lamu,2
2015-07-19,Lamu,0
2015-07-20,Lamu,1
2015-07-21,Lamu,2
2015-07-22,Lamu,0
2015-07-23,Lamu,0
2015-07-24,Lamu,1
2015-07-25,Lamu,2
2015-07-26,Lamu,0
2015-07-27,Lamu,2
2015-07-28,Lamu,2
2015-07-29,Lamu,1
2015-07-30,Lamu,1
2015-07-31,Lamu,2
2015-08-01,Lamu,0
2015-08-02,Lamu,0
2015-08-03,Lamu,1
2015-08-04,Lamu,2
2015-08-05,Lamu,2
2015-08-06,Lamu,2
2015-08-07,Lamu,2
2015-08-08,Lamu,2
2015-08-09,Lamu,1
2015-08-10,Lamu,2
2015-08-11,Lamu,0
2015-08-12,Lamu,1
2015-08-13,Lamu,2
2015-08-14,Lamu,0
2015-08-15,Lamu,2
2015-08-16,Lamu,1
2015-08-17,Lamu,0
2015-08-18,Lamu,1
2015-08-19,Lamu,1
2015-08-20,Lamu,2
2015-08-21,Lamu,1
2015-08-22,Lamu,1
2015-08-23,Lamu,1
2015-08-24,Lamu,1
2015-08-25,Lamu,1
2015-08-26,Lamu,1
2015-08-27,Lamu,1
2015-08-28,Lamu,0
2015-08-29,Lamu,2
2015-08-30,Lamu,0
2015-08-31,Lamu,0
2015-09-01,Lamu,1
2015-09-02,Lamu,1
2015-09-03,Lamu,2
2015-09-04,Lamu,1
2015-09-05,Lamu,0
2015-09-06,Lamu,1
2015-09-07,Lamu,0
2015-09-08,Lamu,2
2015-09-09,Lamu,1
2015-09-10,Lamu,2
2015-09-11,Lamu,2
2015-09-12,Lamu,0
2015-09-13,Lamu,1
2015-09-14,Lamu,2
2015-09-15,Lamu,0
2015-09-16,Lamu,2
2015-09-17,Lamu,1
2015-09-18,Lamu,2
2015-09-19,Lamu,2
2015-09-20,Lamu,1
2015-09-21,Lamu,2
2015-09-22,Lamu,2
2015-09-23,Lamu,1
2015-09-24,Lamu,1
2015-09-25,Lamu,2
2015-09-26,Lamu,0
2015-09-27,Lamu,1
2015-09-28,Lamu,1
2015-09-29,Lamu,2
2015-09-30,Lamu,0
2015-10-01,Lamu,2
2015-10-02,Lamu,0
2015-10-03,Lamu,1
2015-10-04,Lamu,1
2015-10-05,Lamu,0
2015-10-06,Lamu,1
2015-10-07,Lamu,0
2015-10-08,Lamu,2
2015-10-09,Lamu,13
2015-10-10,Lamu,2
2015-10-11,Lamu,0
2015-10-12,Lamu,0
2015-10-13,Lamu,5
2015-10-14,Lamu,0
2015-10-15,Lamu,2
2015-10-16,Lamu,0
2015-10-17,Lamu,0
2015-10-18,Lamu,1
2015-10-19,Lamu,2
2015-10-20,Lamu,0
2015-10-21,Lamu,0
2015-10-22,Lamu,1
2015-10-23,Lamu,0
2015-10-24,Lamu,2
2015-10-25,Lamu,0
2015-10-26,Lamu,2
2015-10-27,Lamu,0
2015-10-28,Lamu,1
2015-10-29,Lamu,1
2015-10-30,Lamu,2
2015-10-31,Lamu,0
2015-11-01,Lamu,2
2015-11-02,Lamu,0
2015-11-03,Lamu,0
2015-11-04,Lamu,0
2015-11-05,Lamu,0
2015-11-06,Lamu,0
2015-11-07,Lamu,0
2015-11-08,Lamu,1
2015-11-09,Lamu,2
2015-11-10,Lamu,0
2015-11-11,Lamu,1
2015-11-12,Lamu,3
2015-11-13,Lamu,10
2015-11-14,Lamu,2
2015-11-15,Lamu,1
2015-11-16,Lamu,1
2015-11-17,Lamu,2
2015-11-18,Lamu,0
2015-11-19,Lamu,0
2015-11-20,Lamu,2
2015-11-21,Lamu,2
2015-11-22,Lamu,2
2015-11-23,Lamu,2
2015-11-24,Lamu,0
2015-11-25,Lamu,2
2015-11-26,Lamu,1
2015-11-27,Lamu,2
2015-11-28,Lamu,2
2015-11-29,Lamu,0
2015-11-30,Lamu,1
2015-12-01,Lamu,2
2015-12-02,Lamu,0
2015-12-03,Lamu,2
2015-12-04,Lamu,0
2015-12-05,Lamu,1
2015-12-06,Lamu,0
2015-12-07,Lamu,1
2015-12-08,Lamu,1
2015-12-09,Lamu,0
2015-12-10,Lamu,2
2015-12-11,Lamu,1
2015-12-12,Lamu,1
2015-12-13,Lamu,1
2015-12-14,Lamu,1
2015-12-15,Lamu,1
2015-12-16,Lamu,2
2015-12-17,Lamu,1
2015-12-18,Lamu,1
2015-12-19,Lamu,0
2015-12-20,Lamu,2
2015-12-21,Lamu,0
2015-12-22,Lamu,0
2015-12-23,Lamu,0
2015-12-24,Lamu,0
2015-12-25,Lamu,1
2015-12-26,Lamu,1
2015-12-27,Lamu,0
2015-12-28,Lamu,2
2015-12-29,Lamu,1
2015-12-30,Lamu,1
2015-12-31,Lamu,1
2016-01-01,Lamu,2
2016-01-02,Lamu,1
2016-01-03,Lamu,1
2016-01-04,Lamu,2
2016-01-05,Lamu,1
2016-01-06,Lamu,2
2016-01-07,Lamu,1
2016-01-08,Lamu,2
2016-01-09,Lamu,0
2016-01-10,Lamu,1
2016-01-11,Lamu,0
2016-01-12,Lamu,0
2016-01-13,Lamu,2
2016-01-14,Lamu,0
2016-01-15,Lamu,0
2016-01-16,Lamu,1
2016-01-17,Lamu,1
2016-01-18,Lamu,0
2016-01-19,Lamu,2
2016-01-20,Lamu,0
2016-01-21,Lamu,1
2016-01-22,Lamu,2
2016-01-23,Lamu,2
2016-01-24,Lamu,0
2016-01-25,Lamu,1
2016-01-26,Lamu,1
2016-01-27,Lamu,2
2016-01-28,Lamu,2
2016-01-29,Lamu,0
2016-01-30,Lamu,0
2016-01-31,Lamu,1
2016-02-01,Lamu,1
2016-02-02,Lamu,1
2016-02-03,Lamu,0
2016-02-04,Lamu,0
2016-02-05,Lamu,1
2016-02-06,Lamu,1
2016-02-07,Lamu,2
2016-02-08,Lamu,0
2016-02-09,Lamu,1
2016-02-10,Lamu,0
2016-02-11,Lamu,2
2016-02-12,Lamu,1
2016-02-13,Lamu,2
2016-02-14,Lamu,1
2016-02-15,Lamu,2
2016-02-16,Lamu,2
2016-02-17,Lamu,1
2016-02-18,Lamu,2
2016-02-19,Lamu,2
2016-02-20,Lamu,0
2016-02-21,Lamu,1
2016-02-22,Lamu,1
2016-02-23,Lamu,0
2016-02-24,Lamu,1
2016-02-25,Lamu,2
2016-02-26,Lamu,0
2016-02-27,Lamu,0
2016-02-28,Lamu,0
2016-02-29,Lamu,2
2016-03-01,Lamu,4
2016-03-02,Lamu,7
2016-03-03,Lamu,0
2016-03-04,Lamu,1
2016-03-05,Lamu,16
2016-03-06,Lamu,22
2016-03-07,Lamu,0
2016-03-08,Lamu,12
2016-03-09,Lamu,0
2016-03-10,Lamu,1
2016-03-11,Lamu,2
2016-03-12,Lamu,0
2016-03-13,Lamu,2
2016-03-14,Lamu,2
2016-03-15,Lamu,1
2016-03-16,Lamu,20
2016-03-17,Lamu,18
2016-03-18,Lamu,18
2016-03-19,Lamu,19
2016-03-20,Lamu,1
2016-03-21,Lamu,2
2016-03-22,Lamu,1
2016-03-23,Lamu,2
2016-03-24,Lamu,3
2016-03-25,Lamu,19
2016-03-26,Lamu,10
2016-03-27,Lamu,1
2016-03-28,Lamu,2
2016-03-29,Lamu,0
2016-03-30,Lamu,0
2016-03-31,Lamu,2
2016-04-01,Lamu,0
2016-04-02,Lamu,8
2016-04-03,Lamu,5
2016-04-04,Lamu,8
2016-04-05,Lamu,1
2016-04-06,Lamu,6
2016-04-07,Lamu,0
2016-04-08,Lamu,10
2016-04-09,Lamu,8
2016-04-10,Lamu,18
2016-04-11,Lamu,2
2016-04-12,Lamu,2
2016-04-13,Lamu,14
2016-04-14,Lamu,0
2016-04-15,Lamu,19
2016-04-16,Lamu,18
2016-04-17,Lamu,1
2016-04-18,Lamu,17
2016-04-19,Lamu,0
2016-04-20,Lamu,20
2016-04-21,Lamu,2
2016-04-22,Lamu,11
2016-04-23,Lamu,9
2016-04-24,Lamu,0
2016-04-25,Lamu,18
2016-04-26,Lamu,23
2016-04-27,Lamu,2
2016-04-28,Lamu,2
2016-04-29,Lamu,2
2016-04-30,Lamu,1
2016-05-01,Lamu,3
2016-05-02,Lamu,11
2016-05-03,Lamu,1
2016-05-04,Lamu,0
2016-05-05,Lamu,9
2016-05-06,Lamu,18
2016-05-07,Lamu,8
2016-05-08,Lamu,7
2016-05-09,Lamu,19
2016-05-10,Lamu,2
2016-05-11,Lamu,8
2016-05-12,Lamu,0
2016-05-13,Lamu,14
2016-05-14,Lamu,0
2016-05-15,Lamu,0
2016-05-16,Lamu,0
2016-05-17,Lamu,2
2016-05-18,Lamu,8
2016-05-19,Lamu,1
2016-05-20,Lamu,0
2016-05-21,Lamu,18
2016-05-22,Lamu,18
2016-05-23,Lamu,1
2016-05-24,Lamu,1
2016-05-25,Lamu,0
2016-05-26,Lamu,0
2016-05-27,Lamu,1
2016-05-28,Lamu,15
2016-05-29,Lamu,14
2016-05-30,Lamu,2
2016-05-31,Lamu,0
2016-06-01,Lamu,0
2016-06-02,Lamu,2
2016-06-03,Lamu,1
2016-06-04,Lamu,0
2016-06-05,Lamu,2
2016-06-06,Lamu,0
2016-06-07,Lamu,2
2016-06-08,Lamu,2
2016-06-09,Lamu,1
2016-06-10,Lamu,1
2016-06-11,Lamu,1
2016-06-12,Lamu,2
2016-06-13,Lamu,2
2016-06-14,Lamu,1
2016-06-15,Lamu,0
2016-06-16,Lamu,0
2016-06-17,Lamu,2
2016-06-18,Lamu,1
2016-06-19,Lamu,0
2016-06-20,Lamu,1
2016-06-21,Lamu,1
2016-06-22,Lamu,2
2016-06-23,Lamu,0
2016-06-24,Lamu,1
2016-06-25,Lamu,1
2016-06-26,Lamu,2
2016-06-27,Lamu,2
2016-06-28,Lamu,1
2016-06-29,Lamu,1
2016-06-30,Lamu,2
2016-07-01,Lamu,2
2016-07-02,Lamu,1
2016-07-03,Lamu,2
2016-07-04,Lamu,1
2016-07-05,Lamu,0
2016-07-06,Lamu,1
2016-07-07,Lamu,0
2016-07-08,Lamu,0
2016-07-09,Lamu,0
2016-07-10,Lamu,1
2016-07-11,Lamu,2
2016-07-12,Lamu,1
2016-07-13,Lamu,0
2016-07-14,Lamu,1
2016-07-15,Lamu,1
2016-07-16,Lamu,1
2016-07-17,Lamu,2
2016-07-18,Lamu,2
2016-07-19,Lamu,0
2016-07-20,Lamu,2
2016-07-21,Lamu,0
2016-07-22,Lamu,0
2016-07-23,Lamu,1
2016-07-24,Lamu,0
2016-07-25,Lamu,2
2016-07-26,Lamu,2
2016-07-27,Lamu,1
2016-07-28,Lamu,2
2016-07-29,Lamu,0
2016-07-30,Lamu,0
2016-07-31,Lamu,2
2016-08-01,Lamu,2
2016-08-02,Lamu,2
2016-08-03,Lamu,2
2016-08-04,Lamu,1
2016-08-05,Lamu,1
2016-08-06,Lamu,2
2016-08-07,Lamu,1
2016-08-08,Lamu,0
2016-08-09,Lamu,2
2016-08-10,Lamu,2
2016-08-11,Lamu,1
2016-08-12,Lamu,2
2016-08-13,Lamu,1
2016-08-14,Lamu,1
2016-08-15,Lamu,1
2016-08-16,Lamu,1
2016-08-17,Lamu,0
2016-08-18,Lamu,1
2016-08-19,Lamu,1
2016-08-20,Lamu,2
2016-08-21,Lamu,0
2016-08-22,Lamu,0
2016-08-23,Lamu,1
2016-08-24,Lamu,2
2016-08-25,Lamu,0
2016-08-26,Lamu,2
2016-08-27,Lamu,2
2016-08-28,Lamu,1
2016-08-29,Lamu,1
2016-08-30,Lamu,2
2016-08-31,Lamu,2
2016-09-01,Lamu,0
2016-09-02,Lamu,2
2016-09-03,Lamu,2
2016-09-04,Lamu,1
2016-09-05,Lamu,1
2016-09-06,Lamu,0
2016-09-07,Lamu,0
2016-09-08,Lamu,2
2016-09-09,Lamu,1
2016-09-10,Lamu,0
2016-09-11,Lamu,1
2016-09-12,Lamu,2
2016-09-13,Lamu,1
2016-09-14,Lamu,1
2016-09-15,Lamu,0
2016-09-16,Lamu,2
2016-09-17,Lamu,2
2016-09-18,Lamu,0
2016-09-19,Lamu,0
2016-09-20,Lamu,0
2016-09-21,Lamu,1
2016-09-22,Lamu,2
2016-09-23,Lamu,2
2016-09-24,Lamu,2
2016-09-25,Lamu,2
2016-09-26,Lamu,0
2016-09-27,Lamu,1
2016-09-28,Lamu,1
2016-09-29,Lamu,1
2016-09-30,Lamu,2
2016-10-01,Lamu,0
2015-01-01,Taita Taveta,2
2015-01-02,Taita Taveta,0
2015-01-03,Taita Taveta,0
2015-01-04,Taita Taveta,0
2015-01-05,Taita Taveta,1
2015-01-06,Taita Taveta,2
2015-01-07,Taita Taveta,1
2015-01-08,Taita Taveta,2
2015-01-09,Taita Taveta,2
2015-01-10,Taita Taveta,1
2015-01-11,Taita Taveta,2
2015-01-12,Taita Taveta,2
2015-01-13,Taita Taveta,2
2015-01-14,Taita Taveta,1
2015-01-15,Taita Taveta,1
2015-01-16,Taita Taveta,0
2015-01-17,Taita Taveta,0
2015-01-18,Taita Taveta,1
2015-01-19,Taita Taveta,2
2015-01-20,Taita Taveta,2
2015-01-21,Taita Taveta,0
2015-01-22,Taita Taveta,0
2015-01-23,Taita Taveta,2
2015-01-24,Taita Taveta,2
2015-01-25,Taita Taveta,0
2015-01-26,Taita Taveta,2
2015-01-27,Taita Taveta,1
2015-01-28,Taita Taveta,1
2015-01-29,Taita Taveta,2
2015-01-30,Taita Taveta,1
2015-01-31,Taita Taveta,2
2015-02-01,Taita Taveta,0
2015-02-02,Taita Taveta,2
2015-02-03,Taita Taveta,1
2015-02-04,Taita Taveta,2
2015-02-05,Taita Taveta,1
2015-02-06,Taita Taveta,1
2015-02-07,Taita Taveta,1
2015-02-08,Taita Taveta,1
2015-02-09,Taita Taveta,0
2015-02-10,Taita Taveta,2
2015-02-11,Taita Taveta,2
2015-02-12,Taita Taveta,2
2015-02-13,Taita Taveta,2
2015-02-14,Taita Taveta,0
2015-02-15,Taita Taveta,0
2015-02-16,Taita Taveta,0
2015-02-17,Taita Taveta,1
2015-02-18,Taita Taveta,1
2015-02-19,Taita Taveta,0
2015-02-20,Taita Taveta,0
2015-02-21,Taita Taveta,1
2015-02-22,Taita Taveta,0
2015-02-23,Taita Taveta,1
2015-02-24,Taita Taveta,0
2015-02-25,Taita Taveta,1
2015-02-26,Taita Taveta,0
2015-02-27,Taita Taveta,1
2015-02-28,Taita Taveta,1
2015-03-01,Taita Taveta,1
2015-03-02,Taita Taveta,24
2015-03-03,Taita Taveta,1
2015-03-04,Taita Taveta,5
2015-03-05,Taita Taveta,15
2015-03-06,Taita Taveta,7
2015-03-07,Taita Taveta,12
2015-03-08,Taita Taveta,2
2015-03-09,Taita Taveta,17
2015-03-10,Taita Taveta,0
2015-03-11,Taita Taveta,0
2015-03-12,Taita Taveta,2
2015-03-13,Taita Taveta,7
2015-03-14,Taita Taveta,1
2015-03-15,Taita Taveta,1
2015-03-16,Taita Taveta,1
2015-03-17,Taita Taveta,0
2015-03-18,Taita Taveta,1
2015-03-19,Taita Taveta,0
2015-03-20,Taita Taveta,0
2015-03-21,Taita Taveta,21
2015-03-22,Taita Taveta,5
2015-03-23,Taita Taveta,1
2015-03-24,Taita Taveta,2
2015-03-25,Taita Taveta,12
2015-03-26,Taita Taveta,0
2015-03-27,Taita Taveta,8
2015-03-28,Taita Taveta,16
2015-03-29,Taita Taveta,21
2015-03-30,Taita Taveta,0
2015-03-31,Taita Taveta,11
2015-04-01,Taita Taveta,0
2015-04-02,Taita Taveta,1
2015-04-03,Taita Taveta,1
2015-04-04,Taita Taveta,1
2015-04-05,Taita Taveta,14
2015-04-06,Taita Taveta,2
2015-04-07,Taita Taveta,2
2015-04-08,Taita Taveta,1
2015-04-09,Taita Taveta,0
2015-04-10,Taita Taveta,16
2015-04-11,Taita Taveta,15
2015-04-12,Taita Taveta,19
2015-04-13,Taita Taveta,17
2015-04-14,Taita Taveta,2
2015-04-15,Taita Taveta,16
2015-04-16,Taita Taveta,1
2015-04-17,Taita Taveta,2
2015-04-18,Taita Taveta,9
2015-04-19,Taita Taveta,13
2015-04-20,Taita Taveta,0
2015-04-21,Taita Taveta,18
2015-04-22,Taita Taveta,1
2015-04-23,Taita Taveta,1
2015-04-24,Taita Taveta,1
2015-04-25,Taita Taveta,0
2015-04-26,Taita Taveta,2
2015-04-27,Taita Taveta,25
2015-04-28,Taita Taveta,16
2015-04-29,Taita Taveta,10
2015-04-30,Taita Taveta,9
2015-05-01,Taita Taveta,11
2015-05-02,Taita Taveta,11
2015-05-03,Taita Taveta,21
2015-05-04,Taita Taveta,13
2015-05-05,Taita Taveta,1
2015-05-06,Taita Taveta,18
2015-05-07,Taita Taveta,1
2015-05-08,Taita Taveta,0
2015-05-09,Taita Taveta,2
2015-05-10,Taita Taveta,1
2015-05-11,Taita Taveta,1
2015-05-12,Taita Taveta,2
2015-05-13,Taita Taveta,1
2015-05-14,Taita Taveta,6
2015-05-15,Taita Taveta,0
2015-05-16,Taita Taveta,0
2015-05-17,Taita Taveta,2
2015-05-18,Taita Taveta,0
2015-05-19,Taita Taveta,0
2015-05-20,Taita Taveta,2
2015-05-21,Taita Taveta,1
2015-05-22,Taita Taveta,1
2015-05-23,Taita Taveta,8
2015-05-24,Taita Taveta,7
2015-05-25,Taita Taveta,20
2015-05-26,Taita Taveta,25
2015-05-27,Taita Taveta,0
2015-05-28,Taita Taveta,2
2015-05-29,Taita Taveta,23
2015-05-30,Taita Taveta,5
2015-05-31,Taita Taveta,17
2015-06-01,Taita Taveta,1
2015-06-02,Taita Taveta,2
2015-06-03,Taita Taveta,2
2015-06-04,Taita Taveta,1
2015-06-05,Taita Taveta,0
2015-06-06,Taita Taveta,1
2015-06-07,Taita Taveta,2
2015-06-08,Taita Taveta,2
2015-06-09,Taita Taveta,1
2015-06-10,Taita Taveta,1
2015-06-11,Taita Taveta,1
2015-06-12,Taita Taveta,1
2015-06-13,Taita Taveta,1
2015-06-14,Taita Taveta,2
2015-06-15,Taita Taveta,2
2015-06-16,Taita Taveta,0
2015-06-17,Taita Taveta,1
2015-06-18,Taita Taveta,2
2015-06-19,Taita Taveta,1
2015-06-20,Taita Taveta,0
2015-06-21,Taita Taveta,1
2015-06-22,Taita Taveta,1
2015-06-23,Taita Taveta,2
2015-06-24,Taita Taveta,2
2015-06-25,Taita Taveta,1
2015-06-26,Taita Taveta,1
2015-06-27,Taita Taveta,0
2015-06-28,Taita Taveta,0
2015-06-29,Taita Taveta,1
2015-06-30,Taita Taveta,2
2015-07-01,Taita Taveta,0
2015-07-02,Taita Taveta,0
2015-07-03,Taita Taveta,2
2015-07-04,Taita Taveta,1
2015-07-05,Taita Taveta,2
2015-07-06,Taita Taveta,0
2015-07-07,Taita Taveta,0
2015-07-08,Taita Taveta,2
2015-07-09,Taita Taveta,0
2015-07-10,Taita Taveta,0
2015-07-11,Taita Taveta,1
2015-07-12,Taita Taveta,0
2015-07-13,Taita Taveta,1
2015-07-14,Taita Taveta,0
2015-07-15,Taita Taveta,1
2015-07-16,Taita Taveta,2
2015-07-17,Taita Taveta,0
2015-07-18,Taita Taveta,1
2015-07-19,Taita Taveta,1
2015-07-20,Taita Taveta,1
2015-07-21,Taita Taveta,1
2015-07-22,Taita Taveta,1
2015-07-23,Taita Taveta,0
2015-07-24,Taita Taveta,2
2015-07-25,Taita Taveta,1
2015-07-26,Taita Taveta,2
2015-07-27,Taita Taveta,0
2015-07-28,Taita Taveta,2
2015-07-29,Taita Taveta,2
2015-07-30,Taita Taveta,0
2015-07-31,Taita Taveta,1
2015-08-01,Taita Taveta,1
2015-08-02,Taita Taveta,0
2015-08-03,Taita Taveta,2
2015-08-04,Taita Taveta,1
2015-08-05,Taita Taveta,2
2015-08-06,Taita Taveta,2
2015-08-07,Taita Taveta,0
2015-08-08,Taita Taveta,2
2015-08-09,Taita Taveta,1
2015-08-10,Taita Taveta,1
2015-08-11,Taita Taveta,1
2015-08-12,Taita Taveta,2
2015-08-13,Taita Taveta,1
2015-08-14,Taita Taveta,1
2015-08-15,Taita Taveta,0
2015-08-16,Taita Taveta,2
2015-08-17,Taita Taveta,1
2015-08-18,Taita Taveta,2
2015-08-19,Taita Taveta,0
2015-08-20,Taita Taveta,2
2015-08-21,Taita Taveta,2
2015-08-22,Taita Taveta,0
2015-08-23,Taita Taveta,2
2015-08-24,Taita Taveta,0
2015-08-25,Taita Taveta,0
2015-08-26,Taita Taveta,0
2015-08-27,Taita Taveta,1
2015-08-28,Taita Taveta,1
2015-08-29,Taita Taveta,0
2015-08-30,Taita Taveta,1
2015-08-31,Taita Taveta,0
2015-09-01,Taita Taveta,1
2015-09-02,Taita Taveta,0
2015-09-03,Taita Taveta,1
2015-09-04,Taita Taveta,0
2015-09-05,Taita Taveta,2
2015-09-06,Taita Taveta,1
2015-09-07,Taita Taveta,0
2015-09-08,Taita Taveta,2
2015-09-09,Taita Taveta,1
2015-09-10,Taita Taveta,1
2015-09-11,Taita Taveta,2
2015-09-12,Taita Taveta,2
2015-09-13,Taita Taveta,1
2015-09-14,Taita Taveta,0
2015-09-15,Taita Taveta,1
2015-09-16,Taita Taveta,2
2015-09-17,Taita Taveta,1
2015-09-18,Taita Taveta,1
2015-09-19,Taita Taveta,0
2015-09-20,Taita Taveta,0
2015-09-21,Taita Taveta,0
2015-09-22,Taita Taveta,1
2015-09-23,Taita Taveta,2
2015-09-24,Taita Taveta,1
2015-09-25,Taita Taveta,2
2015-09-26,Taita Taveta,0
2015-09-27,Taita Taveta,1
2015-09-28,Taita Taveta,1
2015-09-29,Taita Taveta,2
2015-09-30,Taita Taveta,2
2015-10-01,Taita Taveta,2
2015-10-02,Taita Taveta,0
2015-10-03,Taita Taveta,2
2015-10-04,Taita Taveta,0
2015-10-05,Taita Taveta,2
2015-10-06,Taita Taveta,1
2015-10-07,Taita Taveta,1
2015-10-08,Taita Taveta,1
2015-10-09,Taita Taveta,1
2015-10-10,Taita Taveta,0
2015-10-11,Taita Taveta,0
2015-10-12,Taita Taveta,2
2015-10-13,Taita Taveta,0
2015-10-14,Taita Taveta,2
2015-10-15,Taita Taveta,0
2015-10-16,Taita Taveta,1
2015-10-17,Taita Taveta,2
2015-10-18,Taita Taveta,2
2015-10-19,Taita Taveta,12
2015-10-20,Taita Taveta,1
2015-10-21,Taita Taveta,0
2015-10-22,Taita Taveta,1
2015-10-23,Taita Taveta,2
2015-10-24,Taita Taveta,0
2015-10-25,Taita Taveta,1
2015-10-26,Taita Taveta,0
2015-10-27,Taita Taveta,2
2015-10-28,Taita Taveta,2
2015-10-29,Taita Taveta,6
2015-10-30,Taita Taveta,0
2015-10-31,Taita Taveta,2
2015-11-01,Taita Taveta,1
2015-11-02,Taita Taveta,2
2015-11-03,Taita Taveta,0
2015-11-04,Taita Taveta,0
2015-11-05,Taita Taveta,2
2015-11-06,Taita Taveta,0
2015-11-07,Taita Taveta,13
2015-11-08,Taita Taveta,2
2015-11-09,Taita Taveta,1
2015-11-10,Taita Taveta,2
2015-11-11,Taita Taveta,2
2015-11-12,Taita Taveta,1
2015-11-13,Taita Taveta,1
2015-11-14,Taita Taveta,0
2015-11-15,Taita Taveta,0
2015-11-16,Taita Taveta,15
2015-11-17,Taita Taveta,0
2015-11-18,Taita Taveta,2
2015-11-19,Taita Taveta,0
2015-11-20,Taita Taveta,0
2015-11-21,Taita Taveta,1
2015-11-22,Taita Taveta,1
2015-11-23,Taita Taveta,2
2015-11-24,Taita Taveta,0
2015-11-25,Taita Taveta,0
2015-11-26,Taita Taveta,1
2015-11-27,Taita Taveta,1
2015-11-28,Taita Taveta,1
2015-11-29,Taita Taveta,13
2015-11-30,Taita Taveta,0
2015-12-01,Taita Taveta,0
2015-12-02,Taita Taveta,0
2015-12-03,Taita Taveta,1
2015-12-04,Taita Taveta,0
2015-12-05,Taita Taveta,0
2015-12-06,Taita Taveta,1
2015-12-07,Taita Taveta,1
2015-12-08,Taita Taveta,2
2015-12-09,Taita Taveta,2
2015-12-10,Taita Taveta,1
2015-12-11,Taita Taveta,0
2015-12-12,Taita Taveta,1
2015-12-13,Taita Taveta,1
2015-12-14,Taita Taveta,2
2015-12-15,Taita Taveta,2
2015-12-16,Taita Taveta,0
2015-12-17,Taita Taveta,2
2015-12-18,Taita Taveta,1
2015-12-19,Taita Taveta,2
2015-12-20,Taita Taveta,0
2015-12-21,Taita Taveta,0
2015-12-22,Taita Taveta,1
2015-12-23,Taita Taveta,0
2015-12-24,Taita Taveta,1
2015-12-25,Taita Taveta,0
2015-12-26,Taita Taveta,2
2015-12-27,Taita Taveta,2
2015-12-28,Taita Taveta,0
2015-12-29,Taita Taveta,0
2015-12-30,Taita Taveta,2
2015-12-31,Taita Taveta,1
2016-01-01,Taita Taveta,2
2016-01-02,Taita Taveta,0
2016-01-03,Taita Taveta,2
2016-01-04,Taita Taveta,2
2016-01-05,Taita Taveta,0
2016-01-06,Taita Taveta,1
2016-01-07,Taita Taveta,1
2016-01-08,Taita Taveta,2
2016-01-09,Taita Taveta,1
2016-01-10,Taita Taveta,1
2016-01-11,Taita Taveta,0
2016-01-12,Taita Taveta,2
2016-01-13,Taita Taveta,0
2016-01-14,Taita Taveta,1
2016-01-15,Taita Taveta,0
2016-01-16,Taita Taveta,0
2016-01-17,Taita Taveta,0
2016-01-18,Taita Taveta,0
2016-01-19,Taita Taveta,2
2016-01-20,Taita Taveta,1
2016-01-21,Taita Taveta,0
2016-01-22,Taita Taveta,2
2016-01-23,Taita Taveta,2
2016-01-24,Taita Taveta,0
2016-01-25,Taita Taveta,0
2016-01-26,Taita Taveta,0
2016-01-27,Taita Taveta,1
2016-01-28,Taita Taveta,0
2016-01-29,Taita Taveta,0
2016-01-30,Taita Taveta,2
2016-01-31,Taita Taveta,2
2016-02-01,Taita Taveta,1
2016-02-02,Taita Taveta,2
2016-02-03,Taita Taveta,1
2016-02-04,Taita Taveta,1
2016-02-05,Taita Taveta,2
2016-02-06,Taita Taveta,1
2016-02-07,Taita Taveta,0
2016-02-08,Taita Taveta,2
2016-02-09,Taita Taveta,0
2016-02-10,Taita Taveta,2
2016-02-11,Taita Taveta,2
2016-02-12,Taita Taveta,1
2016-02-13,Taita Taveta,2
2016-02-14,Taita Taveta,2
2016-02-15,Taita Taveta,2
2016-02-16,Taita Taveta,1
2016-02-17,Taita Taveta,0
2016-02-18,Taita Taveta,1
2016-02-19,Taita Taveta,1
2016-02-20,Taita Taveta,1
2016-02-21,Taita Taveta,2
2016-02-22,Taita Taveta,2
2016-02-23,Taita Taveta,2
2016-02-24,Taita Taveta,0
2016-02-25,Taita Taveta,1
2016-02-26,Taita Taveta,2
2016-02-27,Taita Taveta,2
2016-02-28,Taita Taveta,0
2016-02-29,Taita Taveta,2
2016-03-01,Taita Taveta,19
2016-03-02,Taita Taveta,2
2016-03-03,Taita Taveta,2
2016-03-04,Taita Taveta,0
2016-03-05,Taita Taveta,18
2016-03-06,Taita Taveta,0
2016-03-07,Taita Taveta,15
2016-03-08,Taita Taveta,2
2016-03-09,Taita Taveta,4
2016-03-10,Taita Taveta,15
2016-03-11,Taita Taveta,16
2016-03-12,Taita Taveta,18
2016-03-13,Taita Taveta,16
2016-03-14,Taita Taveta,2
2016-03-15,Taita Taveta,0
2016-03-16,Taita Taveta,16
2016-03-17,Taita Taveta,1
2016-03-18,Taita Taveta,2
2016-03-19,Taita Taveta,1
2016-03-20,Taita Taveta,13
2016-03-21,Taita Taveta,25
2016-03-22,Taita Taveta,9
2016-03-23,Taita Taveta,14
2016-03-24,Taita Taveta,2
2016-03-25,Taita Taveta,16
2016-03-26,Taita Taveta,1
2016-03-27,Taita Taveta,19
2016-03-28,Taita Taveta,0
2016-03-29,Taita Taveta,24
2016-03-30,Taita Taveta,1
2016-03-31,Taita Taveta,0
2016-04-01,Taita Taveta,9
2016-04-02,Taita Taveta,18
2016-04-03,Taita Taveta,11
2016-04-04,Taita Taveta,2
2016-04-05,Taita Taveta,1
2016-04-06,Taita Taveta,2
2016-04-07,Taita Taveta,10
2016-04-08,Taita Taveta,1
2016-04-09,Taita Taveta,2
2016-04-10,Taita Taveta,1
2016-04-11,Taita Taveta,2
2016-04-12,Taita Taveta,19
2016-04-13,Taita Taveta,11
2016-04-14,Taita Taveta,1
2016-04-15,Taita Taveta,10
2016-04-16,Taita Taveta,0
2016-04-17,Taita Taveta,0
2016-04-18,Taita Taveta,1
2016-04-19,Taita Taveta,11
2016-04-20,Taita Taveta,10
2016-04-21,Taita Taveta,20
2016-04-22,Taita Taveta,2
2016-04-23,Taita Taveta,0
2016-04-24,Taita Taveta,2
2016-04-25,Taita Taveta,16
2016-04-26,Taita Taveta,23
2016-04-27,Taita Taveta,1
2016-04-28,Taita Taveta,1
2016-04-29,Taita Taveta,21
2016-04-30,Taita Taveta,23
2016-05-01,Taita Taveta,11
2016-05-02,Taita Taveta,0
2016-05-03,Taita Taveta,1
2016-05-04,Taita Taveta,13
2016-05-05,Taita Taveta,11
2016-05-06,Taita Taveta,2
2016-05-07,Taita Taveta,10
2016-05-08,Taita Taveta,23
2016-05-09,Taita Taveta,0
2016-05-10,Taita Taveta,8
2016-05-11,Taita Taveta,16
2016-05-12,Taita Taveta,17
2016-05-13,Taita Taveta,11
2016-05-14,Taita Taveta,0
2016-05-15,Taita Taveta,4
2016-05-16,Taita Taveta,0
2016-05-17,Taita Taveta,1
2016-05-18,Taita Taveta,20
2016-05-19,Taita Taveta,1
2016-05-20,Taita Taveta,1
2016-05-21,Taita Taveta,0
2016-05-22,Taita Taveta,1
2016-05-23,Taita Taveta,1
2016-05-24,Taita Taveta,13
2016-05-25,Taita Taveta,2
2016-05-26,Taita Taveta,17
2016-05-27,Taita Taveta,15
2016-05-28,Taita Taveta,2
2016-05-29,Taita Taveta,1
2016-05-30,Taita Taveta,1
2016-05-31,Taita Taveta,0
2016-06-01,Taita Taveta,1
2016-06-02,Taita Taveta,0
2016-06-03,Taita Taveta,1
2016-06-04,Taita Taveta,1
2016-06-05,Taita Taveta,1
2016-06-06,Taita Taveta,0
2016-06-07,Taita Taveta,0
2016-06-08,Taita Taveta,1
2016-06-09,Taita Taveta,0
2016-06-10,Taita Taveta,1
2016-06-11,Taita Taveta,1
2016-06-12,Taita Taveta,1
2016-06-13,Taita Taveta,0
2016-06-14,Taita Taveta,2
2016-06-15,Taita Taveta,0
2016-06-16,Taita Taveta,0
2016-06-17,Taita Taveta,1
2016-06-18,Taita Taveta,1
2016-06-19,Taita Taveta,2
2016-06-20,Taita Taveta,1
2016-06-21,Taita Taveta,2
2016-06-22,Taita Taveta,2
2016-06-23,Taita Taveta,2
2016-06-24,Taita Taveta,1
2016-06-25,Taita Taveta,1
2016-06-26,Taita Taveta,0
2016-06-27,Taita Taveta,0
2016-06-28,Taita Taveta,0
2016-06-29,Taita Taveta,2
2016-06-30,Taita Taveta,1
2016-07-01,Taita Taveta,0
2016-07-02,Taita Taveta,0
2016-07-03,Taita Taveta,1
2016-07-04,Taita Taveta,1
2016-07-05,Taita Taveta,1
2016-07-06,Taita Taveta,0
2016-07-07,Taita Taveta,2
2016-07-08,Taita Taveta,2
2016-07-09,Taita Taveta,1
2016-07-10,Taita Taveta,0
2016-07-11,Taita Taveta,2
2016-07-12,Taita Taveta,1
2016-07-13,Taita Taveta,2
2016-07-14,Taita Taveta,2
2016-07-15,Taita Taveta,1
2016-07-16,Taita Taveta,1
2016-07-17,Taita Taveta,2
2016-07-18,Taita Taveta,1
2016-07-19,Taita Taveta,1
2016-07-20,Taita Taveta,2
2016-07-21,Taita Taveta,1
2016-07-22,Taita Taveta,1
2016-07-23,Taita Taveta,1
2016-07-24,Taita Taveta,0
2016-07-25,Taita Taveta,1
2016-07-26,Taita Taveta,2
2016-07-27,Taita Taveta,1
2016-07-28,Taita Taveta,2
2016-07-29,Taita Taveta,1
2016-07-30,Taita Taveta,2
2016-07-31,Taita Taveta,2
2016-08-01,Taita Taveta,2
2016-08-02,Taita Taveta,2
2016-08-03,Taita Taveta,2
2016-08-04,Taita Taveta,1
2016-08-05,Taita Taveta,2
2016-08-06,Taita Taveta,2
2016-08-07,Taita Taveta,2
2016-08-08,Taita Taveta,2
2016-08-09,Taita Taveta,2
2016-08-10,Taita Taveta,0
2016-08-11,Taita Taveta,1
2016-08-12,Taita Taveta,0
2016-08-13,Taita Taveta,0
2016-08-14,Taita Taveta,1
2016-08-15,Taita Taveta,1
2016-08-16,Taita Taveta,0
2016-08-17,Taita Taveta,2
2016-08-18,Taita Taveta,2
2016-08-19,Taita Taveta,2
2016-08-20,Taita Taveta,0
2016-08-21,Taita Taveta,0
2016-08-22,Taita Taveta,2
2016-08-23,Taita Taveta,2
2016-08-24,Taita Taveta,1
2016-08-25,Taita Taveta,0
2016-08-26,Taita Taveta,2
2016-08-27,Taita Taveta,2
2016-08-28,Taita Taveta,2
2016-08-29,Taita Taveta,2
2016-08-30,Taita Taveta,2
2016-08-31,Taita Taveta,0
2016-09-01,Taita Taveta,0
2016-09-02,Taita Taveta,0
2016-09-03,Taita Taveta,2
2016-09-04,Taita Taveta,0
2016-09-05,Taita Taveta,0
2016-09-06,Taita Taveta,2
2016-09-07,Taita Taveta,1
2016-09-08,Taita Taveta,2
2016-09-09,Taita Taveta,1
2016-09-10,Taita Taveta,0
2016-09-11,Taita Taveta,0
2016-09-12,Taita Taveta,0
2016-09-13,Taita Taveta,1
2016-09-14,Taita Taveta,1
2016-09-15,Taita Taveta,1
2016-09-16,Taita Taveta,0
2016-09-17,Taita Taveta,2
2016-09-18,Taita Taveta,1
2016-09-19,Taita Taveta,1
2016-09-20,Taita Taveta,2
2016-09-21,Taita Taveta,0
2016-09-22,Taita Taveta,1
2016-09-23,Taita Taveta,2
2016-09-24,Taita Taveta,2
2016-09-25,Taita Taveta,2
2016-09-26,Taita Taveta,1
2016-09-27,Taita Taveta,1
2016-09-28,Taita Taveta,2
2016-09-29,Taita Taveta,2
2016-09-30,Taita Taveta,2
2016-10-01,Taita Taveta,0
2015-01-01,Garissa,2
2015-01-02,Garissa,0
2015-01-03,Garissa,1
2015-01-04,Garissa,0
2015-01-05,Garissa,0
2015-01-06,Garissa,2
2015-01-07,Garissa,0
2015-01-08,Garissa,1
2015-01-09,Garissa,0
2015-01-10,Garissa,2
2015-01-11,Garissa,1
2015-01-12,Garissa,1
2015-01-13,Garissa,0
2015-01-14,Garissa,2
2015-01-15,Garissa,2
2015-01-16,Garissa,0
2015-01-17,Garissa,0
2015-01-18,Garissa,2
2015-01-19,Garissa,0
2015-01-20,Garissa,2
2015-01-21,Garissa,2
2015-01-22,Garissa,0
2015-01-23,Garissa,0
2015-01-24,Garissa,0
2015-01-25,Garissa,0
2015-01-26,Garissa,0
2015-01-27,Garissa,0
2015-01-28,Garissa,2
2015-01-29,Garissa,1
2015-01-30,Garissa,2
2015-01-31,Garissa,2
2015-02-01,Garissa,0
2015-02-02,Garissa,0
2015-02-03,Garissa,0
2015-02-04,Garissa,2
2015-02-05,Garissa,1
2015-02-06,Garissa,0
2015-02-07,Garissa,0
2015-02-08,Garissa,0
2015-02-09,Garissa,1
2015-02-10,Garissa,1
2015-02-11,Garissa,1
2015-02-12,Garissa,2
2015-02-13,Garissa,1
2015-02-14,Garissa,2
2015-02-15,Garissa,1
2015-02-16,Garissa,2
2015-02-17,Garissa,0
2015-02-18,Garissa,0
2015-02-19,Garissa,1
2015-02-20,Garissa,2
2015-02-21,Garissa,1
2015-02-22,Garissa,0
2015-02-23,Garissa,0
2015-02-24,Garissa,1
2015-02-25,Garissa,2
2015-02-26,Garissa,1
2015-02-27,Garissa,1
2015-02-28,Garissa,2
2015-03-01,Garissa,14
2015-03-02,Garissa,2
2015-03-03,Garissa,13
2015-03-04,Garissa,0
2015-03-05,Garissa,7
2015-03-06,Garissa,19
2015-03-07,Garissa,0
2015-03-08,Garissa,1
2015-03-09,Garissa,15
2015-03-10,Garissa,7
2015-03-11,Garissa,0
2015-03-12,Garissa,20
2015-03-13,Garissa,2
2015-03-14,Garissa,2
2015-03-15,Garissa,1
2015-03-16,Garissa,1
2015-03-17,Garissa,1
2015-03-18,Garissa,16
2015-03-19,Garissa,2
2015-03-20,Garissa,9
2015-03-21,Garissa,14
2015-03-22,Garissa,8
2015-03-23,Garissa,7
2015-03-24,Garissa,16
2015-03-25,Garissa,13
2015-03-26,Garissa,8
2015-03-27,Garissa,14
2015-03-28,Garissa,5
2015-03-29,Garissa,9
2015-03-30,Garissa,14
2015-03-31,Garissa,1
2015-04-01,Garissa,16
2015-04-02,Garissa,21
2015-04-03,Garissa,9
2015-04-04,Garissa,5
2015-04-05,Garissa,17
2015-04-06,Garissa,10
2015-04-07,Garissa,13
2015-04-08,Garissa,0
2015-04-09,Garissa,23
2015-04-10,Garissa,0
2015-04-11,Garissa,1
2015-04-12,Garissa,5
2015-04-13,Garissa,3
2015-04-14,Garissa,20
2015-04-15,Garissa,7
2015-04-16,Garissa,15
2015-04-17,Garissa,13
2015-04-18,Garissa,0
2015-04-19,Garissa,12
2015-04-20,Garissa,1
2015-04-21,Garissa,1
2015-04-22,Garissa,2
2015-04-23,Garissa,8
2015-04-24,Garissa,1
2015-04-25,Garissa,0
2015-04-26,Garissa,17
2015-04-27,Garissa,11
2015-04-28,Garissa,0
2015-04-29,Garissa,2
2015-04-30,Garissa,0
2015-05-01,Garissa,9
2015-05-02,Garissa,24
2015-05-03,Garissa,2
2015-05-04,Garissa,15
2015-05-05,Garissa,12
2015-05-06,Garissa,1
2015-05-07,Garissa,20
2015-05-08,Garissa,1
2015-05-09,Garissa,1
2015-05-10,Garissa,1
2015-05-11,Garissa,2
2015-05-12,Garissa,1
2015-05-13,Garissa,0
2015-05-14,Garissa,2
2015-05-15,Garissa,8
2015-05-16,Garissa,11
2015-05-17,Garissa,2
2015-05-18,Garissa,0
2015-05-19,Garissa,1
2015-05-20,Garissa,15
2015-05-21,Garissa,2
2015-05-22,Garissa,17
2015-05-23,Garissa,17
2015-05-24,Garissa,2
2015-05-25,Garissa,13
2015-05-26,Garissa,2
2015-05-27,Garissa,0
2015-05-28,Garissa,18
2015-05-29,Garissa,15
2015-05-30,Garissa,2
2015-05-31,Garissa,2
2015-06-01,Garissa,0
2015-06-02,Garissa,0
2015-06-03,Garissa,0
2015-06-04,Garissa,2
2015-06-05,Garissa,0
2015-06-06,Garissa,0
2015-06-07,Garissa,1
2015-06-08,Garissa,0
2015-06-09,Garissa,0
2015-06-10,Garissa,1
2015-06-11,Garissa,0
2015-06-12,Garissa,0
2015-06-13,Garissa,2
2015-06-14,Garissa,1
2015-06-15,Garissa,0
2015-06-16,Garissa,1
2015-06-17,Garissa,0
2015-06-18,Garissa,2
2015-06-19,Garissa,0
2015-06-20,Garissa,0
2015-06-21,Garissa,2
2015-06-22,Garissa,2
2015-06-23,Garissa,0
2015-06-24,Garissa,1
2015-06-25,Garissa,2
2015-06-26,Garissa,2
2015-06-27,Garissa,2
2015-06-28,Garissa,0
2015-06-29,Garissa,1
2015-06-30,Garissa,1
2015-07-01,Garissa,0
2015-07-02,Garissa,0
2015-07-03,Garissa,2
2015-07-04,Garissa,1
2015-07-05,Garissa,1
2015-07-06,Garissa,0
2015-07-07,Garissa,2
2015-07-08,Garissa,0
2015-07-09,Garissa,1
2015-07-10,Garissa,0
2015-07-11,Garissa,0
2015-07-12,Garissa,1
2015-07-13,Garissa,2
2015-07-14,Garissa,0
2015-07-15,Garissa,0
2015-07-16,Garissa,1
2015-07-17,Garissa,0
2015-07-18,Garissa,2
2015-07-19,Garissa,2
2015-07-20,Garissa,0
2015-07-21,Garissa,0
2015-07-22,Garissa,0
2015-07-23,Garissa,2
2015-07-24,Garissa,0
2015-07-25,Garissa,2
2015-07-26,Garissa,2
2015-07-27,Garissa,0
2015-07-28,Garissa,1
2015-07-29,Garissa,1
2015-07-30,Garissa,0
2015-07-31,Garissa,2
2015-08-01,Garissa,1
2015-08-02,Garissa,2
2015-08-03,Garissa,1
2015-08-04,Garissa,1
2015-08-05,Garissa,0
2015-08-06,Garissa,2
2015-08-07,Garissa,0
2015-08-08,Garissa,1
2015-08-09,Garissa,0
2015-08-10,Garissa,2
2015-08-11,Garissa,2
2015-08-12,Garissa,2
2015-08-13,Garissa,0
2015-08-14,Garissa,1
2015-08-15,Garissa,1
2015-08-16,Garissa,0
2015-08-17,Garissa,2
2015-08-18,Garissa,2
2015-08-19,Garissa,0
2015-08-20,Garissa,2
2015-08-21,Garissa,0
2015-08-22,Garissa,1
2015-08-23,Garissa,1
2015-08-24,Garissa,0
2015-08-25,Garissa,2
2015-08-26,Garissa,1
2015-08-27,Garissa,2
2015-08-28,Garissa,2
2015-08-29,Garissa,1
2015-08-30,Garissa,0
2015-08-31,Garissa,2
2015-09-01,Garissa,0
2015-09-02,Garissa,1
2015-09-03,Garissa,0
2015-09-04,Garissa,0
2015-09-05,Garissa,1
2015-09-06,Garissa,0
2015-09-07,Garissa,2
2015-09-08,Garissa,2
2015-09-09,Garissa,2
2015-09-10,Garissa,1
2015-09-11,Garissa,0
2015-09-12,Garissa,2
2015-09-13,Garissa,1
2015-09-14,Garissa,1
2015-09-15,Garissa,0
2015-09-16,Garissa,0
2015-09-17,Garissa,2
2015-09-18,Garissa,0
2015-09-19,Garissa,0
2015-09-20,Garissa,1
2015-09-21,Garissa,1
2015-09-22,Garissa,1
2015-09-23,Garissa,2
2015-09-24,Garissa,2
2015-09-25,Garissa,0
2015-09-26,Garissa,2
2015-09-27,Garissa,0
2015-09-28,Garissa,2
2015-09-29,Garissa,1
2015-09-30,Garissa,0
2015-10-01,Garissa,2
2015-10-02,Garissa,0
2015-10-03,Garissa,15
2015-10-04,Garissa,0
2015-10-05,Garissa,12
2015-10-06,Garissa,0
2015-10-07,Garissa,0
2015-10-08,Garissa,1
2015-10-09,Garissa,2
2015-10-10,Garissa,2
2015-10-11,Garissa,0
2015-10-12,Garissa,2
2015-10-13,Garissa,0
2015-10-14,Garissa,0
2015-10-15,Garissa,2
2015-10-16,Garissa,2
2015-10-17,Garissa,1
2015-10-18,Garissa,2
2015-10-19,Garissa,0
2015-10-20,Garissa,0
2015-10-21,Garissa,1
2015-10-22,Garissa,0
2015-10-23,Garissa,0
2015-10-24,Garissa,1
2015-10-25,Garissa,1
2015-10-26,Garissa,0
2015-10-27,Garissa,6
2015-10-28,Garissa,2
2015-10-29,Garissa,0
2015-10-30,Garissa,0
2015-10-31,Garissa,0
2015-11-01,Garissa,0
2015-11-02,Garissa,2
2015-11-03,Garissa,0
2015-11-04,Garissa,0
2015-11-05,Garissa,17
2015-11-06,Garissa,2
2015-11-07,Garissa,0
2015-11-08,Garissa,0
2015-11-09,Garissa,1
2015-11-10,Garissa,0
2015-11-11,Garissa,1
2015-11-12,Garissa,1
2015-11-13,Garissa,1
2015-11-14,Garissa,2
2015-11-15,Garissa,0
2015-11-16,Garissa,1
2015-11-17,Garissa,2
2015-11-18,Garissa,1
2015-11-19,Garissa,0
2015-11-20,Garissa,0
2015-11-21,Garissa,1
2015-11-22,Garissa,2
2015-11-23,Garissa,1
2015-11-24,Garissa,1
2015-11-25,Garissa,0
2015-11-26,Garissa,1
2015-11-27,Garissa,2
2015-11-28,Garissa,2
2015-11-29,Garissa,0
2015-11-30,Garissa,1
2015-12-01,Garissa,1
2015-12-02,Garissa,0
2015-12-03,Garissa,2
2015-12-04,Garissa,2
2015-12-05,Garissa,1
2015-12-06,Garissa,2
2015-12-07,Garissa,2
2015-12-08,Garissa,2
2015-12-09,Garissa,1
2015-12-10,Garissa,0
2015-12-11,Garissa,1
2015-12-12,Garissa,1
2015-12-13,Garissa,0
2015-12-14,Garissa,1
2015-12-15,Garissa,2
2015-12-16,Garissa,1
2015-12-17,Garissa,2
2015-12-18,Garissa,0
2015-12-19,Garissa,2
2015-12-20,Garissa,1
2015-12-21,Garissa,1
2015-12-22,Garissa,1
2015-12-23,Garissa,2
2015-12-24,Garissa,0
2015-12-25,Garissa,1
2015-12-26,Garissa,0
2015-12-27,Garissa,2
2015-12-28,Garissa,0
2015-12-29,Garissa,1
2015-12-30,Garissa,2
2015-12-31,Garissa,2
2016-01-01,Garissa,0
2016-01-02,Garissa,1
2016-01-03,Garissa,0
2016-01-04,Garissa,0
2016-01-05,Garissa,1
2016-01-06,Garissa,0
2016-01-07,Garissa,2
2016-01-08,Garissa,2
2016-01-09,Garissa,1
2016-01-10,Garissa,1
2016-01-11,Garissa,0
2016-01-12,Garissa,0
2016-01-13,Garissa,2
2016-01-14,Garissa,1
2016-01-15,Garissa,1
2016-01-16,Garissa,1
2016-01-17,Garissa,0
2016-01-18,Garissa,1
2016-01-19,Garissa,2
2016-01-20,Garissa,1
2016-01-21,Garissa,1
2016-01-22,Garissa,2
2016-01-23,Garissa,2
2016-01-24,Garissa,0
2016-01-25,Garissa,2
2016-01-26,Garissa,2
2016-01-27,Garissa,1
2016-01-28,Garissa,1
2016-01-29,Garissa,0
2016-01-30,Garissa,0
2016-01-31,Garissa,0
2016-02-01,Garissa,2
2016-02-02,Garissa,0
2016-02-03,Garissa,2
2016-02-04,Garissa,2
2016-02-05,Garissa,0
2016-02-06,Garissa,0
2016-02-07,Garissa,2
2016-02-08,Garissa,1
2016-02-09,Garissa,1
2016-02-10,Garissa,2
2016-02-11,Garissa,1
2016-02-12,Garissa,1
2016-02-13,Garissa,2
2016-02-14,Garissa,0
2016-02-15,Garissa,1
2016-02-16,Garissa,0
2016-02-17,Garissa,2
2016-02-18,Garissa,0
2016-02-19,Garissa,0
2016-02-20,Garissa,2
2016-02-21,Garissa,2
2016-02-22,Garissa,1
2016-02-23,Garissa,2
2016-02-24,Garissa,2
2016-02-25,Garissa,2
2016-02-26,Garissa,1
2016-02-27,Garissa,2
2016-02-28,Garissa,2
2016-02-29,Garissa,2
2016-03-01,Garissa,10
2016-03-02,Garissa,2
2016-03-03,Garissa,0
2016-03-04,Garissa,14
2016-03-05,Garissa,9
2016-03-06,Garissa,13
2016-03-07,Garissa,4
2016-03-08,Garissa,1
2016-03-09,Garissa,17
2016-03-10,Garissa,8
2016-03-11,Garissa,14
2016-03-12,Garissa,21
2016-03-13,Garissa,2
2016-03-14,Garissa,2
2016-03-15,Garissa,2
2016-03-16,Garissa,1
2016-03-17,Garissa,0
2016-03-18,Garissa,0
2016-03-19,Garissa,2
2016-03-20,Garissa,24
2016-03-21,Garissa,1
2016-03-22,Garissa,2
2016-03-23,Garissa,1
2016-03-24,Garissa,2
2016-03-25,Garissa,2
2016-03-26,Garissa,2
2016-03-27,Garissa,2
2016-03-28,Garissa,13
2016-03-29,Garissa,1
2016-03-30,Garissa,5
2016-03-31,Garissa,10
2016-04-01,Garissa,2
2016-04-02,Garissa,0
2016-04-03,Garissa,5
2016-04-04,Garissa,15
2016-04-05,Garissa,2
2016-04-06,Garissa,12
2016-04-07,Garissa,1
2016-04-08,Garissa,19
2016-04-09,Garissa,22
2016-04-10,Garissa,3
2016-04-11,Garissa,21
2016-04-12,Garissa,0
2016-04-13,Garissa,13
2016-04-14,Garissa,0
2016-04-15,Garissa,18
2016-04-16,Garissa,0
2016-04-17,Garissa,1
2016-04-18,Garissa,0
2016-04-19,Garissa,2
2016-04-20,Garissa,18
2016-04-21,Garissa,23
2016-04-22,Garissa,1
2016-04-23,Garissa,1
2016-04-24,Garissa,12
2016-04-25,Garissa,9
2016-04-26,Garissa,2
2016-04-27,Garissa,0
2016-04-28,Garissa,11
2016-04-29,Garissa,0
2016-04-30,Garissa,1
2016-05-01,Garissa,17
2016-05-02,Garissa,0
2016-05-03,Garissa,0
2016-05-04,Garissa,1
2016-05-05,Garissa,2
2016-05-06,Garissa,18
2016-05-07,Garissa,13
2016-05-08,Garissa,0
2016-05-09,Garissa,1
2016-05-10,Garissa,0
2016-05-11,Garissa,15
2016-05-12,Garissa,0
2016-05-13,Garissa,0
2016-05-14,Garissa,17
2016-05-15,Garissa,11
2016-05-16,Garissa,2
2016-05-17,Garissa,1
2016-05-18,Garissa,13
2016-05-19,Garissa,2
2016-05-20,Garissa,7
2016-05-21,Garissa,11
2016-05-22,Garissa,0
2016-05-23,Garissa,8
2016-05-24,Garissa,16
2016-05-25,Garissa,17
2016-05-26,Garissa,0
2016-05-27,Garissa,2
2016-05-28,Garissa,10
2016-05-29,Garissa,2
2016-05-30,Garissa,1
2016-05-31,Garissa,2
2016-06-01,Garissa,2
2016-06-02,Garissa,2
2016-06-03,Garissa,2
2016-06-04,Garissa,1
2016-06-05,Garissa,1
2016-06-06,Garissa,0
2016-06-07,Garissa,0
2016-06-08,Garissa,2
2016-06-09,Garissa,0
2016-06-10,Garissa,1
2016-06-11,Garissa,2
2016-06-12,Garissa,2
2016-06-13,Garissa,0
2016-06-14,Garissa,1
2016-06-15,Garissa,0
2016-06-16,Garissa,2
2016-06-17,Garissa,0
2016-06-18,Garissa,1
2016-06-19,Garissa,2
2016-06-20,Garissa,1
2016-06-21,Garissa,1
2016-06-22,Garissa,2
2016-06-23,Garissa,0
2016-06-24,Garissa,1
2016-06-25,Garissa,0
2016-06-26,Garissa,2
2016-06-27,Garissa,1
2016-06-28,Garissa,1
2016-06-29,Garissa,2
2016-06-30,Garissa,1
2016-07-01,Garissa,1
2016-07-02,Garissa,1
2016-07-03,Garissa,1
2016-07-04,Garissa,1
2016-07-05,Garissa,0
2016-07-06,Garissa,2
2016-07-07,Garissa,2
2016-07-08,Garissa,1
2016-07-09,Garissa,2
2016-07-10,Garissa,0
2016-07-11,Garissa,2
2016-07-12,Garissa,0
2016-07-13,Garissa,1
2016-07-14,Garissa,2
2016-07-15,Garissa,0
2016-07-16,Garissa,0
2016-07-17,Garissa,2
2016-07-18,Garissa,2
2016-07-19,Garissa,0
2016-07-20,Garissa,2
2016-07-21,Garissa,1
2016-07-22,Garissa,0
2016-07-23,Garissa,0
2016-07-24,Garissa,0
2016-07-25,Garissa,1
2016-07-26,Garissa,2
2016-07-27,Garissa,0
2016-07-28,Garissa,2
2016-07-29,Garissa,1
2016-07-30,Garissa,0
2016-07-31,Garissa,0
2016-08-01,Garissa,2
2016-08-02,Garissa,1
2016-08-03,Garissa,2
2016-08-04,Garissa,1
2016-08-05,Garissa,2
2016-08-06,Garissa,0
2016-08-07,Garissa,0
2016-08-08,Garissa,2
2016-08-09,Garissa,0
2016-08-10,Garissa,0
2016-08-11,Garissa,0
2016-08-12,Garissa,1
2016-08-13,Garissa,0
2016-08-14,Garissa,0
2016-08-15,Garissa,1
2016-08-16,Garissa,1
2016-08-17,Garissa,2
2016-08-18,Garissa,2
2016-08-19,Garissa,2
2016-08-20,Garissa,1
2016-08-21,Garissa,0
2016-08-22,Garissa,1
2016-08-23,Garissa,0
2016-08-24,Garissa,1
2016-08-25,Garissa,2
2016-08-26,Garissa,2
2016-08-27,Garissa,0
2016-08-28,Garissa,0
2016-08-29,Garissa,0
2016-08-30,Garissa,1
2016-08-31,Garissa,0
2016-09-01,Garissa,1
2016-09-02,Garissa,1
2016-09-03,Garissa,1
2016-09-04,Garissa,0
2016-09-05,Garissa,1
2016-09-06,Garissa,1
2016-09-07,Garissa,1
2016-09-08,Garissa,2
2016-09-09,Garissa,2
2016-09-10,Garissa,2
2016-09-11,Garissa,2
2016-09-12,Garissa,2
2016-09-13,Garissa,0
2016-09-14,Garissa,0
2016-09-15,Garissa,0
2016-09-16,Garissa,0
2016-09-17,Garissa,2
2016-09-18,Garissa,0
2016-09-19,Garissa,2
2016-09-20,Garissa,2
2016-09-21,Garissa,1
2016-09-22,Garissa,0
2016-09-23,Garissa,0
2016-09-24,Garissa,1
2016-09-25,Garissa,2
2016-09-26,Garissa,0
2016-09-27,Garissa,2
2016-09-28,Garissa,0
2016-09-29,Garissa,0
2016-09-30,Garissa,0
2016-10-01,Garissa,0
2015-01-01,Wajir,2
2015-01-02,Wajir,1
2015-01-03,Wajir,1
2015-01-04,Wajir,1
2015-01-05,Wajir,0
2015-01-06,Wajir,1
2015-01-07,Wajir,0
2015-01-08,Wajir,1
2015-01-09,Wajir,2
2015-01-10,Wajir,1
2015-01-11,Wajir,2
2015-01-12,Wajir,0
2015-01-13,Wajir,1
2015-01-14,Wajir,1
2015-01-15,Wajir,0
2015-01-16,Wajir,0
2015-01-17,Wajir,1
2015-01-18,Wajir,2
2015-01-19,Wajir,0
2015-01-20,Wajir,2
2015-01-21,Wajir,0
2015-01-22,Wajir,0
2015-01-23,Wajir,1
2015-01-24,Wajir,2
2015-01-25,Wajir,2
2015-01-26,Wajir,2
2015-01-27,Wajir,1
2015-01-28,Wajir,0
2015-01-29,Wajir,0
2015-01-30,Wajir,2
2015-01-31,Wajir,2
2015-02-01,Wajir,0
2015-02-02,Wajir,0
2015-02-03,Wajir,0
2015-02-04,Wajir,2
2015-02-05,Wajir,2
2015-02-06,Wajir,2
2015-02-07,Wajir,0
2015-02-08,Wajir,0
2015-02-09,Wajir,0
2015-02-10,Wajir,0
2015-02-11,Wajir,0
2015-02-12,Wajir,2
2015-02-13,Wajir,1
2015-02-14,Wajir,0
2015-02-15,Wajir,1
2015-02-16,Wajir,2
2015-02-17,Wajir,2
2015-02-18,Wajir,1
2015-02-19,Wajir,2
2015-02-20,Wajir,0
2015-02-21,Wajir,0
2015-02-22,Wajir,0
2015-02-23,Wajir,2
2015-02-24,Wajir,2
2015-02-25,Wajir,1
2015-02-26,Wajir,1
2015-02-27,Wajir,1
2015-02-28,Wajir,0
2015-03-01,Wajir,0
2015-03-02,Wajir,14
2015-03-03,Wajir,0
2015-03-04,Wajir,10
2015-03-05,Wajir,12
2015-03-06,Wajir,2
2015-03-07,Wajir,12
2015-03-08,Wajir,1
2015-03-09,Wajir,2
2015-03-10,Wajir,13
2015-03-11,Wajir,2
2015-03-12,Wajir,22
2015-03-13,Wajir,1
2015-03-14,Wajir,8
2015-03-15,Wajir,12
2015-03-16,Wajir,10
2015-03-17,Wajir,1
2015-03-18,Wajir,0
2015-03-19,Wajir,1
2015-03-20,Wajir,18
2015-03-21,Wajir,0
2015-03-22,Wajir,8
2015-03-23,Wajir,3
2015-03-24,Wajir,14
2015-03-25,Wajir,14
2015-03-26,Wajir,2
2015-03-27,Wajir,3
2015-03-28,Wajir,15
2015-03-29,Wajir,0
2015-03-30,Wajir,1
2015-03-31,Wajir,2
2015-04-01,Wajir,11
2015-04-02,Wajir,2
2015-04-03,Wajir,0
2015-04-04,Wajir,0
2015-04-05,Wajir,2
2015-04-06,Wajir,0
2015-04-07,Wajir,4
2015-04-08,Wajir,10
2015-04-09,Wajir,8
2015-04-10,Wajir,23
2015-04-11,Wajir,23
2015-04-12,Wajir,2
2015-04-13,Wajir,2
2015-04-14,Wajir,12
2015-04-15,Wajir,2
2015-04-16,Wajir,13
2015-04-17,Wajir,0
2015-04-18,Wajir,2
2015-04-19,Wajir,2
2015-04-20,Wajir,18
2015-04-21,Wajir,2
2015-04-22,Wajir,0
2015-04-23,Wajir,20
2015-04-24,Wajir,14
2015-04-25,Wajir,19
2015-04-26,Wajir,9
2015-04-27,Wajir,17
2015-04-28,Wajir,1
2015-04-29,Wajir,1
2015-04-30,Wajir,18
2015-05-01,Wajir,11
2015-05-02,Wajir,19
2015-05-03,Wajir,17
2015-05-04,Wajir,11
2015-05-05,Wajir,21
2015-05-06,Wajir,17
2015-05-07,Wajir,1
2015-05-08,Wajir,0
2015-05-09,Wajir,0
2015-05-10,Wajir,12
2015-05-11,Wajir,17
2015-05-12,Wajir,3
2015-05-13,Wajir,14
2015-05-14,Wajir,9
2015-05-15,Wajir,2
2015-05-16,Wajir,8
2015-05-17,Wajir,19
2015-05-18,Wajir,0
2015-05-19,Wajir,7
2015-05-20,Wajir,2
2015-05-21,Wajir,15
2015-05-22,Wajir,6
2015-05-23,Wajir,0
2015-05-24,Wajir,16
2015-05-25,Wajir,24
2015-05-26,Wajir,16
2015-05-27,Wajir,1
2015-05-28,Wajir,6
2015-05-29,Wajir,2
2015-05-30,Wajir,4
2015-05-31,Wajir,19
2015-06-01,Wajir,1
2015-06-02,Wajir,0
2015-06-03,Wajir,0
2015-06-04,Wajir,2
2015-06-05,Wajir,0
2015-06-06,Wajir,0
2015-06-07,Wajir,2
2015-06-08,Wajir,1
2015-06-09,Wajir,1
2015-06-10,Wajir,0
2015-06-11,Wajir,2
2015-06-12,Wajir,1
2015-06-13,Wajir,2
2015-06-14,Wajir,2
2015-06-15,Wajir,0
2015-06-16,Wajir,1
2015-06-17,Wajir,1
2015-06-18,Wajir,0
2015-06-19,Wajir,2
2015-06-20,Wajir,1
2015-06-21,Wajir,0
2015-06-22,Wajir,2
2015-06-23,Wajir,1
2015-06-24,Wajir,2
2015-06-25,Wajir,2
2015-06-26,Wajir,0
2015-06-27,Wajir,0
2015-06-28,Wajir,2
2015-06-29,Wajir,2
2015-06-30,Wajir,2
2015-07-01,Wajir,1
2015-07-02,Wajir,0
2015-07-03,Wajir,1
2015-07-04,Wajir,0
2015-07-05,Wajir,2
2015-07-06,Wajir,1
2015-07-07,Wajir,1
2015-07-08,Wajir,2
2015-07-09,Wajir,2
2015-07-10,Wajir,1
2015-07-11,Wajir,0
2015-07-12,Wajir,2
2015-07-13,Wajir,2
2015-07-14,Wajir,0
2015-07-15,Wajir,1
2015-07-16,Wajir,0
2015-07-17,Wajir,2
2015-07-18,Wajir,1
2015-07-19,Wajir,0
2015-07-20,Wajir,2
2015-07-21,Wajir,2
2015-07-22,Wajir,1
2015-07-23,Wajir,2
2015-07-24,Wajir,1
2015-07-25,Wajir,2
2015-07-26,Wajir,2
2015-07-27,Wajir,2
2015-07-28,Wajir,2
2015-07-29,Wajir,0
2015-07-30,Wajir,0
2015-07-31,Wajir,0
2015-08-01,Wajir,2
2015-08-02,Wajir,0
2015-08-03,Wajir,0
2015-08-04,Wajir,0
2015-08-05,Wajir,1
2015-08-06,Wajir,2
2015-08-07,Wajir,1
2015-08-08,Wajir,2
2015-08-09,Wajir,0
2015-08-10,Wajir,1
2015-08-11,Wajir,0
2015-08-12,Wajir,0
2015-08-13,Wajir,0
2015-08-14,Wajir,0
2015-08-15,Wajir,2
2015-08-16,Wajir,0
2015-08-17,Wajir,1
2015-08-18,Wajir,2
2015-08-19,Wajir,2
2015-08-20,Wajir,1
2015-08-21,Wajir,2
2015-08-22,Wajir,0
2015-08-23,Wajir,0
2015-08-24,Wajir,1
2015-08-25,Wajir,2
2015-08-26,Wajir,2
2015-08-27,Wajir,0
2015-08-28,Wajir,2
2015-08-29,Wajir,1
2015-08-30,Wajir,0
2015-08-31,Wajir,2
2015-09-01,Wajir,2
2015-09-02,Wajir,2
2015-09-03,Wajir,0
2015-09-04,Wajir,2
2015-09-05,Wajir,1
2015-09-06,Wajir,1
2015-09-07,Wajir,1
2015-09-08,Wajir,0
2015-09-09,Wajir,2
2015-09-10,Wajir,1
2015-09-11,Wajir,0
2015-09-12,Wajir,0
2015-09-13,Wajir,1
2015-09-14,Wajir,0
2015-09-15,Wajir,1
2015-09-16,Wajir,0
2015-09-17,Wajir,2
2015-09-18,Wajir,2
2015-09-19,Wajir,0
2015-09-20,Wajir,2
2015-09-21,Wajir,0
2015-09-22,Wajir,2
2015-09-23,Wajir,2
2015-09-24,Wajir,2
2015-09-25,Wajir,1
2015-09-26,Wajir,1
2015-09-27,Wajir,1
2015-09-28,Wajir,2
2015-09-29,Wajir,2
2015-09-30,Wajir,2
2015-10-01,Wajir,2
2015-10-02,Wajir,1
2015-10-03,Wajir,0
2015-10-04,Wajir,0
2015-10-05,Wajir,2
2015-10-06,Wajir,1
2015-10-07,Wajir,2
2015-10-08,Wajir,2
2015-10-09,Wajir,1
2015-10-10,Wajir,0
2015-10-11,Wajir,1
2015-10-12,Wajir,1
2015-10-13,Wajir,1
2015-10-14,Wajir,0
2015-10-15,Wajir,1
2015-10-16,Wajir,1
2015-10-17,Wajir,3
2015-10-18,Wajir,0
2015-10-19,Wajir,0
2015-10-20,Wajir,2
2015-10-21,Wajir,0
2015-10-22,Wajir,2
2015-10-23,Wajir,0
2015-10-24,Wajir,1
2015-10-25,Wajir,2
2015-10-26,Wajir,1
2015-10-27,Wajir,2
2015-10-28,Wajir,1
2015-10-29,Wajir,1
2015-10-30,Wajir,13
2015-10-31,Wajir,1
2015-11-01,Wajir,0
2015-11-02,Wajir,1
2015-11-03,Wajir,1
2015-11-04,Wajir,12
2015-11-05,Wajir,0
2015-11-06,Wajir,0
2015-11-07,Wajir,17
2015-11-08,Wajir,1
2015-11-09,Wajir,0
2015-11-10,Wajir,7
2015-11-11,Wajir,1
2015-11-12,Wajir,2
2015-11-13,Wajir,2
2015-11-14,Wajir,0
2015-11-15,Wajir,0
2015-11-16,Wajir,0
2015-11-17,Wajir,0
2015-11-18,Wajir,14
2015-11-19,Wajir,2
2015-11-20,Wajir,1
2015-11-21,Wajir,1
2015-11-22,Wajir,0
2015-11-23,Wajir,2
2015-11-24,Wajir,2
2015-11-25,Wajir,13
2015-11-26,Wajir,1
2015-11-27,Wajir,2
2015-11-28,Wajir,1
2015-11-29,Wajir,0
2015-11-30,Wajir,0
2015-12-01,Wajir,0
2015-12-02,Wajir,0
2015-12-03,Wajir,2
2015-12-04,Wajir,1
2015-12-05,Wajir,0
2015-12-06,Wajir,2
2015-12-07,Wajir,2
2015-12-08,Wajir,0
2015-12-09,Wajir,0
2015-12-10,Wajir,1
2015-12-11,Wajir,1
2015-12-12,Wajir,0
2015-12-13,Wajir,0
2015-12-14,Wajir,1
2015-12-15,Wajir,0
2015-12-16,Wajir,1
2015-12-17,Wajir,2
2015-12-18,Wajir,1
2015-12-19,Wajir,0
2015-12-20,Wajir,2
2015-12-21,Wajir,0
2015-12-22,Wajir,0
2015-12-23,Wajir,2
2015-12-24,Wajir,0
2015-12-25,Wajir,0
2015-12-26,Wajir,2
2015-12-27,Wajir,0
2015-12-28,Wajir,2
2015-12-29,Wajir,0
2015-12-30,Wajir,2
2015-12-31,Wajir,2
2016-01-01,Wajir,1
2016-01-02,Wajir,1
2016-01-03,Wajir,1
2016-01-04,Wajir,0
2016-01-05,Wajir,2
2016-01-06,Wajir,1
2016-01-07,Wajir,0
2016-01-08,Wajir,2
2016-01-09,Wajir,1
2016-01-10,Wajir,1
2016-01-11,Wajir,1
2016-01-12,Wajir,2
2016-01-13,Wajir,2
2016-01-14,Wajir,2
2016-01-15,Wajir,1
2016-01-16,Wajir,1
2016-01-17,Wajir,0
2016-01-18,Wajir,1
2016-01-19,Wajir,2
2016-01-20,Wajir,2
2016-01-21,Wajir,2
2016-01-22,Wajir,1
2016-01-23,Wajir,1
2016-01-24,Wajir,2
2016-01-25,Wajir,2
2016-01-26,Wajir,0
2016-01-27,Wajir,0
2016-01-28,Wajir,1
2016-01-29,Wajir,0
2016-01-30,Wajir,1
2016-01-31,Wajir,2
2016-02-01,Wajir,0
2016-02-02,Wajir,0
2016-02-03,Wajir,2
2016-02-04,Wajir,0
2016-02-05,Wajir,1
2016-02-06,Wajir,1
2016-02-07,Wajir,2
2016-02-08,Wajir,1
2016-02-09,Wajir,1
2016-02-10,Wajir,1
2016-02-11,Wajir,0
2016-02-12,Wajir,1
2016-02-13,Wajir,0
2016-02-14,Wajir,2
2016-02-15,Wajir,1
2016-02-16,Wajir,1
2016-02-17,Wajir,0
2016-02-18,Wajir,0
2016-02-19,Wajir,1
2016-02-20,Wajir,0
2016-02-21,Wajir,0
2016-02-22,Wajir,1
2016-02-23,Wajir,2
2016-02-24,Wajir,0
2016-02-25,Wajir,2
2016-02-26,Wajir,1
2016-02-27,Wajir,1
2016-02-28,Wajir,1
2016-02-29,Wajir,2
2016-03-01,Wajir,1
2016-03-02,Wajir,23
2016-03-03,Wajir,0
2016-03-04,Wajir,0
2016-03-05,Wajir,1
2016-03-06,Wajir,1
2016-03-07,Wajir,16
2016-03-08,Wajir,0
2016-03-09,Wajir,2
2016-03-10,Wajir,1
2016-03-11,Wajir,6
2016-03-12,Wajir,1
2016-03-13,Wajir,0
2016-03-14,Wajir,6
2016-03-15,Wajir,0
2016-03-16,Wajir,0
2016-03-17,Wajir,12
2016-03-18,Wajir,1
2016-03-19,Wajir,2
2016-03-20,Wajir,17
2016-03-21,Wajir,15
2016-03-22,Wajir,7
2016-03-23,Wajir,8
2016-03-24,Wajir,18
2016-03-25,Wajir,0
2016-03-26,Wajir,1
2016-03-27,Wajir,0
2016-03-28,Wajir,2
2016-03-29,Wajir,2
2016-03-30,Wajir,0
2016-03-31,Wajir,14
2016-04-01,Wajir,1
2016-04-02,Wajir,2
2016-04-03,Wajir,0
2016-04-04,Wajir,16
2016-04-05,Wajir,0
2016-04-06,Wajir,1
2016-04-07,Wajir,14
2016-04-08,Wajir,13
2016-04-09,Wajir,1
2016-04-10,Wajir,0
2016-04-11,Wajir,2
2016-04-12,Wajir,8
2016-04-13,Wajir,26
2016-04-14,Wajir,11
2016-04-15,Wajir,15
2016-04-16,Wajir,2
2016-04-17,Wajir,2
2016-04-18,Wajir,0
2016-04-19,Wajir,12
2016-04-20,Wajir,12
2016-04-21,Wajir,10
2016-04-22,Wajir,0
2016-04-23,Wajir,2
2016-04-24,Wajir,1
2016-04-25,Wajir,0
2016-04-26,Wajir,23
2016-04-27,Wajir,0
2016-04-28,Wajir,15
2016-04-29,Wajir,1
2016-04-30,Wajir,10
2016-05-01,Wajir,16
2016-05-02,Wajir,15
2016-05-03,Wajir,1
2016-05-04,Wajir,2
2016-05-05,Wajir,1
2016-05-06,Wajir,17
2016-05-07,Wajir,2
2016-05-08,Wajir,11
2016-05-09,Wajir,1
2016-05-10,Wajir,16
2016-05-11,Wajir,20
2016-05-12,Wajir,20
2016-05-13,Wajir,1
2016-05-14,Wajir,2
2016-05-15,Wajir,2
2016-05-16,Wajir,11
2016-05-17,Wajir,2
2016-05-18,Wajir,2
2016-05-19,Wajir,15
2016-05-20,Wajir,17
2016-05-21,Wajir,4
2016-05-22,Wajir,1
2016-05-23,Wajir,16
2016-05-24,Wajir,2
2016-05-25,Wajir,12
2016-05-26,Wajir,0
2016-05-27,Wajir,1
2016-05-28,Wajir,2
2016-05-29,Wajir,9
2016-05-30,Wajir,18
2016-05-31,Wajir,0
2016-06-01,Wajir,2
2016-06-02,Wajir,2
2016-06-03,Wajir,2
2016-06-04,Wajir,0
2016-06-05,Wajir,1
2016-06-06,Wajir,0
2016-06-07,Wajir,1
2016-06-08,Wajir,0
2016-06-09,Wajir,2
2016-06-10,Wajir,2
2016-06-11,Wajir,2
2016-06-12,Wajir,2
2016-06-13,Wajir,0
2016-06-14,Wajir,1
2016-06-15,Wajir,1
2016-06-16,Wajir,0
2016-06-17,Wajir,1
2016-06-18,Wajir,2
2016-06-19,Wajir,0
2016-06-20,Wajir,1
2016-06-21,Wajir,0
2016-06-22,Wajir,2
2016-06-23,Wajir,0
2016-06-24,Wajir,0
2016-06-25,Wajir,0
2016-06-26,Wajir,0
2016-06-27,Wajir,0
2016-06-28,Wajir,1
2016-06-29,Wajir,2
2016-06-30,Wajir,0
2016-07-01,Wajir,2
2016-07-02,Wajir,2
2016-07-03,Wajir,0
2016-07-04,Wajir,0
2016-07-05,Wajir,2
2016-07-06,Wajir,0
2016-07-07,Wajir,1
2016-07-08,Wajir,2
2016-07-09,Wajir,0
2016-07-10,Wajir,2
2016-07-11,Wajir,1
2016-07-12,Wajir,1
2016-07-13,Wajir,0
2016-07-14,Wajir,2
2016-07-15,Wajir,2
2016-07-16,Wajir,2
2016-07-17,Wajir,1
2016-07-18,Wajir,2
2016-07-19,Wajir,1
2016-07-20,Wajir,2
2016-07-21,Wajir,2
2016-07-22,Wajir,1
2016-07-23,Wajir,2
2016-07-24,Wajir,0
2016-07-25,Wajir,0
2016-07-26,Wajir,2
2016-07-27,Wajir,2
2016-07-28,Wajir,0
2016-07-29,Wajir,1
2016-07-30,Wajir,2
2016-07-31,Wajir,0
2016-08-01,Wajir,2
2016-08-02,Wajir,1
2016-08-03,Wajir,1
2016-08-04,Wajir,1
2016-08-05,Wajir,0
2016-08-06,Wajir,1
2016-08-07,Wajir,2
2016-08-08,Wajir,2
2016-08-09,Wajir,1
2016-08-10,Wajir,2
2016-08-11,Wajir,0
2016-08-12,Wajir,2
2016-08-13,Wajir,2
2016-08-14,Wajir,1
2016-08-15,Wajir,2
2016-08-16,Wajir,0
2016-08-17,Wajir,0
2016-08-18,Wajir,0
2016-08-19,Wajir,2
2016-08-20,Wajir,0
2016-08-21,Wajir,2
2016-08-22,Wajir,1
2016-08-23,Wajir,1
2016-08-24,Wajir,0
2016-08-25,Wajir,0
2016-08-26,Wajir,0
2016-08-27,Wajir,2
2016-08-28,Wajir,0
2016-08-29,Wajir,0
2016-08-30,Wajir,1
2016-08-31,Wajir,0
2016-09-01,Wajir,0
2016-09-02,Wajir,1
2016-09-03,Wajir,0
2016-09-04,Wajir,2
2016-09-05,Wajir,1
2016-09-06,Wajir,2
2016-09-07,Wajir,1
2016-09-08,Wajir,0
2016-09-09,Wajir,2
2016-09-10,Wajir,0
2016-09-11,Wajir,1
2016-09-12,Wajir,1
2016-09-13,Wajir,0
2016-09-14,Wajir,0
2016-09-15,Wajir,0
2016-09-16,Wajir,1
2016-09-17,Wajir,1
2016-09-18,Wajir,0
2016-09-19,Wajir,1
2016-09-20,Wajir,0
2016-09-21,Wajir,1
2016-09-22,Wajir,0
2016-09-23,Wajir,0
2016-09-24,Wajir,0
2016-09-25,Wajir,1
2016-09-26,Wajir,0
2016-09-27,Wajir,1
2016-09-28,Wajir,2
2016-09-29,Wajir,0
2016-09-30,Wajir,2
2016-10-01,Wajir,2
2015-01-01,Mandera,1
2015-01-02,Mandera,2
2015-01-03,Mandera,0
2015-01-04,Mandera,1
2015-01-05,Mandera,2
2015-01-06,Mandera,2
2015-01-07,Mandera,1
2015-01-08,Mandera,1
2015-01-09,Mandera,1
2015-01-10,Mandera,2
2015-01-11,Mandera,0
2015-01-12,Mandera,1
2015-01-13,Mandera,2
2015-01-14,Mandera,0
2015-01-15,Mandera,1
2015-01-16,Mandera,0
2015-01-17,Mandera,2
2015-01-18,Mandera,2
2015-01-19,Mandera,2
2015-01-20,Mandera,2
2015-01-21,Mandera,0
2015-01-22,Mandera,1
2015-01-23,Mandera,1
2015-01-24,Mandera,1
2015-01-25,Mandera,2
2015-01-26,Mandera,0
2015-01-27,Mandera,0
2015-01-28,Mandera,0
2015-01-29,Mandera,2
2015-01-30,Mandera,0
2015-01-31,Mandera,2
2015-02-01,Mandera,2
2015-02-02,Mandera,0
2015-02-03,Mandera,2
2015-02-04,Mandera,2
2015-02-05,Mandera,0
2015-02-06,Mandera,2
2015-02-07,Mandera,2
2015-02-08,Mandera,0
2015-02-09,Mandera,2
2015-02-10,Mandera,0
2015-02-11,Mandera,1
2015-02-12,Mandera,2
2015-02-13,Mandera,0
2015-02-14,Mandera,1
2015-02-15,Mandera,2
2015-02-16,Mandera,2
2015-02-17,Mandera,1
2015-02-18,Mandera,2
2015-02-19,Mandera,1
2015-02-20,Mandera,0
2015-02-21,Mandera,1
2015-02-22,Mandera,0
2015-02-23,Mandera,1
2015-02-24,Mandera,2
2015-02-25,Mandera,0
2015-02-26,Mandera,0
2015-02-27,Mandera,1
2015-02-28,Mandera,2
2015-03-01,Mandera,18
2015-03-02,Mandera,0
2015-03-03,Mandera,14
2015-03-04,Mandera,16
2015-03-05,Mandera,8
2015-03-06,Mandera,0
2015-03-07,Mandera,2
2015-03-08,Mandera,0
2015-03-09,Mandera,0
2015-03-10,Mandera,1
2015-03-11,Mandera,2
2015-03-12,Mandera,0
2015-03-13,Mandera,11
2015-03-14,Mandera,0
2015-03-15,Mandera,2
2015-03-16,Mandera,9
2015-03-17,Mandera,16
2015-03-18,Mandera,14
2015-03-19,Mandera,1
2015-03-20,Mandera,14
2015-03-21,Mandera,2
2015-03-22,Mandera,13
2015-03-23,Mandera,21
2015-03-24,Mandera,17
2015-03-25,Mandera,2
2015-03-26,Mandera,0
2015-03-27,Mandera,2
2015-03-28,Mandera,16
2015-03-29,Mandera,2
2015-03-30,Mandera,1
2015-03-31,Mandera,10
2015-04-01,Mandera,2
2015-04-02,Mandera,11
2015-04-03,Mandera,1
2015-04-04,Mandera,16
2015-04-05,Mandera,9
2015-04-06,Mandera,10
2015-04-07,Mandera,2
2015-04-08,Mandera,11
2015-04-09,Mandera,10
2015-04-10,Mandera,1
2015-04-11,Mandera,19
2015-04-12,Mandera,17
2015-04-13,Mandera,0
2015-04-14,Mandera,2
2015-04-15,Mandera,1
2015-04-16,Mandera,21
2015-04-17,Mandera,1
2015-04-18,Mandera,7
2015-04-19,Mandera,15
2015-04-20,Mandera,2
2015-04-21,Mandera,2
2015-04-22,Mandera,2
2015-04-23,Mandera,21
2015-04-24,Mandera,1
2015-04-25,Mandera,2
2015-04-26,Mandera,9
2015-04-27,Mandera,23
2015-04-28,Mandera,1
2015-04-29,Mandera,2
2015-04-30,Mandera,2
2015-05-01,Mandera,14
2015-05-02,Mandera,18
2015-05-03,Mandera,6
2015-05-04,Mandera,1
2015-05-05,Mandera,1
2015-05-06,Mandera,0
2015-05-07,Mandera,18
2015-05-08,Mandera,2
2015-05-09,Mandera,0
2015-05-10,Mandera,2
2015-05-11,Mandera,0
2015-05-12,Mandera,0
2015-05-13,Mandera,10
2015-05-14,Mandera,12
2015-05-15,Mandera,0
2015-05-16,Mandera,12
2015-05-17,Mandera,12
2015-05-18,Mandera,0
2015-05-19,Mandera,2
2015-05-20,Mandera,5
2015-05-21,Mandera,5
2015-05-22,Mandera,5
2015-05-23,Mandera,1
2015-05-24,Mandera,5
2015-05-25,Mandera,16
2015-05-26,Mandera,9
2015-05-27,Mandera,1
2015-05-28,Mandera,16
2015-05-29,Mandera,0
2015-05-30,Mandera,2
2015-05-31,Mandera,9
2015-06-01,Mandera,0
2015-06-02,Mandera,0
2015-06-03,Mandera,2
2015-06-04,Mandera,1
2015-06-05,Mandera,1
2015-06-06,Mandera,1
2015-06-07,Mandera,1
2015-06-08,Mandera,0
2015-06-09,Mandera,0
2015-06-10,Mandera,2
2015-06-11,Mandera,1
2015-06-12,Mandera,2
2015-06-13,Mandera,2
2015-06-14,Mandera,1
2015-06-15,Mandera,1
2015-06-16,Mandera,1
2015-06-17,Mandera,0
2015-06-18,Mandera,0
2015-06-19,Mandera,1
2015-06-20,Mandera,0
2015-06-21,Mandera,2
2015-06-22,Mandera,2
2015-06-23,Mandera,2
2015-06-24,Mandera,1
2015-06-25,Mandera,1
2015-06-26,Mandera,2
2015-06-27,Mandera,1
2015-06-28,Mandera,0
2015-06-29,Mandera,0
2015-06-30,Mandera,2
2015-07-01,Mandera,2
2015-07-02,Mandera,0
2015-07-03,Mandera,0
2015-07-04,Mandera,1
2015-07-05,Mandera,1
2015-07-06,Mandera,0
2015-07-07,Mandera,0
2015-07-08,Mandera,2
2015-07-09,Mandera,1
2015-07-10,Mandera,2
2015-07-11,Mandera,1
2015-07-12,Mandera,0
2015-07-13,Mandera,2
2015-07-14,Mandera,2
2015-07-15,Mandera,1
2015-07-16,Mandera,0
2015-07-17,Mandera,0
2015-07-18,Mandera,2
2015-07-19,Mandera,2
2015-07-20,Mandera,2
2015-07-21,Mandera,2
2015-07-22,Mandera,2
2015-07-23,Mandera,2
2015-07-24,Mandera,1
2015-07-25,Mandera,1
2015-07-26,Mandera,2
2015-07-27,Mandera,1
2015-07-28,Mandera,0
2015-07-29,Mandera,2
2015-07-30,Mandera,1
2015-07-31,Mandera,0
2015-08-01,Mandera,1
2015-08-02,Mandera,1
2015-08-03,Mandera,2
2015-08-04,Mandera,1
2015-08-05,Mandera,1
2015-08-06,Mandera,2
2015-08-07,Mandera,2
2015-08-08,Mandera,2
2015-08-09,Mandera,1
2015-08-10,Mandera,0
2015-08-11,Mandera,1
2015-08-12,Mandera,1
2015-08-13,Mandera,1
2015-08-14,Mandera,2
2015-08-15,Mandera,2
2015-08-16,Mandera,2
2015-08-17,Mandera,0
2015-08-18,Mandera,0
2015-08-19,Mandera,1
2015-08-20,Mandera,2
2015-08-21,Mandera,0
2015-08-22,Mandera,2
2015-08-23,Mandera,1
2015-08-24,Mandera,0
2015-08-25,Mandera,1
2015-08-26,Mandera,2
2015-08-27,Mandera,1
2015-08-28,Mandera,2
2015-08-29,Mandera,2
2015-08-30,Mandera,2
2015-08-31,Mandera,0
2015-09-01,Mandera,2
2015-09-02,Mandera,2
2015-09-03,Mandera,0
2015-09-04,Mandera,0
2015-09-05,Mandera,2
2015-09-06,Mandera,1
2015-09-07,Mandera,1
2015-09-08,Mandera,2
2015-09-09,Mandera,1
2015-09-10,Mandera,1
2015-09-11,Mandera,0
2015-09-12,Mandera,0
2015-09-13,Mandera,0
2015-09-14,Mandera,2
2015-09-15,Mandera,1
2015-09-16,Mandera,1
2015-09-17,Mandera,2
2015-09-18,Mandera,0
2015-09-19,Mandera,1
2015-09-20,Mandera,2
2015-09-21,Mandera,0
2015-09-22,Mandera,0
2015-09-23,Mandera,0
2015-09-24,Mandera,2
2015-09-25,Mandera,2
2015-09-26,Mandera,1
2015-09-27,Mandera,2
2015-09-28,Mandera,0
2015-09-29,Mandera,0
2015-09-30,Mandera,0
2015-10-01,Mandera,0
2015-10-02,Mandera,7
2015-10-03,Mandera,2
2015-10-04,Mandera,1
2015-10-05,Mandera,1
2015-10-06,Mandera,0
2015-10-07,Mandera,0
2015-10-08,Mandera,1
2015-10-09,Mandera,2
2015-10-10,Mandera,2
2015-10-11,Mandera,2
2015-10-12,Mandera,1
2015-10-13,Mandera,0
2015-10-14,Mandera,1
2015-10-15,Mandera,2
2015-10-16,Mandera,2
2015-10-17,Mandera,0
2015-10-18,Mandera,1
2015-10-19,Mandera,0
2015-10-20,Mandera,1
2015-10-21,Mandera,2
2015-10-22,Mandera,0
2015-10-23,Mandera,1
2015-10-24,Mandera,2
2015-10-25,Mandera,12
2015-10-26,Mandera,0
2015-10-27,Mandera,2
2015-10-28,Mandera,0
2015-10-29,Mandera,1
2015-10-30,Mandera,1
2015-10-31,Mandera,0
2015-11-01,Mandera,2
2015-11-02,Mandera,2
2015-11-03,Mandera,1
2015-11-04,Mandera,1
2015-11-05,Mandera,2
2015-11-06,Mandera,1
2015-11-07,Mandera,1
2015-11-08,Mandera,1
2015-11-09,Mandera,2
2015-11-10,Mandera,1
2015-11-11,Mandera,1
2015-11-12,Mandera,2
2015-11-13,Mandera,2
2015-11-14,Mandera,1
2015-11-15,Mandera,1
2015-11-16,Mandera,2
2015-11-17,Mandera,1
2015-11-18,Mandera,0
2015-11-19,Mandera,1
2015-11-20,Mandera,2
2015-11-21,Mandera,2
2015-11-22,Mandera,2
2015-11-23,Mandera,0
2015-11-24,Mandera,16
2015-11-25,Mandera,2
2015-11-26,Mandera,1
2015-11-27,Mandera,0
2015-11-28,Mandera,0
2015-11-29,Mandera,1
2015-11-30,Mandera,9
2015-12-01,Mandera,2
2015-12-02,Mandera,1
2015-12-03,Mandera,1
2015-12-04,Mandera,1
2015-12-05,Mandera,0
2015-12-06,Mandera,2
2015-12-07,Mandera,1
2015-12-08,Mandera,1
2015-12-09,Mandera,0
2015-12-10,Mandera,2
2015-12-11,Mandera,2
2015-12-12,Mandera,0
2015-12-13,Mandera,2
2015-12-14,Mandera,1
2015-12-15,Mandera,1
2015-12-16,Mandera,0
2015-12-17,Mandera,1
2015-12-18,Mandera,0
2015-12-19,Mandera,2
2015-12-20,Mandera,1
2015-12-21,Mandera,0
2015-12-22,Mandera,1
2015-12-23,Mandera,0
2015-12-24,Mandera,0
2015-12-25,Mandera,0
2015-12-26,Mandera,0
2015-12-27,Mandera,2
2015-12-28,Mandera,2
2015-12-29,Mandera,1
2015-12-30,Mandera,2
2015-12-31,Mandera,2
2016-01-01,Mandera,2
2016-01-02,Mandera,1
2016-01-03,Mandera,2
2016-01-04,Mandera,2
2016-01-05,Mandera,0
2016-01-06,Mandera,2
2016-01-07,Mandera,1
2016-01-08,Mandera,1
2016-01-09,Mandera,1
2016-01-10,Mandera,1
2016-01-11,Mandera,0
2016-01-12,Mandera,2
2016-01-13,Mandera,1
2016-01-14,Mandera,0
2016-01-15,Mandera,2
2016-01-16,Mandera,2
2016-01-17,Mandera,2
2016-01-18,Mandera,2
2016-01-19,Mandera,0
2016-01-20,Mandera,1
2016-01-21,Mandera,0
2016-01-22,Mandera,0
2016-01-23,Mandera,2
2016-01-24,Mandera,1
2016-01-25,Mandera,0
2016-01-26,Mandera,0
2016-01-27,Mandera,2
2016-01-28,Mandera,1
2016-01-29,Mandera,1
2016-01-30,Mandera,2
2016-01-31,Mandera,0
2016-02-01,Mandera,0
2016-02-02,Mandera,0
2016-02-03,Mandera,1
2016-02-04,Mandera,1
2016-02-05,Mandera,0
2016-02-06,Mandera,1
2016-02-07,Mandera,1
2016-02-08,Mandera,1
2016-02-09,Mandera,0
2016-02-10,Mandera,1
2016-02-11,Mandera,2
2016-02-12,Mandera,1
2016-02-13,Mandera,0
2016-02-14,Mandera,1
2016-02-15,Mandera,2
2016-02-16,Mandera,2
2016-02-17,Mandera,0
2016-02-18,Mandera,0
2016-02-19,Mandera,2
2016-02-20,Mandera,0
2016-02-21,Mandera,0
2016-02-22,Mandera,0
2016-02-23,Mandera,0
2016-02-24,Mandera,2
2016-02-25,Mandera,1
2016-02-26,Mandera,2
2016-02-27,Mandera,2
2016-02-28,Mandera,0
2016-02-29,Mandera,1
2016-03-01,Mandera,2
2016-03-02,Mandera,9
2016-03-03,Mandera,0
2016-03-04,Mandera,2
2016-03-05,Mandera,2
2016-03-06,Mandera,2
2016-03-07,Mandera,2
2016-03-08,Mandera,2
2016-03-09,Mandera,2
2016-03-10,Mandera,11
2016-03-11,Mandera,10
2016-03-12,Mandera,2
2016-03-13,Mandera,9
2016-03-14,Mandera,14
2016-03-15,Mandera,18
2016-03-16,Mandera,20
2016-03-17,Mandera,2
2016-03-18,Mandera,14
2016-03-19,Mandera,1
2016-03-20,Mandera,13
2016-03-21,Mandera,1
2016-03-22,Mandera,0
2016-03-23,Mandera,1
2016-03-24,Mandera,1
2016-03-25,Mandera,11
2016-03-26,Mandera,1
2016-03-27,Mandera,0
2016-03-28,Mandera,1
2016-03-29,Mandera,10
2016-03-30,Mandera,6
2016-03-31,Mandera,19
2016-04-01,Mandera,18
2016-04-02,Mandera,12
2016-04-03,Mandera,14
2016-04-04,Mandera,0
2016-04-05,Mandera,16
2016-04-06,Mandera,2
2016-04-07,Mandera,21
2016-04-08,Mandera,16
2016-04-09,Mandera,14
2016-04-10,Mandera,0
2016-04-11,Mandera,0
2016-04-12,Mandera,10
2016-04-13,Mandera,7
2016-04-14,Mandera,0
2016-04-15,Mandera,5
2016-04-16,Mandera,21
2016-04-17,Mandera,0
2016-04-18,Mandera,2
2016-04-19,Mandera,2
2016-04-20,Mandera,14
2016-04-21,Mandera,0
2016-04-22,Mandera,12
2016-04-23,Mandera,1
2016-04-24,Mandera,2
2016-04-25,Mandera,2
2016-04-26,Mandera,2
2016-04-27,Mandera,17
2016-04-28,Mandera,0
2016-04-29,Mandera,1
2016-04-30,Mandera,20
2016-05-01,Mandera,1
2016-05-02,Mandera,10
2016-05-03,Mandera,19
2016-05-04,Mandera,2
2016-05-05,Mandera,0
2016-05-06,Mandera,0
2016-05-07,Mandera,0
2016-05-08,Mandera,2
2016-05-09,Mandera,1
2016-05-10,Mandera,1
2016-05-11,Mandera,4
2016-05-12,Mandera,9
2016-05-13,Mandera,10
2016-05-14,Mandera,2
2016-05-15,Mandera,13
2016-05-16,Mandera,0
2016-05-17,Mandera,1
2016-05-18,Mandera,2
2016-05-19,Mandera,11
2016-05-20,Mandera,1
2016-05-21,Mandera,0
2016-05-22,Mandera,1
2016-05-23,Mandera,3
2016-05-24,Mandera,1
2016-05-25,Mandera,0
2016-05-26,Mandera,9
2016-05-27,Mandera,2
2016-05-28,Mandera,0
2016-05-29,Mandera,1
2016-05-30,Mandera,16
2016-05-31,Mandera,1
2016-06-01,Mandera,2
2016-06-02,Mandera,1
2016-06-03,Mandera,1
2016-06-04,Mandera,1
2016-06-05,Mandera,0
2016-06-06,Mandera,2
2016-06-07,Mandera,0
2016-06-08,Mandera,1
2016-06-09,Mandera,1
2016-06-10,Mandera,1
2016-06-11,Mandera,0
2016-06-12,Mandera,2
2016-06-13,Mandera,2
2016-06-14,Mandera,2
2016-06-15,Mandera,0
2016-06-16,Mandera,2
2016-06-17,Mandera,2
2016-06-18,Mandera,1
2016-06-19,Mandera,2
2016-06-20,Mandera,1
2016-06-21,Mandera,0
2016-06-22,Mandera,1
2016-06-23,Mandera,1
2016-06-24,Mandera,1
2016-06-25,Mandera,2
2016-06-26,Mandera,2
2016-06-27,Mandera,1
2016-06-28,Mandera,2
2016-06-29,Mandera,1
2016-06-30,Mandera,1
2016-07-01,Mandera,0
2016-07-02,Mandera,2
2016-07-03,Mandera,2
2016-07-04,Mandera,2
2016-07-05,Mandera,1
2016-07-06,Mandera,2
2016-07-07,Mandera,0
2016-07-08,Mandera,1
2016-07-09,Mandera,1
2016-07-10,Mandera,0
2016-07-11,Mandera,2
2016-07-12,Mandera,2
2016-07-13,Mandera,0
2016-07-14,Mandera,0
2016-07-15,Mandera,0
2016-07-16,Mandera,2
2016-07-17,Mandera,2
2016-07-18,Mandera,2
2016-07-19,Mandera,0
2016-07-20,Mandera,1
2016-07-21,Mandera,2
2016-07-22,Mandera,2
2016-07-23,Mandera,0
2016-07-24,Mandera,1
2016-07-25,Mandera,0
2016-07-26,Mandera,1
2016-07-27,Mandera,0
2016-07-28,Mandera,2
2016-07-29,Mandera,0
2016-07-30,Mandera,2
2016-07-31,Mandera,2
2016-08-01,Mandera,0
2016-08-02,Mandera,0
2016-08-03,Mandera,0
2016-08-04,Mandera,2
2016-08-05,Mandera,0
2016-08-06,Mandera,1
2016-08-07,Mandera,1
2016-08-08,Mandera,1
2016-08-09,Mandera,1
2016-08-10,Mandera,0
2016-08-11,Mandera,1
2016-08-12,Mandera,0
2016-08-13,Mandera,0
2016-08-14,Mandera,0
2016-08-15,Mandera,0
2016-08-16,Mandera,1
2016-08-17,Mandera,0
2016-08-18,Mandera,0
2016-08-19,Mandera,0
2016-08-20,Mandera,0
2016-08-21,Mandera,1
2016-08-22,Mandera,1
2016-08-23,Mandera,1
2016-08-24,Mandera,1
2016-08-25,Mandera,0
2016-08-26,Mandera,2
2016-08-27,Mandera,0
2016-08-28,Mandera,0
2016-08-29,Mandera,0
2016-08-30,Mandera,1
2016-08-31,Mandera,2
2016-09-01,Mandera,2
2016-09-02,Mandera,2
2016-09-03,Mandera,1
2016-09-04,Mandera,2
2016-09-05,Mandera,2
2016-09-06,Mandera,2
2016-09-07,Mandera,2
2016-09-08,Mandera,2
2016-09-09,Mandera,0
2016-09-10,Mandera,1
2016-09-11,Mandera,2
2016-09-12,Mandera,2
2016-09-13,Mandera,0
2016-09-14,Mandera,2
2016-09-15,Mandera,2
2016-09-16,Mandera,1
2016-09-17,Mandera,2
2016-09-18,Mandera,0
2016-09-19,Mandera,0
2016-09-20,Mandera,2
2016-09-21,Mandera,1
2016-09-22,Mandera,0
2016-09-23,Mandera,2
2016-09-24,Mandera,0
2016-09-25,Mandera,0
2016-09-26,Mandera,1
2016-09-27,Mandera,0
2016-09-28,Mandera,0
2016-09-29,Mandera,2
2016-09-30,Mandera,1
2016-10-01,Mandera,1
2015-01-01,Marsabit,0
2015-01-02,Marsabit,0
2015-01-03,Marsabit,2
2015-01-04,Marsabit,1
2015-01-05,Marsabit,0
2015-01-06,Marsabit,1
2015-01-07,Marsabit,1
2015-01-08,Marsabit,2
2015-01-09,Marsabit,2
2015-01-10,Marsabit,2
2015-01-11,Marsabit,0
2015-01-12,Marsabit,0
2015-01-13,Marsabit,2
2015-01-14,Marsabit,2
2015-01-15,Marsabit,0
2015-01-16,Marsabit,2
2015-01-17,Marsabit,1
2015-01-18,Marsabit,1
2015-01-19,Marsabit,2
2015-01-20,Marsabit,1
2015-01-21,Marsabit,1
2015-01-22,Marsabit,0
2015-01-23,Marsabit,0
2015-01-24,Marsabit,0
2015-01-25,Marsabit,1
2015-01-26,Marsabit,0
2015-01-27,Marsabit,1
2015-01-28,Marsabit,0
2015-01-29,Marsabit,0
2015-01-30,Marsabit,2
2015-01-31,Marsabit,0
2015-02-01,Marsabit,1
2015-02-02,Marsabit,1
2015-02-03,Marsabit,1
2015-02-04,Marsabit,2
2015-02-05,Marsabit,2
2015-02-06,Marsabit,2
2015-02-07,Marsabit,2
2015-02-08,Marsabit,0
2015-02-09,Marsabit,0
2015-02-10,Marsabit,0
2015-02-11,Marsabit,0
2015-02-12,Marsabit,2
2015-02-13,Marsabit,1
2015-02-14,Marsabit,0
2015-02-15,Marsabit,1
2015-02-16,Marsabit,0
2015-02-17,Marsabit,1
2015-02-18,Marsabit,0
2015-02-19,Marsabit,1
2015-02-20,Marsabit,1
2015-02-21,Marsabit,2
2015-02-22,Marsabit,1
2015-02-23,Marsabit,0
2015-02-24,Marsabit,1
2015-02-25,Marsabit,0
2015-02-26,Marsabit,1
2015-02-27,Marsabit,1
2015-02-28,Marsabit,2
2015-03-01,Marsabit,5
2015-03-02,Marsabit,14
2015-03-03,Marsabit,12
2015-03-04,Marsabit,16
2015-03-05,Marsabit,14
2015-03-06,Marsabit,2
2015-03-07,Marsabit,18
2015-03-08,Marsabit,8
2015-03-09,Marsabit,0
2015-03-10,Marsabit,1
2015-03-11,Marsabit,0
2015-03-12,Marsabit,2
2015-03-13,Marsabit,13
2015-03-14,Marsabit,9
2015-03-15,Marsabit,1
2015-03-16,Marsabit,1
2015-03-17,Marsabit,2
2015-03-18,Marsabit,11
2015-03-19,Marsabit,2
2015-03-20,Marsabit,10
2015-03-21,Marsabit,0
2015-03-22,Marsabit,5
2015-03-23,Marsabit,2
2015-03-24,Marsabit,20
2015-03-25,Marsabit,18
2015-03-26,Marsabit,1
2015-03-27,Marsabit,4
2015-03-28,Marsabit,7
2015-03-29,Marsabit,1
2015-03-30,Marsabit,0
2015-03-31,Marsabit,9
2015-04-01,Marsabit,6
2015-04-02,Marsabit,1
2015-04-03,Marsabit,7
2015-04-04,Marsabit,0
2015-04-05,Marsabit,16
2015-04-06,Marsabit,16
2015-04-07,Marsabit,0
2015-04-08,Marsabit,2
2015-04-09,Marsabit,16
2015-04-10,Marsabit,0
2015-04-11,Marsabit,1
2015-04-12,Marsabit,0
2015-04-13,Marsabit,13
2015-04-14,Marsabit,12
2015-04-15,Marsabit,10
2015-04-16,Marsabit,1
2015-04-17,Marsabit,11
2015-04-18,Marsabit,2
2015-04-19,Marsabit,0
2015-04-20,Marsabit,1
2015-04-21,Marsabit,10
2015-04-22,Marsabit,1
2015-04-23,Marsabit,10
2015-04-24,Marsabit,16
2015-04-25,Marsabit,0
2015-04-26,Marsabit,0
2015-04-27,Marsabit,1
2015-04-28,Marsabit,0
2015-04-29,Marsabit,10
2015-04-30,Marsabit,1
2015-05-01,Marsabit,0
2015-05-02,Marsabit,0
2015-05-03,Marsabit,2
2015-05-04,Marsabit,2
2015-05-05,Marsabit,15
2015-05-06,Marsabit,11
2015-05-07,Marsabit,8
2015-05-08,Marsabit,1
2015-05-09,Marsabit,15
2015-05-10,Marsabit,6
2015-05-11,Marsabit,14
2015-05-12,Marsabit,18
2015-05-13,Marsabit,16
2015-05-14,Marsabit,2
2015-05-15,Marsabit,0
2015-05-16,Marsabit,22
2015-05-17,Marsabit,7
2015-05-18,Marsabit,15
2015-05-19,Marsabit,12
2015-05-20,Marsabit,22
2015-05-21,Marsabit,2
2015-05-22,Marsabit,0
2015-05-23,Marsabit,13
2015-05-24,Marsabit,15
2015-05-25,Marsabit,0
2015-05-26,Marsabit,10
2015-05-27,Marsabit,9
2015-05-28,Marsabit,13
2015-05-29,Marsabit,1
2015-05-30,Marsabit,2
2015-05-31,Marsabit,13
2015-06-01,Marsabit,1
2015-06-02,Marsabit,2
2015-06-03,Marsabit,1
2015-06-04,Marsabit,0
2015-06-05,Marsabit,0
2015-06-06,Marsabit,1
2015-06-07,Marsabit,0
2015-06-08,Marsabit,2
2015-06-09,Marsabit,2
2015-06-10,Marsabit,0
2015-06-11,Marsabit,0
2015-06-12,Marsabit,0
2015-06-13,Marsabit,2
2015-06-14,Marsabit,2
2015-06-15,Marsabit,2
2015-06-16,Marsabit,1
2015-06-17,Marsabit,1
2015-06-18,Marsabit,0
2015-06-19,Marsabit,1
2015-06-20,Marsabit,1
2015-06-21,Marsabit,0
2015-06-22,Marsabit,1
2015-06-23,Marsabit,0
2015-06-24,Marsabit,2
2015-06-25,Marsabit,2
2015-06-26,Marsabit,2
2015-06-27,Marsabit,1
2015-06-28,Marsabit,1
2015-06-29,Marsabit,0
2015-06-30,Marsabit,0
2015-07-01,Marsabit,0
2015-07-02,Marsabit,1
2015-07-03,Marsabit,1
2015-07-04,Marsabit,1
2015-07-05,Marsabit,2
2015-07-06,Marsabit,1
2015-07-07,Marsabit,0
2015-07-08,Marsabit,0
2015-07-09,Marsabit,2
2015-07-10,Marsabit,0
2015-07-11,Marsabit,0
2015-07-12,Marsabit,0
2015-07-13,Marsabit,0
2015-07-14,Marsabit,2
2015-07-15,Marsabit,0
2015-07-16,Marsabit,1
2015-07-17,Marsabit,2
2015-07-18,Marsabit,1
2015-07-19,Marsabit,2
2015-07-20,Marsabit,2
2015-07-21,Marsabit,1
2015-07-22,Marsabit,2
2015-07-23,Marsabit,2
2015-07-24,Marsabit,0
2015-07-25,Marsabit,1
2015-07-26,Marsabit,2
2015-07-27,Marsabit,1
2015-07-28,Marsabit,2
2015-07-29,Marsabit,2
2015-07-30,Marsabit,0
2015-07-31,Marsabit,1
2015-08-01,Marsabit,0
2015-08-02,Marsabit,2
2015-08-03,Marsabit,1
2015-08-04,Marsabit,0
2015-08-05,Marsabit,1
2015-08-06,Marsabit,1
2015-08-07,Marsabit,0
2015-08-08,Marsabit,1
2015-08-09,Marsabit,1
2015-08-10,Marsabit,0
2015-08-11,Marsabit,1
2015-08-12,Marsabit,2
2015-08-13,Marsabit,1
2015-08-14,Marsabit,2
2015-08-15,Marsabit,2
2015-08-16,Marsabit,1
2015-08-17,Marsabit,0
2015-08-18,Marsabit,0
2015-08-19,Marsabit,1
2015-08-20,Marsabit,2
2015-08-21,Marsabit,0
2015-08-22,Marsabit,0
2015-08-23,Marsabit,2
2015-08-24,Marsabit,1
2015-08-25,Marsabit,2
2015-08-26,Marsabit,0
2015-08-27,Marsabit,1
2015-08-28,Marsabit,0
2015-08-29,Marsabit,2
2015-08-30,Marsabit,2
2015-08-31,Marsabit,0
2015-09-01,Marsabit,2
2015-09-02,Marsabit,2
2015-09-03,Marsabit,2
2015-09-04,Marsabit,2
2015-09-05,Marsabit,0
2015-09-06,Marsabit,2
2015-09-07,Marsabit,2
2015-09-08,Marsabit,0
2015-09-09,Marsabit,0
2015-09-10,Marsabit,1
2015-09-11,Marsabit,1
2015-09-12,Marsabit,0
2015-09-13,Marsabit,2
2015-09-14,Marsabit,2
2015-09-15,Marsabit,2
2015-09-16,Marsabit,2
2015-09-17,Marsabit,1
2015-09-18,Marsabit,2
2015-09-19,Marsabit,0
2015-09-20,Marsabit,2
2015-09-21,Marsabit,0
2015-09-22,Marsabit,1
2015-09-23,Marsabit,2
2015-09-24,Marsabit,2
2015-09-25,Marsabit,0
2015-09-26,Marsabit,1
2015-09-27,Marsabit,2
2015-09-28,Marsabit,0
2015-09-29,Marsabit,2
2015-09-30,Marsabit,1
2015-10-01,Marsabit,0
2015-10-02,Marsabit,1
2015-10-03,Marsabit,1
2015-10-04,Marsabit,1
2015-10-05,Marsabit,15
2015-10-06,Marsabit,1
2015-10-07,Marsabit,16
2015-10-08,Marsabit,0
2015-10-09,Marsabit,2
2015-10-10,Marsabit,2
2015-10-11,Marsabit,0
2015-10-12,Marsabit,2
2015-10-13,Marsabit,0
2015-10-14,Marsabit,0
2015-10-15,Marsabit,1
2015-10-16,Marsabit,1
2015-10-17,Marsabit,1
2015-10-18,Marsabit,16
2015-10-19,Marsabit,1
2015-10-20,Marsabit,2
2015-10-21,Marsabit,0
2015-10-22,Marsabit,2
2015-10-23,Marsabit,0
2015-10-24,Marsabit,2
2015-10-25,Marsabit,20
2015-10-26,Marsabit,0
2015-10-27,Marsabit,1
2015-10-28,Marsabit,2
2015-10-29,Marsabit,1
2015-10-30,Marsabit,1
2015-10-31,Marsabit,1
2015-11-01,Marsabit,1
2015-11-02,Marsabit,14
2015-11-03,Marsabit,0
2015-11-04,Marsabit,1
2015-11-05,Marsabit,2
2015-11-06,Marsabit,2
2015-11-07,Marsabit,1
2015-11-08,Marsabit,0
2015-11-09,Marsabit,13
2015-11-10,Marsabit,0
2015-11-11,Marsabit,2
2015-11-12,Marsabit,1
2015-11-13,Marsabit,2
2015-11-14,Marsabit,2
2015-11-15,Marsabit,1
2015-11-16,Marsabit,2
2015-11-17,Marsabit,1
2015-11-18,Marsabit,0
2015-11-19,Marsabit,0
2015-11-20,Marsabit,0
2015-11-21,Marsabit,2
2015-11-22,Marsabit,1
2015-11-23,Marsabit,0
2015-11-24,Marsabit,2
2015-11-25,Marsabit,1
2015-11-26,Marsabit,2
2015-11-27,Marsabit,0
2015-11-28,Marsabit,0
2015-11-29,Marsabit,0
2015-11-30,Marsabit,0
2015-12-01,Marsabit,1
2015-12-02,Marsabit,2
2015-12-03,Marsabit,2
2015-12-04,Marsabit,0
2015-12-05,Marsabit,1
2015-12-06,Marsabit,2
2015-12-07,Marsabit,2
2015-12-08,Marsabit,1
2015-12-09,Marsabit,1
2015-12-10,Marsabit,2
2015-12-11,Marsabit,2
2015-12-12,Marsabit,0
2015-12-13,Marsabit,0
2015-12-14,Marsabit,1
2015-12-15,Marsabit,0
2015-12-16,Marsabit,1
2015-12-17,Marsabit,1
2015-12-18,Marsabit,0
2015-12-19,Marsabit,2
2015-12-20,Marsabit,2
2015-12-21,Marsabit,0
2015-12-22,Marsabit,1
2015-12-23,Marsabit,0
2015-12-24,Marsabit,2
2015-12-25,Marsabit,0
2015-12-26,Marsabit,0
2015-12-27,Marsabit,1
2015-12-28,Marsabit,2
2015-12-29,Marsabit,0
2015-12-30,Marsabit,2
2015-12-31,Marsabit,2
2016-01-01,Marsabit,1
2016-01-02,Marsabit,1
2016-01-03,Marsabit,2
2016-01-04,Marsabit,2
2016-01-05,Marsabit,0
2016-01-06,Marsabit,0
2016-01-07,Marsabit,1
2016-01-08,Marsabit,1
2016-01-09,Marsabit,2
2016-01-10,Marsabit,1
2016-01-11,Marsabit,1
2016-01-12,Marsabit,0
2016-01-13,Marsabit,1
2016-01-14,Marsabit,0
2016-01-15,Marsabit,2
2016-01-16,Marsabit,1
2016-01-17,Marsabit,0
2016-01-18,Marsabit,0
2016-01-19,Marsabit,1
2016-01-20,Marsabit,1
2016-01-21,Marsabit,0
2016-01-22,Marsabit,0
2016-01-23,Marsabit,0
2016-01-24,Marsabit,2
2016-01-25,Marsabit,2
2016-01-26,Marsabit,1
2016-01-27,Marsabit,1
2016-01-28,Marsabit,2
2016-01-29,Marsabit,0
2016-01-30,Marsabit,0
2016-01-31,Marsabit,0
2016-02-01,Marsabit,1
2016-02-02,Marsabit,2
2016-02-03,Marsabit,1
2016-02-04,Marsabit,1
2016-02-05,Marsabit,1
2016-02-06,Marsabit,2
2016-02-07,Marsabit,0
2016-02-08,Marsabit,2
2016-02-09,Marsabit,0
2016-02-10,Marsabit,1
2016-02-11,Marsabit,1
2016-02-12,Marsabit,1
2016-02-13,Marsabit,0
2016-02-14,Marsabit,2
2016-02-15,Marsabit,0
2016-02-16,Marsabit,1
2016-02-17,Marsabit,2
2016-02-18,Marsabit,2
2016-02-19,Marsabit,2
2016-02-20,Marsabit,0
2016-02-21,Marsabit,0
2016-02-22,Marsabit,1
2016-02-23,Marsabit,1
2016-02-24,Marsabit,0
2016-02-25,Marsabit,0
2016-02-26,Marsabit,0
2016-02-27,Marsabit,1
2016-02-28,Marsabit,0
2016-02-29,Marsabit,2
2016-03-01,Marsabit,26
2016-03-02,Marsabit,16
2016-03-03,Marsabit,9
2016-03-04,Marsabit,1
2016-03-05,Marsabit,0
2016-03-06,Marsabit,18
2016-03-07,Marsabit,2
2016-03-08,Marsabit,8
2016-03-09,Marsabit,1
2016-03-10,Marsabit,1
2016-03-11,Marsabit,0
2016-03-12,Marsabit,9
2016-03-13,Marsabit,0
2016-03-14,Marsabit,18
2016-03-15,Marsabit,2
2016-03-16,Marsabit,2
2016-03-17,Marsabit,10
2016-03-18,Marsabit,19
2016-03-19,Marsabit,17
2016-03-20,Marsabit,0
2016-03-21,Marsabit,6
2016-03-22,Marsabit,12
2016-03-23,Marsabit,10
2016-03-24,Marsabit,0
2016-03-25,Marsabit,1
2016-03-26,Marsabit,1
2016-03-27,Marsabit,1
2016-03-28,Marsabit,24
2016-03-29,Marsabit,1
2016-03-30,Marsabit,20
2016-03-31,Marsabit,0
2016-04-01,Marsabit,16
2016-04-02,Marsabit,1
2016-04-03,Marsabit,1
2016-04-04,Marsabit,18
2016-04-05,Marsabit,1
2016-04-06,Marsabit,8
2016-04-07,Marsabit,6
2016-04-08,Marsabit,2
2016-04-09,Marsabit,2
2016-04-10,Marsabit,1
2016-04-11,Marsabit,1
2016-04-12,Marsabit,3
2016-04-13,Marsabit,0
2016-04-14,Marsabit,2
2016-04-15,Marsabit,1
2016-04-16,Marsabit,9
2016-04-17,Marsabit,14
2016-04-18,Marsabit,2
2016-04-19,Marsabit,9
2016-04-20,Marsabit,0
2016-04-21,Marsabit,0
2016-04-22,Marsabit,11
2016-04-23,Marsabit,2
2016-04-24,Marsabit,14
2016-04-25,Marsabit,12
2016-04-26,Marsabit,1
2016-04-27,Marsabit,14
2016-04-28,Marsabit,2
2016-04-29,Marsabit,1
2016-04-30,Marsabit,19
2016-05-01,Marsabit,0
2016-05-02,Marsabit,1
2016-05-03,Marsabit,11
2016-05-04,Marsabit,0
2016-05-05,Marsabit,2
2016-05-06,Marsabit,0
2016-05-07,Marsabit,18
2016-05-08,Marsabit,13
2016-05-09,Marsabit,12
2016-05-10,Marsabit,16
2016-05-11,Marsabit,12
2016-05-12,Marsabit,2
2016-05-13,Marsabit,2
2016-05-14,Marsabit,9
2016-05-15,Marsabit,22
2016-05-16,Marsabit,8
2016-05-17,Marsabit,0
2016-05-18,Marsabit,0
2016-05-19,Marsabit,1
2016-05-20,Marsabit,1
2016-05-21,Marsabit,16
2016-05-22,Marsabit,13
2016-05-23,Marsabit,1
2016-05-24,Marsabit,16
2016-05-25,Marsabit,14
2016-05-26,Marsabit,13
2016-05-27,Marsabit,0
2016-05-28,Marsabit,17
2016-05-29,Marsabit,0
2016-05-30,Marsabit,1
2016-05-31,Marsabit,11
2016-06-01,Marsabit,0
2016-06-02,Marsabit,0
2016-06-03,Marsabit,0
2016-06-04,Marsabit,2
2016-06-05,Marsabit,0
2016-06-06,Marsabit,2
2016-06-07,Marsabit,1
2016-06-08,Marsabit,0
2016-06-09,Marsabit,2
2016-06-10,Marsabit,1
2016-06-11,Marsabit,1
2016-06-12,Marsabit,1
2016-06-13,Marsabit,2
2016-06-14,Marsabit,0
2016-06-15,Marsabit,2
2016-06-16,Marsabit,1
2016-06-17,Marsabit,0
2016-06-18,Marsabit,2
2016-06-19,Marsabit,0
2016-06-20,Marsabit,2
2016-06-21,Marsabit,2
2016-06-22,Marsabit,2
2016-06-23,Marsabit,1
2016-06-24,Marsabit,2
2016-06-25,Marsabit,2
2016-06-26,Marsabit,2
2016-06-27,Marsabit,1
2016-06-28,Marsabit,2
2016-06-29,Marsabit,0
2016-06-30,Marsabit,0
2016-07-01,Marsabit,2
2016-07-02,Marsabit,0
2016-07-03,Marsabit,1
2016-07-04,Marsabit,0
2016-07-05,Marsabit,1
2016-07-06,Marsabit,2
2016-07-07,Marsabit,1
2016-07-08,Marsabit,2
2016-07-09,Marsabit,1
2016-07-10,Marsabit,2
2016-07-11,Marsabit,1
2016-07-12,Marsabit,2
2016-07-13,Marsabit,0
2016-07-14,Marsabit,2
2016-07-15,Marsabit,0
2016-07-16,Marsabit,0
2016-07-17,Marsabit,1
2016-07-18,Marsabit,1
2016-07-19,Marsabit,2
2016-07-20,Marsabit,2
2016-07-21,Marsabit,1
2016-07-22,Marsabit,0
2016-07-23,Marsabit,0
2016-07-24,Marsabit,2
2016-07-25,Marsabit,1
2016-07-26,Marsabit,1
2016-07-27,Marsabit,0
2016-07-28,Marsabit,0
2016-07-29,Marsabit,2
2016-07-30,Marsabit,2
2016-07-31,Marsabit,2
2016-08-01,Marsabit,0
2016-08-02,Marsabit,2
2016-08-03,Marsabit,0
2016-08-04,Marsabit,0
2016-08-05,Marsabit,0
2016-08-06,Marsabit,2
2016-08-07,Marsabit,2
2016-08-08,Marsabit,2
2016-08-09,Marsabit,0
2016-08-10,Marsabit,2
2016-08-11,Marsabit,0
2016-08-12,Marsabit,1
2016-08-13,Marsabit,0
2016-08-14,Marsabit,0
2016-08-15,Marsabit,0
2016-08-16,Marsabit,2
2016-08-17,Marsabit,2
2016-08-18,Marsabit,0
2016-08-19,Marsabit,1
2016-08-20,Marsabit,2
2016-08-21,Marsabit,0
2016-08-22,Marsabit,0
2016-08-23,Marsabit,2
2016-08-24,Marsabit,1
2016-08-25,Marsabit,1
2016-08-26,Marsabit,0
2016-08-27,Marsabit,0
2016-08-28,Marsabit,0
2016-08-29,Marsabit,0
2016-08-30,Marsabit,1
2016-08-31,Marsabit,0
2016-09-01,Marsabit,0
2016-09-02,Marsabit,2
2016-09-03,Marsabit,1
2016-09-04,Marsabit,0
2016-09-05,Marsabit,0
2016-09-06,Marsabit,0
2016-09-07,Marsabit,1
2016-09-08,Marsabit,0
2016-09-09,Marsabit,1
2016-09-10,Marsabit,0
2016-09-11,Marsabit,0
2016-09-12,Marsabit,1
2016-09-13,Marsabit,2
2016-09-14,Marsabit,1
2016-09-15,Marsabit,1
2016-09-16,Marsabit,2
2016-09-17,Marsabit,2
2016-09-18,Marsabit,2
2016-09-19,Marsabit,0
2016-09-20,Marsabit,1
2016-09-21,Marsabit,2
2016-09-22,Marsabit,2
2016-09-23,Marsabit,0
2016-09-24,Marsabit,0
2016-09-25,Marsabit,0
2016-09-26,Marsabit,0
2016-09-27,Marsabit,0
2016-09-28,Marsabit,1
2016-09-29,Marsabit,0
2016-09-30,Marsabit,0
2016-10-01,Marsabit,15
2015-01-01,Isiolo,0
2015-01-02,Isiolo,1
2015-01-03,Isiolo,2
2015-01-04,Isiolo,0
2015-01-05,Isiolo,0
2015-01-06,Isiolo,0
2015-01-07,Isiolo,1
2015-01-08,Isiolo,0
2015-01-09,Isiolo,2
2015-01-10,Isiolo,2
2015-01-11,Isiolo,2
2015-01-12,Isiolo,0
2015-01-13,Isiolo,2
2015-01-14,Isiolo,1
2015-01-15,Isiolo,0
2015-01-16,Isiolo,0
2015-01-17,Isiolo,2
2015-01-18,Isiolo,2
2015-01-19,Isiolo,0
2015-01-20,Isiolo,2
2015-01-21,Isiolo,2
2015-01-22,Isiolo,0
2015-01-23,Isiolo,2
2015-01-24,Isiolo,0
2015-01-25,Isiolo,1
2015-01-26,Isiolo,2
2015-01-27,Isiolo,2
2015-01-28,Isiolo,0
2015-01-29,Isiolo,2
2015-01-30,Isiolo,0
2015-01-31,Isiolo,1
2015-02-01,Isiolo,2
2015-02-02,Isiolo,2
2015-02-03,Isiolo,0
2015-02-04,Isiolo,1
2015-02-05,Isiolo,0
2015-02-06,Isiolo,0
2015-02-07,Isiolo,2
2015-02-08,Isiolo,2
2015-02-09,Isiolo,0
2015-02-10,Isiolo,2
2015-02-11,Isiolo,1
2015-02-12,Isiolo,2
2015-02-13,Isiolo,2
2015-02-14,Isiolo,1
2015-02-15,Isiolo,1
2015-02-16,Isiolo,0
2015-02-17,Isiolo,1
2015-02-18,Isiolo,0
2015-02-19,Isiolo,1
2015-02-20,Isiolo,1
2015-02-21,Isiolo,2
2015-02-22,Isiolo,2
2015-02-23,Isiolo,1
2015-02-24,Isiolo,0
2015-02-25,Isiolo,2
2015-02-26,Isiolo,0
2015-02-27,Isiolo,2
2015-02-28,Isiolo,0
2015-03-01,Isiolo,1
2015-03-02,Isiolo,2
2015-03-03,Isiolo,12
2015-03-04,Isiolo,6
2015-03-05,Isiolo,0
2015-03-06,Isiolo,2
2015-03-07,Isiolo,0
2015-03-08,Isiolo,1
2015-03-09,Isiolo,0
2015-03-10,Isiolo,2
2015-03-11,Isiolo,2
2015-03-12,Isiolo,19
2015-03-13,Isiolo,1
2015-03-14,Isiolo,9
2015-03-15,Isiolo,15
2015-03-16,Isiolo,18
2015-03-17,Isiolo,13
2015-03-18,Isiolo,1
2015-03-19,Isiolo,8
2015-03-20,Isiolo,18
2015-03-21,Isiolo,2
2015-03-22,Isiolo,17
2015-03-23,Isiolo,1
2015-03-24,Isiolo,1
2015-03-25,Isiolo,6
2015-03-26,Isiolo,21
2015-03-27,Isiolo,1
2015-03-28,Isiolo,2
2015-03-29,Isiolo,0
2015-03-30,Isiolo,18
2015-03-31,Isiolo,2
2015-04-01,Isiolo,0
2015-04-02,Isiolo,15
2015-04-03,Isiolo,2
2015-04-04,Isiolo,5
2015-04-05,Isiolo,0
2015-04-06,Isiolo,2
2015-04-07,Isiolo,14
2015-04-08,Isiolo,1
2015-04-09,Isiolo,17
2015-04-10,Isiolo,13
2015-04-11,Isiolo,1
2015-04-12,Isiolo,1
2015-04-13,Isiolo,11
2015-04-14,Isiolo,0
2015-04-15,Isiolo,19
2015-04-16,Isiolo,1
2015-04-17,Isiolo,1
2015-04-18,Isiolo,1
2015-04-19,Isiolo,1
2015-04-20,Isiolo,2
2015-04-21,Isiolo,6
2015-04-22,Isiolo,7
2015-04-23,Isiolo,37
2015-04-24,Isiolo,1
2015-04-25,Isiolo,7
2015-04-26,Isiolo,2
2015-04-27,Isiolo,25
2015-04-28,Isiolo,0
2015-04-29,Isiolo,0
2015-04-30,Isiolo,15
2015-05-01,Isiolo,15
2015-05-02,Isiolo,18
2015-05-03,Isiolo,18
2015-05-04,Isiolo,20
2015-05-05,Isiolo,24
2015-05-06,Isiolo,0
2015-05-07,Isiolo,7
2015-05-08,Isiolo,6
2015-05-09,Isiolo,18
2015-05-10,Isiolo,7
2015-05-11,Isiolo,15
2015-05-12,Isiolo,17
2015-05-13,Isiolo,1
2015-05-14,Isiolo,0
2015-05-15,Isiolo,0
2015-05-16,Isiolo,2
2015-05-17,Isiolo,2
2015-05-18,Isiolo,6
2015-05-19,Isiolo,8
2015-05-20,Isiolo,1
2015-05-21,Isiolo,2
2015-05-22,Isiolo,0
2015-05-23,Isiolo,0
2015-05-24,Isiolo,15
2015-05-25,Isiolo,0
2015-05-26,Isiolo,14
2015-05-27,Isiolo,15
2015-05-28,Isiolo,19
2015-05-29,Isiolo,12
2015-05-30,Isiolo,10
2015-05-31,Isiolo,3
2015-06-01,Isiolo,1
2015-06-02,Isiolo,1
2015-06-03,Isiolo,0
2015-06-04,Isiolo,1
2015-06-05,Isiolo,1
2015-06-06,Isiolo,0
2015-06-07,Isiolo,1
2015-06-08,Isiolo,1
2015-06-09,Isiolo,2
2015-06-10,Isiolo,2
2015-06-11,Isiolo,1
2015-06-12,Isiolo,0
2015-06-13,Isiolo,2
2015-06-14,Isiolo,0
2015-06-15,Isiolo,0
2015-06-16,Isiolo,0
2015-06-17,Isiolo,0
2015-06-18,Isiolo,1
2015-06-19,Isiolo,2
2015-06-20,Isiolo,1
2015-06-21,Isiolo,0
2015-06-22,Isiolo,0
2015-06-23,Isiolo,2
2015-06-24,Isiolo,1
2015-06-25,Isiolo,2
2015-06-26,Isiolo,0
2015-06-27,Isiolo,0
2015-06-28,Isiolo,2
2015-06-29,Isiolo,1
2015-06-30,Isiolo,0
2015-07-01,Isiolo,2
2015-07-02,Isiolo,2
2015-07-03,Isiolo,0
2015-07-04,Isiolo,0
2015-07-05,Isiolo,0
2015-07-06,Isiolo,1
2015-07-07,Isiolo,2
2015-07-08,Isiolo,2
2015-07-09,Isiolo,1
2015-07-10,Isiolo,1
2015-07-11,Isiolo,2
2015-07-12,Isiolo,0
2015-07-13,Isiolo,0
2015-07-14,Isiolo,2
2015-07-15,Isiolo,1
2015-07-16,Isiolo,0
2015-07-17,Isiolo,2
2015-07-18,Isiolo,1
2015-07-19,Isiolo,1
2015-07-20,Isiolo,0
2015-07-21,Isiolo,2
2015-07-22,Isiolo,0
2015-07-23,Isiolo,0
2015-07-24,Isiolo,0
2015-07-25,Isiolo,2
2015-07-26,Isiolo,1
2015-07-27,Isiolo,0
2015-07-28,Isiolo,2
2015-07-29,Isiolo,2
2015-07-30,Isiolo,1
2015-07-31,Isiolo,0
2015-08-01,Isiolo,0
2015-08-02,Isiolo,1
2015-08-03,Isiolo,0
2015-08-04,Isiolo,1
2015-08-05,Isiolo,0
2015-08-06,Isiolo,2
2015-08-07,Isiolo,1
2015-08-08,Isiolo,0
2015-08-09,Isiolo,2
2015-08-10,Isiolo,0
2015-08-11,Isiolo,1
2015-08-12,Isiolo,1
2015-08-13,Isiolo,0
2015-08-14,Isiolo,0
2015-08-15,Isiolo,2
2015-08-16,Isiolo,1
2015-08-17,Isiolo,2
2015-08-18,Isiolo,1
2015-08-19,Isiolo,0
2015-08-20,Isiolo,2
2015-08-21,Isiolo,0
2015-08-22,Isiolo,2
2015-08-23,Isiolo,2
2015-08-24,Isiolo,2
2015-08-25,Isiolo,0
2015-08-26,Isiolo,0
2015-08-27,Isiolo,1
2015-08-28,Isiolo,0
2015-08-29,Isiolo,2
2015-08-30,Isiolo,1
2015-08-31,Isiolo,0
2015-09-01,Isiolo,1
2015-09-02,Isiolo,2
2015-09-03,Isiolo,1
2015-09-04,Isiolo,0
2015-09-05,Isiolo,0
2015-09-06,Isiolo,0
2015-09-07,Isiolo,1
2015-09-08,Isiolo,1
2015-09-09,Isiolo,2
2015-09-10,Isiolo,0
2015-09-11,Isiolo,0
2015-09-12,Isiolo,2
2015-09-13,Isiolo,2
2015-09-14,Isiolo,2
2015-09-15,Isiolo,1
2015-09-16,Isiolo,0
2015-09-17,Isiolo,0
2015-09-18,Isiolo,0
2015-09-19,Isiolo,2
2015-09-20,Isiolo,0
2015-09-21,Isiolo,1
2015-09-22,Isiolo,0
2015-09-23,Isiolo,0
2015-09-24,Isiolo,0
2015-09-25,Isiolo,0
2015-09-26,Isiolo,0
2015-09-27,Isiolo,0
2015-09-28,Isiolo,1
2015-09-29,Isiolo,2
2015-09-30,Isiolo,1
2015-10-01,Isiolo,1
2015-10-02,Isiolo,0
2015-10-03,Isiolo,2
2015-10-04,Isiolo,8
2015-10-05,Isiolo,0
2015-10-06,Isiolo,1
2015-10-07,Isiolo,2
2015-10-08,Isiolo,1
2015-10-09,Isiolo,1
2015-10-10,Isiolo,1
2015-10-11,Isiolo,2
2015-10-12,Isiolo,2
2015-10-13,Isiolo,1
2015-10-14,Isiolo,12
2015-10-15,Isiolo,1
2015-10-16,Isiolo,0
2015-10-17,Isiolo,0
2015-10-18,Isiolo,1
2015-10-19,Isiolo,18
2015-10-20,Isiolo,0
2015-10-21,Isiolo,0
2015-10-22,Isiolo,2
2015-10-23,Isiolo,1
2015-10-24,Isiolo,0
2015-10-25,Isiolo,0
2015-10-26,Isiolo,1
2015-10-27,Isiolo,1
2015-10-28,Isiolo,10
2015-10-29,Isiolo,2
2015-10-30,Isiolo,0
2015-10-31,Isiolo,0
2015-11-01,Isiolo,0
2015-11-02,Isiolo,1
2015-11-03,Isiolo,1
2015-11-04,Isiolo,1
2015-11-05,Isiolo,0
2015-11-06,Isiolo,2
2015-11-07,Isiolo,1
2015-11-08,Isiolo,2
2015-11-09,Isiolo,2
2015-11-10,Isiolo,0
2015-11-11,Isiolo,0
2015-11-12,Isiolo,0
2015-11-13,Isiolo,2
2015-11-14,Isiolo,1
2015-11-15,Isiolo,2
2015-11-16,Isiolo,0
2015-11-17,Isiolo,0
2015-11-18,Isiolo,0
2015-11-19,Isiolo,0
2015-11-20,Isiolo,2
2015-11-21,Isiolo,1
2015-11-22,Isiolo,2
2015-11-23,Isiolo,0
2015-11-24,Isiolo,2
2015-11-25,Isiolo,1
2015-11-26,Isiolo,1
2015-11-27,Isiolo,15
2015-11-28,Isiolo,1
2015-11-29,Isiolo,16
2015-11-30,Isiolo,0
2015-12-01,Isiolo,1
2015-12-02,Isiolo,2
2015-12-03,Isiolo,0
2015-12-04,Isiolo,0
2015-12-05,Isiolo,2
2015-12-06,Isiolo,1
2015-12-07,Isiolo,1
2015-12-08,Isiolo,0
2015-12-09,Isiolo,0
2015-12-10,Isiolo,2
2015-12-11,Isiolo,2
2015-12-12,Isiolo,2
2015-12-13,Isiolo,1
2015-12-14,Isiolo,0
2015-12-15,Isiolo,0
2015-12-16,Isiolo,2
2015-12-17,Isiolo,0
2015-12-18,Isiolo,1
2015-12-19,Isiolo,2
2015-12-20,Isiolo,1
2015-12-21,Isiolo,1
2015-12-22,Isiolo,1
2015-12-23,Isiolo,1
2015-12-24,Isiolo,1
2015-12-25,Isiolo,2
2015-12-26,Isiolo,1
2015-12-27,Isiolo,1
2015-12-28,Isiolo,0
2015-12-29,Isiolo,2
2015-12-30,Isiolo,0
2015-12-31,Isiolo,1
2016-01-01,Isiolo,1
2016-01-02,Isiolo,2
2016-01-03,Isiolo,0
2016-01-04,Isiolo,1
2016-01-05,Isiolo,1
2016-01-06,Isiolo,0
2016-01-07,Isiolo,0
2016-01-08,Isiolo,1
2016-01-09,Isiolo,0
2016-01-10,Isiolo,1
2016-01-11,Isiolo,2
2016-01-12,Isiolo,2
2016-01-13,Isiolo,1
2016-01-14,Isiolo,1
2016-01-15,Isiolo,1
2016-01-16,Isiolo,2
2016-01-17,Isiolo,2
2016-01-18,Isiolo,1
2016-01-19,Isiolo,1
2016-01-20,Isiolo,1
2016-01-21,Isiolo,2
2016-01-22,Isiolo,0
2016-01-23,Isiolo,0
2016-01-24,Isiolo,2
2016-01-25,Isiolo,0
2016-01-26,Isiolo,0
2016-01-27,Isiolo,2
2016-01-28,Isiolo,1
2016-01-29,Isiolo,1
2016-01-30,Isiolo,0
2016-01-31,Isiolo,1
2016-02-01,Isiolo,1
2016-02-02,Isiolo,2
2016-02-03,Isiolo,2
2016-02-04,Isiolo,1
2016-02-05,Isiolo,1
2016-02-06,Isiolo,0
2016-02-07,Isiolo,0
2016-02-08,Isiolo,1
2016-02-09,Isiolo,1
2016-02-10,Isiolo,1
2016-02-11,Isiolo,2
2016-02-12,Isiolo,2
2016-02-13,Isiolo,2
2016-02-14,Isiolo,2
2016-02-15,Isiolo,2
2016-02-16,Isiolo,2
2016-02-17,Isiolo,1
2016-02-18,Isiolo,2
2016-02-19,Isiolo,0
2016-02-20,Isiolo,2
2016-02-21,Isiolo,2
2016-02-22,Isiolo,2
2016-02-23,Isiolo,0
2016-02-24,Isiolo,0
2016-02-25,Isiolo,1
2016-02-26,Isiolo,2
2016-02-27,Isiolo,1
2016-02-28,Isiolo,0
2016-02-29,Isiolo,2
2016-03-01,Isiolo,15
2016-03-02,Isiolo,2
2016-03-03,Isiolo,2
2016-03-04,Isiolo,9
2016-03-05,Isiolo,1
2016-03-06,Isiolo,2
2016-03-07,Isiolo,0
2016-03-08,Isiolo,2
2016-03-09,Isiolo,1
2016-03-10,Isiolo,17
2016-03-11,Isiolo,23
2016-03-12,Isiolo,17
2016-03-13,Isiolo,1
2016-03-14,Isiolo,18
2016-03-15,Isiolo,2
2016-03-16,Isiolo,2
2016-03-17,Isiolo,1
2016-03-18,Isiolo,2
2016-03-19,Isiolo,9
2016-03-20,Isiolo,2
2016-03-21,Isiolo,0
2016-03-22,Isiolo,2
2016-03-23,Isiolo,2
2016-03-24,Isiolo,25
2016-03-25,Isiolo,14
2016-03-26,Isiolo,16
2016-03-27,Isiolo,7
2016-03-28,Isiolo,2
2016-03-29,Isiolo,1
2016-03-30,Isiolo,11
2016-03-31,Isiolo,2
2016-04-01,Isiolo,1
2016-04-02,Isiolo,0
2016-04-03,Isiolo,1
2016-04-04,Isiolo,0
2016-04-05,Isiolo,1
2016-04-06,Isiolo,20
2016-04-07,Isiolo,19
2016-04-08,Isiolo,2
2016-04-09,Isiolo,2
2016-04-10,Isiolo,1
2016-04-11,Isiolo,9
2016-04-12,Isiolo,11
2016-04-13,Isiolo,15
2016-04-14,Isiolo,1
2016-04-15,Isiolo,2
2016-04-16,Isiolo,0
2016-04-17,Isiolo,1
2016-04-18,Isiolo,7
2016-04-19,Isiolo,2
2016-04-20,Isiolo,18
2016-04-21,Isiolo,2
2016-04-22,Isiolo,10
2016-04-23,Isiolo,21
2016-04-24,Isiolo,2
2016-04-25,Isiolo,13
2016-04-26,Isiolo,0
2016-04-27,Isiolo,0
2016-04-28,Isiolo,23
2016-04-29,Isiolo,19
2016-04-30,Isiolo,2
2016-05-01,Isiolo,15
2016-05-02,Isiolo,0
2016-05-03,Isiolo,2
2016-05-04,Isiolo,13
2016-05-05,Isiolo,0
2016-05-06,Isiolo,1
2016-05-07,Isiolo,1
2016-05-08,Isiolo,16
2016-05-09,Isiolo,0
2016-05-10,Isiolo,7
2016-05-11,Isiolo,0
2016-05-12,Isiolo,5
2016-05-13,Isiolo,1
2016-05-14,Isiolo,1
2016-05-15,Isiolo,0
2016-05-16,Isiolo,13
2016-05-17,Isiolo,1
2016-05-18,Isiolo,1
2016-05-19,Isiolo,11
2016-05-20,Isiolo,24
2016-05-21,Isiolo,2
2016-05-22,Isiolo,20
2016-05-23,Isiolo,2
2016-05-24,Isiolo,2
2016-05-25,Isiolo,1
2016-05-26,Isiolo,0
2016-05-27,Isiolo,0
2016-05-28,Isiolo,2
2016-05-29,Isiolo,6
2016-05-30,Isiolo,1
2016-05-31,Isiolo,11
2016-06-01,Isiolo,0
2016-06-02,Isiolo,0
2016-06-03,Isiolo,2
2016-06-04,Isiolo,0
2016-06-05,Isiolo,0
2016-06-06,Isiolo,2
2016-06-07,Isiolo,2
2016-06-08,Isiolo,0
2016-06-09,Isiolo,0
2016-06-10,Isiolo,1
2016-06-11,Isiolo,2
2016-06-12,Isiolo,1
2016-06-13,Isiolo,2
2016-06-14,Isiolo,0
2016-06-15,Isiolo,0
2016-06-16,Isiolo,2
2016-06-17,Isiolo,1
2016-06-18,Isiolo,2
2016-06-19,Isiolo,1
2016-06-20,Isiolo,1
2016-06-21,Isiolo,1
2016-06-22,Isiolo,2
2016-06-23,Isiolo,0
2016-06-24,Isiolo,0
2016-06-25,Isiolo,2
2016-06-26,Isiolo,2
2016-06-27,Isiolo,2
2016-06-28,Isiolo,2
2016-06-29,Isiolo,1
2016-06-30,Isiolo,1
2016-07-01,Isiolo,0
2016-07-02,Isiolo,0
2016-07-03,Isiolo,0
2016-07-04,Isiolo,2
2016-07-05,Isiolo,1
2016-07-06,Isiolo,2
2016-07-07,Isiolo,0
2016-07-08,Isiolo,0
2016-07-09,Isiolo,1
2016-07-10,Isiolo,2
2016-07-11,Isiolo,1
2016-07-12,Isiolo,0
2016-07-13,Isiolo,0
2016-07-14,Isiolo,0
2016-07-15,Isiolo,0
2016-07-16,Isiolo,1
2016-07-17,Isiolo,0
2016-07-18,Isiolo,1
2016-07-19,Isiolo,0
2016-07-20,Isiolo,0
2016-07-21,Isiolo,1
2016-07-22,Isiolo,1
2016-07-23,Isiolo,1
2016-07-24,Isiolo,2
2016-07-25,Isiolo,1
2016-07-26,Isiolo,2
2016-07-27,Isiolo,1
2016-07-28,Isiolo,2
2016-07-29,Isiolo,2
2016-07-30,Isiolo,2
2016-07-31,Isiolo,0
2016-08-01,Isiolo,2
2016-08-02,Isiolo,0
2016-08-03,Isiolo,0
2016-08-04,Isiolo,0
2016-08-05,Isiolo,2
2016-08-06,Isiolo,1
2016-08-07,Isiolo,2
2016-08-08,Isiolo,0
2016-08-09,Isiolo,2
2016-08-10,Isiolo,0
2016-08-11,Isiolo,0
2016-08-12,Isiolo,2
2016-08-13,Isiolo,0
2016-08-14,Isiolo,0
2016-08-15,Isiolo,1
2016-08-16,Isiolo,1
2016-08-17,Isiolo,0
2016-08-18,Isiolo,2
2016-08-19,Isiolo,1
2016-08-20,Isiolo,2
2016-08-21,Isiolo,0
2016-08-22,Isiolo,0
2016-08-23,Isiolo,1
2016-08-24,Isiolo,0
2016-08-25,Isiolo,1
2016-08-26,Isiolo,2
2016-08-27,Isiolo,1
2016-08-28,Isiolo,2
2016-08-29,Isiolo,0
2016-08-30,Isiolo,0
2016-08-31,Isiolo,2
2016-09-01,Isiolo,0
2016-09-02,Isiolo,1
2016-09-03,Isiolo,2
2016-09-04,Isiolo,0
2016-09-05,Isiolo,1
2016-09-06,Isiolo,1
2016-09-07,Isiolo,2
2016-09-08,Isiolo,0
2016-09-09,Isiolo,1
2016-09-10,Isiolo,1
2016-09-11,Isiolo,2
2016-09-12,Isiolo,2
2016-09-13,Isiolo,2
2016-09-14,Isiolo,2
2016-09-15,Isiolo,1
2016-09-16,Isiolo,1
2016-09-17,Isiolo,1
2016-09-18,Isiolo,2
2016-09-19,Isiolo,0
2016-09-20,Isiolo,2
2016-09-21,Isiolo,1
2016-09-22,Isiolo,1
2016-09-23,Isiolo,0
2016-09-24,Isiolo,0
2016-09-25,Isiolo,0
2016-09-26,Isiolo,1
2016-09-27,Isiolo,2
2016-09-28,Isiolo,2
2016-09-29,Isiolo,1
2016-09-30,Isiolo,1
2016-10-01,Isiolo,8
2015-01-01,Meru,0
2015-01-02,Meru,2
2015-01-03,Meru,0
2015-01-04,Meru,0
2015-01-05,Meru,1
2015-01-06,Meru,2
2015-01-07,Meru,0
2015-01-08,Meru,1
2015-01-09,Meru,1
2015-01-10,Meru,2
2015-01-11,Meru,2
2015-01-12,Meru,2
2015-01-13,Meru,1
2015-01-14,Meru,0
2015-01-15,Meru,0
2015-01-16,Meru,0
2015-01-17,Meru,1
2015-01-18,Meru,0
2015-01-19,Meru,0
2015-01-20,Meru,0
2015-01-21,Meru,0
2015-01-22,Meru,1
2015-01-23,Meru,0
2015-01-24,Meru,2
2015-01-25,Meru,1
2015-01-26,Meru,0
2015-01-27,Meru,2
2015-01-28,Meru,0
2015-01-29,Meru,1
2015-01-30,Meru,0
2015-01-31,Meru,2
2015-02-01,Meru,2
2015-02-02,Meru,2
2015-02-03,Meru,2
2015-02-04,Meru,1
2015-02-05,Meru,2
2015-02-06,Meru,0
2015-02-07,Meru,1
2015-02-08,Meru,1
2015-02-09,Meru,0
2015-02-10,Meru,2
2015-02-11,Meru,2
2015-02-12,Meru,1
2015-02-13,Meru,1
2015-02-14,Meru,1
2015-02-15,Meru,0
2015-02-16,Meru,2
2015-02-17,Meru,0
2015-02-18,Meru,2
2015-02-19,Meru,0
2015-02-20,Meru,1
2015-02-21,Meru,0
2015-02-22,Meru,0
2015-02-23,Meru,1
2015-02-24,Meru,1
2015-02-25,Meru,1
2015-02-26,Meru,0
2015-02-27,Meru,0
2015-02-28,Meru,1
2015-03-01,Meru,1
2015-03-02,Meru,8
2015-03-03,Meru,0
2015-03-04,Meru,14
2015-03-05,Meru,0
2015-03-06,Meru,12
2015-03-07,Meru,19
2015-03-08,Meru,0
2015-03-09,Meru,0
2015-03-10,Meru,1
2015-03-11,Meru,1
2015-03-12,Meru,0
2015-03-13,Meru,2
2015-03-14,Meru,2
2015-03-15,Meru,7
2015-03-16,Meru,1
2015-03-17,Meru,16
2015-03-18,Meru,2
2015-03-19,Meru,1
2015-03-20,Meru,8
2015-03-21,Meru,0
2015-03-22,Meru,0
2015-03-23,Meru,2
2015-03-24,Meru,1
2015-03-25,Meru,13
2015-03-26,Meru,0
2015-03-27,Meru,0
2015-03-28,Meru,0
2015-03-29,Meru,0
2015-03-30,Meru,9
2015-03-31,Meru,21
2015-04-01,Meru,12
2015-04-02,Meru,19
2015-04-03,Meru,17
2015-04-04,Meru,0
2015-04-05,Meru,1
2015-04-06,Meru,12
2015-04-07,Meru,15
2015-04-08,Meru,0
2015-04-09,Meru,0
2015-04-10,Meru,1
2015-04-11,Meru,9
2015-04-12,Meru,13
2015-04-13,Meru,0
2015-04-14,Meru,10
2015-04-15,Meru,5
2015-04-16,Meru,8
2015-04-17,Meru,2
2015-04-18,Meru,20
2015-04-19,Meru,16
2015-04-20,Meru,0
2015-04-21,Meru,2
2015-04-22,Meru,0
2015-04-23,Meru,12
2015-04-24,Meru,1
2015-04-25,Meru,20
2015-04-26,Meru,14
2015-04-27,Meru,23
2015-04-28,Meru,0
2015-04-29,Meru,0
2015-04-30,Meru,21
2015-05-01,Meru,0
2015-05-02,Meru,0
2015-05-03,Meru,6
2015-05-04,Meru,1
2015-05-05,Meru,0
2015-05-06,Meru,2
2015-05-07,Meru,0
2015-05-08,Meru,13
2015-05-09,Meru,2
2015-05-10,Meru,7
2015-05-11,Meru,9
2015-05-12,Meru,1
2015-05-13,Meru,18
2015-05-14,Meru,13
2015-05-15,Meru,23
2015-05-16,Meru,11
2015-05-17,Meru,13
2015-05-18,Meru,2
2015-05-19,Meru,15
2015-05-20,Meru,2
2015-05-21,Meru,17
2015-05-22,Meru,2
2015-05-23,Meru,16
2015-05-24,Meru,1
2015-05-25,Meru,1
2015-05-26,Meru,16
2015-05-27,Meru,2
2015-05-28,Meru,11
2015-05-29,Meru,16
2015-05-30,Meru,0
2015-05-31,Meru,7
2015-06-01,Meru,1
2015-06-02,Meru,2
2015-06-03,Meru,0
2015-06-04,Meru,0
2015-06-05,Meru,2
2015-06-06,Meru,0
2015-06-07,Meru,0
2015-06-08,Meru,2
2015-06-09,Meru,2
2015-06-10,Meru,2
2015-06-11,Meru,1
2015-06-12,Meru,0
2015-06-13,Meru,2
2015-06-14,Meru,1
2015-06-15,Meru,0
2015-06-16,Meru,1
2015-06-17,Meru,1
2015-06-18,Meru,2
2015-06-19,Meru,2
2015-06-20,Meru,2
2015-06-21,Meru,1
2015-06-22,Meru,1
2015-06-23,Meru,0
2015-06-24,Meru,1
2015-06-25,Meru,1
2015-06-26,Meru,2
2015-06-27,Meru,1
2015-06-28,Meru,1
2015-06-29,Meru,1
2015-06-30,Meru,0
2015-07-01,Meru,0
2015-07-02,Meru,1
2015-07-03,Meru,2
2015-07-04,Meru,2
2015-07-05,Meru,0
2015-07-06,Meru,1
2015-07-07,Meru,1
2015-07-08,Meru,0
2015-07-09,Meru,0
2015-07-10,Meru,2
2015-07-11,Meru,2
2015-07-12,Meru,1
2015-07-13,Meru,0
2015-07-14,Meru,0
2015-07-15,Meru,2
2015-07-16,Meru,2
2015-07-17,Meru,2
2015-07-18,Meru,1
2015-07-19,Meru,1
2015-07-20,Meru,1
2015-07-21,Meru,2
2015-07-22,Meru,2
2015-07-23,Meru,0
2015-07-24,Meru,0
2015-07-25,Meru,1
2015-07-26,Meru,0
2015-07-27,Meru,1
2015-07-28,Meru,1
2015-07-29,Meru,0
2015-07-30,Meru,2
2015-07-31,Meru,1
2015-08-01,Meru,0
2015-08-02,Meru,0
2015-08-03,Meru,2
2015-08-04,Meru,1
2015-08-05,Meru,0
2015-08-06,Meru,2
2015-08-07,Meru,1
2015-08-08,Meru,2
2015-08-09,Meru,1
2015-08-10,Meru,0
2015-08-11,Meru,1
2015-08-12,Meru,2
2015-08-13,Meru,0
2015-08-14,Meru,0
2015-08-15,Meru,2
2015-08-16,Meru,1
2015-08-17,Meru,2
2015-08-18,Meru,2
2015-08-19,Meru,0
2015-08-20,Meru,1
2015-08-21,Meru,2
2015-08-22,Meru,0
2015-08-23,Meru,0
2015-08-24,Meru,1
2015-08-25,Meru,0
2015-08-26,Meru,1
2015-08-27,Meru,0
2015-08-28,Meru,1
2015-08-29,Meru,0
2015-08-30,Meru,2
2015-08-31,Meru,1
2015-09-01,Meru,2
2015-09-02,Meru,0
2015-09-03,Meru,1
2015-09-04,Meru,1
2015-09-05,Meru,2
2015-09-06,Meru,1
2015-09-07,Meru,1
2015-09-08,Meru,0
2015-09-09,Meru,0
2015-09-10,Meru,2
2015-09-11,Meru,1
2015-09-12,Meru,0
2015-09-13,Meru,2
2015-09-14,Meru,1
2015-09-15,Meru,2
2015-09-16,Meru,1
2015-09-17,Meru,0
2015-09-18,Meru,1
2015-09-19,Meru,2
2015-09-20,Meru,0
2015-09-21,Meru,2
2015-09-22,Meru,1
2015-09-23,Meru,1
2015-09-24,Meru,0
2015-09-25,Meru,0
2015-09-26,Meru,2
2015-09-27,Meru,1
2015-09-28,Meru,2
2015-09-29,Meru,0
2015-09-30,Meru,0
2015-10-01,Meru,0
2015-10-02,Meru,1
2015-10-03,Meru,1
2015-10-04,Meru,1
2015-10-05,Meru,1
2015-10-06,Meru,0
2015-10-07,Meru,1
2015-10-08,Meru,0
2015-10-09,Meru,2
2015-10-10,Meru,10
2015-10-11,Meru,2
2015-10-12,Meru,0
2015-10-13,Meru,2
2015-10-14,Meru,1
2015-10-15,Meru,1
2015-10-16,Meru,1
2015-10-17,Meru,1
2015-10-18,Meru,1
2015-10-19,Meru,15
2015-10-20,Meru,14
2015-10-21,Meru,1
2015-10-22,Meru,2
2015-10-23,Meru,2
2015-10-24,Meru,1
2015-10-25,Meru,1
2015-10-26,Meru,2
2015-10-27,Meru,0
2015-10-28,Meru,0
2015-10-29,Meru,1
2015-10-30,Meru,0
2015-10-31,Meru,3
2015-11-01,Meru,1
2015-11-02,Meru,1
2015-11-03,Meru,2
2015-11-04,Meru,2
2015-11-05,Meru,2
2015-11-06,Meru,0
2015-11-07,Meru,2
2015-11-08,Meru,2
2015-11-09,Meru,1
2015-11-10,Meru,0
2015-11-11,Meru,1
2015-11-12,Meru,0
2015-11-13,Meru,6
2015-11-14,Meru,6
2015-11-15,Meru,1
2015-11-16,Meru,2
2015-11-17,Meru,9
2015-11-18,Meru,1
2015-11-19,Meru,2
2015-11-20,Meru,1
2015-11-21,Meru,0
2015-11-22,Meru,2
2015-11-23,Meru,2
2015-11-24,Meru,0
2015-11-25,Meru,2
2015-11-26,Meru,11
2015-11-27,Meru,1
2015-11-28,Meru,1
2015-11-29,Meru,2
2015-11-30,Meru,1
2015-12-01,Meru,0
2015-12-02,Meru,0
2015-12-03,Meru,0
2015-12-04,Meru,2
2015-12-05,Meru,2
2015-12-06,Meru,2
2015-12-07,Meru,0
2015-12-08,Meru,1
2015-12-09,Meru,2
2015-12-10,Meru,2
2015-12-11,Meru,1
2015-12-12,Meru,0
2015-12-13,Meru,2
2015-12-14,Meru,0
2015-12-15,Meru,2
2015-12-16,Meru,2
2015-12-17,Meru,0
2015-12-18,Meru,2
2015-12-19,Meru,2
2015-12-20,Meru,2
2015-12-21,Meru,1
2015-12-22,Meru,2
2015-12-23,Meru,1
2015-12-24,Meru,2
2015-12-25,Meru,1
2015-12-26,Meru,1
2015-12-27,Meru,0
2015-12-28,Meru,0
2015-12-29,Meru,1
2015-12-30,Meru,2
2015-12-31,Meru,2
2016-01-01,Meru,1
2016-01-02,Meru,2
2016-01-03,Meru,0
2016-01-04,Meru,2
2016-01-05,Meru,0
2016-01-06,Meru,0
2016-01-07,Meru,1
2016-01-08,Meru,2
2016-01-09,Meru,2
2016-01-10,Meru,0
2016-01-11,Meru,1
2016-01-12,Meru,1
2016-01-13,Meru,1
2016-01-14,Meru,1
2016-01-15,Meru,2
2016-01-16,Meru,2
2016-01-17,Meru,0
2016-01-18,Meru,0
2016-01-19,Meru,0
2016-01-20,Meru,0
2016-01-21,Meru,0
2016-01-22,Meru,0
2016-01-23,Meru,1
2016-01-24,Meru,2
2016-01-25,Meru,1
2016-01-26,Meru,1
2016-01-27,Meru,0
2016-01-28,Meru,0
2016-01-29,Meru,1
2016-01-30,Meru,0
2016-01-31,Meru,1
2016-02-01,Meru,0
2016-02-02,Meru,0
2016-02-03,Meru,2
2016-02-04,Meru,1
2016-02-05,Meru,2
2016-02-06,Meru,0
2016-02-07,Meru,0
2016-02-08,Meru,1
2016-02-09,Meru,0
2016-02-10,Meru,0
2016-02-11,Meru,2
2016-02-12,Meru,0
2016-02-13,Meru,2
2016-02-14,Meru,2
2016-02-15,Meru,0
2016-02-16,Meru,1
2016-02-17,Meru,2
2016-02-18,Meru,2
2016-02-19,Meru,0
2016-02-20,Meru,0
2016-02-21,Meru,1
2016-02-22,Meru,1
2016-02-23,Meru,2
2016-02-24,Meru,2
2016-02-25,Meru,1
2016-02-26,Meru,1
2016-02-27,Meru,2
2016-02-28,Meru,1
2016-02-29,Meru,0
2016-03-01,Meru,0
2016-03-02,Meru,14
2016-03-03,Meru,13
2016-03-04,Meru,0
2016-03-05,Meru,7
2016-03-06,Meru,0
2016-03-07,Meru,19
2016-03-08,Meru,1
2016-03-09,Meru,0
2016-03-10,Meru,16
2016-03-11,Meru,10
2016-03-12,Meru,13
2016-03-13,Meru,15
2016-03-14,Meru,0
2016-03-15,Meru,1
2016-03-16,Meru,0
2016-03-17,Meru,30
2016-03-18,Meru,9
2016-03-19,Meru,0
2016-03-20,Meru,19
2016-03-21,Meru,15
2016-03-22,Meru,1
2016-03-23,Meru,0
2016-03-24,Meru,10
2016-03-25,Meru,13
2016-03-26,Meru,2
2016-03-27,Meru,1
2016-03-28,Meru,0
2016-03-29,Meru,1
2016-03-30,Meru,0
2016-03-31,Meru,17
2016-04-01,Meru,0
2016-04-02,Meru,12
2016-04-03,Meru,23
2016-04-04,Meru,14
2016-04-05,Meru,0
2016-04-06,Meru,0
2016-04-07,Meru,15
2016-04-08,Meru,1
2016-04-09,Meru,14
2016-04-10,Meru,2
2016-04-11,Meru,0
2016-04-12,Meru,2
2016-04-13,Meru,2
2016-04-14,Meru,0
2016-04-15,Meru,5
2016-04-16,Meru,0
2016-04-17,Meru,15
2016-04-18,Meru,1
2016-04-19,Meru,2
2016-04-20,Meru,2
2016-04-21,Meru,0
2016-04-22,Meru,2
2016-04-23,Meru,1
2016-04-24,Meru,2
2016-04-25,Meru,0
2016-04-26,Meru,1
2016-04-27,Meru,1
2016-04-28,Meru,15
2016-04-29,Meru,2
2016-04-30,Meru,12
2016-05-01,Meru,2
2016-05-02,Meru,0
2016-05-03,Meru,15
2016-05-04,Meru,2
2016-05-05,Meru,0
2016-05-06,Meru,21
2016-05-07,Meru,1
2016-05-08,Meru,1
2016-05-09,Meru,11
2016-05-10,Meru,12
2016-05-11,Meru,7
2016-05-12,Meru,20
2016-05-13,Meru,2
2016-05-14,Meru,1
2016-05-15,Meru,3
2016-05-16,Meru,0
2016-05-17,Meru,15
2016-05-18,Meru,13
2016-05-19,Meru,0
2016-05-20,Meru,16
2016-05-21,Meru,15
2016-05-22,Meru,1
2016-05-23,Meru,1
2016-05-24,Meru,13
2016-05-25,Meru,2
2016-05-26,Meru,17
2016-05-27,Meru,2
2016-05-28,Meru,13
2016-05-29,Meru,1
2016-05-30,Meru,2
2016-05-31,Meru,12
2016-06-01,Meru,2
2016-06-02,Meru,0
2016-06-03,Meru,2
2016-06-04,Meru,0
2016-06-05,Meru,2
2016-06-06,Meru,0
2016-06-07,Meru,2
2016-06-08,Meru,0
2016-06-09,Meru,1
2016-06-10,Meru,2
2016-06-11,Meru,1
2016-06-12,Meru,1
2016-06-13,Meru,2
2016-06-14,Meru,2
2016-06-15,Meru,0
2016-06-16,Meru,1
2016-06-17,Meru,1
2016-06-18,Meru,1
2016-06-19,Meru,1
2016-06-20,Meru,0
2016-06-21,Meru,2
2016-06-22,Meru,2
2016-06-23,Meru,2
2016-06-24,Meru,2
2016-06-25,Meru,0
2016-06-26,Meru,1
2016-06-27,Meru,1
2016-06-28,Meru,0
2016-06-29,Meru,1
2016-06-30,Meru,1
2016-07-01,Meru,1
2016-07-02,Meru,0
2016-07-03,Meru,1
2016-07-04,Meru,2
2016-07-05,Meru,1
2016-07-06,Meru,0
2016-07-07,Meru,2
2016-07-08,Meru,1
2016-07-09,Meru,0
2016-07-10,Meru,2
2016-07-11,Meru,1
2016-07-12,Meru,2
2016-07-13,Meru,0
2016-07-14,Meru,1
2016-07-15,Meru,0
2016-07-16,Meru,0
2016-07-17,Meru,0
2016-07-18,Meru,1
2016-07-19,Meru,1
2016-07-20,Meru,1
2016-07-21,Meru,2
2016-07-22,Meru,0
2016-07-23,Meru,1
2016-07-24,Meru,1
2016-07-25,Meru,0
2016-07-26,Meru,2
2016-07-27,Meru,1
2016-07-28,Meru,1
2016-07-29,Meru,0
2016-07-30,Meru,0
2016-07-31,Meru,0
2016-08-01,Meru,1
2016-08-02,Meru,1
2016-08-03,Meru,1
2016-08-04,Meru,0
2016-08-05,Meru,1
2016-08-06,Meru,1
2016-08-07,Meru,0
2016-08-08,Meru,2
2016-08-09,Meru,0
2016-08-10,Meru,0
2016-08-11,Meru,2
2016-08-12,Meru,0
2016-08-13,Meru,2
2016-08-14,Meru,2
2016-08-15,Meru,2
2016-08-16,Meru,1
2016-08-17,Meru,2
2016-08-18,Meru,1
2016-08-19,Meru,2
2016-08-20,Meru,2
2016-08-21,Meru,1
2016-08-22,Meru,2
2016-08-23,Meru,1
2016-08-24,Meru,1
2016-08-25,Meru,1
2016-08-26,Meru,2
2016-08-27,Meru,0
2016-08-28,Meru,0
2016-08-29,Meru,0
2016-08-30,Meru,0
2016-08-31,Meru,0
2016-09-01,Meru,0
2016-09-02,Meru,0
2016-09-03,Meru,2
2016-09-04,Meru,1
2016-09-05,Meru,0
2016-09-06,Meru,0
2016-09-07,Meru,1
2016-09-08,Meru,0
2016-09-09,Meru,1
2016-09-10,Meru,0
2016-09-11,Meru,0
2016-09-12,Meru,2
2016-09-13,Meru,1
2016-09-14,Meru,1
2016-09-15,Meru,2
2016-09-16,Meru,1
2016-09-17,Meru,2
2016-09-18,Meru,0
2016-09-19,Meru,0
2016-09-20,Meru,2
2016-09-21,Meru,2
2016-09-22,Meru,0
2016-09-23,Meru,0
2016-09-24,Meru,1
2016-09-25,Meru,2
2016-09-26,Meru,2
2016-09-27,Meru,2
2016-09-28,Meru,0
2016-09-29,Meru,0
2016-09-30,Meru,1
2016-10-01,Meru,2
2015-01-01,Tharaka Nithi,0
2015-01-02,Tharaka Nithi,1
2015-01-03,Tharaka Nithi,0
2015-01-04,Tharaka Nithi,0
2015-01-05,Tharaka Nithi,2
2015-01-06,Tharaka Nithi,0
2015-01-07,Tharaka Nithi,0
2015-01-08,Tharaka Nithi,1
2015-01-09,Tharaka Nithi,2
2015-01-10,Tharaka Nithi,2
2015-01-11,Tharaka Nithi,2
2015-01-12,Tharaka Nithi,1
2015-01-13,Tharaka Nithi,2
2015-01-14,Tharaka Nithi,1
2015-01-15,Tharaka Nithi,0
2015-01-16,Tharaka Nithi,2
2015-01-17,Tharaka Nithi,0
2015-01-18,Tharaka Nithi,0
2015-01-19,Tharaka Nithi,2
2015-01-20,Tharaka Nithi,2
2015-01-21,Tharaka Nithi,0
2015-01-22,Tharaka Nithi,0
2015-01-23,Tharaka Nithi,0
2015-01-24,Tharaka Nithi,2
2015-01-25,Tharaka Nithi,1
2015-01-26,Tharaka Nithi,2
2015-01-27,Tharaka Nithi,2
2015-01-28,Tharaka Nithi,0
2015-01-29,Tharaka Nithi,0
2015-01-30,Tharaka Nithi,2
2015-01-31,Tharaka Nithi,2
2015-02-01,Tharaka Nithi,1
2015-02-02,Tharaka Nithi,1
2015-02-03,Tharaka Nithi,1
2015-02-04,Tharaka Nithi,0
2015-02-05,Tharaka Nithi,2
2015-02-06,Tharaka Nithi,0
2015-02-07,Tharaka Nithi,1
2015-02-08,Tharaka Nithi,1
2015-02-09,Tharaka Nithi,2
2015-02-10,Tharaka Nithi,1
2015-02-11,Tharaka Nithi,2
2015-02-12,Tharaka Nithi,0
2015-02-13,Tharaka Nithi,1
2015-02-14,Tharaka Nithi,1
2015-02-15,Tharaka Nithi,2
2015-02-16,Tharaka Nithi,1
2015-02-17,Tharaka Nithi,1
2015-02-18,Tharaka Nithi,0
2015-02-19,Tharaka Nithi,1
2015-02-20,Tharaka Nithi,0
2015-02-21,Tharaka Nithi,1
2015-02-22,Tharaka Nithi,2
2015-02-23,Tharaka Nithi,2
2015-02-24,Tharaka Nithi,1
2015-02-25,Tharaka Nithi,1
2015-02-26,Tharaka Nithi,0
2015-02-27,Tharaka Nithi,0
2015-02-28,Tharaka Nithi,1
2015-03-01,Tharaka Nithi,4
2015-03-02,Tharaka Nithi,1
2015-03-03,Tharaka Nithi,19
2015-03-04,Tharaka Nithi,20
2015-03-05,Tharaka Nithi,20
2015-03-06,Tharaka Nithi,2
2015-03-07,Tharaka Nithi,1
2015-03-08,Tharaka Nithi,21
2015-03-09,Tharaka Nithi,2
2015-03-10,Tharaka Nithi,9
2015-03-11,Tharaka Nithi,2
2015-03-12,Tharaka Nithi,16
2015-03-13,Tharaka Nithi,0
2015-03-14,Tharaka Nithi,15
2015-03-15,Tharaka Nithi,1
2015-03-16,Tharaka Nithi,2
2015-03-17,Tharaka Nithi,1
2015-03-18,Tharaka Nithi,27
2015-03-19,Tharaka Nithi,9
2015-03-20,Tharaka Nithi,1
2015-03-21,Tharaka Nithi,16
2015-03-22,Tharaka Nithi,12
2015-03-23,Tharaka Nithi,2
2015-03-24,Tharaka Nithi,11
2015-03-25,Tharaka Nithi,8
2015-03-26,Tharaka Nithi,2
2015-03-27,Tharaka Nithi,1
2015-03-28,Tharaka Nithi,1
2015-03-29,Tharaka Nithi,1
2015-03-30,Tharaka Nithi,4
2015-03-31,Tharaka Nithi,13
2015-04-01,Tharaka Nithi,0
2015-04-02,Tharaka Nithi,0
2015-04-03,Tharaka Nithi,9
2015-04-04,Tharaka Nithi,2
2015-04-05,Tharaka Nithi,3
2015-04-06,Tharaka Nithi,19
2015-04-07,Tharaka Nithi,25
2015-04-08,Tharaka Nithi,18
2015-04-09,Tharaka Nithi,11
2015-04-10,Tharaka Nithi,2
2015-04-11,Tharaka Nithi,2
2015-04-12,Tharaka Nithi,15
2015-04-13,Tharaka Nithi,23
2015-04-14,Tharaka Nithi,0
2015-04-15,Tharaka Nithi,13
2015-04-16,Tharaka Nithi,0
2015-04-17,Tharaka Nithi,16
2015-04-18,Tharaka Nithi,2
2015-04-19,Tharaka Nithi,8
2015-04-20,Tharaka Nithi,0
2015-04-21,Tharaka Nithi,2
2015-04-22,Tharaka Nithi,15
2015-04-23,Tharaka Nithi,11
2015-04-24,Tharaka Nithi,4
2015-04-25,Tharaka Nithi,13
2015-04-26,Tharaka Nithi,2
2015-04-27,Tharaka Nithi,13
2015-04-28,Tharaka Nithi,12
2015-04-29,Tharaka Nithi,11
2015-04-30,Tharaka Nithi,9
2015-05-01,Tharaka Nithi,1
2015-05-02,Tharaka Nithi,15
2015-05-03,Tharaka Nithi,12
2015-05-04,Tharaka Nithi,18
2015-05-05,Tharaka Nithi,13
2015-05-06,Tharaka Nithi,7
2015-05-07,Tharaka Nithi,1
2015-05-08,Tharaka Nithi,0
2015-05-09,Tharaka Nithi,2
2015-05-10,Tharaka Nithi,5
2015-05-11,Tharaka Nithi,2
2015-05-12,Tharaka Nithi,16
2015-05-13,Tharaka Nithi,15
2015-05-14,Tharaka Nithi,2
2015-05-15,Tharaka Nithi,7
2015-05-16,Tharaka Nithi,1
2015-05-17,Tharaka Nithi,10
2015-05-18,Tharaka Nithi,2
2015-05-19,Tharaka Nithi,1
2015-05-20,Tharaka Nithi,0
2015-05-21,Tharaka Nithi,2
2015-05-22,Tharaka Nithi,10
2015-05-23,Tharaka Nithi,2
2015-05-24,Tharaka Nithi,2
2015-05-25,Tharaka Nithi,1
2015-05-26,Tharaka Nithi,15
2015-05-27,Tharaka Nithi,1
2015-05-28,Tharaka Nithi,1
2015-05-29,Tharaka Nithi,15
2015-05-30,Tharaka Nithi,13
2015-05-31,Tharaka Nithi,17
2015-06-01,Tharaka Nithi,2
2015-06-02,Tharaka Nithi,1
2015-06-03,Tharaka Nithi,1
2015-06-04,Tharaka Nithi,0
2015-06-05,Tharaka Nithi,1
2015-06-06,Tharaka Nithi,0
2015-06-07,Tharaka Nithi,1
2015-06-08,Tharaka Nithi,1
2015-06-09,Tharaka Nithi,2
2015-06-10,Tharaka Nithi,0
2015-06-11,Tharaka Nithi,1
2015-06-12,Tharaka Nithi,0
2015-06-13,Tharaka Nithi,0
2015-06-14,Tharaka Nithi,2
2015-06-15,Tharaka Nithi,1
2015-06-16,Tharaka Nithi,0
2015-06-17,Tharaka Nithi,2
2015-06-18,Tharaka Nithi,2
2015-06-19,Tharaka Nithi,0
2015-06-20,Tharaka Nithi,2
2015-06-21,Tharaka Nithi,2
2015-06-22,Tharaka Nithi,2
2015-06-23,Tharaka Nithi,2
2015-06-24,Tharaka Nithi,2
2015-06-25,Tharaka Nithi,1
2015-06-26,Tharaka Nithi,2
2015-06-27,Tharaka Nithi,1
2015-06-28,Tharaka Nithi,2
2015-06-29,Tharaka Nithi,1
2015-06-30,Tharaka Nithi,2
2015-07-01,Tharaka Nithi,0
2015-07-02,Tharaka Nithi,2
2015-07-03,Tharaka Nithi,0
2015-07-04,Tharaka Nithi,2
2015-07-05,Tharaka Nithi,2
2015-07-06,Tharaka Nithi,2
2015-07-07,Tharaka Nithi,1
2015-07-08,Tharaka Nithi,0
2015-07-09,Tharaka Nithi,1
2015-07-10,Tharaka Nithi,1
2015-07-11,Tharaka Nithi,2
2015-07-12,Tharaka Nithi,0
2015-07-13,Tharaka Nithi,1
2015-07-14,Tharaka Nithi,1
2015-07-15,Tharaka Nithi,0
2015-07-16,Tharaka Nithi,0
2015-07-17,Tharaka Nithi,2
2015-07-18,Tharaka Nithi,0
2015-07-19,Tharaka Nithi,2
2015-07-20,Tharaka Nithi,1
2015-07-21,Tharaka Nithi,0
2015-07-22,Tharaka Nithi,0
2015-07-23,Tharaka Nithi,0
2015-07-24,Tharaka Nithi,0
2015-07-25,Tharaka Nithi,1
2015-07-26,Tharaka Nithi,0
2015-07-27,Tharaka Nithi,0
2015-07-28,Tharaka Nithi,0
2015-07-29,Tharaka Nithi,2
2015-07-30,Tharaka Nithi,2
2015-07-31,Tharaka Nithi,2
2015-08-01,Tharaka Nithi,1
2015-08-02,Tharaka Nithi,0
2015-08-03,Tharaka Nithi,1
2015-08-04,Tharaka Nithi,2
2015-08-05,Tharaka Nithi,0
2015-08-06,Tharaka Nithi,2
2015-08-07,Tharaka Nithi,2
2015-08-08,Tharaka Nithi,2
2015-08-09,Tharaka Nithi,2
2015-08-10,Tharaka Nithi,0
2015-08-11,Tharaka Nithi,0
2015-08-12,Tharaka Nithi,0
2015-08-13,Tharaka Nithi,0
2015-08-14,Tharaka Nithi,1
2015-08-15,Tharaka Nithi,2
2015-08-16,Tharaka Nithi,0
2015-08-17,Tharaka Nithi,2
2015-08-18,Tharaka Nithi,0
2015-08-19,Tharaka Nithi,0
2015-08-20,Tharaka Nithi,0
2015-08-21,Tharaka Nithi,0
2015-08-22,Tharaka Nithi,0
2015-08-23,Tharaka Nithi,1
2015-08-24,Tharaka Nithi,1
2015-08-25,Tharaka Nithi,2
2015-08-26,Tharaka Nithi,2
2015-08-27,Tharaka Nithi,2
2015-08-28,Tharaka Nithi,1
2015-08-29,Tharaka Nithi,0
2015-08-30,Tharaka Nithi,2
2015-08-31,Tharaka Nithi,1
2015-09-01,Tharaka Nithi,2
2015-09-02,Tharaka Nithi,0
2015-09-03,Tharaka Nithi,0
2015-09-04,Tharaka Nithi,1
2015-09-05,Tharaka Nithi,0
2015-09-06,Tharaka Nithi,1
2015-09-07,Tharaka Nithi,2
2015-09-08,Tharaka Nithi,1
2015-09-09,Tharaka Nithi,0
2015-09-10,Tharaka Nithi,2
2015-09-11,Tharaka Nithi,1
2015-09-12,Tharaka Nithi,1
2015-09-13,Tharaka Nithi,0
2015-09-14,Tharaka Nithi,0
2015-09-15,Tharaka Nithi,1
2015-09-16,Tharaka Nithi,2
2015-09-17,Tharaka Nithi,1
2015-09-18,Tharaka Nithi,2
2015-09-19,Tharaka Nithi,2
2015-09-20,Tharaka Nithi,1
2015-09-21,Tharaka Nithi,1
2015-09-22,Tharaka Nithi,2
2015-09-23,Tharaka Nithi,2
2015-09-24,Tharaka Nithi,0
2015-09-25,Tharaka Nithi,2
2015-09-26,Tharaka Nithi,2
2015-09-27,Tharaka Nithi,0
2015-09-28,Tharaka Nithi,0
2015-09-29,Tharaka Nithi,2
2015-09-30,Tharaka Nithi,0
2015-10-01,Tharaka Nithi,1
2015-10-02,Tharaka Nithi,0
2015-10-03,Tharaka Nithi,0
2015-10-04,Tharaka Nithi,0
2015-10-05,Tharaka Nithi,14
2015-10-06,Tharaka Nithi,2
2015-10-07,Tharaka Nithi,2
2015-10-08,Tharaka Nithi,12
2015-10-09,Tharaka Nithi,1
2015-10-10,Tharaka Nithi,2
2015-10-11,Tharaka Nithi,2
2015-10-12,Tharaka Nithi,0
2015-10-13,Tharaka Nithi,2
2015-10-14,Tharaka Nithi,2
2015-10-15,Tharaka Nithi,1
2015-10-16,Tharaka Nithi,2
2015-10-17,Tharaka Nithi,0
2015-10-18,Tharaka Nithi,2
2015-10-19,Tharaka Nithi,1
2015-10-20,Tharaka Nithi,7
2015-10-21,Tharaka Nithi,2
2015-10-22,Tharaka Nithi,0
2015-10-23,Tharaka Nithi,2
2015-10-24,Tharaka Nithi,1
2015-10-25,Tharaka Nithi,0
2015-10-26,Tharaka Nithi,1
2015-10-27,Tharaka Nithi,1
2015-10-28,Tharaka Nithi,1
2015-10-29,Tharaka Nithi,0
2015-10-30,Tharaka Nithi,0
2015-10-31,Tharaka Nithi,0
2015-11-01,Tharaka Nithi,0
2015-11-02,Tharaka Nithi,0
2015-11-03,Tharaka Nithi,12
2015-11-04,Tharaka Nithi,2
2015-11-05,Tharaka Nithi,0
2015-11-06,Tharaka Nithi,0
2015-11-07,Tharaka Nithi,2
2015-11-08,Tharaka Nithi,1
2015-11-09,Tharaka Nithi,2
2015-11-10,Tharaka Nithi,2
2015-11-11,Tharaka Nithi,2
2015-11-12,Tharaka Nithi,0
2015-11-13,Tharaka Nithi,1
2015-11-14,Tharaka Nithi,13
2015-11-15,Tharaka Nithi,1
2015-11-16,Tharaka Nithi,10
2015-11-17,Tharaka Nithi,0
2015-11-18,Tharaka Nithi,0
2015-11-19,Tharaka Nithi,2
2015-11-20,Tharaka Nithi,0
2015-11-21,Tharaka Nithi,16
2015-11-22,Tharaka Nithi,0
2015-11-23,Tharaka Nithi,2
2015-11-24,Tharaka Nithi,1
2015-11-25,Tharaka Nithi,2
2015-11-26,Tharaka Nithi,0
2015-11-27,Tharaka Nithi,2
2015-11-28,Tharaka Nithi,1
2015-11-29,Tharaka Nithi,1
2015-11-30,Tharaka Nithi,2
2015-12-01,Tharaka Nithi,0
2015-12-02,Tharaka Nithi,0
2015-12-03,Tharaka Nithi,1
2015-12-04,Tharaka Nithi,1
2015-12-05,Tharaka Nithi,0
2015-12-06,Tharaka Nithi,1
2015-12-07,Tharaka Nithi,2
2015-12-08,Tharaka Nithi,2
2015-12-09,Tharaka Nithi,0
2015-12-10,Tharaka Nithi,0
2015-12-11,Tharaka Nithi,2
2015-12-12,Tharaka Nithi,0
2015-12-13,Tharaka Nithi,1
2015-12-14,Tharaka Nithi,2
2015-12-15,Tharaka Nithi,0
2015-12-16,Tharaka Nithi,0
2015-12-17,Tharaka Nithi,0
2015-12-18,Tharaka Nithi,0
2015-12-19,Tharaka Nithi,1
2015-12-20,Tharaka Nithi,2
2015-12-21,Tharaka Nithi,0
2015-12-22,Tharaka Nithi,1
2015-12-23,Tharaka Nithi,1
2015-12-24,Tharaka Nithi,1
2015-12-25,Tharaka Nithi,0
2015-12-26,Tharaka Nithi,2
2015-12-27,Tharaka Nithi,0
2015-12-28,Tharaka Nithi,2
2015-12-29,Tharaka Nithi,2
2015-12-30,Tharaka Nithi,1
2015-12-31,Tharaka Nithi,1
2016-01-01,Tharaka Nithi,1
2016-01-02,Tharaka Nithi,2
2016-01-03,Tharaka Nithi,1
2016-01-04,Tharaka Nithi,2
2016-01-05,Tharaka Nithi,0
2016-01-06,Tharaka Nithi,2
2016-01-07,Tharaka Nithi,2
2016-01-08,Tharaka Nithi,2
2016-01-09,Tharaka Nithi,2
2016-01-10,Tharaka Nithi,2
2016-01-11,Tharaka Nithi,2
2016-01-12,Tharaka Nithi,0
2016-01-13,Tharaka Nithi,0
2016-01-14,Tharaka Nithi,2
2016-01-15,Tharaka Nithi,0
2016-01-16,Tharaka Nithi,1
2016-01-17,Tharaka Nithi,2
2016-01-18,Tharaka Nithi,1
2016-01-19,Tharaka Nithi,0
2016-01-20,Tharaka Nithi,0
2016-01-21,Tharaka Nithi,2
2016-01-22,Tharaka Nithi,2
2016-01-23,Tharaka Nithi,2
2016-01-24,Tharaka Nithi,2
2016-01-25,Tharaka Nithi,1
2016-01-26,Tharaka Nithi,2
2016-01-27,Tharaka Nithi,2
2016-01-28,Tharaka Nithi,1
2016-01-29,Tharaka Nithi,0
2016-01-30,Tharaka Nithi,1
2016-01-31,Tharaka Nithi,2
2016-02-01,Tharaka Nithi,0
2016-02-02,Tharaka Nithi,1
2016-02-03,Tharaka Nithi,0
2016-02-04,Tharaka Nithi,0
2016-02-05,Tharaka Nithi,2
2016-02-06,Tharaka Nithi,0
2016-02-07,Tharaka Nithi,1
2016-02-08,Tharaka Nithi,2
2016-02-09,Tharaka Nithi,2
2016-02-10,Tharaka Nithi,0
2016-02-11,Tharaka Nithi,0
2016-02-12,Tharaka Nithi,0
2016-02-13,Tharaka Nithi,2
2016-02-14,Tharaka Nithi,1
2016-02-15,Tharaka Nithi,0
2016-02-16,Tharaka Nithi,0
2016-02-17,Tharaka Nithi,2
2016-02-18,Tharaka Nithi,1
2016-02-19,Tharaka Nithi,2
2016-02-20,Tharaka Nithi,2
2016-02-21,Tharaka Nithi,1
2016-02-22,Tharaka Nithi,2
2016-02-23,Tharaka Nithi,0
2016-02-24,Tharaka Nithi,2
2016-02-25,Tharaka Nithi,0
2016-02-26,Tharaka Nithi,2
2016-02-27,Tharaka Nithi,1
2016-02-28,Tharaka Nithi,0
2016-02-29,Tharaka Nithi,0
2016-03-01,Tharaka Nithi,8
2016-03-02,Tharaka Nithi,1
2016-03-03,Tharaka Nithi,8
2016-03-04,Tharaka Nithi,24
2016-03-05,Tharaka Nithi,1
2016-03-06,Tharaka Nithi,1
2016-03-07,Tharaka Nithi,2
2016-03-08,Tharaka Nithi,2
2016-03-09,Tharaka Nithi,18
2016-03-10,Tharaka Nithi,10
2016-03-11,Tharaka Nithi,5
2016-03-12,Tharaka Nithi,9
2016-03-13,Tharaka Nithi,12
2016-03-14,Tharaka Nithi,1
2016-03-15,Tharaka Nithi,1
2016-03-16,Tharaka Nithi,1
2016-03-17,Tharaka Nithi,8
2016-03-18,Tharaka Nithi,0
2016-03-19,Tharaka Nithi,19
2016-03-20,Tharaka Nithi,5
2016-03-21,Tharaka Nithi,2
2016-03-22,Tharaka Nithi,19
2016-03-23,Tharaka Nithi,2
2016-03-24,Tharaka Nithi,1
2016-03-25,Tharaka Nithi,20
2016-03-26,Tharaka Nithi,14
2016-03-27,Tharaka Nithi,9
2016-03-28,Tharaka Nithi,10
2016-03-29,Tharaka Nithi,1
2016-03-30,Tharaka Nithi,1
2016-03-31,Tharaka Nithi,0
2016-04-01,Tharaka Nithi,1
2016-04-02,Tharaka Nithi,19
2016-04-03,Tharaka Nithi,11
2016-04-04,Tharaka Nithi,0
2016-04-05,Tharaka Nithi,3
2016-04-06,Tharaka Nithi,1
2016-04-07,Tharaka Nithi,1
2016-04-08,Tharaka Nithi,2
2016-04-09,Tharaka Nithi,21
2016-04-10,Tharaka Nithi,0
2016-04-11,Tharaka Nithi,1
2016-04-12,Tharaka Nithi,11
2016-04-13,Tharaka Nithi,1
2016-04-14,Tharaka Nithi,2
2016-04-15,Tharaka Nithi,2
2016-04-16,Tharaka Nithi,16
2016-04-17,Tharaka Nithi,2
2016-04-18,Tharaka Nithi,2
2016-04-19,Tharaka Nithi,0
2016-04-20,Tharaka Nithi,1
2016-04-21,Tharaka Nithi,2
2016-04-22,Tharaka Nithi,0
2016-04-23,Tharaka Nithi,0
2016-04-24,Tharaka Nithi,12
2016-04-25,Tharaka Nithi,11
2016-04-26,Tharaka Nithi,11
2016-04-27,Tharaka Nithi,1
2016-04-28,Tharaka Nithi,13
2016-04-29,Tharaka Nithi,1
2016-04-30,Tharaka Nithi,2
2016-05-01,Tharaka Nithi,1
2016-05-02,Tharaka Nithi,1
2016-05-03,Tharaka Nithi,13
2016-05-04,Tharaka Nithi,1
2016-05-05,Tharaka Nithi,14
2016-05-06,Tharaka Nithi,0
2016-05-07,Tharaka Nithi,7
2016-05-08,Tharaka Nithi,17
2016-05-09,Tharaka Nithi,2
2016-05-10,Tharaka Nithi,13
2016-05-11,Tharaka Nithi,2
2016-05-12,Tharaka Nithi,7
2016-05-13,Tharaka Nithi,1
2016-05-14,Tharaka Nithi,2
2016-05-15,Tharaka Nithi,15
2016-05-16,Tharaka Nithi,2
2016-05-17,Tharaka Nithi,17
2016-05-18,Tharaka Nithi,12
2016-05-19,Tharaka Nithi,10
2016-05-20,Tharaka Nithi,7
2016-05-21,Tharaka Nithi,2
2016-05-22,Tharaka Nithi,18
2016-05-23,Tharaka Nithi,10
2016-05-24,Tharaka Nithi,0
2016-05-25,Tharaka Nithi,0
2016-05-26,Tharaka Nithi,2
2016-05-27,Tharaka Nithi,1
2016-05-28,Tharaka Nithi,9
2016-05-29,Tharaka Nithi,2
2016-05-30,Tharaka Nithi,2
2016-05-31,Tharaka Nithi,0
2016-06-01,Tharaka Nithi,2
2016-06-02,Tharaka Nithi,2
2016-06-03,Tharaka Nithi,2
2016-06-04,Tharaka Nithi,1
2016-06-05,Tharaka Nithi,2
2016-06-06,Tharaka Nithi,0
2016-06-07,Tharaka Nithi,1
2016-06-08,Tharaka Nithi,0
2016-06-09,Tharaka Nithi,2
2016-06-10,Tharaka Nithi,1
2016-06-11,Tharaka Nithi,2
2016-06-12,Tharaka Nithi,2
2016-06-13,Tharaka Nithi,1
2016-06-14,Tharaka Nithi,2
2016-06-15,Tharaka Nithi,2
2016-06-16,Tharaka Nithi,2
2016-06-17,Tharaka Nithi,2
2016-06-18,Tharaka Nithi,0
2016-06-19,Tharaka Nithi,0
2016-06-20,Tharaka Nithi,2
2016-06-21,Tharaka Nithi,2
2016-06-22,Tharaka Nithi,0
2016-06-23,Tharaka Nithi,1
2016-06-24,Tharaka Nithi,1
2016-06-25,Tharaka Nithi,2
2016-06-26,Tharaka Nithi,2
2016-06-27,Tharaka Nithi,1
2016-06-28,Tharaka Nithi,1
2016-06-29,Tharaka Nithi,1
2016-06-30,Tharaka Nithi,2
2016-07-01,Tharaka Nithi,2
2016-07-02,Tharaka Nithi,1
2016-07-03,Tharaka Nithi,1
2016-07-04,Tharaka Nithi,0
2016-07-05,Tharaka Nithi,2
2016-07-06,Tharaka Nithi,1
2016-07-07,Tharaka Nithi,0
2016-07-08,Tharaka Nithi,0
2016-07-09,Tharaka Nithi,2
2016-07-10,Tharaka Nithi,2
2016-07-11,Tharaka Nithi,2
2016-07-12,Tharaka Nithi,1
2016-07-13,Tharaka Nithi,2
2016-07-14,Tharaka Nithi,2
2016-07-15,Tharaka Nithi,0
2016-07-16,Tharaka Nithi,2
2016-07-17,Tharaka Nithi,2
2016-07-18,Tharaka Nithi,1
2016-07-19,Tharaka Nithi,1
2016-07-20,Tharaka Nithi,1
2016-07-21,Tharaka Nithi,1
2016-07-22,Tharaka Nithi,2
2016-07-23,Tharaka Nithi,2
2016-07-24,Tharaka Nithi,0
2016-07-25,Tharaka Nithi,2
2016-07-26,Tharaka Nithi,1
2016-07-27,Tharaka Nithi,2
2016-07-28,Tharaka Nithi,0
2016-07-29,Tharaka Nithi,0
2016-07-30,Tharaka Nithi,2
2016-07-31,Tharaka Nithi,2
2016-08-01,Tharaka Nithi,2
2016-08-02,Tharaka Nithi,2
2016-08-03,Tharaka Nithi,1
2016-08-04,Tharaka Nithi,1
2016-08-05,Tharaka Nithi,0
2016-08-06,Tharaka Nithi,2
2016-08-07,Tharaka Nithi,0
2016-08-08,Tharaka Nithi,2
2016-08-09,Tharaka Nithi,1
2016-08-10,Tharaka Nithi,1
2016-08-11,Tharaka Nithi,0
2016-08-12,Tharaka Nithi,2
2016-08-13,Tharaka Nithi,0
2016-08-14,Tharaka Nithi,2
2016-08-15,Tharaka Nithi,0
2016-08-16,Tharaka Nithi,1
2016-08-17,Tharaka Nithi,0
2016-08-18,Tharaka Nithi,1
2016-08-19,Tharaka Nithi,1
2016-08-20,Tharaka Nithi,2
2016-08-21,Tharaka Nithi,0
2016-08-22,Tharaka Nithi,1
2016-08-23,Tharaka Nithi,0
2016-08-24,Tharaka Nithi,1
2016-08-25,Tharaka Nithi,1
2016-08-26,Tharaka Nithi,2
2016-08-27,Tharaka Nithi,1
2016-08-28,Tharaka Nithi,1
2016-08-29,Tharaka Nithi,2
2016-08-30,Tharaka Nithi,2
2016-08-31,Tharaka Nithi,1
2016-09-01,Tharaka Nithi,1
2016-09-02,Tharaka Nithi,2
2016-09-03,Tharaka Nithi,1
2016-09-04,Tharaka Nithi,0
2016-09-05,Tharaka Nithi,1
2016-09-06,Tharaka Nithi,1
2016-09-07,Tharaka Nithi,0
2016-09-08,Tharaka Nithi,2
2016-09-09,Tharaka Nithi,1
2016-09-10,Tharaka Nithi,0
2016-09-11,Tharaka Nithi,0
2016-09-12,Tharaka Nithi,0
2016-09-13,Tharaka Nithi,2
2016-09-14,Tharaka Nithi,2
2016-09-15,Tharaka Nithi,1
2016-09-16,Tharaka Nithi,0
2016-09-17,Tharaka Nithi,2
2016-09-18,Tharaka Nithi,0
2016-09-19,Tharaka Nithi,0
2016-09-20,Tharaka Nithi,2
2016-09-21,Tharaka Nithi,0
2016-09-22,Tharaka Nithi,2
2016-09-23,Tharaka Nithi,0
2016-09-24,Tharaka Nithi,1
2016-09-25,Tharaka Nithi,2
2016-09-26,Tharaka Nithi,1
2016-09-27,Tharaka Nithi,0
2016-09-28,Tharaka Nithi,1
2016-09-29,Tharaka Nithi,2
2016-09-30,Tharaka Nithi,2
2016-10-01,Tharaka Nithi,0
2015-01-01,Embu,2
2015-01-02,Embu,0
2015-01-03,Embu,2
2015-01-04,Embu,0
2015-01-05,Embu,0
2015-01-06,Embu,2
2015-01-07,Embu,0
2015-01-08,Embu,2
2015-01-09,Embu,2
2015-01-10,Embu,1
2015-01-11,Embu,1
2015-01-12,Embu,0
2015-01-13,Embu,1
2015-01-14,Embu,0
2015-01-15,Embu,0
2015-01-16,Embu,1
2015-01-17,Embu,1
2015-01-18,Embu,0
2015-01-19,Embu,2
2015-01-20,Embu,2
2015-01-21,Embu,1
2015-01-22,Embu,1
2015-01-23,Embu,1
2015-01-24,Embu,2
2015-01-25,Embu,1
2015-01-26,Embu,0
2015-01-27,Embu,2
2015-01-28,Embu,0
2015-01-29,Embu,0
2015-01-30,Embu,2
2015-01-31,Embu,2
2015-02-01,Embu,1
2015-02-02,Embu,2
2015-02-03,Embu,0
2015-02-04,Embu,1
2015-02-05,Embu,2
2015-02-06,Embu,0
2015-02-07,Embu,1
2015-02-08,Embu,0
2015-02-09,Embu,0
2015-02-10,Embu,2
2015-02-11,Embu,0
2015-02-12,Embu,2
2015-02-13,Embu,2
2015-02-14,Embu,0
2015-02-15,Embu,0
2015-02-16,Embu,2
2015-02-17,Embu,2
2015-02-18,Embu,1
2015-02-19,Embu,2
2015-02-20,Embu,2
2015-02-21,Embu,0
2015-02-22,Embu,0
2015-02-23,Embu,1
2015-02-24,Embu,0
2015-02-25,Embu,1
2015-02-26,Embu,2
2015-02-27,Embu,2
2015-02-28,Embu,1
2015-03-01,Embu,7
2015-03-02,Embu,0
2015-03-03,Embu,10
2015-03-04,Embu,13
2015-03-05,Embu,21
2015-03-06,Embu,1
2015-03-07,Embu,0
2015-03-08,Embu,0
2015-03-09,Embu,1
2015-03-10,Embu,14
2015-03-11,Embu,8
2015-03-12,Embu,7
2015-03-13,Embu,9
2015-03-14,Embu,9
2015-03-15,Embu,1
2015-03-16,Embu,24
2015-03-17,Embu,1
2015-03-18,Embu,9
2015-03-19,Embu,13
2015-03-20,Embu,1
2015-03-21,Embu,2
2015-03-22,Embu,4
2015-03-23,Embu,8
2015-03-24,Embu,15
2015-03-25,Embu,6
2015-03-26,Embu,8
2015-03-27,Embu,1
2015-03-28,Embu,14
2015-03-29,Embu,1
2015-03-30,Embu,0
2015-03-31,Embu,1
2015-04-01,Embu,11
2015-04-02,Embu,2
2015-04-03,Embu,1
2015-04-04,Embu,12
2015-04-05,Embu,15
2015-04-06,Embu,19
2015-04-07,Embu,14
2015-04-08,Embu,11
2015-04-09,Embu,1
2015-04-10,Embu,8
2015-04-11,Embu,17
2015-04-12,Embu,11
2015-04-13,Embu,20
2015-04-14,Embu,2
2015-04-15,Embu,1
2015-04-16,Embu,13
2015-04-17,Embu,2
2015-04-18,Embu,3
2015-04-19,Embu,1
2015-04-20,Embu,7
2015-04-21,Embu,13
2015-04-22,Embu,21
2015-04-23,Embu,0
2015-04-24,Embu,4
2015-04-25,Embu,1
2015-04-26,Embu,1
2015-04-27,Embu,7
2015-04-28,Embu,1
2015-04-29,Embu,0
2015-04-30,Embu,16
2015-05-01,Embu,19
2015-05-02,Embu,11
2015-05-03,Embu,2
2015-05-04,Embu,1
2015-05-05,Embu,2
2015-05-06,Embu,1
2015-05-07,Embu,23
2015-05-08,Embu,2
2015-05-09,Embu,2
2015-05-10,Embu,2
2015-05-11,Embu,0
2015-05-12,Embu,14
2015-05-13,Embu,1
2015-05-14,Embu,16
2015-05-15,Embu,2
2015-05-16,Embu,9
2015-05-17,Embu,1
2015-05-18,Embu,1
2015-05-19,Embu,2
2015-05-20,Embu,1
2015-05-21,Embu,13
2015-05-22,Embu,12
2015-05-23,Embu,17
2015-05-24,Embu,1
2015-05-25,Embu,2
2015-05-26,Embu,18
2015-05-27,Embu,13
2015-05-28,Embu,20
2015-05-29,Embu,9
2015-05-30,Embu,0
2015-05-31,Embu,6
2015-06-01,Embu,1
2015-06-02,Embu,0
2015-06-03,Embu,0
2015-06-04,Embu,2
2015-06-05,Embu,1
2015-06-06,Embu,2
2015-06-07,Embu,1
2015-06-08,Embu,2
2015-06-09,Embu,1
2015-06-10,Embu,1
2015-06-11,Embu,1
2015-06-12,Embu,1
2015-06-13,Embu,2
2015-06-14,Embu,2
2015-06-15,Embu,2
2015-06-16,Embu,2
2015-06-17,Embu,1
2015-06-18,Embu,0
2015-06-19,Embu,1
2015-06-20,Embu,0
2015-06-21,Embu,0
2015-06-22,Embu,0
2015-06-23,Embu,0
2015-06-24,Embu,1
2015-06-25,Embu,2
2015-06-26,Embu,2
2015-06-27,Embu,2
2015-06-28,Embu,0
2015-06-29,Embu,1
2015-06-30,Embu,0
2015-07-01,Embu,2
2015-07-02,Embu,2
2015-07-03,Embu,2
2015-07-04,Embu,1
2015-07-05,Embu,0
2015-07-06,Embu,2
2015-07-07,Embu,2
2015-07-08,Embu,1
2015-07-09,Embu,0
2015-07-10,Embu,1
2015-07-11,Embu,2
2015-07-12,Embu,0
2015-07-13,Embu,0
2015-07-14,Embu,0
2015-07-15,Embu,1
2015-07-16,Embu,2
2015-07-17,Embu,0
2015-07-18,Embu,0
2015-07-19,Embu,1
2015-07-20,Embu,2
2015-07-21,Embu,2
2015-07-22,Embu,0
2015-07-23,Embu,2
2015-07-24,Embu,0
2015-07-25,Embu,1
2015-07-26,Embu,2
2015-07-27,Embu,0
2015-07-28,Embu,0
2015-07-29,Embu,0
2015-07-30,Embu,1
2015-07-31,Embu,1
2015-08-01,Embu,1
2015-08-02,Embu,0
2015-08-03,Embu,0
2015-08-04,Embu,1
2015-08-05,Embu,0
2015-08-06,Embu,1
2015-08-07,Embu,0
2015-08-08,Embu,2
2015-08-09,Embu,0
2015-08-10,Embu,1
2015-08-11,Embu,0
2015-08-12,Embu,0
2015-08-13,Embu,2
2015-08-14,Embu,2
2015-08-15,Embu,0
2015-08-16,Embu,0
2015-08-17,Embu,1
2015-08-18,Embu,1
2015-08-19,Embu,2
2015-08-20,Embu,2
2015-08-21,Embu,2
2015-08-22,Embu,1
2015-08-23,Embu,1
2015-08-24,Embu,0
2015-08-25,Embu,0
2015-08-26,Embu,1
2015-08-27,Embu,1
2015-08-28,Embu,1
2015-08-29,Embu,0
2015-08-30,Embu,0
2015-08-31,Embu,2
2015-09-01,Embu,0
2015-09-02,Embu,2
2015-09-03,Embu,1
2015-09-04,Embu,2
2015-09-05,Embu,1
2015-09-06,Embu,1
2015-09-07,Embu,2
2015-09-08,Embu,2
2015-09-09,Embu,2
2015-09-10,Embu,0
2015-09-11,Embu,1
2015-09-12,Embu,1
2015-09-13,Embu,1
2015-09-14,Embu,0
2015-09-15,Embu,0
2015-09-16,Embu,2
2015-09-17,Embu,0
2015-09-18,Embu,1
2015-09-19,Embu,0
2015-09-20,Embu,2
2015-09-21,Embu,1
2015-09-22,Embu,1
2015-09-23,Embu,1
2015-09-24,Embu,2
2015-09-25,Embu,2
2015-09-26,Embu,1
2015-09-27,Embu,0
2015-09-28,Embu,1
2015-09-29,Embu,0
2015-09-30,Embu,2
2015-10-01,Embu,2
2015-10-02,Embu,0
2015-10-03,Embu,1
2015-10-04,Embu,0
2015-10-05,Embu,1
2015-10-06,Embu,2
2015-10-07,Embu,1
2015-10-08,Embu,2
2015-10-09,Embu,7
2015-10-10,Embu,0
2015-10-11,Embu,1
2015-10-12,Embu,0
2015-10-13,Embu,1
2015-10-14,Embu,13
2015-10-15,Embu,0
2015-10-16,Embu,0
2015-10-17,Embu,1
2015-10-18,Embu,2
2015-10-19,Embu,0
2015-10-20,Embu,0
2015-10-21,Embu,0
2015-10-22,Embu,1
2015-10-23,Embu,1
2015-10-24,Embu,0
2015-10-25,Embu,1
2015-10-26,Embu,0
2015-10-27,Embu,2
2015-10-28,Embu,0
2015-10-29,Embu,2
2015-10-30,Embu,1
2015-10-31,Embu,0
2015-11-01,Embu,2
2015-11-02,Embu,2
2015-11-03,Embu,0
2015-11-04,Embu,1
2015-11-05,Embu,0
2015-11-06,Embu,9
2015-11-07,Embu,1
2015-11-08,Embu,0
2015-11-09,Embu,1
2015-11-10,Embu,0
2015-11-11,Embu,0
2015-11-12,Embu,1
2015-11-13,Embu,2
2015-11-14,Embu,2
2015-11-15,Embu,1
2015-11-16,Embu,2
2015-11-17,Embu,0
2015-11-18,Embu,2
2015-11-19,Embu,1
2015-11-20,Embu,1
2015-11-21,Embu,2
2015-11-22,Embu,0
2015-11-23,Embu,12
2015-11-24,Embu,2
2015-11-25,Embu,1
2015-11-26,Embu,2
2015-11-27,Embu,2
2015-11-28,Embu,9
2015-11-29,Embu,1
2015-11-30,Embu,2
2015-12-01,Embu,1
2015-12-02,Embu,2
2015-12-03,Embu,0
2015-12-04,Embu,2
2015-12-05,Embu,2
2015-12-06,Embu,2
2015-12-07,Embu,1
2015-12-08,Embu,1
2015-12-09,Embu,2
2015-12-10,Embu,0
2015-12-11,Embu,2
2015-12-12,Embu,1
2015-12-13,Embu,2
2015-12-14,Embu,1
2015-12-15,Embu,1
2015-12-16,Embu,1
2015-12-17,Embu,0
2015-12-18,Embu,1
2015-12-19,Embu,1
2015-12-20,Embu,2
2015-12-21,Embu,0
2015-12-22,Embu,2
2015-12-23,Embu,1
2015-12-24,Embu,0
2015-12-25,Embu,0
2015-12-26,Embu,1
2015-12-27,Embu,0
2015-12-28,Embu,0
2015-12-29,Embu,0
2015-12-30,Embu,1
2015-12-31,Embu,0
2016-01-01,Embu,2
2016-01-02,Embu,2
2016-01-03,Embu,1
2016-01-04,Embu,0
2016-01-05,Embu,1
2016-01-06,Embu,1
2016-01-07,Embu,1
2016-01-08,Embu,2
2016-01-09,Embu,0
2016-01-10,Embu,2
2016-01-11,Embu,0
2016-01-12,Embu,2
2016-01-13,Embu,2
2016-01-14,Embu,1
2016-01-15,Embu,0
2016-01-16,Embu,1
2016-01-17,Embu,1
2016-01-18,Embu,1
2016-01-19,Embu,0
2016-01-20,Embu,0
2016-01-21,Embu,1
2016-01-22,Embu,1
2016-01-23,Embu,0
2016-01-24,Embu,2
2016-01-25,Embu,2
2016-01-26,Embu,2
2016-01-27,Embu,2
2016-01-28,Embu,0
2016-01-29,Embu,0
2016-01-30,Embu,0
2016-01-31,Embu,0
2016-02-01,Embu,0
2016-02-02,Embu,1
2016-02-03,Embu,0
2016-02-04,Embu,0
2016-02-05,Embu,0
2016-02-06,Embu,0
2016-02-07,Embu,2
2016-02-08,Embu,1
2016-02-09,Embu,2
2016-02-10,Embu,2
2016-02-11,Embu,0
2016-02-12,Embu,0
2016-02-13,Embu,2
2016-02-14,Embu,2
2016-02-15,Embu,1
2016-02-16,Embu,1
2016-02-17,Embu,2
2016-02-18,Embu,2
2016-02-19,Embu,1
2016-02-20,Embu,0
2016-02-21,Embu,2
2016-02-22,Embu,1
2016-02-23,Embu,0
2016-02-24,Embu,2
2016-02-25,Embu,2
2016-02-26,Embu,1
2016-02-27,Embu,1
2016-02-28,Embu,1
2016-02-29,Embu,2
2016-03-01,Embu,11
2016-03-02,Embu,12
2016-03-03,Embu,1
2016-03-04,Embu,11
2016-03-05,Embu,0
2016-03-06,Embu,2
2016-03-07,Embu,0
2016-03-08,Embu,16
2016-03-09,Embu,10
2016-03-10,Embu,0
2016-03-11,Embu,0
2016-03-12,Embu,2
2016-03-13,Embu,20
2016-03-14,Embu,0
2016-03-15,Embu,15
2016-03-16,Embu,13
2016-03-17,Embu,1
2016-03-18,Embu,10
2016-03-19,Embu,11
2016-03-20,Embu,2
2016-03-21,Embu,10
2016-03-22,Embu,1
2016-03-23,Embu,0
2016-03-24,Embu,1
2016-03-25,Embu,1
2016-03-26,Embu,16
2016-03-27,Embu,10
2016-03-28,Embu,2
2016-03-29,Embu,1
2016-03-30,Embu,16
2016-03-31,Embu,9
2016-04-01,Embu,1
2016-04-02,Embu,2
2016-04-03,Embu,2
2016-04-04,Embu,2
2016-04-05,Embu,0
2016-04-06,Embu,17
2016-04-07,Embu,12
2016-04-08,Embu,2
2016-04-09,Embu,9
2016-04-10,Embu,3
2016-04-11,Embu,11
2016-04-12,Embu,10
2016-04-13,Embu,0
2016-04-14,Embu,19
2016-04-15,Embu,15
2016-04-16,Embu,20
2016-04-17,Embu,1
2016-04-18,Embu,19
2016-04-19,Embu,2
2016-04-20,Embu,0
2016-04-21,Embu,1
2016-04-22,Embu,5
2016-04-23,Embu,8
2016-04-24,Embu,2
2016-04-25,Embu,2
2016-04-26,Embu,2
2016-04-27,Embu,0
2016-04-28,Embu,1
2016-04-29,Embu,7
2016-04-30,Embu,1
2016-05-01,Embu,2
2016-05-02,Embu,26
2016-05-03,Embu,0
2016-05-04,Embu,1
2016-05-05,Embu,9
2016-05-06,Embu,0
2016-05-07,Embu,0
2016-05-08,Embu,1
2016-05-09,Embu,16
2016-05-10,Embu,0
2016-05-11,Embu,7
2016-05-12,Embu,2
2016-05-13,Embu,13
2016-05-14,Embu,23
2016-05-15,Embu,9
2016-05-16,Embu,3
2016-05-17,Embu,0
2016-05-18,Embu,2
2016-05-19,Embu,2
2016-05-20,Embu,0
2016-05-21,Embu,18
2016-05-22,Embu,0
2016-05-23,Embu,2
2016-05-24,Embu,1
2016-05-25,Embu,11
2016-05-26,Embu,9
2016-05-27,Embu,13
2016-05-28,Embu,2
2016-05-29,Embu,2
2016-05-30,Embu,26
2016-05-31,Embu,13
2016-06-01,Embu,2
2016-06-02,Embu,1
2016-06-03,Embu,2
2016-06-04,Embu,2
2016-06-05,Embu,1
2016-06-06,Embu,2
2016-06-07,Embu,2
2016-06-08,Embu,1
2016-06-09,Embu,0
2016-06-10,Embu,1
2016-06-11,Embu,2
2016-06-12,Embu,2
2016-06-13,Embu,2
2016-06-14,Embu,2
2016-06-15,Embu,1
2016-06-16,Embu,1
2016-06-17,Embu,0
2016-06-18,Embu,2
2016-06-19,Embu,2
2016-06-20,Embu,1
2016-06-21,Embu,1
2016-06-22,Embu,1
2016-06-23,Embu,1
2016-06-24,Embu,2
2016-06-25,Embu,1
2016-06-26,Embu,0
2016-06-27,Embu,0
2016-06-28,Embu,2
2016-06-29,Embu,0
2016-06-30,Embu,2
2016-07-01,Embu,1
2016-07-02,Embu,2
2016-07-03,Embu,0
2016-07-04,Embu,2
2016-07-05,Embu,1
2016-07-06,Embu,1
2016-07-07,Embu,1
2016-07-08,Embu,2
2016-07-09,Embu,2
2016-07-10,Embu,1
2016-07-11,Embu,1
2016-07-12,Embu,2
2016-07-13,Embu,2
2016-07-14,Embu,0
2016-07-15,Embu,1
2016-07-16,Embu,2
2016-07-17,Embu,0
2016-07-18,Embu,2
2016-07-19,Embu,1
2016-07-20,Embu,2
2016-07-21,Embu,2
2016-07-22,Embu,2
2016-07-23,Embu,2
2016-07-24,Embu,2
2016-07-25,Embu,2
2016-07-26,Embu,1
2016-07-27,Embu,2
2016-07-28,Embu,0
2016-07-29,Embu,2
2016-07-30,Embu,0
2016-07-31,Embu,2
2016-08-01,Embu,2
2016-08-02,Embu,2
2016-08-03,Embu,2
2016-08-04,Embu,2
2016-08-05,Embu,2
2016-08-06,Embu,2
2016-08-07,Embu,0
2016-08-08,Embu,0
2016-08-09,Embu,2
2016-08-10,Embu,0
2016-08-11,Embu,2
2016-08-12,Embu,1
2016-08-13,Embu,2
2016-08-14,Embu,1
2016-08-15,Embu,1
2016-08-16,Embu,1
2016-08-17,Embu,2
2016-08-18,Embu,2
2016-08-19,Embu,2
2016-08-20,Embu,0
2016-08-21,Embu,0
2016-08-22,Embu,0
2016-08-23,Embu,2
2016-08-24,Embu,1
2016-08-25,Embu,1
2016-08-26,Embu,1
2016-08-27,Embu,0
2016-08-28,Embu,0
2016-08-29,Embu,2
2016-08-30,Embu,0
2016-08-31,Embu,2
2016-09-01,Embu,2
2016-09-02,Embu,2
2016-09-03,Embu,2
2016-09-04,Embu,0
2016-09-05,Embu,2
2016-09-06,Embu,0
2016-09-07,Embu,1
2016-09-08,Embu,0
2016-09-09,Embu,0
2016-09-10,Embu,0
2016-09-11,Embu,2
2016-09-12,Embu,2
2016-09-13,Embu,0
2016-09-14,Embu,0
2016-09-15,Embu,0
2016-09-16,Embu,2
2016-09-17,Embu,1
2016-09-18,Embu,1
2016-09-19,Embu,1
2016-09-20,Embu,1
2016-09-21,Embu,0
2016-09-22,Embu,1
2016-09-23,Embu,2
2016-09-24,Embu,2
2016-09-25,Embu,1
2016-09-26,Embu,1
2016-09-27,Embu,0
2016-09-28,Embu,0
2016-09-29,Embu,0
2016-09-30,Embu,1
2016-10-01,Embu,0
2015-01-01,Kitui,2
2015-01-02,Kitui,0
2015-01-03,Kitui,1
2015-01-04,Kitui,0
2015-01-05,Kitui,0
2015-01-06,Kitui,1
2015-01-07,Kitui,1
2015-01-08,Kitui,2
2015-01-09,Kitui,0
2015-01-10,Kitui,0
2015-01-11,Kitui,0
2015-01-12,Kitui,1
2015-01-13,Kitui,0
2015-01-14,Kitui,2
2015-01-15,Kitui,0
2015-01-16,Kitui,0
2015-01-17,Kitui,2
2015-01-18,Kitui,2
2015-01-19,Kitui,0
2015-01-20,Kitui,1
2015-01-21,Kitui,1
2015-01-22,Kitui,0
2015-01-23,Kitui,2
2015-01-24,Kitui,2
2015-01-25,Kitui,2
2015-01-26,Kitui,2
2015-01-27,Kitui,0
2015-01-28,Kitui,2
2015-01-29,Kitui,1
2015-01-30,Kitui,0
2015-01-31,Kitui,0
2015-02-01,Kitui,0
2015-02-02,Kitui,2
2015-02-03,Kitui,1
2015-02-04,Kitui,0
2015-02-05,Kitui,1
2015-02-06,Kitui,2
2015-02-07,Kitui,2
2015-02-08,Kitui,1
2015-02-09,Kitui,0
2015-02-10,Kitui,0
2015-02-11,Kitui,2
2015-02-12,Kitui,2
2015-02-13,Kitui,1
2015-02-14,Kitui,1
2015-02-15,Kitui,0
2015-02-16,Kitui,1
2015-02-17,Kitui,2
2015-02-18,Kitui,2
2015-02-19,Kitui,2
2015-02-20,Kitui,1
2015-02-21,Kitui,0
2015-02-22,Kitui,2
2015-02-23,Kitui,2
2015-02-24,Kitui,2
2015-02-25,Kitui,2
2015-02-26,Kitui,2
2015-02-27,Kitui,2
2015-02-28,Kitui,0
2015-03-01,Kitui,0
2015-03-02,Kitui,7
2015-03-03,Kitui,0
2015-03-04,Kitui,13
2015-03-05,Kitui,0
2015-03-06,Kitui,21
2015-03-07,Kitui,12
2015-03-08,Kitui,1
2015-03-09,Kitui,0
2015-03-10,Kitui,11
2015-03-11,Kitui,13
2015-03-12,Kitui,4
2015-03-13,Kitui,0
2015-03-14,Kitui,0
2015-03-15,Kitui,1
2015-03-16,Kitui,9
2015-03-17,Kitui,17
2015-03-18,Kitui,21
2015-03-19,Kitui,16
2015-03-20,Kitui,6
2015-03-21,Kitui,2
2015-03-22,Kitui,1
2015-03-23,Kitui,1
2015-03-24,Kitui,2
2015-03-25,Kitui,1
2015-03-26,Kitui,1
2015-03-27,Kitui,12
2015-03-28,Kitui,1
2015-03-29,Kitui,17
2015-03-30,Kitui,1
2015-03-31,Kitui,14
2015-04-01,Kitui,1
2015-04-02,Kitui,11
2015-04-03,Kitui,1
2015-04-04,Kitui,2
2015-04-05,Kitui,11
2015-04-06,Kitui,13
2015-04-07,Kitui,2
2015-04-08,Kitui,9
2015-04-09,Kitui,0
2015-04-10,Kitui,1
2015-04-11,Kitui,22
2015-04-12,Kitui,3
2015-04-13,Kitui,0
2015-04-14,Kitui,0
2015-04-15,Kitui,0
2015-04-16,Kitui,8
2015-04-17,Kitui,4
2015-04-18,Kitui,14
2015-04-19,Kitui,5
2015-04-20,Kitui,17
2015-04-21,Kitui,11
2015-04-22,Kitui,2
2015-04-23,Kitui,9
2015-04-24,Kitui,2
2015-04-25,Kitui,12
2015-04-26,Kitui,9
2015-04-27,Kitui,0
2015-04-28,Kitui,2
2015-04-29,Kitui,17
2015-04-30,Kitui,2
2015-05-01,Kitui,1
2015-05-02,Kitui,1
2015-05-03,Kitui,0
2015-05-04,Kitui,2
2015-05-05,Kitui,0
2015-05-06,Kitui,13
2015-05-07,Kitui,16
2015-05-08,Kitui,14
2015-05-09,Kitui,12
2015-05-10,Kitui,1
2015-05-11,Kitui,17
2015-05-12,Kitui,15
2015-05-13,Kitui,10
2015-05-14,Kitui,2
2015-05-15,Kitui,10
2015-05-16,Kitui,2
2015-05-17,Kitui,2
2015-05-18,Kitui,2
2015-05-19,Kitui,20
2015-05-20,Kitui,18
2015-05-21,Kitui,0
2015-05-22,Kitui,2
2015-05-23,Kitui,1
2015-05-24,Kitui,2
2015-05-25,Kitui,15
2015-05-26,Kitui,2
2015-05-27,Kitui,1
2015-05-28,Kitui,12
2015-05-29,Kitui,2
2015-05-30,Kitui,2
2015-05-31,Kitui,9
2015-06-01,Kitui,2
2015-06-02,Kitui,0
2015-06-03,Kitui,2
2015-06-04,Kitui,1
2015-06-05,Kitui,1
2015-06-06,Kitui,2
2015-06-07,Kitui,1
2015-06-08,Kitui,0
2015-06-09,Kitui,0
2015-06-10,Kitui,1
2015-06-11,Kitui,0
2015-06-12,Kitui,1
2015-06-13,Kitui,0
2015-06-14,Kitui,1
2015-06-15,Kitui,2
2015-06-16,Kitui,0
2015-06-17,Kitui,2
2015-06-18,Kitui,0
2015-06-19,Kitui,2
2015-06-20,Kitui,0
2015-06-21,Kitui,0
2015-06-22,Kitui,0
2015-06-23,Kitui,1
2015-06-24,Kitui,0
2015-06-25,Kitui,2
2015-06-26,Kitui,1
2015-06-27,Kitui,1
2015-06-28,Kitui,0
2015-06-29,Kitui,0
2015-06-30,Kitui,0
2015-07-01,Kitui,1
2015-07-02,Kitui,0
2015-07-03,Kitui,2
2015-07-04,Kitui,1
2015-07-05,Kitui,2
2015-07-06,Kitui,1
2015-07-07,Kitui,0
2015-07-08,Kitui,1
2015-07-09,Kitui,1
2015-07-10,Kitui,2
2015-07-11,Kitui,2
2015-07-12,Kitui,0
2015-07-13,Kitui,1
2015-07-14,Kitui,0
2015-07-15,Kitui,0
2015-07-16,Kitui,2
2015-07-17,Kitui,1
2015-07-18,Kitui,1
2015-07-19,Kitui,0
2015-07-20,Kitui,0
2015-07-21,Kitui,2
2015-07-22,Kitui,1
2015-07-23,Kitui,2
2015-07-24,Kitui,2
2015-07-25,Kitui,2
2015-07-26,Kitui,2
2015-07-27,Kitui,2
2015-07-28,Kitui,0
2015-07-29,Kitui,0
2015-07-30,Kitui,0
2015-07-31,Kitui,0
2015-08-01,Kitui,2
2015-08-02,Kitui,0
2015-08-03,Kitui,1
2015-08-04,Kitui,0
2015-08-05,Kitui,0
2015-08-06,Kitui,2
2015-08-07,Kitui,2
2015-08-08,Kitui,1
2015-08-09,Kitui,2
2015-08-10,Kitui,0
2015-08-11,Kitui,0
2015-08-12,Kitui,2
2015-08-13,Kitui,1
2015-08-14,Kitui,2
2015-08-15,Kitui,1
2015-08-16,Kitui,1
2015-08-17,Kitui,0
2015-08-18,Kitui,2
2015-08-19,Kitui,1
2015-08-20,Kitui,0
2015-08-21,Kitui,2
2015-08-22,Kitui,2
2015-08-23,Kitui,1
2015-08-24,Kitui,2
2015-08-25,Kitui,2
2015-08-26,Kitui,1
2015-08-27,Kitui,2
2015-08-28,Kitui,1
2015-08-29,Kitui,0
2015-08-30,Kitui,2
2015-08-31,Kitui,2
2015-09-01,Kitui,0
2015-09-02,Kitui,0
2015-09-03,Kitui,2
2015-09-04,Kitui,2
2015-09-05,Kitui,0
2015-09-06,Kitui,2
2015-09-07,Kitui,0
2015-09-08,Kitui,2
2015-09-09,Kitui,0
2015-09-10,Kitui,1
2015-09-11,Kitui,1
2015-09-12,Kitui,2
2015-09-13,Kitui,1
2015-09-14,Kitui,0
2015-09-15,Kitui,1
2015-09-16,Kitui,2
2015-09-17,Kitui,0
2015-09-18,Kitui,2
2015-09-19,Kitui,0
2015-09-20,Kitui,2
2015-09-21,Kitui,1
2015-09-22,Kitui,2
2015-09-23,Kitui,0
2015-09-24,Kitui,1
2015-09-25,Kitui,2
2015-09-26,Kitui,0
2015-09-27,Kitui,2
2015-09-28,Kitui,2
2015-09-29,Kitui,1
2015-09-30,Kitui,1
2015-10-01,Kitui,1
2015-10-02,Kitui,0
2015-10-03,Kitui,1
2015-10-04,Kitui,0
2015-10-05,Kitui,2
2015-10-06,Kitui,2
2015-10-07,Kitui,0
2015-10-08,Kitui,0
2015-10-09,Kitui,1
2015-10-10,Kitui,1
2015-10-11,Kitui,1
2015-10-12,Kitui,2
2015-10-13,Kitui,11
2015-10-14,Kitui,2
2015-10-15,Kitui,1
2015-10-16,Kitui,2
2015-10-17,Kitui,0
2015-10-18,Kitui,6
2015-10-19,Kitui,6
2015-10-20,Kitui,0
2015-10-21,Kitui,1
2015-10-22,Kitui,1
2015-10-23,Kitui,9
2015-10-24,Kitui,0
2015-10-25,Kitui,0
2015-10-26,Kitui,2
2015-10-27,Kitui,12
2015-10-28,Kitui,2
2015-10-29,Kitui,1
2015-10-30,Kitui,1
2015-10-31,Kitui,2
2015-11-01,Kitui,1
2015-11-02,Kitui,1
2015-11-03,Kitui,0
2015-11-04,Kitui,2
2015-11-05,Kitui,2
2015-11-06,Kitui,0
2015-11-07,Kitui,0
2015-11-08,Kitui,2
2015-11-09,Kitui,3
2015-11-10,Kitui,0
2015-11-11,Kitui,1
2015-11-12,Kitui,2
2015-11-13,Kitui,1
2015-11-14,Kitui,0
2015-11-15,Kitui,0
2015-11-16,Kitui,0
2015-11-17,Kitui,0
2015-11-18,Kitui,0
2015-11-19,Kitui,1
2015-11-20,Kitui,1
2015-11-21,Kitui,2
2015-11-22,Kitui,0
2015-11-23,Kitui,15
2015-11-24,Kitui,2
2015-11-25,Kitui,1
2015-11-26,Kitui,1
2015-11-27,Kitui,0
2015-11-28,Kitui,0
2015-11-29,Kitui,0
2015-11-30,Kitui,2
2015-12-01,Kitui,0
2015-12-02,Kitui,2
2015-12-03,Kitui,0
2015-12-04,Kitui,1
2015-12-05,Kitui,0
2015-12-06,Kitui,0
2015-12-07,Kitui,1
2015-12-08,Kitui,2
2015-12-09,Kitui,2
2015-12-10,Kitui,0
2015-12-11,Kitui,1
2015-12-12,Kitui,0
2015-12-13,Kitui,1
2015-12-14,Kitui,1
2015-12-15,Kitui,0
2015-12-16,Kitui,1
2015-12-17,Kitui,0
2015-12-18,Kitui,0
2015-12-19,Kitui,2
2015-12-20,Kitui,0
2015-12-21,Kitui,1
2015-12-22,Kitui,1
2015-12-23,Kitui,0
2015-12-24,Kitui,0
2015-12-25,Kitui,2
2015-12-26,Kitui,2
2015-12-27,Kitui,2
2015-12-28,Kitui,2
2015-12-29,Kitui,1
2015-12-30,Kitui,0
2015-12-31,Kitui,2
2016-01-01,Kitui,1
2016-01-02,Kitui,1
2016-01-03,Kitui,0
2016-01-04,Kitui,2
2016-01-05,Kitui,2
2016-01-06,Kitui,1
2016-01-07,Kitui,1
2016-01-08,Kitui,0
2016-01-09,Kitui,0
2016-01-10,Kitui,2
2016-01-11,Kitui,0
2016-01-12,Kitui,2
2016-01-13,Kitui,2
2016-01-14,Kitui,1
2016-01-15,Kitui,1
2016-01-16,Kitui,0
2016-01-17,Kitui,2
2016-01-18,Kitui,0
2016-01-19,Kitui,2
2016-01-20,Kitui,1
2016-01-21,Kitui,2
2016-01-22,Kitui,2
2016-01-23,Kitui,1
2016-01-24,Kitui,0
2016-01-25,Kitui,0
2016-01-26,Kitui,2
2016-01-27,Kitui,0
2016-01-28,Kitui,1
2016-01-29,Kitui,1
2016-01-30,Kitui,0
2016-01-31,Kitui,2
2016-02-01,Kitui,2
2016-02-02,Kitui,0
2016-02-03,Kitui,1
2016-02-04,Kitui,0
2016-02-05,Kitui,1
2016-02-06,Kitui,1
2016-02-07,Kitui,2
2016-02-08,Kitui,0
2016-02-09,Kitui,2
2016-02-10,Kitui,0
2016-02-11,Kitui,1
2016-02-12,Kitui,1
2016-02-13,Kitui,0
2016-02-14,Kitui,0
2016-02-15,Kitui,2
2016-02-16,Kitui,2
2016-02-17,Kitui,2
2016-02-18,Kitui,1
2016-02-19,Kitui,1
2016-02-20,Kitui,1
2016-02-21,Kitui,2
2016-02-22,Kitui,1
2016-02-23,Kitui,2
2016-02-24,Kitui,2
2016-02-25,Kitui,0
2016-02-26,Kitui,0
2016-02-27,Kitui,1
2016-02-28,Kitui,0
2016-02-29,Kitui,1
2016-03-01,Kitui,8
2016-03-02,Kitui,0
2016-03-03,Kitui,1
2016-03-04,Kitui,5
2016-03-05,Kitui,2
2016-03-06,Kitui,17
2016-03-07,Kitui,4
2016-03-08,Kitui,0
2016-03-09,Kitui,0
2016-03-10,Kitui,2
2016-03-11,Kitui,0
2016-03-12,Kitui,21
2016-03-13,Kitui,1
2016-03-14,Kitui,8
2016-03-15,Kitui,1
2016-03-16,Kitui,2
2016-03-17,Kitui,15
2016-03-18,Kitui,2
2016-03-19,Kitui,11
2016-03-20,Kitui,1
2016-03-21,Kitui,1
2016-03-22,Kitui,9
2016-03-23,Kitui,13
2016-03-24,Kitui,6
2016-03-25,Kitui,2
2016-03-26,Kitui,12
2016-03-27,Kitui,10
2016-03-28,Kitui,1
2016-03-29,Kitui,9
2016-03-30,Kitui,1
2016-03-31,Kitui,10
2016-04-01,Kitui,1
2016-04-02,Kitui,14
2016-04-03,Kitui,6
2016-04-04,Kitui,0
2016-04-05,Kitui,0
2016-04-06,Kitui,1
2016-04-07,Kitui,9
2016-04-08,Kitui,10
2016-04-09,Kitui,6
2016-04-10,Kitui,13
2016-04-11,Kitui,11
2016-04-12,Kitui,23
2016-04-13,Kitui,2
2016-04-14,Kitui,0
2016-04-15,Kitui,14
2016-04-16,Kitui,0
2016-04-17,Kitui,28
2016-04-18,Kitui,0
2016-04-19,Kitui,0
2016-04-20,Kitui,1
2016-04-21,Kitui,10
2016-04-22,Kitui,23
2016-04-23,Kitui,11
2016-04-24,Kitui,0
2016-04-25,Kitui,2
2016-04-26,Kitui,1
2016-04-27,Kitui,2
2016-04-28,Kitui,12
2016-04-29,Kitui,3
2016-04-30,Kitui,14
2016-05-01,Kitui,11
2016-05-02,Kitui,0
2016-05-03,Kitui,14
2016-05-04,Kitui,24
2016-05-05,Kitui,14
2016-05-06,Kitui,20
2016-05-07,Kitui,1
2016-05-08,Kitui,2
2016-05-09,Kitui,19
2016-05-10,Kitui,1
2016-05-11,Kitui,1
2016-05-12,Kitui,0
2016-05-13,Kitui,17
2016-05-14,Kitui,2
2016-05-15,Kitui,19
2016-05-16,Kitui,16
2016-05-17,Kitui,1
2016-05-18,Kitui,0
2016-05-19,Kitui,8
2016-05-20,Kitui,19
2016-05-21,Kitui,0
2016-05-22,Kitui,2
2016-05-23,Kitui,2
2016-05-24,Kitui,13
2016-05-25,Kitui,5
2016-05-26,Kitui,21
2016-05-27,Kitui,16
2016-05-28,Kitui,10
2016-05-29,Kitui,1
2016-05-30,Kitui,17
2016-05-31,Kitui,2
2016-06-01,Kitui,0
2016-06-02,Kitui,1
2016-06-03,Kitui,1
2016-06-04,Kitui,2
2016-06-05,Kitui,2
2016-06-06,Kitui,1
2016-06-07,Kitui,2
2016-06-08,Kitui,0
2016-06-09,Kitui,2
2016-06-10,Kitui,1
2016-06-11,Kitui,0
2016-06-12,Kitui,2
2016-06-13,Kitui,2
2016-06-14,Kitui,2
2016-06-15,Kitui,2
2016-06-16,Kitui,2
2016-06-17,Kitui,0
2016-06-18,Kitui,1
2016-06-19,Kitui,0
2016-06-20,Kitui,1
2016-06-21,Kitui,2
2016-06-22,Kitui,0
2016-06-23,Kitui,2
2016-06-24,Kitui,2
2016-06-25,Kitui,1
2016-06-26,Kitui,2
2016-06-27,Kitui,1
2016-06-28,Kitui,0
2016-06-29,Kitui,1
2016-06-30,Kitui,2
2016-07-01,Kitui,2
2016-07-02,Kitui,1
2016-07-03,Kitui,2
2016-07-04,Kitui,0
2016-07-05,Kitui,2
2016-07-06,Kitui,0
2016-07-07,Kitui,2
2016-07-08,Kitui,1
2016-07-09,Kitui,0
2016-07-10,Kitui,1
2016-07-11,Kitui,2
2016-07-12,Kitui,0
2016-07-13,Kitui,2
2016-07-14,Kitui,1
2016-07-15,Kitui,2
2016-07-16,Kitui,1
2016-07-17,Kitui,0
2016-07-18,Kitui,2
2016-07-19,Kitui,1
2016-07-20,Kitui,2
2016-07-21,Kitui,2
2016-07-22,Kitui,1
2016-07-23,Kitui,0
2016-07-24,Kitui,1
2016-07-25,Kitui,1
2016-07-26,Kitui,2
2016-07-27,Kitui,2
2016-07-28,Kitui,2
2016-07-29,Kitui,1
2016-07-30,Kitui,1
2016-07-31,Kitui,2
2016-08-01,Kitui,1
2016-08-02,Kitui,2
2016-08-03,Kitui,0
2016-08-04,Kitui,2
2016-08-05,Kitui,0
2016-08-06,Kitui,1
2016-08-07,Kitui,0
2016-08-08,Kitui,1
2016-08-09,Kitui,0
2016-08-10,Kitui,2
2016-08-11,Kitui,0
2016-08-12,Kitui,0
2016-08-13,Kitui,2
2016-08-14,Kitui,2
2016-08-15,Kitui,0
2016-08-16,Kitui,0
2016-08-17,Kitui,2
2016-08-18,Kitui,1
2016-08-19,Kitui,0
2016-08-20,Kitui,0
2016-08-21,Kitui,0
2016-08-22,Kitui,0
2016-08-23,Kitui,1
2016-08-24,Kitui,1
2016-08-25,Kitui,1
2016-08-26,Kitui,1
2016-08-27,Kitui,0
2016-08-28,Kitui,1
2016-08-29,Kitui,1
2016-08-30,Kitui,0
2016-08-31,Kitui,2
2016-09-01,Kitui,1
2016-09-02,Kitui,1
2016-09-03,Kitui,1
2016-09-04,Kitui,1
2016-09-05,Kitui,0
2016-09-06,Kitui,0
2016-09-07,Kitui,1
2016-09-08,Kitui,1
2016-09-09,Kitui,1
2016-09-10,Kitui,1
2016-09-11,Kitui,0
2016-09-12,Kitui,2
2016-09-13,Kitui,1
2016-09-14,Kitui,0
2016-09-15,Kitui,0
2016-09-16,Kitui,0
2016-09-17,Kitui,2
2016-09-18,Kitui,0
2016-09-19,Kitui,1
2016-09-20,Kitui,1
2016-09-21,Kitui,2
2016-09-22,Kitui,1
2016-09-23,Kitui,2
2016-09-24,Kitui,2
2016-09-25,Kitui,1
2016-09-26,Kitui,2
2016-09-27,Kitui,2
2016-09-28,Kitui,0
2016-09-29,Kitui,1
2016-09-30,Kitui,2
2016-10-01,Kitui,1
2015-01-01,Machakos,0
2015-01-02,Machakos,1
2015-01-03,Machakos,1
2015-01-04,Machakos,1
2015-01-05,Machakos,2
2015-01-06,Machakos,0
2015-01-07,Machakos,0
2015-01-08,Machakos,0
2015-01-09,Machakos,0
2015-01-10,Machakos,2
2015-01-11,Machakos,1
2015-01-12,Machakos,1
2015-01-13,Machakos,1
2015-01-14,Machakos,0
2015-01-15,Machakos,1
2015-01-16,Machakos,2
2015-01-17,Machakos,1
2015-01-18,Machakos,0
2015-01-19,Machakos,2
2015-01-20,Machakos,0
2015-01-21,Machakos,2
2015-01-22,Machakos,1
2015-01-23,Machakos,1
2015-01-24,Machakos,1
2015-01-25,Machakos,0
2015-01-26,Machakos,1
2015-01-27,Machakos,0
2015-01-28,Machakos,1
2015-01-29,Machakos,1
2015-01-30,Machakos,2
2015-01-31,Machakos,0
2015-02-01,Machakos,0
2015-02-02,Machakos,0
2015-02-03,Machakos,1
2015-02-04,Machakos,1
2015-02-05,Machakos,1
2015-02-06,Machakos,0
2015-02-07,Machakos,2
2015-02-08,Machakos,0
2015-02-09,Machakos,0
2015-02-10,Machakos,1
2015-02-11,Machakos,1
2015-02-12,Machakos,0
2015-02-13,Machakos,0
2015-02-14,Machakos,2
2015-02-15,Machakos,2
2015-02-16,Machakos,0
2015-02-17,Machakos,1
2015-02-18,Machakos,0
2015-02-19,Machakos,2
2015-02-20,Machakos,0
2015-02-21,Machakos,0
2015-02-22,Machakos,1
2015-02-23,Machakos,1
2015-02-24,Machakos,2
2015-02-25,Machakos,1
2015-02-26,Machakos,0
2015-02-27,Machakos,0
2015-02-28,Machakos,1
2015-03-01,Machakos,17
2015-03-02,Machakos,1
2015-03-03,Machakos,19
2015-03-04,Machakos,0
2015-03-05,Machakos,1
2015-03-06,Machakos,7
2015-03-07,Machakos,2
2015-03-08,Machakos,0
2015-03-09,Machakos,0
2015-03-10,Machakos,16
2015-03-11,Machakos,8
2015-03-12,Machakos,0
2015-03-13,Machakos,0
2015-03-14,Machakos,2
2015-03-15,Machakos,22
2015-03-16,Machakos,5
2015-03-17,Machakos,2
2015-03-18,Machakos,10
2015-03-19,Machakos,19
2015-03-20,Machakos,12
2015-03-21,Machakos,12
2015-03-22,Machakos,2
2015-03-23,Machakos,18
2015-03-24,Machakos,10
2015-03-25,Machakos,1
2015-03-26,Machakos,18
2015-03-27,Machakos,2
2015-03-28,Machakos,5
2015-03-29,Machakos,7
2015-03-30,Machakos,0
2015-03-31,Machakos,13
2015-04-01,Machakos,1
2015-04-02,Machakos,14
2015-04-03,Machakos,0
2015-04-04,Machakos,2
2015-04-05,Machakos,2
2015-04-06,Machakos,8
2015-04-07,Machakos,17
2015-04-08,Machakos,8
2015-04-09,Machakos,0
2015-04-10,Machakos,18
2015-04-11,Machakos,1
2015-04-12,Machakos,24
2015-04-13,Machakos,14
2015-04-14,Machakos,2
2015-04-15,Machakos,5
2015-04-16,Machakos,14
2015-04-17,Machakos,1
2015-04-18,Machakos,2
2015-04-19,Machakos,0
2015-04-20,Machakos,2
2015-04-21,Machakos,2
2015-04-22,Machakos,1
2015-04-23,Machakos,9
2015-04-24,Machakos,0
2015-04-25,Machakos,9
2015-04-26,Machakos,17
2015-04-27,Machakos,23
2015-04-28,Machakos,4
2015-04-29,Machakos,0
2015-04-30,Machakos,1
2015-05-01,Machakos,0
2015-05-02,Machakos,17
2015-05-03,Machakos,11
2015-05-04,Machakos,1
2015-05-05,Machakos,14
2015-05-06,Machakos,0
2015-05-07,Machakos,1
2015-05-08,Machakos,15
2015-05-09,Machakos,27
2015-05-10,Machakos,7
2015-05-11,Machakos,6
2015-05-12,Machakos,2
2015-05-13,Machakos,10
2015-05-14,Machakos,0
2015-05-15,Machakos,1
2015-05-16,Machakos,10
2015-05-17,Machakos,2
2015-05-18,Machakos,0
2015-05-19,Machakos,2
2015-05-20,Machakos,2
2015-05-21,Machakos,0
2015-05-22,Machakos,14
2015-05-23,Machakos,1
2015-05-24,Machakos,2
2015-05-25,Machakos,0
2015-05-26,Machakos,0
2015-05-27,Machakos,14
2015-05-28,Machakos,1
2015-05-29,Machakos,13
2015-05-30,Machakos,15
2015-05-31,Machakos,13
2015-06-01,Machakos,1
2015-06-02,Machakos,1
2015-06-03,Machakos,0
2015-06-04,Machakos,0
2015-06-05,Machakos,0
2015-06-06,Machakos,1
2015-06-07,Machakos,1
2015-06-08,Machakos,1
2015-06-09,Machakos,0
2015-06-10,Machakos,1
2015-06-11,Machakos,0
2015-06-12,Machakos,2
2015-06-13,Machakos,0
2015-06-14,Machakos,0
2015-06-15,Machakos,0
2015-06-16,Machakos,1
2015-06-17,Machakos,1
2015-06-18,Machakos,2
2015-06-19,Machakos,2
2015-06-20,Machakos,2
2015-06-21,Machakos,1
2015-06-22,Machakos,1
2015-06-23,Machakos,1
2015-06-24,Machakos,0
2015-06-25,Machakos,0
2015-06-26,Machakos,0
2015-06-27,Machakos,1
2015-06-28,Machakos,2
2015-06-29,Machakos,2
2015-06-30,Machakos,1
2015-07-01,Machakos,0
2015-07-02,Machakos,1
2015-07-03,Machakos,2
2015-07-04,Machakos,2
2015-07-05,Machakos,2
2015-07-06,Machakos,1
2015-07-07,Machakos,2
2015-07-08,Machakos,2
2015-07-09,Machakos,0
2015-07-10,Machakos,2
2015-07-11,Machakos,1
2015-07-12,Machakos,2
2015-07-13,Machakos,0
2015-07-14,Machakos,0
2015-07-15,Machakos,0
2015-07-16,Machakos,0
2015-07-17,Machakos,0
2015-07-18,Machakos,0
2015-07-19,Machakos,0
2015-07-20,Machakos,2
2015-07-21,Machakos,2
2015-07-22,Machakos,2
2015-07-23,Machakos,2
2015-07-24,Machakos,0
2015-07-25,Machakos,0
2015-07-26,Machakos,1
2015-07-27,Machakos,0
2015-07-28,Machakos,2
2015-07-29,Machakos,0
2015-07-30,Machakos,2
2015-07-31,Machakos,2
2015-08-01,Machakos,1
2015-08-02,Machakos,2
2015-08-03,Machakos,2
2015-08-04,Machakos,0
2015-08-05,Machakos,1
2015-08-06,Machakos,1
2015-08-07,Machakos,2
2015-08-08,Machakos,2
2015-08-09,Machakos,0
2015-08-10,Machakos,0
2015-08-11,Machakos,2
2015-08-12,Machakos,2
2015-08-13,Machakos,0
2015-08-14,Machakos,2
2015-08-15,Machakos,1
2015-08-16,Machakos,0
2015-08-17,Machakos,1
2015-08-18,Machakos,2
2015-08-19,Machakos,1
2015-08-20,Machakos,1
2015-08-21,Machakos,2
2015-08-22,Machakos,0
2015-08-23,Machakos,1
2015-08-24,Machakos,1
2015-08-25,Machakos,2
2015-08-26,Machakos,0
2015-08-27,Machakos,0
2015-08-28,Machakos,2
2015-08-29,Machakos,1
2015-08-30,Machakos,1
2015-08-31,Machakos,0
2015-09-01,Machakos,0
2015-09-02,Machakos,0
2015-09-03,Machakos,2
2015-09-04,Machakos,2
2015-09-05,Machakos,2
2015-09-06,Machakos,0
2015-09-07,Machakos,0
2015-09-08,Machakos,1
2015-09-09,Machakos,1
2015-09-10,Machakos,2
2015-09-11,Machakos,1
2015-09-12,Machakos,2
2015-09-13,Machakos,0
2015-09-14,Machakos,0
2015-09-15,Machakos,0
2015-09-16,Machakos,0
2015-09-17,Machakos,1
2015-09-18,Machakos,1
2015-09-19,Machakos,0
2015-09-20,Machakos,1
2015-09-21,Machakos,2
2015-09-22,Machakos,0
2015-09-23,Machakos,1
2015-09-24,Machakos,1
2015-09-25,Machakos,2
2015-09-26,Machakos,0
2015-09-27,Machakos,1
2015-09-28,Machakos,0
2015-09-29,Machakos,2
2015-09-30,Machakos,2
2015-10-01,Machakos,2
2015-10-02,Machakos,0
2015-10-03,Machakos,11
2015-10-04,Machakos,1
2015-10-05,Machakos,2
2015-10-06,Machakos,1
2015-10-07,Machakos,0
2015-10-08,Machakos,2
2015-10-09,Machakos,1
2015-10-10,Machakos,1
2015-10-11,Machakos,1
2015-10-12,Machakos,1
2015-10-13,Machakos,2
2015-10-14,Machakos,0
2015-10-15,Machakos,1
2015-10-16,Machakos,1
2015-10-17,Machakos,5
2015-10-18,Machakos,1
2015-10-19,Machakos,1
2015-10-20,Machakos,2
2015-10-21,Machakos,0
2015-10-22,Machakos,2
2015-10-23,Machakos,19
2015-10-24,Machakos,1
2015-10-25,Machakos,0
2015-10-26,Machakos,1
2015-10-27,Machakos,0
2015-10-28,Machakos,2
2015-10-29,Machakos,2
2015-10-30,Machakos,2
2015-10-31,Machakos,0
2015-11-01,Machakos,1
2015-11-02,Machakos,0
2015-11-03,Machakos,0
2015-11-04,Machakos,1
2015-11-05,Machakos,3
2015-11-06,Machakos,2
2015-11-07,Machakos,2
2015-11-08,Machakos,1
2015-11-09,Machakos,0
2015-11-10,Machakos,0
2015-11-11,Machakos,1
2015-11-12,Machakos,1
2015-11-13,Machakos,1
2015-11-14,Machakos,0
2015-11-15,Machakos,2
2015-11-16,Machakos,1
2015-11-17,Machakos,2
2015-11-18,Machakos,2
2015-11-19,Machakos,0
2015-11-20,Machakos,0
2015-11-21,Machakos,0
2015-11-22,Machakos,2
2015-11-23,Machakos,0
2015-11-24,Machakos,1
2015-11-25,Machakos,2
2015-11-26,Machakos,1
2015-11-27,Machakos,1
2015-11-28,Machakos,0
2015-11-29,Machakos,2
2015-11-30,Machakos,2
2015-12-01,Machakos,0
2015-12-02,Machakos,2
2015-12-03,Machakos,0
2015-12-04,Machakos,1
2015-12-05,Machakos,2
2015-12-06,Machakos,2
2015-12-07,Machakos,2
2015-12-08,Machakos,2
2015-12-09,Machakos,1
2015-12-10,Machakos,1
2015-12-11,Machakos,2
2015-12-12,Machakos,2
2015-12-13,Machakos,1
2015-12-14,Machakos,0
2015-12-15,Machakos,1
2015-12-16,Machakos,2
2015-12-17,Machakos,1
2015-12-18,Machakos,0
2015-12-19,Machakos,2
2015-12-20,Machakos,0
2015-12-21,Machakos,2
2015-12-22,Machakos,0
2015-12-23,Machakos,1
2015-12-24,Machakos,1
2015-12-25,Machakos,1
2015-12-26,Machakos,2
2015-12-27,Machakos,0
2015-12-28,Machakos,1
2015-12-29,Machakos,1
2015-12-30,Machakos,1
2015-12-31,Machakos,2
2016-01-01,Machakos,2
2016-01-02,Machakos,1
2016-01-03,Machakos,2
2016-01-04,Machakos,2
2016-01-05,Machakos,0
2016-01-06,Machakos,2
2016-01-07,Machakos,0
2016-01-08,Machakos,0
2016-01-09,Machakos,0
2016-01-10,Machakos,0
2016-01-11,Machakos,0
2016-01-12,Machakos,1
2016-01-13,Machakos,0
2016-01-14,Machakos,2
2016-01-15,Machakos,0
2016-01-16,Machakos,1
2016-01-17,Machakos,1
2016-01-18,Machakos,1
2016-01-19,Machakos,0
2016-01-20,Machakos,0
2016-01-21,Machakos,0
2016-01-22,Machakos,2
2016-01-23,Machakos,0
2016-01-24,Machakos,2
2016-01-25,Machakos,1
2016-01-26,Machakos,1
2016-01-27,Machakos,1
2016-01-28,Machakos,1
2016-01-29,Machakos,2
2016-01-30,Machakos,1
2016-01-31,Machakos,2
2016-02-01,Machakos,2
2016-02-02,Machakos,2
2016-02-03,Machakos,1
2016-02-04,Machakos,1
2016-02-05,Machakos,0
2016-02-06,Machakos,0
2016-02-07,Machakos,2
2016-02-08,Machakos,0
2016-02-09,Machakos,2
2016-02-10,Machakos,1
2016-02-11,Machakos,1
2016-02-12,Machakos,1
2016-02-13,Machakos,2
2016-02-14,Machakos,2
2016-02-15,Machakos,2
2016-02-16,Machakos,1
2016-02-17,Machakos,2
2016-02-18,Machakos,1
2016-02-19,Machakos,1
2016-02-20,Machakos,1
2016-02-21,Machakos,0
2016-02-22,Machakos,0
2016-02-23,Machakos,2
2016-02-24,Machakos,1
2016-02-25,Machakos,1
2016-02-26,Machakos,0
2016-02-27,Machakos,2
2016-02-28,Machakos,0
2016-02-29,Machakos,1
2016-03-01,Machakos,1
2016-03-02,Machakos,2
2016-03-03,Machakos,25
2016-03-04,Machakos,13
2016-03-05,Machakos,2
2016-03-06,Machakos,15
2016-03-07,Machakos,18
2016-03-08,Machakos,9
2016-03-09,Machakos,13
2016-03-10,Machakos,0
2016-03-11,Machakos,14
2016-03-12,Machakos,0
2016-03-13,Machakos,1
2016-03-14,Machakos,9
2016-03-15,Machakos,10
2016-03-16,Machakos,18
2016-03-17,Machakos,2
2016-03-18,Machakos,7
2016-03-19,Machakos,11
2016-03-20,Machakos,2
2016-03-21,Machakos,1
2016-03-22,Machakos,2
2016-03-23,Machakos,12
2016-03-24,Machakos,1
2016-03-25,Machakos,2
2016-03-26,Machakos,13
2016-03-27,Machakos,2
2016-03-28,Machakos,10
2016-03-29,Machakos,2
2016-03-30,Machakos,18
2016-03-31,Machakos,18
2016-04-01,Machakos,14
2016-04-02,Machakos,1
2016-04-03,Machakos,12
2016-04-04,Machakos,21
2016-04-05,Machakos,1
2016-04-06,Machakos,2
2016-04-07,Machakos,1
2016-04-08,Machakos,1
2016-04-09,Machakos,2
2016-04-10,Machakos,0
2016-04-11,Machakos,0
2016-04-12,Machakos,2
2016-04-13,Machakos,2
2016-04-14,Machakos,2
2016-04-15,Machakos,17
2016-04-16,Machakos,11
2016-04-17,Machakos,0
2016-04-18,Machakos,12
2016-04-19,Machakos,15
2016-04-20,Machakos,14
2016-04-21,Machakos,2
2016-04-22,Machakos,2
2016-04-23,Machakos,2
2016-04-24,Machakos,8
2016-04-25,Machakos,1
2016-04-26,Machakos,12
2016-04-27,Machakos,14
2016-04-28,Machakos,1
2016-04-29,Machakos,21
2016-04-30,Machakos,14
2016-05-01,Machakos,15
2016-05-02,Machakos,1
2016-05-03,Machakos,15
2016-05-04,Machakos,2
2016-05-05,Machakos,17
2016-05-06,Machakos,2
2016-05-07,Machakos,1
2016-05-08,Machakos,2
2016-05-09,Machakos,2
2016-05-10,Machakos,1
2016-05-11,Machakos,0
2016-05-12,Machakos,1
2016-05-13,Machakos,2
2016-05-14,Machakos,1
2016-05-15,Machakos,10
2016-05-16,Machakos,19
2016-05-17,Machakos,27
2016-05-18,Machakos,2
2016-05-19,Machakos,1
2016-05-20,Machakos,2
2016-05-21,Machakos,14
2016-05-22,Machakos,0
2016-05-23,Machakos,1
2016-05-24,Machakos,8
2016-05-25,Machakos,26
2016-05-26,Machakos,1
2016-05-27,Machakos,1
2016-05-28,Machakos,0
2016-05-29,Machakos,8
2016-05-30,Machakos,1
2016-05-31,Machakos,0
2016-06-01,Machakos,2
2016-06-02,Machakos,1
2016-06-03,Machakos,2
2016-06-04,Machakos,2
2016-06-05,Machakos,1
2016-06-06,Machakos,1
2016-06-07,Machakos,0
2016-06-08,Machakos,1
2016-06-09,Machakos,1
2016-06-10,Machakos,1
2016-06-11,Machakos,2
2016-06-12,Machakos,2
2016-06-13,Machakos,1
2016-06-14,Machakos,0
2016-06-15,Machakos,2
2016-06-16,Machakos,0
2016-06-17,Machakos,1
2016-06-18,Machakos,2
2016-06-19,Machakos,2
2016-06-20,Machakos,2
2016-06-21,Machakos,1
2016-06-22,Machakos,2
2016-06-23,Machakos,2
2016-06-24,Machakos,2
2016-06-25,Machakos,0
2016-06-26,Machakos,1
2016-06-27,Machakos,0
2016-06-28,Machakos,1
2016-06-29,Machakos,0
2016-06-30,Machakos,0
2016-07-01,Machakos,0
2016-07-02,Machakos,1
2016-07-03,Machakos,1
2016-07-04,Machakos,1
2016-07-05,Machakos,1
2016-07-06,Machakos,1
2016-07-07,Machakos,2
2016-07-08,Machakos,0
2016-07-09,Machakos,2
2016-07-10,Machakos,1
2016-07-11,Machakos,1
2016-07-12,Machakos,2
2016-07-13,Machakos,1
2016-07-14,Machakos,1
2016-07-15,Machakos,1
2016-07-16,Machakos,0
2016-07-17,Machakos,2
2016-07-18,Machakos,1
2016-07-19,Machakos,0
2016-07-20,Machakos,0
2016-07-21,Machakos,2
2016-07-22,Machakos,1
2016-07-23,Machakos,0
2016-07-24,Machakos,0
2016-07-25,Machakos,2
2016-07-26,Machakos,2
2016-07-27,Machakos,1
2016-07-28,Machakos,0
2016-07-29,Machakos,2
2016-07-30,Machakos,0
2016-07-31,Machakos,0
2016-08-01,Machakos,2
2016-08-02,Machakos,0
2016-08-03,Machakos,0
2016-08-04,Machakos,2
2016-08-05,Machakos,1
2016-08-06,Machakos,0
2016-08-07,Machakos,0
2016-08-08,Machakos,2
2016-08-09,Machakos,2
2016-08-10,Machakos,2
2016-08-11,Machakos,0
2016-08-12,Machakos,1
2016-08-13,Machakos,2
2016-08-14,Machakos,2
2016-08-15,Machakos,0
2016-08-16,Machakos,0
2016-08-17,Machakos,2
2016-08-18,Machakos,2
2016-08-19,Machakos,2
2016-08-20,Machakos,2
2016-08-21,Machakos,0
2016-08-22,Machakos,0
2016-08-23,Machakos,2
2016-08-24,Machakos,1
2016-08-25,Machakos,2
2016-08-26,Machakos,1
2016-08-27,Machakos,2
2016-08-28,Machakos,2
2016-08-29,Machakos,1
2016-08-30,Machakos,2
2016-08-31,Machakos,2
2016-09-01,Machakos,1
2016-09-02,Machakos,0
2016-09-03,Machakos,1
2016-09-04,Machakos,0
2016-09-05,Machakos,0
2016-09-06,Machakos,1
2016-09-07,Machakos,0
2016-09-08,Machakos,1
2016-09-09,Machakos,1
2016-09-10,Machakos,0
2016-09-11,Machakos,1
2016-09-12,Machakos,0
2016-09-13,Machakos,1
2016-09-14,Machakos,2
2016-09-15,Machakos,0
2016-09-16,Machakos,2
2016-09-17,Machakos,1
2016-09-18,Machakos,1
2016-09-19,Machakos,2
2016-09-20,Machakos,1
2016-09-21,Machakos,1
2016-09-22,Machakos,1
2016-09-23,Machakos,0
2016-09-24,Machakos,2
2016-09-25,Machakos,1
2016-09-26,Machakos,0
2016-09-27,Machakos,1
2016-09-28,Machakos,0
2016-09-29,Machakos,0
2016-09-30,Machakos,2
2016-10-01,Machakos,2
2015-01-01,Makueni,0
2015-01-02,Makueni,2
2015-01-03,Makueni,1
2015-01-04,Makueni,1
2015-01-05,Makueni,1
2015-01-06,Makueni,1
2015-01-07,Makueni,2
2015-01-08,Makueni,2
2015-01-09,Makueni,2
2015-01-10,Makueni,0
2015-01-11,Makueni,1
2015-01-12,Makueni,0
2015-01-13,Makueni,1
2015-01-14,Makueni,2
2015-01-15,Makueni,2
2015-01-16,Makueni,1
2015-01-17,Makueni,0
2015-01-18,Makueni,0
2015-01-19,Makueni,2
2015-01-20,Makueni,0
2015-01-21,Makueni,2
2015-01-22,Makueni,0
2015-01-23,Makueni,1
2015-01-24,Makueni,0
2015-01-25,Makueni,0
2015-01-26,Makueni,0
2015-01-27,Makueni,0
2015-01-28,Makueni,1
2015-01-29,Makueni,0
2015-01-30,Makueni,0
2015-01-31,Makueni,2
2015-02-01,Makueni,2
2015-02-02,Makueni,1
2015-02-03,Makueni,2
2015-02-04,Makueni,0
2015-02-05,Makueni,0
2015-02-06,Makueni,1
2015-02-07,Makueni,1
2015-02-08,Makueni,0
2015-02-09,Makueni,2
2015-02-10,Makueni,2
2015-02-11,Makueni,2
2015-02-12,Makueni,2
2015-02-13,Makueni,0
2015-02-14,Makueni,0
2015-02-15,Makueni,0
2015-02-16,Makueni,2
2015-02-17,Makueni,1
2015-02-18,Makueni,1
2015-02-19,Makueni,0
2015-02-20,Makueni,2
2015-02-21,Makueni,2
2015-02-22,Makueni,0
2015-02-23,Makueni,0
2015-02-24,Makueni,2
2015-02-25,Makueni,1
2015-02-26,Makueni,2
2015-02-27,Makueni,1
2015-02-28,Makueni,0
2015-03-01,Makueni,0
2015-03-02,Makueni,17
2015-03-03,Makueni,7
2015-03-04,Makueni,1
2015-03-05,Makueni,7
2015-03-06,Makueni,2
2015-03-07,Makueni,25
2015-03-08,Makueni,1
2015-03-09,Makueni,1
2015-03-10,Makueni,11
2015-03-11,Makueni,12
2015-03-12,Makueni,23
2015-03-13,Makueni,1
2015-03-14,Makueni,12
2015-03-15,Makueni,9
2015-03-16,Makueni,2
2015-03-17,Makueni,20
2015-03-18,Makueni,2
2015-03-19,Makueni,1
2015-03-20,Makueni,17
2015-03-21,Makueni,7
2015-03-22,Makueni,0
2015-03-23,Makueni,14
2015-03-24,Makueni,15
2015-03-25,Makueni,1
2015-03-26,Makueni,2
2015-03-27,Makueni,16
2015-03-28,Makueni,6
2015-03-29,Makueni,16
2015-03-30,Makueni,2
2015-03-31,Makueni,0
2015-04-01,Makueni,16
2015-04-02,Makueni,2
2015-04-03,Makueni,0
2015-04-04,Makueni,1
2015-04-05,Makueni,0
2015-04-06,Makueni,11
2015-04-07,Makueni,12
2015-04-08,Makueni,16
2015-04-09,Makueni,17
2015-04-10,Makueni,16
2015-04-11,Makueni,0
2015-04-12,Makueni,1
2015-04-13,Makueni,0
2015-04-14,Makueni,16
2015-04-15,Makueni,1
2015-04-16,Makueni,1
2015-04-17,Makueni,0
2015-04-18,Makueni,0
2015-04-19,Makueni,1
2015-04-20,Makueni,1
2015-04-21,Makueni,2
2015-04-22,Makueni,2
2015-04-23,Makueni,1
2015-04-24,Makueni,2
2015-04-25,Makueni,1
2015-04-26,Makueni,8
2015-04-27,Makueni,19
2015-04-28,Makueni,11
2015-04-29,Makueni,0
2015-04-30,Makueni,1
2015-05-01,Makueni,1
2015-05-02,Makueni,8
2015-05-03,Makueni,2
2015-05-04,Makueni,2
2015-05-05,Makueni,17
2015-05-06,Makueni,18
2015-05-07,Makueni,11
2015-05-08,Makueni,17
2015-05-09,Makueni,20
2015-05-10,Makueni,2
2015-05-11,Makueni,23
2015-05-12,Makueni,1
2015-05-13,Makueni,0
2015-05-14,Makueni,13
2015-05-15,Makueni,22
2015-05-16,Makueni,1
2015-05-17,Makueni,15
2015-05-18,Makueni,2
2015-05-19,Makueni,2
2015-05-20,Makueni,20
2015-05-21,Makueni,1
2015-05-22,Makueni,0
2015-05-23,Makueni,10
2015-05-24,Makueni,17
2015-05-25,Makueni,0
2015-05-26,Makueni,12
2015-05-27,Makueni,1
2015-05-28,Makueni,2
2015-05-29,Makueni,13
2015-05-30,Makueni,10
2015-05-31,Makueni,16
2015-06-01,Makueni,1
2015-06-02,Makueni,2
2015-06-03,Makueni,2
2015-06-04,Makueni,0
2015-06-05,Makueni,2
2015-06-06,Makueni,1
2015-06-07,Makueni,2
2015-06-08,Makueni,0
2015-06-09,Makueni,1
2015-06-10,Makueni,1
2015-06-11,Makueni,0
2015-06-12,Makueni,2
2015-06-13,Makueni,0
2015-06-14,Makueni,0
2015-06-15,Makueni,1
2015-06-16,Makueni,2
2015-06-17,Makueni,0
2015-06-18,Makueni,0
2015-06-19,Makueni,0
2015-06-20,Makueni,1
2015-06-21,Makueni,1
2015-06-22,Makueni,0
2015-06-23,Makueni,1
2015-06-24,Makueni,2
2015-06-25,Makueni,2
2015-06-26,Makueni,2
2015-06-27,Makueni,1
2015-06-28,Makueni,2
2015-06-29,Makueni,2
2015-06-30,Makueni,0
2015-07-01,Makueni,0
2015-07-02,Makueni,1
2015-07-03,Makueni,1
2015-07-04,Makueni,2
2015-07-05,Makueni,0
2015-07-06,Makueni,0
2015-07-07,Makueni,1
2015-07-08,Makueni,1
2015-07-09,Makueni,0
2015-07-10,Makueni,0
2015-07-11,Makueni,0
2015-07-12,Makueni,1
2015-07-13,Makueni,0
2015-07-14,Makueni,0
2015-07-15,Makueni,0
2015-07-16,Makueni,2
2015-07-17,Makueni,2
2015-07-18,Makueni,1
2015-07-19,Makueni,0
2015-07-20,Makueni,0
2015-07-21,Makueni,0
2015-07-22,Makueni,2
2015-07-23,Makueni,1
2015-07-24,Makueni,2
2015-07-25,Makueni,0
2015-07-26,Makueni,0
2015-07-27,Makueni,1
2015-07-28,Makueni,2
2015-07-29,Makueni,2
2015-07-30,Makueni,2
2015-07-31,Makueni,0
2015-08-01,Makueni,1
2015-08-02,Makueni,2
2015-08-03,Makueni,0
2015-08-04,Makueni,0
2015-08-05,Makueni,2
2015-08-06,Makueni,1
2015-08-07,Makueni,0
2015-08-08,Makueni,1
2015-08-09,Makueni,0
2015-08-10,Makueni,0
2015-08-11,Makueni,0
2015-08-12,Makueni,2
2015-08-13,Makueni,2
2015-08-14,Makueni,2
2015-08-15,Makueni,2
2015-08-16,Makueni,1
2015-08-17,Makueni,2
2015-08-18,Makueni,2
2015-08-19,Makueni,2
2015-08-20,Makueni,0
2015-08-21,Makueni,0
2015-08-22,Makueni,2
2015-08-23,Makueni,1
2015-08-24,Makueni,2
2015-08-25,Makueni,2
2015-08-26,Makueni,1
2015-08-27,Makueni,1
2015-08-28,Makueni,2
2015-08-29,Makueni,2
2015-08-30,Makueni,0
2015-08-31,Makueni,0
2015-09-01,Makueni,2
2015-09-02,Makueni,2
2015-09-03,Makueni,1
2015-09-04,Makueni,1
2015-09-05,Makueni,0
2015-09-06,Makueni,2
2015-09-07,Makueni,2
2015-09-08,Makueni,2
2015-09-09,Makueni,0
2015-09-10,Makueni,0
2015-09-11,Makueni,2
2015-09-12,Makueni,0
2015-09-13,Makueni,1
2015-09-14,Makueni,1
2015-09-15,Makueni,2
2015-09-16,Makueni,0
2015-09-17,Makueni,1
2015-09-18,Makueni,0
2015-09-19,Makueni,0
2015-09-20,Makueni,0
2015-09-21,Makueni,2
2015-09-22,Makueni,2
2015-09-23,Makueni,1
2015-09-24,Makueni,1
2015-09-25,Makueni,0
2015-09-26,Makueni,2
2015-09-27,Makueni,2
2015-09-28,Makueni,2
2015-09-29,Makueni,1
2015-09-30,Makueni,2
2015-10-01,Makueni,2
2015-10-02,Makueni,1
2015-10-03,Makueni,1
2015-10-04,Makueni,0
2015-10-05,Makueni,0
2015-10-06,Makueni,0
2015-10-07,Makueni,2
2015-10-08,Makueni,2
2015-10-09,Makueni,1
2015-10-10,Makueni,0
2015-10-11,Makueni,2
2015-10-12,Makueni,2
2015-10-13,Makueni,1
2015-10-14,Makueni,0
2015-10-15,Makueni,1
2015-10-16,Makueni,2
2015-10-17,Makueni,0
2015-10-18,Makueni,2
2015-10-19,Makueni,1
2015-10-20,Makueni,1
2015-10-21,Makueni,11
2015-10-22,Makueni,1
2015-10-23,Makueni,2
2015-10-24,Makueni,2
2015-10-25,Makueni,1
2015-10-26,Makueni,0
2015-10-27,Makueni,2
2015-10-28,Makueni,0
2015-10-29,Makueni,2
2015-10-30,Makueni,1
2015-10-31,Makueni,2
2015-11-01,Makueni,1
2015-11-02,Makueni,1
2015-11-03,Makueni,1
2015-11-04,Makueni,1
2015-11-05,Makueni,0
2015-11-06,Makueni,0
2015-11-07,Makueni,1
2015-11-08,Makueni,2
2015-11-09,Makueni,0
2015-11-10,Makueni,0
2015-11-11,Makueni,0
2015-11-12,Makueni,5
2015-11-13,Makueni,1
2015-11-14,Makueni,2
2015-11-15,Makueni,1
2015-11-16,Makueni,1
2015-11-17,Makueni,0
2015-11-18,Makueni,0
2015-11-19,Makueni,12
2015-11-20,Makueni,0
2015-11-21,Makueni,1
2015-11-22,Makueni,2
2015-11-23,Makueni,1
2015-11-24,Makueni,2
2015-11-25,Makueni,1
2015-11-26,Makueni,1
2015-11-27,Makueni,1
2015-11-28,Makueni,2
2015-11-29,Makueni,1
2015-11-30,Makueni,8
2015-12-01,Makueni,1
2015-12-02,Makueni,0
2015-12-03,Makueni,0
2015-12-04,Makueni,2
2015-12-05,Makueni,0
2015-12-06,Makueni,0
2015-12-07,Makueni,2
2015-12-08,Makueni,0
2015-12-09,Makueni,1
2015-12-10,Makueni,2
2015-12-11,Makueni,0
2015-12-12,Makueni,1
2015-12-13,Makueni,2
2015-12-14,Makueni,2
2015-12-15,Makueni,1
2015-12-16,Makueni,0
2015-12-17,Makueni,0
2015-12-18,Makueni,1
2015-12-19,Makueni,0
2015-12-20,Makueni,0
2015-12-21,Makueni,1
2015-12-22,Makueni,1
2015-12-23,Makueni,0
2015-12-24,Makueni,0
2015-12-25,Makueni,0
2015-12-26,Makueni,1
2015-12-27,Makueni,0
2015-12-28,Makueni,1
2015-12-29,Makueni,2
2015-12-30,Makueni,2
2015-12-31,Makueni,1
2016-01-01,Makueni,1
2016-01-02,Makueni,0
2016-01-03,Makueni,0
2016-01-04,Makueni,0
2016-01-05,Makueni,2
2016-01-06,Makueni,1
2016-01-07,Makueni,2
2016-01-08,Makueni,0
2016-01-09,Makueni,2
2016-01-10,Makueni,0
2016-01-11,Makueni,1
2016-01-12,Makueni,2
2016-01-13,Makueni,0
2016-01-14,Makueni,0
2016-01-15,Makueni,2
2016-01-16,Makueni,2
2016-01-17,Makueni,1
2016-01-18,Makueni,0
2016-01-19,Makueni,1
2016-01-20,Makueni,0
2016-01-21,Makueni,0
2016-01-22,Makueni,0
2016-01-23,Makueni,0
2016-01-24,Makueni,0
2016-01-25,Makueni,2
2016-01-26,Makueni,0
2016-01-27,Makueni,0
2016-01-28,Makueni,2
2016-01-29,Makueni,2
2016-01-30,Makueni,2
2016-01-31,Makueni,1
2016-02-01,Makueni,1
2016-02-02,Makueni,2
2016-02-03,Makueni,1
2016-02-04,Makueni,2
2016-02-05,Makueni,1
2016-02-06,Makueni,1
2016-02-07,Makueni,1
2016-02-08,Makueni,1
2016-02-09,Makueni,1
2016-02-10,Makueni,0
2016-02-11,Makueni,0
2016-02-12,Makueni,2
2016-02-13,Makueni,1
2016-02-14,Makueni,2
2016-02-15,Makueni,0
2016-02-16,Makueni,0
2016-02-17,Makueni,1
2016-02-18,Makueni,0
2016-02-19,Makueni,0
2016-02-20,Makueni,1
2016-02-21,Makueni,2
2016-02-22,Makueni,1
2016-02-23,Makueni,1
2016-02-24,Makueni,1
2016-02-25,Makueni,0
2016-02-26,Makueni,0
2016-02-27,Makueni,0
2016-02-28,Makueni,1
2016-02-29,Makueni,2
2016-03-01,Makueni,24
2016-03-02,Makueni,1
2016-03-03,Makueni,0
2016-03-04,Makueni,16
2016-03-05,Makueni,21
2016-03-06,Makueni,2
2016-03-07,Makueni,13
2016-03-08,Makueni,0
2016-03-09,Makueni,19
2016-03-10,Makueni,0
2016-03-11,Makueni,16
2016-03-12,Makueni,6
2016-03-13,Makueni,18
2016-03-14,Makueni,18
2016-03-15,Makueni,20
2016-03-16,Makueni,1
2016-03-17,Makueni,15
2016-03-18,Makueni,2
2016-03-19,Makueni,22
2016-03-20,Makueni,0
2016-03-21,Makueni,17
2016-03-22,Makueni,2
2016-03-23,Makueni,13
2016-03-24,Makueni,1
2016-03-25,Makueni,9
2016-03-26,Makueni,0
2016-03-27,Makueni,0
2016-03-28,Makueni,14
2016-03-29,Makueni,17
2016-03-30,Makueni,10
2016-03-31,Makueni,0
2016-04-01,Makueni,14
2016-04-02,Makueni,9
2016-04-03,Makueni,15
2016-04-04,Makueni,1
2016-04-05,Makueni,12
2016-04-06,Makueni,1
2016-04-07,Makueni,16
2016-04-08,Makueni,14
2016-04-09,Makueni,4
2016-04-10,Makueni,12
2016-04-11,Makueni,2
2016-04-12,Makueni,0
2016-04-13,Makueni,13
2016-04-14,Makueni,0
2016-04-15,Makueni,0
2016-04-16,Makueni,2
2016-04-17,Makueni,15
2016-04-18,Makueni,2
2016-04-19,Makueni,14
2016-04-20,Makueni,8
2016-04-21,Makueni,14
2016-04-22,Makueni,0
2016-04-23,Makueni,2
2016-04-24,Makueni,6
2016-04-25,Makueni,2
2016-04-26,Makueni,0
2016-04-27,Makueni,1
2016-04-28,Makueni,2
2016-04-29,Makueni,24
2016-04-30,Makueni,11
2016-05-01,Makueni,0
2016-05-02,Makueni,2
2016-05-03,Makueni,6
2016-05-04,Makueni,0
2016-05-05,Makueni,1
2016-05-06,Makueni,22
2016-05-07,Makueni,1
2016-05-08,Makueni,7
2016-05-09,Makueni,2
2016-05-10,Makueni,11
2016-05-11,Makueni,14
2016-05-12,Makueni,17
2016-05-13,Makueni,1
2016-05-14,Makueni,18
2016-05-15,Makueni,2
2016-05-16,Makueni,13
2016-05-17,Makueni,13
2016-05-18,Makueni,2
2016-05-19,Makueni,2
2016-05-20,Makueni,9
2016-05-21,Makueni,7
2016-05-22,Makueni,9
2016-05-23,Makueni,0
2016-05-24,Makueni,22
2016-05-25,Makueni,13
2016-05-26,Makueni,1
2016-05-27,Makueni,2
2016-05-28,Makueni,16
2016-05-29,Makueni,13
2016-05-30,Makueni,8
2016-05-31,Makueni,9
2016-06-01,Makueni,0
2016-06-02,Makueni,1
2016-06-03,Makueni,1
2016-06-04,Makueni,1
2016-06-05,Makueni,2
2016-06-06,Makueni,1
2016-06-07,Makueni,2
2016-06-08,Makueni,2
2016-06-09,Makueni,0
2016-06-10,Makueni,1
2016-06-11,Makueni,0
2016-06-12,Makueni,2
2016-06-13,Makueni,1
2016-06-14,Makueni,1
2016-06-15,Makueni,2
2016-06-16,Makueni,1
2016-06-17,Makueni,0
2016-06-18,Makueni,0
2016-06-19,Makueni,1
2016-06-20,Makueni,0
2016-06-21,Makueni,1
2016-06-22,Makueni,2
2016-06-23,Makueni,1
2016-06-24,Makueni,1
2016-06-25,Makueni,1
2016-06-26,Makueni,1
2016-06-27,Makueni,0
2016-06-28,Makueni,0
2016-06-29,Makueni,0
2016-06-30,Makueni,0
2016-07-01,Makueni,2
2016-07-02,Makueni,1
2016-07-03,Makueni,0
2016-07-04,Makueni,0
2016-07-05,Makueni,0
2016-07-06,Makueni,0
2016-07-07,Makueni,1
2016-07-08,Makueni,1
2016-07-09,Makueni,0
2016-07-10,Makueni,1
2016-07-11,Makueni,2
2016-07-12,Makueni,1
2016-07-13,Makueni,0
2016-07-14,Makueni,0
2016-07-15,Makueni,1
2016-07-16,Makueni,1
2016-07-17,Makueni,1
2016-07-18,Makueni,2
2016-07-19,Makueni,1
2016-07-20,Makueni,2
2016-07-21,Makueni,0
2016-07-22,Makueni,0
2016-07-23,Makueni,1
2016-07-24,Makueni,0
2016-07-25,Makueni,0
2016-07-26,Makueni,2
2016-07-27,Makueni,1
2016-07-28,Makueni,2
2016-07-29,Makueni,0
2016-07-30,Makueni,2
2016-07-31,Makueni,1
2016-08-01,Makueni,2
2016-08-02,Makueni,2
2016-08-03,Makueni,2
2016-08-04,Makueni,0
2016-08-05,Makueni,0
2016-08-06,Makueni,1
2016-08-07,Makueni,2
2016-08-08,Makueni,2
2016-08-09,Makueni,2
2016-08-10,Makueni,1
2016-08-11,Makueni,0
2016-08-12,Makueni,2
2016-08-13,Makueni,2
2016-08-14,Makueni,0
2016-08-15,Makueni,2
2016-08-16,Makueni,2
2016-08-17,Makueni,0
2016-08-18,Makueni,1
2016-08-19,Makueni,1
2016-08-20,Makueni,2
2016-08-21,Makueni,2
2016-08-22,Makueni,2
2016-08-23,Makueni,2
2016-08-24,Makueni,1
2016-08-25,Makueni,1
2016-08-26,Makueni,1
2016-08-27,Makueni,1
2016-08-28,Makueni,1
2016-08-29,Makueni,0
2016-08-30,Makueni,0
2016-08-31,Makueni,2
2016-09-01,Makueni,2
2016-09-02,Makueni,0
2016-09-03,Makueni,1
2016-09-04,Makueni,1
2016-09-05,Makueni,1
2016-09-06,Makueni,0
2016-09-07,Makueni,1
2016-09-08,Makueni,0
2016-09-09,Makueni,2
2016-09-10,Makueni,1
2016-09-11,Makueni,1
2016-09-12,Makueni,1
2016-09-13,Makueni,1
2016-09-14,Makueni,2
2016-09-15,Makueni,1
2016-09-16,Makueni,0
2016-09-17,Makueni,0
2016-09-18,Makueni,0
2016-09-19,Makueni,0
2016-09-20,Makueni,2
2016-09-21,Makueni,0
2016-09-22,Makueni,0
2016-09-23,Makueni,1
2016-09-24,Makueni,1
2016-09-25,Makueni,2
2016-09-26,Makueni,2
2016-09-27,Makueni,2
2016-09-28,Makueni,2
2016-09-29,Makueni,1
2016-09-30,Makueni,2
2016-10-01,Makueni,2
2015-01-01,Nyandarua,2
2015-01-02,Nyandarua,1
2015-01-03,Nyandarua,2
2015-01-04,Nyandarua,1
2015-01-05,Nyandarua,0
2015-01-06,Nyandarua,2
2015-01-07,Nyandarua,2
2015-01-08,Nyandarua,1
2015-01-09,Nyandarua,1
2015-01-10,Nyandarua,2
2015-01-11,Nyandarua,0
2015-01-12,Nyandarua,0
2015-01-13,Nyandarua,1
2015-01-14,Nyandarua,1
2015-01-15,Nyandarua,0
2015-01-16,Nyandarua,2
2015-01-17,Nyandarua,2
2015-01-18,Nyandarua,0
2015-01-19,Nyandarua,2
2015-01-20,Nyandarua,1
2015-01-21,Nyandarua,0
2015-01-22,Nyandarua,0
2015-01-23,Nyandarua,2
2015-01-24,Nyandarua,2
2015-01-25,Nyandarua,1
2015-01-26,Nyandarua,2
2015-01-27,Nyandarua,2
2015-01-28,Nyandarua,0
2015-01-29,Nyandarua,0
2015-01-30,Nyandarua,2
2015-01-31,Nyandarua,2
2015-02-01,Nyandarua,2
2015-02-02,Nyandarua,2
2015-02-03,Nyandarua,2
2015-02-04,Nyandarua,0
2015-02-05,Nyandarua,0
2015-02-06,Nyandarua,0
2015-02-07,Nyandarua,0
2015-02-08,Nyandarua,2
2015-02-09,Nyandarua,2
2015-02-10,Nyandarua,0
2015-02-11,Nyandarua,0
2015-02-12,Nyandarua,2
2015-02-13,Nyandarua,1
2015-02-14,Nyandarua,0
2015-02-15,Nyandarua,2
2015-02-16,Nyandarua,0
2015-02-17,Nyandarua,0
2015-02-18,Nyandarua,2
2015-02-19,Nyandarua,2
2015-02-20,Nyandarua,1
2015-02-21,Nyandarua,2
2015-02-22,Nyandarua,0
2015-02-23,Nyandarua,1
2015-02-24,Nyandarua,1
2015-02-25,Nyandarua,0
2015-02-26,Nyandarua,1
2015-02-27,Nyandarua,2
2015-02-28,Nyandarua,0
2015-03-01,Nyandarua,1
2015-03-02,Nyandarua,16
2015-03-03,Nyandarua,2
2015-03-04,Nyandarua,1
2015-03-05,Nyandarua,0
2015-03-06,Nyandarua,9
2015-03-07,Nyandarua,1
2015-03-08,Nyandarua,1
2015-03-09,Nyandarua,9
2015-03-10,Nyandarua,2
2015-03-11,Nyandarua,10
2015-03-12,Nyandarua,11
2015-03-13,Nyandarua,0
2015-03-14,Nyandarua,1
2015-03-15,Nyandarua,0
2015-03-16,Nyandarua,9
2015-03-17,Nyandarua,8
2015-03-18,Nyandarua,17
2015-03-19,Nyandarua,1
2015-03-20,Nyandarua,1
2015-03-21,Nyandarua,0
2015-03-22,Nyandarua,14
2015-03-23,Nyandarua,2
2015-03-24,Nyandarua,1
2015-03-25,Nyandarua,15
2015-03-26,Nyandarua,2
2015-03-27,Nyandarua,2
2015-03-28,Nyandarua,0
2015-03-29,Nyandarua,18
2015-03-30,Nyandarua,10
2015-03-31,Nyandarua,7
2015-04-01,Nyandarua,8
2015-04-02,Nyandarua,0
2015-04-03,Nyandarua,3
2015-04-04,Nyandarua,12
2015-04-05,Nyandarua,1
2015-04-06,Nyandarua,9
2015-04-07,Nyandarua,1
2015-04-08,Nyandarua,11
2015-04-09,Nyandarua,11
2015-04-10,Nyandarua,2
2015-04-11,Nyandarua,14
2015-04-12,Nyandarua,2
2015-04-13,Nyandarua,18
2015-04-14,Nyandarua,10
2015-04-15,Nyandarua,12
2015-04-16,Nyandarua,7
2015-04-17,Nyandarua,2
2015-04-18,Nyandarua,0
2015-04-19,Nyandarua,0
2015-04-20,Nyandarua,0
2015-04-21,Nyandarua,2
2015-04-22,Nyandarua,1
2015-04-23,Nyandarua,1
2015-04-24,Nyandarua,9
2015-04-25,Nyandarua,10
2015-04-26,Nyandarua,2
2015-04-27,Nyandarua,18
2015-04-28,Nyandarua,14
2015-04-29,Nyandarua,13
2015-04-30,Nyandarua,10
2015-05-01,Nyandarua,1
2015-05-02,Nyandarua,11
2015-05-03,Nyandarua,22
2015-05-04,Nyandarua,9
2015-05-05,Nyandarua,2
2015-05-06,Nyandarua,13
2015-05-07,Nyandarua,5
2015-05-08,Nyandarua,11
2015-05-09,Nyandarua,22
2015-05-10,Nyandarua,0
2015-05-11,Nyandarua,1
2015-05-12,Nyandarua,1
2015-05-13,Nyandarua,0
2015-05-14,Nyandarua,1
2015-05-15,Nyandarua,11
2015-05-16,Nyandarua,8
2015-05-17,Nyandarua,2
2015-05-18,Nyandarua,1
2015-05-19,Nyandarua,9
2015-05-20,Nyandarua,13
2015-05-21,Nyandarua,13
2015-05-22,Nyandarua,6
2015-05-23,Nyandarua,1
2015-05-24,Nyandarua,14
2015-05-25,Nyandarua,1
2015-05-26,Nyandarua,2
2015-05-27,Nyandarua,0
2015-05-28,Nyandarua,0
2015-05-29,Nyandarua,9
2015-05-30,Nyandarua,13
2015-05-31,Nyandarua,15
2015-06-01,Nyandarua,1
2015-06-02,Nyandarua,0
2015-06-03,Nyandarua,0
2015-06-04,Nyandarua,0
2015-06-05,Nyandarua,0
2015-06-06,Nyandarua,1
2015-06-07,Nyandarua,2
2015-06-08,Nyandarua,2
2015-06-09,Nyandarua,1
2015-06-10,Nyandarua,2
2015-06-11,Nyandarua,0
2015-06-12,Nyandarua,1
2015-06-13,Nyandarua,2
2015-06-14,Nyandarua,0
2015-06-15,Nyandarua,1
2015-06-16,Nyandarua,1
2015-06-17,Nyandarua,1
2015-06-18,Nyandarua,0
2015-06-19,Nyandarua,2
2015-06-20,Nyandarua,0
2015-06-21,Nyandarua,1
2015-06-22,Nyandarua,1
2015-06-23,Nyandarua,1
2015-06-24,Nyandarua,1
2015-06-25,Nyandarua,0
2015-06-26,Nyandarua,1
2015-06-27,Nyandarua,1
2015-06-28,Nyandarua,2
2015-06-29,Nyandarua,2
2015-06-30,Nyandarua,1
2015-07-01,Nyandarua,0
2015-07-02,Nyandarua,1
2015-07-03,Nyandarua,2
2015-07-04,Nyandarua,1
2015-07-05,Nyandarua,2
2015-07-06,Nyandarua,0
2015-07-07,Nyandarua,0
2015-07-08,Nyandarua,0
2015-07-09,Nyandarua,0
2015-07-10,Nyandarua,2
2015-07-11,Nyandarua,0
2015-07-12,Nyandarua,2
2015-07-13,Nyandarua,2
2015-07-14,Nyandarua,2
2015-07-15,Nyandarua,0
2015-07-16,Nyandarua,0
2015-07-17,Nyandarua,1
2015-07-18,Nyandarua,2
2015-07-19,Nyandarua,2
2015-07-20,Nyandarua,0
2015-07-21,Nyandarua,1
2015-07-22,Nyandarua,2
2015-07-23,Nyandarua,0
2015-07-24,Nyandarua,1
2015-07-25,Nyandarua,1
2015-07-26,Nyandarua,2
2015-07-27,Nyandarua,1
2015-07-28,Nyandarua,2
2015-07-29,Nyandarua,1
2015-07-30,Nyandarua,2
2015-07-31,Nyandarua,1
2015-08-01,Nyandarua,1
2015-08-02,Nyandarua,2
2015-08-03,Nyandarua,1
2015-08-04,Nyandarua,0
2015-08-05,Nyandarua,2
2015-08-06,Nyandarua,0
2015-08-07,Nyandarua,1
2015-08-08,Nyandarua,2
2015-08-09,Nyandarua,1
2015-08-10,Nyandarua,0
2015-08-11,Nyandarua,0
2015-08-12,Nyandarua,0
2015-08-13,Nyandarua,1
2015-08-14,Nyandarua,1
2015-08-15,Nyandarua,1
2015-08-16,Nyandarua,1
2015-08-17,Nyandarua,1
2015-08-18,Nyandarua,2
2015-08-19,Nyandarua,0
2015-08-20,Nyandarua,2
2015-08-21,Nyandarua,0
2015-08-22,Nyandarua,0
2015-08-23,Nyandarua,0
2015-08-24,Nyandarua,1
2015-08-25,Nyandarua,1
2015-08-26,Nyandarua,0
2015-08-27,Nyandarua,2
2015-08-28,Nyandarua,2
2015-08-29,Nyandarua,0
2015-08-30,Nyandarua,0
2015-08-31,Nyandarua,2
2015-09-01,Nyandarua,2
2015-09-02,Nyandarua,2
2015-09-03,Nyandarua,2
2015-09-04,Nyandarua,1
2015-09-05,Nyandarua,0
2015-09-06,Nyandarua,1
2015-09-07,Nyandarua,1
2015-09-08,Nyandarua,1
2015-09-09,Nyandarua,2
2015-09-10,Nyandarua,2
2015-09-11,Nyandarua,2
2015-09-12,Nyandarua,1
2015-09-13,Nyandarua,1
2015-09-14,Nyandarua,1
2015-09-15,Nyandarua,2
2015-09-16,Nyandarua,0
2015-09-17,Nyandarua,1
2015-09-18,Nyandarua,1
2015-09-19,Nyandarua,1
2015-09-20,Nyandarua,0
2015-09-21,Nyandarua,2
2015-09-22,Nyandarua,0
2015-09-23,Nyandarua,2
2015-09-24,Nyandarua,0
2015-09-25,Nyandarua,1
2015-09-26,Nyandarua,2
2015-09-27,Nyandarua,1
2015-09-28,Nyandarua,2
2015-09-29,Nyandarua,0
2015-09-30,Nyandarua,0
2015-10-01,Nyandarua,2
2015-10-02,Nyandarua,0
2015-10-03,Nyandarua,2
2015-10-04,Nyandarua,1
2015-10-05,Nyandarua,1
2015-10-06,Nyandarua,0
2015-10-07,Nyandarua,2
2015-10-08,Nyandarua,1
2015-10-09,Nyandarua,1
2015-10-10,Nyandarua,15
2015-10-11,Nyandarua,0
2015-10-12,Nyandarua,2
2015-10-13,Nyandarua,0
2015-10-14,Nyandarua,0
2015-10-15,Nyandarua,0
2015-10-16,Nyandarua,0
2015-10-17,Nyandarua,0
2015-10-18,Nyandarua,0
2015-10-19,Nyandarua,2
2015-10-20,Nyandarua,1
2015-10-21,Nyandarua,0
2015-10-22,Nyandarua,1
2015-10-23,Nyandarua,0
2015-10-24,Nyandarua,0
2015-10-25,Nyandarua,2
2015-10-26,Nyandarua,0
2015-10-27,Nyandarua,0
2015-10-28,Nyandarua,2
2015-10-29,Nyandarua,2
2015-10-30,Nyandarua,0
2015-10-31,Nyandarua,2
2015-11-01,Nyandarua,2
2015-11-02,Nyandarua,2
2015-11-03,Nyandarua,0
2015-11-04,Nyandarua,2
2015-11-05,Nyandarua,2
2015-11-06,Nyandarua,1
2015-11-07,Nyandarua,1
2015-11-08,Nyandarua,19
2015-11-09,Nyandarua,2
2015-11-10,Nyandarua,2
2015-11-11,Nyandarua,0
2015-11-12,Nyandarua,0
2015-11-13,Nyandarua,12
2015-11-14,Nyandarua,8
2015-11-15,Nyandarua,2
2015-11-16,Nyandarua,1
2015-11-17,Nyandarua,0
2015-11-18,Nyandarua,1
2015-11-19,Nyandarua,0
2015-11-20,Nyandarua,1
2015-11-21,Nyandarua,8
2015-11-22,Nyandarua,1
2015-11-23,Nyandarua,10
2015-11-24,Nyandarua,2
2015-11-25,Nyandarua,4
2015-11-26,Nyandarua,14
2015-11-27,Nyandarua,0
2015-11-28,Nyandarua,0
2015-11-29,Nyandarua,2
2015-11-30,Nyandarua,2
2015-12-01,Nyandarua,1
2015-12-02,Nyandarua,1
2015-12-03,Nyandarua,0
2015-12-04,Nyandarua,2
2015-12-05,Nyandarua,0
2015-12-06,Nyandarua,0
2015-12-07,Nyandarua,1
2015-12-08,Nyandarua,1
2015-12-09,Nyandarua,2
2015-12-10,Nyandarua,1
2015-12-11,Nyandarua,2
2015-12-12,Nyandarua,1
2015-12-13,Nyandarua,1
2015-12-14,Nyandarua,2
2015-12-15,Nyandarua,2
2015-12-16,Nyandarua,1
2015-12-17,Nyandarua,1
2015-12-18,Nyandarua,1
2015-12-19,Nyandarua,0
2015-12-20,Nyandarua,0
2015-12-21,Nyandarua,1
2015-12-22,Nyandarua,1
2015-12-23,Nyandarua,2
2015-12-24,Nyandarua,1
2015-12-25,Nyandarua,0
2015-12-26,Nyandarua,1
2015-12-27,Nyandarua,1
2015-12-28,Nyandarua,0
2015-12-29,Nyandarua,2
2015-12-30,Nyandarua,2
2015-12-31,Nyandarua,0
2016-01-01,Nyandarua,2
2016-01-02,Nyandarua,0
2016-01-03,Nyandarua,0
2016-01-04,Nyandarua,1
2016-01-05,Nyandarua,2
2016-01-06,Nyandarua,1
2016-01-07,Nyandarua,1
2016-01-08,Nyandarua,2
2016-01-09,Nyandarua,2
2016-01-10,Nyandarua,1
2016-01-11,Nyandarua,0
2016-01-12,Nyandarua,2
2016-01-13,Nyandarua,1
2016-01-14,Nyandarua,0
2016-01-15,Nyandarua,2
2016-01-16,Nyandarua,1
2016-01-17,Nyandarua,1
2016-01-18,Nyandarua,1
2016-01-19,Nyandarua,1
2016-01-20,Nyandarua,1
2016-01-21,Nyandarua,1
2016-01-22,Nyandarua,1
2016-01-23,Nyandarua,1
2016-01-24,Nyandarua,2
2016-01-25,Nyandarua,0
2016-01-26,Nyandarua,1
2016-01-27,Nyandarua,1
2016-01-28,Nyandarua,1
2016-01-29,Nyandarua,2
2016-01-30,Nyandarua,2
2016-01-31,Nyandarua,1
2016-02-01,Nyandarua,2
2016-02-02,Nyandarua,1
2016-02-03,Nyandarua,0
2016-02-04,Nyandarua,0
2016-02-05,Nyandarua,0
2016-02-06,Nyandarua,0
2016-02-07,Nyandarua,2
2016-02-08,Nyandarua,0
2016-02-09,Nyandarua,0
2016-02-10,Nyandarua,1
2016-02-11,Nyandarua,0
2016-02-12,Nyandarua,0
2016-02-13,Nyandarua,1
2016-02-14,Nyandarua,1
2016-02-15,Nyandarua,1
2016-02-16,Nyandarua,1
2016-02-17,Nyandarua,0
2016-02-18,Nyandarua,2
2016-02-19,Nyandarua,2
2016-02-20,Nyandarua,0
2016-02-21,Nyandarua,2
2016-02-22,Nyandarua,2
2016-02-23,Nyandarua,1
2016-02-24,Nyandarua,2
2016-02-25,Nyandarua,1
2016-02-26,Nyandarua,1
2016-02-27,Nyandarua,0
2016-02-28,Nyandarua,2
2016-02-29,Nyandarua,0
2016-03-01,Nyandarua,13
2016-03-02,Nyandarua,2
2016-03-03,Nyandarua,0
2016-03-04,Nyandarua,2
2016-03-05,Nyandarua,10
2016-03-06,Nyandarua,16
2016-03-07,Nyandarua,16
2016-03-08,Nyandarua,20
2016-03-09,Nyandarua,1
2016-03-10,Nyandarua,8
2016-03-11,Nyandarua,9
2016-03-12,Nyandarua,2
2016-03-13,Nyandarua,17
2016-03-14,Nyandarua,2
2016-03-15,Nyandarua,6
2016-03-16,Nyandarua,0
2016-03-17,Nyandarua,9
2016-03-18,Nyandarua,1
2016-03-19,Nyandarua,7
2016-03-20,Nyandarua,2
2016-03-21,Nyandarua,0
2016-03-22,Nyandarua,10
2016-03-23,Nyandarua,0
2016-03-24,Nyandarua,0
2016-03-25,Nyandarua,12
2016-03-26,Nyandarua,10
2016-03-27,Nyandarua,15
2016-03-28,Nyandarua,9
2016-03-29,Nyandarua,6
2016-03-30,Nyandarua,20
2016-03-31,Nyandarua,18
2016-04-01,Nyandarua,10
2016-04-02,Nyandarua,4
2016-04-03,Nyandarua,20
2016-04-04,Nyandarua,16
2016-04-05,Nyandarua,3
2016-04-06,Nyandarua,23
2016-04-07,Nyandarua,18
2016-04-08,Nyandarua,10
2016-04-09,Nyandarua,18
2016-04-10,Nyandarua,5
2016-04-11,Nyandarua,2
2016-04-12,Nyandarua,16
2016-04-13,Nyandarua,0
2016-04-14,Nyandarua,2
2016-04-15,Nyandarua,2
2016-04-16,Nyandarua,1
2016-04-17,Nyandarua,8
2016-04-18,Nyandarua,1
2016-04-19,Nyandarua,0
2016-04-20,Nyandarua,9
2016-04-21,Nyandarua,16
2016-04-22,Nyandarua,2
2016-04-23,Nyandarua,0
2016-04-24,Nyandarua,13
2016-04-25,Nyandarua,2
2016-04-26,Nyandarua,15
2016-04-27,Nyandarua,9
2016-04-28,Nyandarua,21
2016-04-29,Nyandarua,12
2016-04-30,Nyandarua,9
2016-05-01,Nyandarua,0
2016-05-02,Nyandarua,15
2016-05-03,Nyandarua,2
2016-05-04,Nyandarua,0
2016-05-05,Nyandarua,8
2016-05-06,Nyandarua,22
2016-05-07,Nyandarua,15
2016-05-08,Nyandarua,1
2016-05-09,Nyandarua,11
2016-05-10,Nyandarua,14
2016-05-11,Nyandarua,0
2016-05-12,Nyandarua,8
2016-05-13,Nyandarua,2
2016-05-14,Nyandarua,1
2016-05-15,Nyandarua,0
2016-05-16,Nyandarua,1
2016-05-17,Nyandarua,1
2016-05-18,Nyandarua,0
2016-05-19,Nyandarua,2
2016-05-20,Nyandarua,1
2016-05-21,Nyandarua,12
2016-05-22,Nyandarua,18
2016-05-23,Nyandarua,17
2016-05-24,Nyandarua,15
2016-05-25,Nyandarua,19
2016-05-26,Nyandarua,13
2016-05-27,Nyandarua,0
2016-05-28,Nyandarua,0
2016-05-29,Nyandarua,0
2016-05-30,Nyandarua,11
2016-05-31,Nyandarua,19
2016-06-01,Nyandarua,1
2016-06-02,Nyandarua,1
2016-06-03,Nyandarua,0
2016-06-04,Nyandarua,2
2016-06-05,Nyandarua,0
2016-06-06,Nyandarua,2
2016-06-07,Nyandarua,1
2016-06-08,Nyandarua,1
2016-06-09,Nyandarua,1
2016-06-10,Nyandarua,2
2016-06-11,Nyandarua,2
2016-06-12,Nyandarua,2
2016-06-13,Nyandarua,2
2016-06-14,Nyandarua,0
2016-06-15,Nyandarua,0
2016-06-16,Nyandarua,1
2016-06-17,Nyandarua,2
2016-06-18,Nyandarua,1
2016-06-19,Nyandarua,1
2016-06-20,Nyandarua,1
2016-06-21,Nyandarua,0
2016-06-22,Nyandarua,0
2016-06-23,Nyandarua,2
2016-06-24,Nyandarua,1
2016-06-25,Nyandarua,0
2016-06-26,Nyandarua,0
2016-06-27,Nyandarua,2
2016-06-28,Nyandarua,0
2016-06-29,Nyandarua,1
2016-06-30,Nyandarua,1
2016-07-01,Nyandarua,1
2016-07-02,Nyandarua,2
2016-07-03,Nyandarua,2
2016-07-04,Nyandarua,2
2016-07-05,Nyandarua,1
2016-07-06,Nyandarua,1
2016-07-07,Nyandarua,1
2016-07-08,Nyandarua,1
2016-07-09,Nyandarua,2
2016-07-10,Nyandarua,2
2016-07-11,Nyandarua,0
2016-07-12,Nyandarua,0
2016-07-13,Nyandarua,2
2016-07-14,Nyandarua,2
2016-07-15,Nyandarua,0
2016-07-16,Nyandarua,0
2016-07-17,Nyandarua,2
2016-07-18,Nyandarua,2
2016-07-19,Nyandarua,0
2016-07-20,Nyandarua,1
2016-07-21,Nyandarua,0
2016-07-22,Nyandarua,0
2016-07-23,Nyandarua,0
2016-07-24,Nyandarua,0
2016-07-25,Nyandarua,0
2016-07-26,Nyandarua,0
2016-07-27,Nyandarua,1
2016-07-28,Nyandarua,1
2016-07-29,Nyandarua,1
2016-07-30,Nyandarua,1
2016-07-31,Nyandarua,1
2016-08-01,Nyandarua,1
2016-08-02,Nyandarua,1
2016-08-03,Nyandarua,2
2016-08-04,Nyandarua,1
2016-08-05,Nyandarua,0
2016-08-06,Nyandarua,0
2016-08-07,Nyandarua,1
2016-08-08,Nyandarua,2
2016-08-09,Nyandarua,1
2016-08-10,Nyandarua,2
2016-08-11,Nyandarua,2
2016-08-12,Nyandarua,0
2016-08-13,Nyandarua,1
2016-08-14,Nyandarua,1
2016-08-15,Nyandarua,2
2016-08-16,Nyandarua,1
2016-08-17,Nyandarua,1
2016-08-18,Nyandarua,2
2016-08-19,Nyandarua,0
2016-08-20,Nyandarua,2
2016-08-21,Nyandarua,0
2016-08-22,Nyandarua,1
2016-08-23,Nyandarua,1
2016-08-24,Nyandarua,2
2016-08-25,Nyandarua,0
2016-08-26,Nyandarua,1
2016-08-27,Nyandarua,0
2016-08-28,Nyandarua,0
2016-08-29,Nyandarua,1
2016-08-30,Nyandarua,0
2016-08-31,Nyandarua,1
2016-09-01,Nyandarua,0
2016-09-02,Nyandarua,2
2016-09-03,Nyandarua,0
2016-09-04,Nyandarua,1
2016-09-05,Nyandarua,1
2016-09-06,Nyandarua,2
2016-09-07,Nyandarua,1
2016-09-08,Nyandarua,0
2016-09-09,Nyandarua,1
2016-09-10,Nyandarua,1
2016-09-11,Nyandarua,0
2016-09-12,Nyandarua,1
2016-09-13,Nyandarua,2
2016-09-14,Nyandarua,1
2016-09-15,Nyandarua,1
2016-09-16,Nyandarua,0
2016-09-17,Nyandarua,2
2016-09-18,Nyandarua,1
2016-09-19,Nyandarua,0
2016-09-20,Nyandarua,0
2016-09-21,Nyandarua,1
2016-09-22,Nyandarua,1
2016-09-23,Nyandarua,1
2016-09-24,Nyandarua,1
2016-09-25,Nyandarua,0
2016-09-26,Nyandarua,2
2016-09-27,Nyandarua,0
2016-09-28,Nyandarua,2
2016-09-29,Nyandarua,2
2016-09-30,Nyandarua,0
2016-10-01,Nyandarua,0
2015-01-01,Nyeri,0
2015-01-02,Nyeri,0
2015-01-03,Nyeri,0
2015-01-04,Nyeri,2
2015-01-05,Nyeri,0
2015-01-06,Nyeri,0
2015-01-07,Nyeri,2
2015-01-08,Nyeri,2
2015-01-09,Nyeri,0
2015-01-10,Nyeri,0
2015-01-11,Nyeri,0
2015-01-12,Nyeri,1
2015-01-13,Nyeri,2
2015-01-14,Nyeri,1
2015-01-15,Nyeri,1
2015-01-16,Nyeri,0
2015-01-17,Nyeri,2
2015-01-18,Nyeri,0
2015-01-19,Nyeri,0
2015-01-20,Nyeri,1
2015-01-21,Nyeri,2
2015-01-22,Nyeri,2
2015-01-23,Nyeri,1
2015-01-24,Nyeri,2
2015-01-25,Nyeri,2
2015-01-26,Nyeri,1
2015-01-27,Nyeri,0
2015-01-28,Nyeri,2
2015-01-29,Nyeri,1
2015-01-30,Nyeri,2
2015-01-31,Nyeri,2
2015-02-01,Nyeri,2
2015-02-02,Nyeri,0
2015-02-03,Nyeri,0
2015-02-04,Nyeri,0
2015-02-05,Nyeri,2
2015-02-06,Nyeri,1
2015-02-07,Nyeri,0
2015-02-08,Nyeri,0
2015-02-09,Nyeri,2
2015-02-10,Nyeri,0
2015-02-11,Nyeri,2
2015-02-12,Nyeri,1
2015-02-13,Nyeri,0
2015-02-14,Nyeri,0
2015-02-15,Nyeri,0
2015-02-16,Nyeri,2
2015-02-17,Nyeri,1
2015-02-18,Nyeri,1
2015-02-19,Nyeri,0
2015-02-20,Nyeri,0
2015-02-21,Nyeri,1
2015-02-22,Nyeri,1
2015-02-23,Nyeri,2
2015-02-24,Nyeri,1
2015-02-25,Nyeri,2
2015-02-26,Nyeri,1
2015-02-27,Nyeri,2
2015-02-28,Nyeri,0
2015-03-01,Nyeri,2
2015-03-02,Nyeri,8
2015-03-03,Nyeri,21
2015-03-04,Nyeri,1
2015-03-05,Nyeri,11
2015-03-06,Nyeri,2
2015-03-07,Nyeri,15
2015-03-08,Nyeri,18
2015-03-09,Nyeri,2
2015-03-10,Nyeri,12
2015-03-11,Nyeri,13
2015-03-12,Nyeri,10
2015-03-13,Nyeri,2
2015-03-14,Nyeri,0
2015-03-15,Nyeri,0
2015-03-16,Nyeri,19
2015-03-17,Nyeri,1
2015-03-18,Nyeri,15
2015-03-19,Nyeri,0
2015-03-20,Nyeri,10
2015-03-21,Nyeri,2
2015-03-22,Nyeri,12
2015-03-23,Nyeri,1
2015-03-24,Nyeri,19
2015-03-25,Nyeri,23
2015-03-26,Nyeri,12
2015-03-27,Nyeri,12
2015-03-28,Nyeri,0
2015-03-29,Nyeri,12
2015-03-30,Nyeri,0
2015-03-31,Nyeri,21
2015-04-01,Nyeri,2
2015-04-02,Nyeri,2
2015-04-03,Nyeri,0
2015-04-04,Nyeri,0
2015-04-05,Nyeri,2
2015-04-06,Nyeri,14
2015-04-07,Nyeri,0
2015-04-08,Nyeri,10
2015-04-09,Nyeri,13
2015-04-10,Nyeri,0
2015-04-11,Nyeri,14
2015-04-12,Nyeri,0
2015-04-13,Nyeri,7
2015-04-14,Nyeri,0
2015-04-15,Nyeri,0
2015-04-16,Nyeri,0
2015-04-17,Nyeri,7
2015-04-18,Nyeri,12
2015-04-19,Nyeri,6
2015-04-20,Nyeri,16
2015-04-21,Nyeri,14
2015-04-22,Nyeri,1
2015-04-23,Nyeri,7
2015-04-24,Nyeri,0
2015-04-25,Nyeri,0
2015-04-26,Nyeri,12
2015-04-27,Nyeri,1
2015-04-28,Nyeri,1
2015-04-29,Nyeri,12
2015-04-30,Nyeri,16
2015-05-01,Nyeri,2
2015-05-02,Nyeri,9
2015-05-03,Nyeri,1
2015-05-04,Nyeri,8
2015-05-05,Nyeri,2
2015-05-06,Nyeri,2
2015-05-07,Nyeri,2
2015-05-08,Nyeri,14
2015-05-09,Nyeri,10
2015-05-10,Nyeri,2
2015-05-11,Nyeri,7
2015-05-12,Nyeri,14
2015-05-13,Nyeri,0
2015-05-14,Nyeri,27
2015-05-15,Nyeri,1
2015-05-16,Nyeri,2
2015-05-17,Nyeri,8
2015-05-18,Nyeri,13
2015-05-19,Nyeri,19
2015-05-20,Nyeri,2
2015-05-21,Nyeri,1
2015-05-22,Nyeri,12
2015-05-23,Nyeri,18
2015-05-24,Nyeri,12
2015-05-25,Nyeri,2
2015-05-26,Nyeri,1
2015-05-27,Nyeri,1
2015-05-28,Nyeri,2
2015-05-29,Nyeri,0
2015-05-30,Nyeri,7
2015-05-31,Nyeri,21
2015-06-01,Nyeri,2
2015-06-02,Nyeri,2
2015-06-03,Nyeri,0
2015-06-04,Nyeri,0
2015-06-05,Nyeri,0
2015-06-06,Nyeri,1
2015-06-07,Nyeri,2
2015-06-08,Nyeri,0
2015-06-09,Nyeri,1
2015-06-10,Nyeri,2
2015-06-11,Nyeri,2
2015-06-12,Nyeri,1
2015-06-13,Nyeri,0
2015-06-14,Nyeri,0
2015-06-15,Nyeri,0
2015-06-16,Nyeri,2
2015-06-17,Nyeri,0
2015-06-18,Nyeri,0
2015-06-19,Nyeri,0
2015-06-20,Nyeri,2
2015-06-21,Nyeri,1
2015-06-22,Nyeri,1
2015-06-23,Nyeri,1
2015-06-24,Nyeri,2
2015-06-25,Nyeri,2
2015-06-26,Nyeri,2
2015-06-27,Nyeri,2
2015-06-28,Nyeri,1
2015-06-29,Nyeri,0
2015-06-30,Nyeri,1
2015-07-01,Nyeri,1
2015-07-02,Nyeri,2
2015-07-03,Nyeri,2
2015-07-04,Nyeri,2
2015-07-05,Nyeri,0
2015-07-06,Nyeri,2
2015-07-07,Nyeri,1
2015-07-08,Nyeri,2
2015-07-09,Nyeri,1
2015-07-10,Nyeri,1
2015-07-11,Nyeri,1
2015-07-12,Nyeri,1
2015-07-13,Nyeri,0
2015-07-14,Nyeri,0
2015-07-15,Nyeri,0
2015-07-16,Nyeri,2
2015-07-17,Nyeri,1
2015-07-18,Nyeri,2
2015-07-19,Nyeri,1
2015-07-20,Nyeri,2
2015-07-21,Nyeri,2
2015-07-22,Nyeri,0
2015-07-23,Nyeri,2
2015-07-24,Nyeri,2
2015-07-25,Nyeri,0
2015-07-26,Nyeri,0
2015-07-27,Nyeri,1
2015-07-28,Nyeri,1
2015-07-29,Nyeri,1
2015-07-30,Nyeri,2
2015-07-31,Nyeri,0
2015-08-01,Nyeri,0
2015-08-02,Nyeri,2
2015-08-03,Nyeri,2
2015-08-04,Nyeri,1
2015-08-05,Nyeri,1
2015-08-06,Nyeri,2
2015-08-07,Nyeri,0
2015-08-08,Nyeri,1
2015-08-09,Nyeri,1
2015-08-10,Nyeri,1
2015-08-11,Nyeri,1
2015-08-12,Nyeri,1
2015-08-13,Nyeri,0
2015-08-14,Nyeri,1
2015-08-15,Nyeri,2
2015-08-16,Nyeri,0
2015-08-17,Nyeri,2
2015-08-18,Nyeri,0
2015-08-19,Nyeri,1
2015-08-20,Nyeri,0
2015-08-21,Nyeri,1
2015-08-22,Nyeri,2
2015-08-23,Nyeri,0
2015-08-24,Nyeri,2
2015-08-25,Nyeri,2
2015-08-26,Nyeri,1
2015-08-27,Nyeri,0
2015-08-28,Nyeri,1
2015-08-29,Nyeri,1
2015-08-30,Nyeri,0
2015-08-31,Nyeri,0
2015-09-01,Nyeri,2
2015-09-02,Nyeri,2
2015-09-03,Nyeri,2
2015-09-04,Nyeri,0
2015-09-05,Nyeri,0
2015-09-06,Nyeri,1
2015-09-07,Nyeri,2
2015-09-08,Nyeri,0
2015-09-09,Nyeri,1
2015-09-10,Nyeri,0
2015-09-11,Nyeri,2
2015-09-12,Nyeri,1
2015-09-13,Nyeri,1
2015-09-14,Nyeri,0
2015-09-15,Nyeri,0
2015-09-16,Nyeri,1
2015-09-17,Nyeri,0
2015-09-18,Nyeri,2
2015-09-19,Nyeri,1
2015-09-20,Nyeri,1
2015-09-21,Nyeri,1
2015-09-22,Nyeri,0
2015-09-23,Nyeri,0
2015-09-24,Nyeri,2
2015-09-25,Nyeri,0
2015-09-26,Nyeri,2
2015-09-27,Nyeri,2
2015-09-28,Nyeri,1
2015-09-29,Nyeri,1
2015-09-30,Nyeri,2
2015-10-01,Nyeri,2
2015-10-02,Nyeri,16
2015-10-03,Nyeri,0
2015-10-04,Nyeri,2
2015-10-05,Nyeri,2
2015-10-06,Nyeri,1
2015-10-07,Nyeri,2
2015-10-08,Nyeri,1
2015-10-09,Nyeri,1
2015-10-10,Nyeri,0
2015-10-11,Nyeri,0
2015-10-12,Nyeri,1
2015-10-13,Nyeri,2
2015-10-14,Nyeri,1
2015-10-15,Nyeri,0
2015-10-16,Nyeri,2
2015-10-17,Nyeri,0
2015-10-18,Nyeri,2
2015-10-19,Nyeri,0
2015-10-20,Nyeri,2
2015-10-21,Nyeri,0
2015-10-22,Nyeri,5
2015-10-23,Nyeri,0
2015-10-24,Nyeri,1
2015-10-25,Nyeri,2
2015-10-26,Nyeri,2
2015-10-27,Nyeri,2
2015-10-28,Nyeri,0
2015-10-29,Nyeri,1
2015-10-30,Nyeri,2
2015-10-31,Nyeri,1
2015-11-01,Nyeri,0
2015-11-02,Nyeri,0
2015-11-03,Nyeri,0
2015-11-04,Nyeri,1
2015-11-05,Nyeri,1
2015-11-06,Nyeri,1
2015-11-07,Nyeri,1
2015-11-08,Nyeri,1
2015-11-09,Nyeri,4
2015-11-10,Nyeri,2
2015-11-11,Nyeri,1
2015-11-12,Nyeri,2
2015-11-13,Nyeri,0
2015-11-14,Nyeri,1
2015-11-15,Nyeri,0
2015-11-16,Nyeri,0
2015-11-17,Nyeri,0
2015-11-18,Nyeri,0
2015-11-19,Nyeri,1
2015-11-20,Nyeri,2
2015-11-21,Nyeri,2
2015-11-22,Nyeri,1
2015-11-23,Nyeri,2
2015-11-24,Nyeri,2
2015-11-25,Nyeri,2
2015-11-26,Nyeri,1
2015-11-27,Nyeri,0
2015-11-28,Nyeri,1
2015-11-29,Nyeri,1
2015-11-30,Nyeri,0
2015-12-01,Nyeri,0
2015-12-02,Nyeri,0
2015-12-03,Nyeri,2
2015-12-04,Nyeri,2
2015-12-05,Nyeri,2
2015-12-06,Nyeri,1
2015-12-07,Nyeri,2
2015-12-08,Nyeri,2
2015-12-09,Nyeri,1
2015-12-10,Nyeri,1
2015-12-11,Nyeri,0
2015-12-12,Nyeri,1
2015-12-13,Nyeri,1
2015-12-14,Nyeri,0
2015-12-15,Nyeri,0
2015-12-16,Nyeri,1
2015-12-17,Nyeri,1
2015-12-18,Nyeri,0
2015-12-19,Nyeri,2
2015-12-20,Nyeri,2
2015-12-21,Nyeri,2
2015-12-22,Nyeri,2
2015-12-23,Nyeri,0
2015-12-24,Nyeri,2
2015-12-25,Nyeri,2
2015-12-26,Nyeri,0
2015-12-27,Nyeri,0
2015-12-28,Nyeri,1
2015-12-29,Nyeri,2
2015-12-30,Nyeri,1
2015-12-31,Nyeri,0
2016-01-01,Nyeri,2
2016-01-02,Nyeri,2
2016-01-03,Nyeri,2
2016-01-04,Nyeri,0
2016-01-05,Nyeri,2
2016-01-06,Nyeri,0
2016-01-07,Nyeri,0
2016-01-08,Nyeri,2
2016-01-09,Nyeri,0
2016-01-10,Nyeri,0
2016-01-11,Nyeri,1
2016-01-12,Nyeri,2
2016-01-13,Nyeri,2
2016-01-14,Nyeri,2
2016-01-15,Nyeri,2
2016-01-16,Nyeri,1
2016-01-17,Nyeri,0
2016-01-18,Nyeri,2
2016-01-19,Nyeri,2
2016-01-20,Nyeri,2
2016-01-21,Nyeri,0
2016-01-22,Nyeri,1
2016-01-23,Nyeri,2
2016-01-24,Nyeri,0
2016-01-25,Nyeri,1
2016-01-26,Nyeri,1
2016-01-27,Nyeri,0
2016-01-28,Nyeri,1
2016-01-29,Nyeri,2
2016-01-30,Nyeri,0
2016-01-31,Nyeri,1
2016-02-01,Nyeri,0
2016-02-02,Nyeri,0
2016-02-03,Nyeri,2
2016-02-04,Nyeri,0
2016-02-05,Nyeri,0
2016-02-06,Nyeri,1
2016-02-07,Nyeri,1
2016-02-08,Nyeri,2
2016-02-09,Nyeri,1
2016-02-10,Nyeri,2
2016-02-11,Nyeri,1
2016-02-12,Nyeri,0
2016-02-13,Nyeri,2
2016-02-14,Nyeri,0
2016-02-15,Nyeri,2
2016-02-16,Nyeri,1
2016-02-17,Nyeri,2
2016-02-18,Nyeri,1
2016-02-19,Nyeri,0
2016-02-20,Nyeri,0
2016-02-21,Nyeri,2
2016-02-22,Nyeri,2
2016-02-23,Nyeri,1
2016-02-24,Nyeri,0
2016-02-25,Nyeri,1
2016-02-26,Nyeri,0
2016-02-27,Nyeri,2
2016-02-28,Nyeri,0
2016-02-29,Nyeri,2
2016-03-01,Nyeri,23
2016-03-02,Nyeri,9
2016-03-03,Nyeri,2
2016-03-04,Nyeri,14
2016-03-05,Nyeri,0
2016-03-06,Nyeri,0
2016-03-07,Nyeri,13
2016-03-08,Nyeri,0
2016-03-09,Nyeri,1
2016-03-10,Nyeri,0
2016-03-11,Nyeri,0
2016-03-12,Nyeri,11
2016-03-13,Nyeri,2
2016-03-14,Nyeri,11
2016-03-15,Nyeri,0
2016-03-16,Nyeri,4
2016-03-17,Nyeri,11
2016-03-18,Nyeri,9
2016-03-19,Nyeri,1
2016-03-20,Nyeri,9
2016-03-21,Nyeri,0
2016-03-22,Nyeri,9
2016-03-23,Nyeri,17
2016-03-24,Nyeri,17
2016-03-25,Nyeri,1
2016-03-26,Nyeri,17
2016-03-27,Nyeri,2
2016-03-28,Nyeri,7
2016-03-29,Nyeri,2
2016-03-30,Nyeri,1
2016-03-31,Nyeri,2
2016-04-01,Nyeri,11
2016-04-02,Nyeri,0
2016-04-03,Nyeri,16
2016-04-04,Nyeri,2
2016-04-05,Nyeri,0
2016-04-06,Nyeri,13
2016-04-07,Nyeri,16
2016-04-08,Nyeri,1
2016-04-09,Nyeri,9
2016-04-10,Nyeri,6
2016-04-11,Nyeri,1
2016-04-12,Nyeri,22
2016-04-13,Nyeri,0
2016-04-14,Nyeri,1
2016-04-15,Nyeri,0
2016-04-16,Nyeri,0
2016-04-17,Nyeri,1
2016-04-18,Nyeri,9
2016-04-19,Nyeri,14
2016-04-20,Nyeri,11
2016-04-21,Nyeri,20
2016-04-22,Nyeri,20
2016-04-23,Nyeri,6
2016-04-24,Nyeri,1
2016-04-25,Nyeri,18
2016-04-26,Nyeri,1
2016-04-27,Nyeri,3
2016-04-28,Nyeri,11
2016-04-29,Nyeri,4
2016-04-30,Nyeri,18
2016-05-01,Nyeri,2
2016-05-02,Nyeri,16
2016-05-03,Nyeri,0
2016-05-04,Nyeri,2
2016-05-05,Nyeri,8
2016-05-06,Nyeri,0
2016-05-07,Nyeri,23
2016-05-08,Nyeri,15
2016-05-09,Nyeri,16
2016-05-10,Nyeri,1
2016-05-11,Nyeri,18
2016-05-12,Nyeri,1
2016-05-13,Nyeri,2
2016-05-14,Nyeri,2
2016-05-15,Nyeri,16
2016-05-16,Nyeri,17
2016-05-17,Nyeri,21
2016-05-18,Nyeri,0
2016-05-19,Nyeri,13
2016-05-20,Nyeri,1
2016-05-21,Nyeri,1
2016-05-22,Nyeri,11
2016-05-23,Nyeri,2
2016-05-24,Nyeri,18
2016-05-25,Nyeri,2
2016-05-26,Nyeri,8
2016-05-27,Nyeri,12
2016-05-28,Nyeri,2
2016-05-29,Nyeri,14
2016-05-30,Nyeri,1
2016-05-31,Nyeri,1
2016-06-01,Nyeri,2
2016-06-02,Nyeri,0
2016-06-03,Nyeri,2
2016-06-04,Nyeri,0
2016-06-05,Nyeri,0
2016-06-06,Nyeri,2
2016-06-07,Nyeri,0
2016-06-08,Nyeri,1
2016-06-09,Nyeri,0
2016-06-10,Nyeri,2
2016-06-11,Nyeri,0
2016-06-12,Nyeri,0
2016-06-13,Nyeri,1
2016-06-14,Nyeri,0
2016-06-15,Nyeri,1
2016-06-16,Nyeri,1
2016-06-17,Nyeri,2
2016-06-18,Nyeri,1
2016-06-19,Nyeri,2
2016-06-20,Nyeri,2
2016-06-21,Nyeri,1
2016-06-22,Nyeri,2
2016-06-23,Nyeri,0
2016-06-24,Nyeri,1
2016-06-25,Nyeri,0
2016-06-26,Nyeri,1
2016-06-27,Nyeri,1
2016-06-28,Nyeri,0
2016-06-29,Nyeri,2
2016-06-30,Nyeri,0
2016-07-01,Nyeri,1
2016-07-02,Nyeri,1
2016-07-03,Nyeri,1
2016-07-04,Nyeri,0
2016-07-05,Nyeri,1
2016-07-06,Nyeri,1
2016-07-07,Nyeri,1
2016-07-08,Nyeri,2
2016-07-09,Nyeri,0
2016-07-10,Nyeri,1
2016-07-11,Nyeri,2
2016-07-12,Nyeri,1
2016-07-13,Nyeri,2
2016-07-14,Nyeri,2
2016-07-15,Nyeri,2
2016-07-16,Nyeri,1
2016-07-17,Nyeri,0
2016-07-18,Nyeri,1
2016-07-19,Nyeri,1
2016-07-20,Nyeri,0
2016-07-21,Nyeri,1
2016-07-22,Nyeri,1
2016-07-23,Nyeri,1
2016-07-24,Nyeri,0
2016-07-25,Nyeri,1
2016-07-26,Nyeri,1
2016-07-27,Nyeri,1
2016-07-28,Nyeri,2
2016-07-29,Nyeri,1
2016-07-30,Nyeri,0
2016-07-31,Nyeri,0
2016-08-01,Nyeri,1
2016-08-02,Nyeri,2
2016-08-03,Nyeri,2
2016-08-04,Nyeri,1
2016-08-05,Nyeri,0
2016-08-06,Nyeri,0
2016-08-07,Nyeri,1
2016-08-08,Nyeri,1
2016-08-09,Nyeri,2
2016-08-10,Nyeri,0
2016-08-11,Nyeri,0
2016-08-12,Nyeri,2
2016-08-13,Nyeri,1
2016-08-14,Nyeri,0
2016-08-15,Nyeri,2
2016-08-16,Nyeri,2
2016-08-17,Nyeri,0
2016-08-18,Nyeri,2
2016-08-19,Nyeri,2
2016-08-20,Nyeri,0
2016-08-21,Nyeri,2
2016-08-22,Nyeri,1
2016-08-23,Nyeri,0
2016-08-24,Nyeri,2
2016-08-25,Nyeri,1
2016-08-26,Nyeri,0
2016-08-27,Nyeri,1
2016-08-28,Nyeri,0
2016-08-29,Nyeri,2
2016-08-30,Nyeri,1
2016-08-31,Nyeri,0
2016-09-01,Nyeri,0
2016-09-02,Nyeri,2
2016-09-03,Nyeri,0
2016-09-04,Nyeri,1
2016-09-05,Nyeri,1
2016-09-06,Nyeri,2
2016-09-07,Nyeri,0
2016-09-08,Nyeri,2
2016-09-09,Nyeri,1
2016-09-10,Nyeri,0
2016-09-11,Nyeri,2
2016-09-12,Nyeri,0
2016-09-13,Nyeri,1
2016-09-14,Nyeri,2
2016-09-15,Nyeri,0
2016-09-16,Nyeri,1
2016-09-17,Nyeri,0
2016-09-18,Nyeri,0
2016-09-19,Nyeri,1
2016-09-20,Nyeri,0
2016-09-21,Nyeri,2
2016-09-22,Nyeri,1
2016-09-23,Nyeri,0
2016-09-24,Nyeri,0
2016-09-25,Nyeri,1
2016-09-26,Nyeri,1
2016-09-27,Nyeri,2
2016-09-28,Nyeri,0
2016-09-29,Nyeri,0
2016-09-30,Nyeri,1
2016-10-01,Nyeri,1
2015-01-01,Kirinyaga,0
2015-01-02,Kirinyaga,2
2015-01-03,Kirinyaga,0
2015-01-04,Kirinyaga,0
2015-01-05,Kirinyaga,0
2015-01-06,Kirinyaga,1
2015-01-07,Kirinyaga,0
2015-01-08,Kirinyaga,0
2015-01-09,Kirinyaga,0
2015-01-10,Kirinyaga,0
2015-01-11,Kirinyaga,2
2015-01-12,Kirinyaga,0
2015-01-13,Kirinyaga,0
2015-01-14,Kirinyaga,0
2015-01-15,Kirinyaga,1
2015-01-16,Kirinyaga,0
2015-01-17,Kirinyaga,0
2015-01-18,Kirinyaga,2
2015-01-19,Kirinyaga,2
2015-01-20,Kirinyaga,2
2015-01-21,Kirinyaga,0
2015-01-22,Kirinyaga,0
2015-01-23,Kirinyaga,1
2015-01-24,Kirinyaga,0
2015-01-25,Kirinyaga,1
2015-01-26,Kirinyaga,0
2015-01-27,Kirinyaga,2
2015-01-28,Kirinyaga,2
2015-01-29,Kirinyaga,2
2015-01-30,Kirinyaga,2
2015-01-31,Kirinyaga,0
2015-02-01,Kirinyaga,2
2015-02-02,Kirinyaga,2
2015-02-03,Kirinyaga,2
2015-02-04,Kirinyaga,2
2015-02-05,Kirinyaga,0
2015-02-06,Kirinyaga,1
2015-02-07,Kirinyaga,0
2015-02-08,Kirinyaga,0
2015-02-09,Kirinyaga,0
2015-02-10,Kirinyaga,1
2015-02-11,Kirinyaga,1
2015-02-12,Kirinyaga,2
2015-02-13,Kirinyaga,2
2015-02-14,Kirinyaga,0
2015-02-15,Kirinyaga,1
2015-02-16,Kirinyaga,0
2015-02-17,Kirinyaga,1
2015-02-18,Kirinyaga,1
2015-02-19,Kirinyaga,2
2015-02-20,Kirinyaga,1
2015-02-21,Kirinyaga,2
2015-02-22,Kirinyaga,0
2015-02-23,Kirinyaga,0
2015-02-24,Kirinyaga,2
2015-02-25,Kirinyaga,1
2015-02-26,Kirinyaga,2
2015-02-27,Kirinyaga,1
2015-02-28,Kirinyaga,1
2015-03-01,Kirinyaga,10
2015-03-02,Kirinyaga,19
2015-03-03,Kirinyaga,28
2015-03-04,Kirinyaga,9
2015-03-05,Kirinyaga,2
2015-03-06,Kirinyaga,0
2015-03-07,Kirinyaga,8
2015-03-08,Kirinyaga,9
2015-03-09,Kirinyaga,0
2015-03-10,Kirinyaga,1
2015-03-11,Kirinyaga,17
2015-03-12,Kirinyaga,2
2015-03-13,Kirinyaga,12
2015-03-14,Kirinyaga,15
2015-03-15,Kirinyaga,15
2015-03-16,Kirinyaga,0
2015-03-17,Kirinyaga,8
2015-03-18,Kirinyaga,0
2015-03-19,Kirinyaga,2
2015-03-20,Kirinyaga,11
2015-03-21,Kirinyaga,1
2015-03-22,Kirinyaga,16
2015-03-23,Kirinyaga,1
2015-03-24,Kirinyaga,12
2015-03-25,Kirinyaga,0
2015-03-26,Kirinyaga,10
2015-03-27,Kirinyaga,2
2015-03-28,Kirinyaga,2
2015-03-29,Kirinyaga,1
2015-03-30,Kirinyaga,21
2015-03-31,Kirinyaga,1
2015-04-01,Kirinyaga,8
2015-04-02,Kirinyaga,0
2015-04-03,Kirinyaga,0
2015-04-04,Kirinyaga,0
2015-04-05,Kirinyaga,13
2015-04-06,Kirinyaga,16
2015-04-07,Kirinyaga,1
2015-04-08,Kirinyaga,25
2015-04-09,Kirinyaga,1
2015-04-10,Kirinyaga,16
2015-04-11,Kirinyaga,0
2015-04-12,Kirinyaga,2
2015-04-13,Kirinyaga,2
2015-04-14,Kirinyaga,2
2015-04-15,Kirinyaga,10
2015-04-16,Kirinyaga,11
2015-04-17,Kirinyaga,2
2015-04-18,Kirinyaga,23
2015-04-19,Kirinyaga,0
2015-04-20,Kirinyaga,10
2015-04-21,Kirinyaga,1
2015-04-22,Kirinyaga,2
2015-04-23,Kirinyaga,1
2015-04-24,Kirinyaga,0
2015-04-25,Kirinyaga,0
2015-04-26,Kirinyaga,14
2015-04-27,Kirinyaga,8
2015-04-28,Kirinyaga,11
2015-04-29,Kirinyaga,0
2015-04-30,Kirinyaga,0
2015-05-01,Kirinyaga,1
2015-05-02,Kirinyaga,0
2015-05-03,Kirinyaga,2
2015-05-04,Kirinyaga,2
2015-05-05,Kirinyaga,9
2015-05-06,Kirinyaga,12
2015-05-07,Kirinyaga,16
2015-05-08,Kirinyaga,1
2015-05-09,Kirinyaga,8
2015-05-10,Kirinyaga,1
2015-05-11,Kirinyaga,0
2015-05-12,Kirinyaga,2
2015-05-13,Kirinyaga,16
2015-05-14,Kirinyaga,23
2015-05-15,Kirinyaga,9
2015-05-16,Kirinyaga,0
2015-05-17,Kirinyaga,3
2015-05-18,Kirinyaga,2
2015-05-19,Kirinyaga,2
2015-05-20,Kirinyaga,1
2015-05-21,Kirinyaga,2
2015-05-22,Kirinyaga,17
2015-05-23,Kirinyaga,16
2015-05-24,Kirinyaga,19
2015-05-25,Kirinyaga,0
2015-05-26,Kirinyaga,0
2015-05-27,Kirinyaga,0
2015-05-28,Kirinyaga,1
2015-05-29,Kirinyaga,14
2015-05-30,Kirinyaga,18
2015-05-31,Kirinyaga,12
2015-06-01,Kirinyaga,0
2015-06-02,Kirinyaga,0
2015-06-03,Kirinyaga,2
2015-06-04,Kirinyaga,2
2015-06-05,Kirinyaga,2
2015-06-06,Kirinyaga,1
2015-06-07,Kirinyaga,2
2015-06-08,Kirinyaga,1
2015-06-09,Kirinyaga,2
2015-06-10,Kirinyaga,2
2015-06-11,Kirinyaga,2
2015-06-12,Kirinyaga,0
2015-06-13,Kirinyaga,0
2015-06-14,Kirinyaga,0
2015-06-15,Kirinyaga,1
2015-06-16,Kirinyaga,2
2015-06-17,Kirinyaga,1
2015-06-18,Kirinyaga,2
2015-06-19,Kirinyaga,2
2015-06-20,Kirinyaga,2
2015-06-21,Kirinyaga,1
2015-06-22,Kirinyaga,2
2015-06-23,Kirinyaga,2
2015-06-24,Kirinyaga,0
2015-06-25,Kirinyaga,0
2015-06-26,Kirinyaga,0
2015-06-27,Kirinyaga,1
2015-06-28,Kirinyaga,1
2015-06-29,Kirinyaga,2
2015-06-30,Kirinyaga,2
2015-07-01,Kirinyaga,0
2015-07-02,Kirinyaga,1
2015-07-03,Kirinyaga,2
2015-07-04,Kirinyaga,2
2015-07-05,Kirinyaga,1
2015-07-06,Kirinyaga,0
2015-07-07,Kirinyaga,0
2015-07-08,Kirinyaga,2
2015-07-09,Kirinyaga,0
2015-07-10,Kirinyaga,0
2015-07-11,Kirinyaga,1
2015-07-12,Kirinyaga,2
2015-07-13,Kirinyaga,0
2015-07-14,Kirinyaga,2
2015-07-15,Kirinyaga,1
2015-07-16,Kirinyaga,1
2015-07-17,Kirinyaga,2
2015-07-18,Kirinyaga,2
2015-07-19,Kirinyaga,0
2015-07-20,Kirinyaga,1
2015-07-21,Kirinyaga,1
2015-07-22,Kirinyaga,1
2015-07-23,Kirinyaga,0
2015-07-24,Kirinyaga,1
2015-07-25,Kirinyaga,1
2015-07-26,Kirinyaga,2
2015-07-27,Kirinyaga,1
2015-07-28,Kirinyaga,0
2015-07-29,Kirinyaga,1
2015-07-30,Kirinyaga,2
2015-07-31,Kirinyaga,2
2015-08-01,Kirinyaga,1
2015-08-02,Kirinyaga,1
2015-08-03,Kirinyaga,1
2015-08-04,Kirinyaga,0
2015-08-05,Kirinyaga,0
2015-08-06,Kirinyaga,2
2015-08-07,Kirinyaga,0
2015-08-08,Kirinyaga,1
2015-08-09,Kirinyaga,2
2015-08-10,Kirinyaga,2
2015-08-11,Kirinyaga,0
2015-08-12,Kirinyaga,1
2015-08-13,Kirinyaga,2
2015-08-14,Kirinyaga,2
2015-08-15,Kirinyaga,2
2015-08-16,Kirinyaga,1
2015-08-17,Kirinyaga,0
2015-08-18,Kirinyaga,2
2015-08-19,Kirinyaga,2
2015-08-20,Kirinyaga,0
2015-08-21,Kirinyaga,1
2015-08-22,Kirinyaga,0
2015-08-23,Kirinyaga,0
2015-08-24,Kirinyaga,1
2015-08-25,Kirinyaga,2
2015-08-26,Kirinyaga,0
2015-08-27,Kirinyaga,2
2015-08-28,Kirinyaga,0
2015-08-29,Kirinyaga,1
2015-08-30,Kirinyaga,1
2015-08-31,Kirinyaga,2
2015-09-01,Kirinyaga,0
2015-09-02,Kirinyaga,0
2015-09-03,Kirinyaga,0
2015-09-04,Kirinyaga,1
2015-09-05,Kirinyaga,0
2015-09-06,Kirinyaga,0
2015-09-07,Kirinyaga,2
2015-09-08,Kirinyaga,1
2015-09-09,Kirinyaga,1
2015-09-10,Kirinyaga,0
2015-09-11,Kirinyaga,1
2015-09-12,Kirinyaga,0
2015-09-13,Kirinyaga,2
2015-09-14,Kirinyaga,2
2015-09-15,Kirinyaga,2
2015-09-16,Kirinyaga,1
2015-09-17,Kirinyaga,1
2015-09-18,Kirinyaga,0
2015-09-19,Kirinyaga,0
2015-09-20,Kirinyaga,0
2015-09-21,Kirinyaga,1
2015-09-22,Kirinyaga,2
2015-09-23,Kirinyaga,0
2015-09-24,Kirinyaga,0
2015-09-25,Kirinyaga,1
2015-09-26,Kirinyaga,1
2015-09-27,Kirinyaga,2
2015-09-28,Kirinyaga,1
2015-09-29,Kirinyaga,1
2015-09-30,Kirinyaga,1
2015-10-01,Kirinyaga,2
2015-10-02,Kirinyaga,1
2015-10-03,Kirinyaga,1
2015-10-04,Kirinyaga,0
2015-10-05,Kirinyaga,2
2015-10-06,Kirinyaga,2
2015-10-07,Kirinyaga,0
2015-10-08,Kirinyaga,1
2015-10-09,Kirinyaga,2
2015-10-10,Kirinyaga,2
2015-10-11,Kirinyaga,6
2015-10-12,Kirinyaga,0
2015-10-13,Kirinyaga,10
2015-10-14,Kirinyaga,0
2015-10-15,Kirinyaga,1
2015-10-16,Kirinyaga,0
2015-10-17,Kirinyaga,1
2015-10-18,Kirinyaga,2
2015-10-19,Kirinyaga,2
2015-10-20,Kirinyaga,2
2015-10-21,Kirinyaga,1
2015-10-22,Kirinyaga,0
2015-10-23,Kirinyaga,1
2015-10-24,Kirinyaga,0
2015-10-25,Kirinyaga,2
2015-10-26,Kirinyaga,0
2015-10-27,Kirinyaga,2
2015-10-28,Kirinyaga,1
2015-10-29,Kirinyaga,0
2015-10-30,Kirinyaga,1
2015-10-31,Kirinyaga,2
2015-11-01,Kirinyaga,1
2015-11-02,Kirinyaga,20
2015-11-03,Kirinyaga,0
2015-11-04,Kirinyaga,0
2015-11-05,Kirinyaga,1
2015-11-06,Kirinyaga,1
2015-11-07,Kirinyaga,0
2015-11-08,Kirinyaga,2
2015-11-09,Kirinyaga,2
2015-11-10,Kirinyaga,2
2015-11-11,Kirinyaga,2
2015-11-12,Kirinyaga,1
2015-11-13,Kirinyaga,2
2015-11-14,Kirinyaga,2
2015-11-15,Kirinyaga,2
2015-11-16,Kirinyaga,1
2015-11-17,Kirinyaga,1
2015-11-18,Kirinyaga,0
2015-11-19,Kirinyaga,1
2015-11-20,Kirinyaga,2
2015-11-21,Kirinyaga,4
2015-11-22,Kirinyaga,0
2015-11-23,Kirinyaga,2
2015-11-24,Kirinyaga,1
2015-11-25,Kirinyaga,1
2015-11-26,Kirinyaga,0
2015-11-27,Kirinyaga,1
2015-11-28,Kirinyaga,2
2015-11-29,Kirinyaga,1
2015-11-30,Kirinyaga,1
2015-12-01,Kirinyaga,0
2015-12-02,Kirinyaga,1
2015-12-03,Kirinyaga,0
2015-12-04,Kirinyaga,2
2015-12-05,Kirinyaga,2
2015-12-06,Kirinyaga,0
2015-12-07,Kirinyaga,0
2015-12-08,Kirinyaga,1
2015-12-09,Kirinyaga,1
2015-12-10,Kirinyaga,1
2015-12-11,Kirinyaga,0
2015-12-12,Kirinyaga,2
2015-12-13,Kirinyaga,2
2015-12-14,Kirinyaga,0
2015-12-15,Kirinyaga,2
2015-12-16,Kirinyaga,2
2015-12-17,Kirinyaga,0
2015-12-18,Kirinyaga,2
2015-12-19,Kirinyaga,0
2015-12-20,Kirinyaga,2
2015-12-21,Kirinyaga,2
2015-12-22,Kirinyaga,1
2015-12-23,Kirinyaga,0
2015-12-24,Kirinyaga,0
2015-12-25,Kirinyaga,0
2015-12-26,Kirinyaga,1
2015-12-27,Kirinyaga,1
2015-12-28,Kirinyaga,2
2015-12-29,Kirinyaga,2
2015-12-30,Kirinyaga,0
2015-12-31,Kirinyaga,2
2016-01-01,Kirinyaga,2
2016-01-02,Kirinyaga,2
2016-01-03,Kirinyaga,2
2016-01-04,Kirinyaga,1
2016-01-05,Kirinyaga,1
2016-01-06,Kirinyaga,2
2016-01-07,Kirinyaga,0
2016-01-08,Kirinyaga,1
2016-01-09,Kirinyaga,1
2016-01-10,Kirinyaga,0
2016-01-11,Kirinyaga,2
2016-01-12,Kirinyaga,0
2016-01-13,Kirinyaga,0
2016-01-14,Kirinyaga,0
2016-01-15,Kirinyaga,2
2016-01-16,Kirinyaga,2
2016-01-17,Kirinyaga,1
2016-01-18,Kirinyaga,1
2016-01-19,Kirinyaga,2
2016-01-20,Kirinyaga,1
2016-01-21,Kirinyaga,2
2016-01-22,Kirinyaga,0
2016-01-23,Kirinyaga,0
2016-01-24,Kirinyaga,0
2016-01-25,Kirinyaga,0
2016-01-26,Kirinyaga,1
2016-01-27,Kirinyaga,0
2016-01-28,Kirinyaga,0
2016-01-29,Kirinyaga,0
2016-01-30,Kirinyaga,2
2016-01-31,Kirinyaga,0
2016-02-01,Kirinyaga,1
2016-02-02,Kirinyaga,1
2016-02-03,Kirinyaga,0
2016-02-04,Kirinyaga,2
2016-02-05,Kirinyaga,2
2016-02-06,Kirinyaga,0
2016-02-07,Kirinyaga,0
2016-02-08,Kirinyaga,2
2016-02-09,Kirinyaga,0
2016-02-10,Kirinyaga,1
2016-02-11,Kirinyaga,2
2016-02-12,Kirinyaga,1
2016-02-13,Kirinyaga,0
2016-02-14,Kirinyaga,1
2016-02-15,Kirinyaga,1
2016-02-16,Kirinyaga,0
2016-02-17,Kirinyaga,1
2016-02-18,Kirinyaga,0
2016-02-19,Kirinyaga,1
2016-02-20,Kirinyaga,1
2016-02-21,Kirinyaga,0
2016-02-22,Kirinyaga,2
2016-02-23,Kirinyaga,0
2016-02-24,Kirinyaga,0
2016-02-25,Kirinyaga,1
2016-02-26,Kirinyaga,0
2016-02-27,Kirinyaga,2
2016-02-28,Kirinyaga,0
2016-02-29,Kirinyaga,1
2016-03-01,Kirinyaga,2
2016-03-02,Kirinyaga,1
2016-03-03,Kirinyaga,2
2016-03-04,Kirinyaga,2
2016-03-05,Kirinyaga,1
2016-03-06,Kirinyaga,1
2016-03-07,Kirinyaga,1
2016-03-08,Kirinyaga,0
2016-03-09,Kirinyaga,12
2016-03-10,Kirinyaga,2
2016-03-11,Kirinyaga,1
2016-03-12,Kirinyaga,14
2016-03-13,Kirinyaga,15
2016-03-14,Kirinyaga,2
2016-03-15,Kirinyaga,0
2016-03-16,Kirinyaga,2
2016-03-17,Kirinyaga,13
2016-03-18,Kirinyaga,1
2016-03-19,Kirinyaga,0
2016-03-20,Kirinyaga,13
2016-03-21,Kirinyaga,2
2016-03-22,Kirinyaga,12
2016-03-23,Kirinyaga,1
2016-03-24,Kirinyaga,0
2016-03-25,Kirinyaga,8
2016-03-26,Kirinyaga,0
2016-03-27,Kirinyaga,0
2016-03-28,Kirinyaga,0
2016-03-29,Kirinyaga,2
2016-03-30,Kirinyaga,0
2016-03-31,Kirinyaga,0
2016-04-01,Kirinyaga,12
2016-04-02,Kirinyaga,2
2016-04-03,Kirinyaga,2
2016-04-04,Kirinyaga,1
2016-04-05,Kirinyaga,2
2016-04-06,Kirinyaga,22
2016-04-07,Kirinyaga,2
2016-04-08,Kirinyaga,16
2016-04-09,Kirinyaga,1
2016-04-10,Kirinyaga,8
2016-04-11,Kirinyaga,1
2016-04-12,Kirinyaga,0
2016-04-13,Kirinyaga,1
2016-04-14,Kirinyaga,11
2016-04-15,Kirinyaga,16
2016-04-16,Kirinyaga,21
2016-04-17,Kirinyaga,9
2016-04-18,Kirinyaga,14
2016-04-19,Kirinyaga,18
2016-04-20,Kirinyaga,7
2016-04-21,Kirinyaga,18
2016-04-22,Kirinyaga,0
2016-04-23,Kirinyaga,19
2016-04-24,Kirinyaga,2
2016-04-25,Kirinyaga,2
2016-04-26,Kirinyaga,6
2016-04-27,Kirinyaga,2
2016-04-28,Kirinyaga,12
2016-04-29,Kirinyaga,0
2016-04-30,Kirinyaga,1
2016-05-01,Kirinyaga,21
2016-05-02,Kirinyaga,1
2016-05-03,Kirinyaga,1
2016-05-04,Kirinyaga,0
2016-05-05,Kirinyaga,4
2016-05-06,Kirinyaga,16
2016-05-07,Kirinyaga,21
2016-05-08,Kirinyaga,19
2016-05-09,Kirinyaga,1
2016-05-10,Kirinyaga,6
2016-05-11,Kirinyaga,11
2016-05-12,Kirinyaga,1
2016-05-13,Kirinyaga,12
2016-05-14,Kirinyaga,1
2016-05-15,Kirinyaga,7
2016-05-16,Kirinyaga,14
2016-05-17,Kirinyaga,2
2016-05-18,Kirinyaga,1
2016-05-19,Kirinyaga,0
2016-05-20,Kirinyaga,2
2016-05-21,Kirinyaga,22
2016-05-22,Kirinyaga,0
2016-05-23,Kirinyaga,24
2016-05-24,Kirinyaga,1
2016-05-25,Kirinyaga,15
2016-05-26,Kirinyaga,1
2016-05-27,Kirinyaga,12
2016-05-28,Kirinyaga,10
2016-05-29,Kirinyaga,2
2016-05-30,Kirinyaga,1
2016-05-31,Kirinyaga,9
2016-06-01,Kirinyaga,2
2016-06-02,Kirinyaga,0
2016-06-03,Kirinyaga,2
2016-06-04,Kirinyaga,1
2016-06-05,Kirinyaga,1
2016-06-06,Kirinyaga,1
2016-06-07,Kirinyaga,0
2016-06-08,Kirinyaga,1
2016-06-09,Kirinyaga,0
2016-06-10,Kirinyaga,0
2016-06-11,Kirinyaga,1
2016-06-12,Kirinyaga,2
2016-06-13,Kirinyaga,2
2016-06-14,Kirinyaga,1
2016-06-15,Kirinyaga,2
2016-06-16,Kirinyaga,0
2016-06-17,Kirinyaga,2
2016-06-18,Kirinyaga,2
2016-06-19,Kirinyaga,2
2016-06-20,Kirinyaga,1
2016-06-21,Kirinyaga,2
2016-06-22,Kirinyaga,1
2016-06-23,Kirinyaga,2
2016-06-24,Kirinyaga,2
2016-06-25,Kirinyaga,2
2016-06-26,Kirinyaga,2
2016-06-27,Kirinyaga,0
2016-06-28,Kirinyaga,2
2016-06-29,Kirinyaga,2
2016-06-30,Kirinyaga,1
2016-07-01,Kirinyaga,1
2016-07-02,Kirinyaga,0
2016-07-03,Kirinyaga,1
2016-07-04,Kirinyaga,0
2016-07-05,Kirinyaga,1
2016-07-06,Kirinyaga,2
2016-07-07,Kirinyaga,1
2016-07-08,Kirinyaga,1
2016-07-09,Kirinyaga,1
2016-07-10,Kirinyaga,2
2016-07-11,Kirinyaga,2
2016-07-12,Kirinyaga,2
2016-07-13,Kirinyaga,1
2016-07-14,Kirinyaga,0
2016-07-15,Kirinyaga,2
2016-07-16,Kirinyaga,2
2016-07-17,Kirinyaga,2
2016-07-18,Kirinyaga,2
2016-07-19,Kirinyaga,0
2016-07-20,Kirinyaga,1
2016-07-21,Kirinyaga,2
2016-07-22,Kirinyaga,0
2016-07-23,Kirinyaga,2
2016-07-24,Kirinyaga,2
2016-07-25,Kirinyaga,1
2016-07-26,Kirinyaga,0
2016-07-27,Kirinyaga,1
2016-07-28,Kirinyaga,2
2016-07-29,Kirinyaga,0
2016-07-30,Kirinyaga,0
2016-07-31,Kirinyaga,2
2016-08-01,Kirinyaga,0
2016-08-02,Kirinyaga,1
2016-08-03,Kirinyaga,0
2016-08-04,Kirinyaga,0
2016-08-05,Kirinyaga,1
2016-08-06,Kirinyaga,1
2016-08-07,Kirinyaga,2
2016-08-08,Kirinyaga,1
2016-08-09,Kirinyaga,2
2016-08-10,Kirinyaga,0
2016-08-11,Kirinyaga,0
2016-08-12,Kirinyaga,0
2016-08-13,Kirinyaga,1
2016-08-14,Kirinyaga,0
2016-08-15,Kirinyaga,1
2016-08-16,Kirinyaga,1
2016-08-17,Kirinyaga,1
2016-08-18,Kirinyaga,2
2016-08-19,Kirinyaga,0
2016-08-20,Kirinyaga,1
2016-08-21,Kirinyaga,2
2016-08-22,Kirinyaga,0
2016-08-23,Kirinyaga,1
2016-08-24,Kirinyaga,0
2016-08-25,Kirinyaga,2
2016-08-26,Kirinyaga,0
2016-08-27,Kirinyaga,1
2016-08-28,Kirinyaga,0
2016-08-29,Kirinyaga,0
2016-08-30,Kirinyaga,0
2016-08-31,Kirinyaga,2
2016-09-01,Kirinyaga,1
2016-09-02,Kirinyaga,0
2016-09-03,Kirinyaga,2
2016-09-04,Kirinyaga,0
2016-09-05,Kirinyaga,2
2016-09-06,Kirinyaga,2
2016-09-07,Kirinyaga,2
2016-09-08,Kirinyaga,1
2016-09-09,Kirinyaga,0
2016-09-10,Kirinyaga,1
2016-09-11,Kirinyaga,2
2016-09-12,Kirinyaga,2
2016-09-13,Kirinyaga,0
2016-09-14,Kirinyaga,1
2016-09-15,Kirinyaga,0
2016-09-16,Kirinyaga,2
2016-09-17,Kirinyaga,2
2016-09-18,Kirinyaga,2
2016-09-19,Kirinyaga,2
2016-09-20,Kirinyaga,2
2016-09-21,Kirinyaga,1
2016-09-22,Kirinyaga,2
2016-09-23,Kirinyaga,0
2016-09-24,Kirinyaga,0
2016-09-25,Kirinyaga,0
2016-09-26,Kirinyaga,1
2016-09-27,Kirinyaga,0
2016-09-28,Kirinyaga,0
2016-09-29,Kirinyaga,1
2016-09-30,Kirinyaga,2
2016-10-01,Kirinyaga,2
2015-01-01,Murang'a,0
2015-01-02,Murang'a,0
2015-01-03,Murang'a,1
2015-01-04,Murang'a,1
2015-01-05,Murang'a,2
2015-01-06,Murang'a,2
2015-01-07,Murang'a,0
2015-01-08,Murang'a,0
2015-01-09,Murang'a,0
2015-01-10,Murang'a,2
2015-01-11,Murang'a,1
2015-01-12,Murang'a,2
2015-01-13,Murang'a,1
2015-01-14,Murang'a,2
2015-01-15,Murang'a,0
2015-01-16,Murang'a,1
2015-01-17,Murang'a,1
2015-01-18,Murang'a,0
2015-01-19,Murang'a,1
2015-01-20,Murang'a,1
2015-01-21,Murang'a,0
2015-01-22,Murang'a,1
2015-01-23,Murang'a,2
2015-01-24,Murang'a,0
2015-01-25,Murang'a,1
2015-01-26,Murang'a,2
2015-01-27,Murang'a,0
2015-01-28,Murang'a,0
2015-01-29,Murang'a,1
2015-01-30,Murang'a,0
2015-01-31,Murang'a,0
2015-02-01,Murang'a,1
2015-02-02,Murang'a,0
2015-02-03,Murang'a,2
2015-02-04,Murang'a,0
2015-02-05,Murang'a,2
2015-02-06,Murang'a,2
2015-02-07,Murang'a,1
2015-02-08,Murang'a,0
2015-02-09,Murang'a,0
2015-02-10,Murang'a,0
2015-02-11,Murang'a,2
2015-02-12,Murang'a,2
2015-02-13,Murang'a,0
2015-02-14,Murang'a,1
2015-02-15,Murang'a,2
2015-02-16,Murang'a,1
2015-02-17,Murang'a,1
2015-02-18,Murang'a,0
2015-02-19,Murang'a,0
2015-02-20,Murang'a,2
2015-02-21,Murang'a,0
2015-02-22,Murang'a,2
2015-02-23,Murang'a,1
2015-02-24,Murang'a,2
2015-02-25,Murang'a,0
2015-02-26,Murang'a,1
2015-02-27,Murang'a,0
2015-02-28,Murang'a,0
2015-03-01,Murang'a,6
2015-03-02,Murang'a,1
2015-03-03,Murang'a,5
2015-03-04,Murang'a,1
2015-03-05,Murang'a,12
2015-03-06,Murang'a,9
2015-03-07,Murang'a,1
2015-03-08,Murang'a,7
2015-03-09,Murang'a,1
2015-03-10,Murang'a,15
2015-03-11,Murang'a,1
2015-03-12,Murang'a,13
2015-03-13,Murang'a,16
2015-03-14,Murang'a,0
2015-03-15,Murang'a,1
2015-03-16,Murang'a,3
2015-03-17,Murang'a,1
2015-03-18,Murang'a,2
2015-03-19,Murang'a,0
2015-03-20,Murang'a,1
2015-03-21,Murang'a,1
2015-03-22,Murang'a,0
2015-03-23,Murang'a,0
2015-03-24,Murang'a,5
2015-03-25,Murang'a,13
2015-03-26,Murang'a,9
2015-03-27,Murang'a,2
2015-03-28,Murang'a,2
2015-03-29,Murang'a,2
2015-03-30,Murang'a,1
2015-03-31,Murang'a,15
2015-04-01,Murang'a,2
2015-04-02,Murang'a,15
2015-04-03,Murang'a,1
2015-04-04,Murang'a,12
2015-04-05,Murang'a,10
2015-04-06,Murang'a,12
2015-04-07,Murang'a,16
2015-04-08,Murang'a,1
2015-04-09,Murang'a,4
2015-04-10,Murang'a,11
2015-04-11,Murang'a,10
2015-04-12,Murang'a,1
2015-04-13,Murang'a,24
2015-04-14,Murang'a,9
2015-04-15,Murang'a,2
2015-04-16,Murang'a,15
2015-04-17,Murang'a,14
2015-04-18,Murang'a,7
2015-04-19,Murang'a,0
2015-04-20,Murang'a,2
2015-04-21,Murang'a,16
2015-04-22,Murang'a,3
2015-04-23,Murang'a,9
2015-04-24,Murang'a,0
2015-04-25,Murang'a,1
2015-04-26,Murang'a,9
2015-04-27,Murang'a,0
2015-04-28,Murang'a,17
2015-04-29,Murang'a,2
2015-04-30,Murang'a,15
2015-05-01,Murang'a,24
2015-05-02,Murang'a,8
2015-05-03,Murang'a,17
2015-05-04,Murang'a,0
2015-05-05,Murang'a,3
2015-05-06,Murang'a,0
2015-05-07,Murang'a,7
2015-05-08,Murang'a,10
2015-05-09,Murang'a,2
2015-05-10,Murang'a,0
2015-05-11,Murang'a,1
2015-05-12,Murang'a,11
2015-05-13,Murang'a,12
2015-05-14,Murang'a,23
2015-05-15,Murang'a,2
2015-05-16,Murang'a,18
2015-05-17,Murang'a,2
2015-05-18,Murang'a,1
2015-05-19,Murang'a,2
2015-05-20,Murang'a,2
2015-05-21,Murang'a,24
2015-05-22,Murang'a,2
2015-05-23,Murang'a,1
2015-05-24,Murang'a,2
2015-05-25,Murang'a,4
2015-05-26,Murang'a,14
2015-05-27,Murang'a,21
2015-05-28,Murang'a,2
2015-05-29,Murang'a,20
2015-05-30,Murang'a,10
2015-05-31,Murang'a,11
2015-06-01,Murang'a,0
2015-06-02,Murang'a,2
2015-06-03,Murang'a,0
2015-06-04,Murang'a,0
2015-06-05,Murang'a,0
2015-06-06,Murang'a,1
2015-06-07,Murang'a,0
2015-06-08,Murang'a,2
2015-06-09,Murang'a,2
2015-06-10,Murang'a,0
2015-06-11,Murang'a,1
2015-06-12,Murang'a,2
2015-06-13,Murang'a,0
2015-06-14,Murang'a,1
2015-06-15,Murang'a,2
2015-06-16,Murang'a,1
2015-06-17,Murang'a,0
2015-06-18,Murang'a,0
2015-06-19,Murang'a,0
2015-06-20,Murang'a,0
2015-06-21,Murang'a,0
2015-06-22,Murang'a,0
2015-06-23,Murang'a,2
2015-06-24,Murang'a,0
2015-06-25,Murang'a,0
2015-06-26,Murang'a,0
2015-06-27,Murang'a,0
2015-06-28,Murang'a,0
2015-06-29,Murang'a,2
2015-06-30,Murang'a,2
2015-07-01,Murang'a,2
2015-07-02,Murang'a,2
2015-07-03,Murang'a,0
2015-07-04,Murang'a,1
2015-07-05,Murang'a,0
2015-07-06,Murang'a,1
2015-07-07,Murang'a,2
2015-07-08,Murang'a,0
2015-07-09,Murang'a,1
2015-07-10,Murang'a,0
2015-07-11,Murang'a,1
2015-07-12,Murang'a,1
2015-07-13,Murang'a,2
2015-07-14,Murang'a,1
2015-07-15,Murang'a,0
2015-07-16,Murang'a,1
2015-07-17,Murang'a,0
2015-07-18,Murang'a,0
2015-07-19,Murang'a,1
2015-07-20,Murang'a,1
2015-07-21,Murang'a,2
2015-07-22,Murang'a,1
2015-07-23,Murang'a,1
2015-07-24,Murang'a,2
2015-07-25,Murang'a,1
2015-07-26,Murang'a,2
2015-07-27,Murang'a,0
2015-07-28,Murang'a,2
2015-07-29,Murang'a,2
2015-07-30,Murang'a,1
2015-07-31,Murang'a,2
2015-08-01,Murang'a,2
2015-08-02,Murang'a,0
2015-08-03,Murang'a,2
2015-08-04,Murang'a,1
2015-08-05,Murang'a,2
2015-08-06,Murang'a,0
2015-08-07,Murang'a,0
2015-08-08,Murang'a,0
2015-08-09,Murang'a,1
2015-08-10,Murang'a,1
2015-08-11,Murang'a,1
2015-08-12,Murang'a,0
2015-08-13,Murang'a,1
2015-08-14,Murang'a,2
2015-08-15,Murang'a,1
2015-08-16,Murang'a,2
2015-08-17,Murang'a,1
2015-08-18,Murang'a,1
2015-08-19,Murang'a,1
2015-08-20,Murang'a,1
2015-08-21,Murang'a,0
2015-08-22,Murang'a,2
2015-08-23,Murang'a,0
2015-08-24,Murang'a,0
2015-08-25,Murang'a,1
2015-08-26,Murang'a,2
2015-08-27,Murang'a,2
2015-08-28,Murang'a,2
2015-08-29,Murang'a,2
2015-08-30,Murang'a,2
2015-08-31,Murang'a,1
2015-09-01,Murang'a,2
2015-09-02,Murang'a,1
2015-09-03,Murang'a,1
2015-09-04,Murang'a,0
2015-09-05,Murang'a,0
2015-09-06,Murang'a,2
2015-09-07,Murang'a,1
2015-09-08,Murang'a,0
2015-09-09,Murang'a,2
2015-09-10,Murang'a,1
2015-09-11,Murang'a,2
2015-09-12,Murang'a,2
2015-09-13,Murang'a,2
2015-09-14,Murang'a,1
2015-09-15,Murang'a,0
2015-09-16,Murang'a,0
2015-09-17,Murang'a,1
2015-09-18,Murang'a,0
2015-09-19,Murang'a,2
2015-09-20,Murang'a,2
2015-09-21,Murang'a,2
2015-09-22,Murang'a,2
2015-09-23,Murang'a,1
2015-09-24,Murang'a,0
2015-09-25,Murang'a,1
2015-09-26,Murang'a,2
2015-09-27,Murang'a,0
2015-09-28,Murang'a,2
2015-09-29,Murang'a,1
2015-09-30,Murang'a,1
2015-10-01,Murang'a,0
2015-10-02,Murang'a,14
2015-10-03,Murang'a,2
2015-10-04,Murang'a,2
2015-10-05,Murang'a,1
2015-10-06,Murang'a,0
2015-10-07,Murang'a,12
2015-10-08,Murang'a,2
2015-10-09,Murang'a,1
2015-10-10,Murang'a,1
2015-10-11,Murang'a,1
2015-10-12,Murang'a,2
2015-10-13,Murang'a,0
2015-10-14,Murang'a,1
2015-10-15,Murang'a,1
2015-10-16,Murang'a,1
2015-10-17,Murang'a,0
2015-10-18,Murang'a,0
2015-10-19,Murang'a,0
2015-10-20,Murang'a,2
2015-10-21,Murang'a,2
2015-10-22,Murang'a,1
2015-10-23,Murang'a,2
2015-10-24,Murang'a,11
2015-10-25,Murang'a,2
2015-10-26,Murang'a,1
2015-10-27,Murang'a,0
2015-10-28,Murang'a,2
2015-10-29,Murang'a,2
2015-10-30,Murang'a,2
2015-10-31,Murang'a,2
2015-11-01,Murang'a,0
2015-11-02,Murang'a,0
2015-11-03,Murang'a,0
2015-11-04,Murang'a,8
2015-11-05,Murang'a,2
2015-11-06,Murang'a,1
2015-11-07,Murang'a,2
2015-11-08,Murang'a,0
2015-11-09,Murang'a,0
2015-11-10,Murang'a,0
2015-11-11,Murang'a,0
2015-11-12,Murang'a,2
2015-11-13,Murang'a,1
2015-11-14,Murang'a,0
2015-11-15,Murang'a,1
2015-11-16,Murang'a,0
2015-11-17,Murang'a,0
2015-11-18,Murang'a,0
2015-11-19,Murang'a,1
2015-11-20,Murang'a,0
2015-11-21,Murang'a,1
2015-11-22,Murang'a,2
2015-11-23,Murang'a,2
2015-11-24,Murang'a,2
2015-11-25,Murang'a,0
2015-11-26,Murang'a,2
2015-11-27,Murang'a,1
2015-11-28,Murang'a,0
2015-11-29,Murang'a,0
2015-11-30,Murang'a,2
2015-12-01,Murang'a,2
2015-12-02,Murang'a,2
2015-12-03,Murang'a,0
2015-12-04,Murang'a,1
2015-12-05,Murang'a,0
2015-12-06,Murang'a,1
2015-12-07,Murang'a,0
2015-12-08,Murang'a,2
2015-12-09,Murang'a,1
2015-12-10,Murang'a,1
2015-12-11,Murang'a,2
2015-12-12,Murang'a,1
2015-12-13,Murang'a,1
2015-12-14,Murang'a,2
2015-12-15,Murang'a,0
2015-12-16,Murang'a,1
2015-12-17,Murang'a,1
2015-12-18,Murang'a,1
2015-12-19,Murang'a,1
2015-12-20,Murang'a,1
2015-12-21,Murang'a,1
2015-12-22,Murang'a,0
2015-12-23,Murang'a,2
2015-12-24,Murang'a,1
2015-12-25,Murang'a,1
2015-12-26,Murang'a,1
2015-12-27,Murang'a,0
2015-12-28,Murang'a,2
2015-12-29,Murang'a,0
2015-12-30,Murang'a,0
2015-12-31,Murang'a,1
2016-01-01,Murang'a,2
2016-01-02,Murang'a,1
2016-01-03,Murang'a,0
2016-01-04,Murang'a,1
2016-01-05,Murang'a,2
2016-01-06,Murang'a,0
2016-01-07,Murang'a,1
2016-01-08,Murang'a,0
2016-01-09,Murang'a,2
2016-01-10,Murang'a,2
2016-01-11,Murang'a,1
2016-01-12,Murang'a,1
2016-01-13,Murang'a,2
2016-01-14,Murang'a,1
2016-01-15,Murang'a,0
2016-01-16,Murang'a,2
2016-01-17,Murang'a,2
2016-01-18,Murang'a,1
2016-01-19,Murang'a,2
2016-01-20,Murang'a,0
2016-01-21,Murang'a,2
2016-01-22,Murang'a,0
2016-01-23,Murang'a,1
2016-01-24,Murang'a,1
2016-01-25,Murang'a,1
2016-01-26,Murang'a,0
2016-01-27,Murang'a,2
2016-01-28,Murang'a,1
2016-01-29,Murang'a,2
2016-01-30,Murang'a,2
2016-01-31,Murang'a,2
2016-02-01,Murang'a,0
2016-02-02,Murang'a,1
2016-02-03,Murang'a,0
2016-02-04,Murang'a,0
2016-02-05,Murang'a,2
2016-02-06,Murang'a,0
2016-02-07,Murang'a,2
2016-02-08,Murang'a,0
2016-02-09,Murang'a,0
2016-02-10,Murang'a,0
2016-02-11,Murang'a,2
2016-02-12,Murang'a,0
2016-02-13,Murang'a,0
2016-02-14,Murang'a,0
2016-02-15,Murang'a,1
2016-02-16,Murang'a,1
2016-02-17,Murang'a,0
2016-02-18,Murang'a,0
2016-02-19,Murang'a,2
2016-02-20,Murang'a,0
2016-02-21,Murang'a,0
2016-02-22,Murang'a,2
2016-02-23,Murang'a,1
2016-02-24,Murang'a,1
2016-02-25,Murang'a,2
2016-02-26,Murang'a,2
2016-02-27,Murang'a,0
2016-02-28,Murang'a,2
2016-02-29,Murang'a,0
2016-03-01,Murang'a,13
2016-03-02,Murang'a,0
2016-03-03,Murang'a,16
2016-03-04,Murang'a,0
2016-03-05,Murang'a,10
2016-03-06,Murang'a,18
2016-03-07,Murang'a,2
2016-03-08,Murang'a,14
2016-03-09,Murang'a,1
2016-03-10,Murang'a,1
2016-03-11,Murang'a,9
2016-03-12,Murang'a,2
2016-03-13,Murang'a,13
2016-03-14,Murang'a,1
2016-03-15,Murang'a,14
2016-03-16,Murang'a,2
2016-03-17,Murang'a,0
2016-03-18,Murang'a,14
2016-03-19,Murang'a,0
2016-03-20,Murang'a,2
2016-03-21,Murang'a,0
2016-03-22,Murang'a,2
2016-03-23,Murang'a,0
2016-03-24,Murang'a,2
2016-03-25,Murang'a,28
2016-03-26,Murang'a,1
2016-03-27,Murang'a,6
2016-03-28,Murang'a,0
2016-03-29,Murang'a,2
2016-03-30,Murang'a,2
2016-03-31,Murang'a,8
2016-04-01,Murang'a,10
2016-04-02,Murang'a,20
2016-04-03,Murang'a,14
2016-04-04,Murang'a,2
2016-04-05,Murang'a,0
2016-04-06,Murang'a,1
2016-04-07,Murang'a,12
2016-04-08,Murang'a,17
2016-04-09,Murang'a,10
2016-04-10,Murang'a,2
2016-04-11,Murang'a,0
2016-04-12,Murang'a,1
2016-04-13,Murang'a,5
2016-04-14,Murang'a,0
2016-04-15,Murang'a,9
2016-04-16,Murang'a,8
2016-04-17,Murang'a,0
2016-04-18,Murang'a,14
2016-04-19,Murang'a,0
2016-04-20,Murang'a,10
2016-04-21,Murang'a,1
2016-04-22,Murang'a,22
2016-04-23,Murang'a,14
2016-04-24,Murang'a,2
2016-04-25,Murang'a,1
2016-04-26,Murang'a,1
2016-04-27,Murang'a,16
2016-04-28,Murang'a,6
2016-04-29,Murang'a,0
2016-04-30,Murang'a,2
2016-05-01,Murang'a,13
2016-05-02,Murang'a,1
2016-05-03,Murang'a,14
2016-05-04,Murang'a,16
2016-05-05,Murang'a,0
2016-05-06,Murang'a,2
2016-05-07,Murang'a,10
2016-05-08,Murang'a,8
2016-05-09,Murang'a,16
2016-05-10,Murang'a,2
2016-05-11,Murang'a,13
2016-05-12,Murang'a,13
2016-05-13,Murang'a,0
2016-05-14,Murang'a,5
2016-05-15,Murang'a,2
2016-05-16,Murang'a,0
2016-05-17,Murang'a,2
2016-05-18,Murang'a,2
2016-05-19,Murang'a,2
2016-05-20,Murang'a,0
2016-05-21,Murang'a,0
2016-05-22,Murang'a,2
2016-05-23,Murang'a,19
2016-05-24,Murang'a,17
2016-05-25,Murang'a,1
2016-05-26,Murang'a,10
2016-05-27,Murang'a,0
2016-05-28,Murang'a,1
2016-05-29,Murang'a,17
2016-05-30,Murang'a,10
2016-05-31,Murang'a,0
2016-06-01,Murang'a,1
2016-06-02,Murang'a,2
2016-06-03,Murang'a,1
2016-06-04,Murang'a,1
2016-06-05,Murang'a,0
2016-06-06,Murang'a,0
2016-06-07,Murang'a,1
2016-06-08,Murang'a,0
2016-06-09,Murang'a,2
2016-06-10,Murang'a,2
2016-06-11,Murang'a,2
2016-06-12,Murang'a,1
2016-06-13,Murang'a,1
2016-06-14,Murang'a,0
2016-06-15,Murang'a,0
2016-06-16,Murang'a,1
2016-06-17,Murang'a,2
2016-06-18,Murang'a,1
2016-06-19,Murang'a,1
2016-06-20,Murang'a,0
2016-06-21,Murang'a,1
2016-06-22,Murang'a,1
2016-06-23,Murang'a,0
2016-06-24,Murang'a,1
2016-06-25,Murang'a,2
2016-06-26,Murang'a,0
2016-06-27,Murang'a,2
2016-06-28,Murang'a,0
2016-06-29,Murang'a,2
2016-06-30,Murang'a,0
2016-07-01,Murang'a,0
2016-07-02,Murang'a,0
2016-07-03,Murang'a,0
2016-07-04,Murang'a,2
2016-07-05,Murang'a,0
2016-07-06,Murang'a,2
2016-07-07,Murang'a,0
2016-07-08,Murang'a,1
2016-07-09,Murang'a,0
2016-07-10,Murang'a,2
2016-07-11,Murang'a,0
2016-07-12,Murang'a,2
2016-07-13,Murang'a,2
2016-07-14,Murang'a,0
2016-07-15,Murang'a,0
2016-07-16,Murang'a,2
2016-07-17,Murang'a,1
2016-07-18,Murang'a,2
2016-07-19,Murang'a,0
2016-07-20,Murang'a,2
2016-07-21,Murang'a,2
2016-07-22,Murang'a,0
2016-07-23,Murang'a,2
2016-07-24,Murang'a,1
2016-07-25,Murang'a,0
2016-07-26,Murang'a,1
2016-07-27,Murang'a,1
2016-07-28,Murang'a,1
2016-07-29,Murang'a,1
2016-07-30,Murang'a,2
2016-07-31,Murang'a,2
2016-08-01,Murang'a,2
2016-08-02,Murang'a,0
2016-08-03,Murang'a,0
2016-08-04,Murang'a,2
2016-08-05,Murang'a,0
2016-08-06,Murang'a,2
2016-08-07,Murang'a,1
2016-08-08,Murang'a,0
2016-08-09,Murang'a,1
2016-08-10,Murang'a,0
2016-08-11,Murang'a,0
2016-08-12,Murang'a,1
2016-08-13,Murang'a,1
2016-08-14,Murang'a,0
2016-08-15,Murang'a,0
2016-08-16,Murang'a,2
2016-08-17,Murang'a,0
2016-08-18,Murang'a,1
2016-08-19,Murang'a,1
2016-08-20,Murang'a,1
2016-08-21,Murang'a,1
2016-08-22,Murang'a,0
2016-08-23,Murang'a,1
2016-08-24,Murang'a,1
2016-08-25,Murang'a,2
2016-08-26,Murang'a,2
2016-08-27,Murang'a,2
2016-08-28,Murang'a,2
2016-08-29,Murang'a,2
2016-08-30,Murang'a,2
2016-08-31,Murang'a,2
2016-09-01,Murang'a,1
2016-09-02,Murang'a,1
2016-09-03,Murang'a,1
2016-09-04,Murang'a,2
2016-09-05,Murang'a,1
2016-09-06,Murang'a,2
2016-09-07,Murang'a,2
2016-09-08,Murang'a,2
2016-09-09,Murang'a,0
2016-09-10,Murang'a,0
2016-09-11,Murang'a,0
2016-09-12,Murang'a,1
2016-09-13,Murang'a,0
2016-09-14,Murang'a,0
2016-09-15,Murang'a,2
2016-09-16,Murang'a,0
2016-09-17,Murang'a,1
2016-09-18,Murang'a,1
2016-09-19,Murang'a,1
2016-09-20,Murang'a,0
2016-09-21,Murang'a,1
2016-09-22,Murang'a,2
2016-09-23,Murang'a,1
2016-09-24,Murang'a,0
2016-09-25,Murang'a,1
2016-09-26,Murang'a,0
2016-09-27,Murang'a,1
2016-09-28,Murang'a,1
2016-09-29,Murang'a,2
2016-09-30,Murang'a,1
2016-10-01,Murang'a,5
2015-01-01,Kiambu,0
2015-01-02,Kiambu,2
2015-01-03,Kiambu,2
2015-01-04,Kiambu,0
2015-01-05,Kiambu,1
2015-01-06,Kiambu,2
2015-01-07,Kiambu,0
2015-01-08,Kiambu,0
2015-01-09,Kiambu,0
2015-01-10,Kiambu,1
2015-01-11,Kiambu,0
2015-01-12,Kiambu,2
2015-01-13,Kiambu,0
2015-01-14,Kiambu,0
2015-01-15,Kiambu,0
2015-01-16,Kiambu,2
2015-01-17,Kiambu,2
2015-01-18,Kiambu,1
2015-01-19,Kiambu,1
2015-01-20,Kiambu,0
2015-01-21,Kiambu,1
2015-01-22,Kiambu,2
2015-01-23,Kiambu,2
2015-01-24,Kiambu,2
2015-01-25,Kiambu,0
2015-01-26,Kiambu,2
2015-01-27,Kiambu,0
2015-01-28,Kiambu,2
2015-01-29,Kiambu,2
2015-01-30,Kiambu,2
2015-01-31,Kiambu,1
2015-02-01,Kiambu,1
2015-02-02,Kiambu,0
2015-02-03,Kiambu,0
2015-02-04,Kiambu,2
2015-02-05,Kiambu,0
2015-02-06,Kiambu,2
2015-02-07,Kiambu,2
2015-02-08,Kiambu,0
2015-02-09,Kiambu,0
2015-02-10,Kiambu,1
2015-02-11,Kiambu,2
2015-02-12,Kiambu,0
2015-02-13,Kiambu,1
2015-02-14,Kiambu,2
2015-02-15,Kiambu,0
2015-02-16,Kiambu,2
2015-02-17,Kiambu,2
2015-02-18,Kiambu,2
2015-02-19,Kiambu,2
2015-02-20,Kiambu,2
2015-02-21,Kiambu,0
2015-02-22,Kiambu,2
2015-02-23,Kiambu,0
2015-02-24,Kiambu,2
2015-02-25,Kiambu,2
2015-02-26,Kiambu,2
2015-02-27,Kiambu,0
2015-02-28,Kiambu,1
2015-03-01,Kiambu,0
2015-03-02,Kiambu,2
2015-03-03,Kiambu,0
2015-03-04,Kiambu,1
2015-03-05,Kiambu,1
2015-03-06,Kiambu,1
2015-03-07,Kiambu,15
2015-03-08,Kiambu,3
2015-03-09,Kiambu,7
2015-03-10,Kiambu,25
2015-03-11,Kiambu,2
2015-03-12,Kiambu,14
2015-03-13,Kiambu,1
2015-03-14,Kiambu,2
2015-03-15,Kiambu,14
2015-03-16,Kiambu,14
2015-03-17,Kiambu,0
2015-03-18,Kiambu,18
2015-03-19,Kiambu,2
2015-03-20,Kiambu,2
2015-03-21,Kiambu,21
2015-03-22,Kiambu,8
2015-03-23,Kiambu,0
2015-03-24,Kiambu,0
2015-03-25,Kiambu,16
2015-03-26,Kiambu,2
2015-03-27,Kiambu,1
2015-03-28,Kiambu,13
2015-03-29,Kiambu,2
2015-03-30,Kiambu,14
2015-03-31,Kiambu,20
2015-04-01,Kiambu,2
2015-04-02,Kiambu,1
2015-04-03,Kiambu,14
2015-04-04,Kiambu,11
2015-04-05,Kiambu,0
2015-04-06,Kiambu,1
2015-04-07,Kiambu,0
2015-04-08,Kiambu,16
2015-04-09,Kiambu,1
2015-04-10,Kiambu,2
2015-04-11,Kiambu,14
2015-04-12,Kiambu,13
2015-04-13,Kiambu,2
2015-04-14,Kiambu,14
2015-04-15,Kiambu,2
2015-04-16,Kiambu,0
2015-04-17,Kiambu,2
2015-04-18,Kiambu,10
2015-04-19,Kiambu,9
2015-04-20,Kiambu,2
2015-04-21,Kiambu,1
2015-04-22,Kiambu,1
2015-04-23,Kiambu,12
2015-04-24,Kiambu,0
2015-04-25,Kiambu,0
2015-04-26,Kiambu,12
2015-04-27,Kiambu,0
2015-04-28,Kiambu,1
2015-04-29,Kiambu,8
2015-04-30,Kiambu,16
2015-05-01,Kiambu,0
2015-05-02,Kiambu,15
2015-05-03,Kiambu,19
2015-05-04,Kiambu,1
2015-05-05,Kiambu,11
2015-05-06,Kiambu,1
2015-05-07,Kiambu,2
2015-05-08,Kiambu,5
2015-05-09,Kiambu,13
2015-05-10,Kiambu,0
2015-05-11,Kiambu,15
2015-05-12,Kiambu,3
2015-05-13,Kiambu,12
2015-05-14,Kiambu,12
2015-05-15,Kiambu,16
2015-05-16,Kiambu,16
2015-05-17,Kiambu,23
2015-05-18,Kiambu,3
2015-05-19,Kiambu,1
2015-05-20,Kiambu,1
2015-05-21,Kiambu,22
2015-05-22,Kiambu,14
2015-05-23,Kiambu,1
2015-05-24,Kiambu,2
2015-05-25,Kiambu,19
2015-05-26,Kiambu,11
2015-05-27,Kiambu,8
2015-05-28,Kiambu,11
2015-05-29,Kiambu,1
2015-05-30,Kiambu,1
2015-05-31,Kiambu,9
2015-06-01,Kiambu,2
2015-06-02,Kiambu,1
2015-06-03,Kiambu,2
2015-06-04,Kiambu,2
2015-06-05,Kiambu,1
2015-06-06,Kiambu,0
2015-06-07,Kiambu,1
2015-06-08,Kiambu,0
2015-06-09,Kiambu,0
2015-06-10,Kiambu,1
2015-06-11,Kiambu,2
2015-06-12,Kiambu,1
2015-06-13,Kiambu,2
2015-06-14,Kiambu,0
2015-06-15,Kiambu,0
2015-06-16,Kiambu,1
2015-06-17,Kiambu,2
2015-06-18,Kiambu,1
2015-06-19,Kiambu,0
2015-06-20,Kiambu,0
2015-06-21,Kiambu,2
2015-06-22,Kiambu,2
2015-06-23,Kiambu,0
2015-06-24,Kiambu,2
2015-06-25,Kiambu,2
2015-06-26,Kiambu,0
2015-06-27,Kiambu,0
2015-06-28,Kiambu,0
2015-06-29,Kiambu,1
2015-06-30,Kiambu,2
2015-07-01,Kiambu,1
2015-07-02,Kiambu,0
2015-07-03,Kiambu,0
2015-07-04,Kiambu,2
2015-07-05,Kiambu,0
2015-07-06,Kiambu,0
2015-07-07,Kiambu,0
2015-07-08,Kiambu,0
2015-07-09,Kiambu,1
2015-07-10,Kiambu,2
2015-07-11,Kiambu,2
2015-07-12,Kiambu,2
2015-07-13,Kiambu,0
2015-07-14,Kiambu,0
2015-07-15,Kiambu,0
2015-07-16,Kiambu,2
2015-07-17,Kiambu,0
2015-07-18,Kiambu,1
2015-07-19,Kiambu,2
2015-07-20,Kiambu,1
2015-07-21,Kiambu,2
2015-07-22,Kiambu,1
2015-07-23,Kiambu,1
2015-07-24,Kiambu,1
2015-07-25,Kiambu,1
2015-07-26,Kiambu,2
2015-07-27,Kiambu,1
2015-07-28,Kiambu,1
2015-07-29,Kiambu,1
2015-07-30,Kiambu,1
2015-07-31,Kiambu,0
2015-08-01,Kiambu,0
2015-08-02,Kiambu,1
2015-08-03,Kiambu,0
2015-08-04,Kiambu,1
2015-08-05,Kiambu,0
2015-08-06,Kiambu,1
2015-08-07,Kiambu,0
2015-08-08,Kiambu,1
2015-08-09,Kiambu,0
2015-08-10,Kiambu,0
2015-08-11,Kiambu,1
2015-08-12,Kiambu,0
2015-08-13,Kiambu,1
2015-08-14,Kiambu,1
2015-08-15,Kiambu,0
2015-08-16,Kiambu,0
2015-08-17,Kiambu,1
2015-08-18,Kiambu,0
2015-08-19,Kiambu,1
2015-08-20,Kiambu,0
2015-08-21,Kiambu,2
2015-08-22,Kiambu,1
2015-08-23,Kiambu,1
2015-08-24,Kiambu,0
2015-08-25,Kiambu,1
2015-08-26,Kiambu,0
2015-08-27,Kiambu,2
2015-08-28,Kiambu,2
2015-08-29,Kiambu,1
2015-08-30,Kiambu,0
2015-08-31,Kiambu,2
2015-09-01,Kiambu,2
2015-09-02,Kiambu,2
2015-09-03,Kiambu,0
2015-09-04,Kiambu,2
2015-09-05,Kiambu,2
2015-09-06,Kiambu,0
2015-09-07,Kiambu,0
2015-09-08,Kiambu,1
2015-09-09,Kiambu,2
2015-09-10,Kiambu,1
2015-09-11,Kiambu,0
2015-09-12,Kiambu,1
2015-09-13,Kiambu,2
2015-09-14,Kiambu,0
2015-09-15,Kiambu,0
2015-09-16,Kiambu,0
2015-09-17,Kiambu,1
2015-09-18,Kiambu,0
2015-09-19,Kiambu,1
2015-09-20,Kiambu,0
2015-09-21,Kiambu,0
2015-09-22,Kiambu,1
2015-09-23,Kiambu,0
2015-09-24,Kiambu,0
2015-09-25,Kiambu,1
2015-09-26,Kiambu,2
2015-09-27,Kiambu,2
2015-09-28,Kiambu,1
2015-09-29,Kiambu,2
2015-09-30,Kiambu,2
2015-10-01,Kiambu,1
2015-10-02,Kiambu,1
2015-10-03,Kiambu,0
2015-10-04,Kiambu,1
2015-10-05,Kiambu,2
2015-10-06,Kiambu,2
2015-10-07,Kiambu,1
2015-10-08,Kiambu,1
2015-10-09,Kiambu,2
2015-10-10,Kiambu,1
2015-10-11,Kiambu,1
2015-10-12,Kiambu,2
2015-10-13,Kiambu,0
2015-10-14,Kiambu,2
2015-10-15,Kiambu,0
2015-10-16,Kiambu,0
2015-10-17,Kiambu,1
2015-10-18,Kiambu,1
2015-10-19,Kiambu,1
2015-10-20,Kiambu,0
2015-10-21,Kiambu,2
2015-10-22,Kiambu,0
2015-10-23,Kiambu,2
2015-10-24,Kiambu,1
2015-10-25,Kiambu,1
2015-10-26,Kiambu,2
2015-10-27,Kiambu,2
2015-10-28,Kiambu,2
2015-10-29,Kiambu,2
2015-10-30,Kiambu,2
2015-10-31,Kiambu,1
2015-11-01,Kiambu,1
2015-11-02,Kiambu,2
2015-11-03,Kiambu,1
2015-11-04,Kiambu,1
2015-11-05,Kiambu,1
2015-11-06,Kiambu,2
2015-11-07,Kiambu,9
2015-11-08,Kiambu,10
2015-11-09,Kiambu,2
2015-11-10,Kiambu,1
2015-11-11,Kiambu,0
2015-11-12,Kiambu,1
2015-11-13,Kiambu,2
2015-11-14,Kiambu,1
2015-11-15,Kiambu,1
2015-11-16,Kiambu,2
2015-11-17,Kiambu,20
2015-11-18,Kiambu,1
2015-11-19,Kiambu,2
2015-11-20,Kiambu,1
2015-11-21,Kiambu,0
2015-11-22,Kiambu,0
2015-11-23,Kiambu,0
2015-11-24,Kiambu,2
2015-11-25,Kiambu,2
2015-11-26,Kiambu,1
2015-11-27,Kiambu,2
2015-11-28,Kiambu,2
2015-11-29,Kiambu,10
2015-11-30,Kiambu,1
2015-12-01,Kiambu,2
2015-12-02,Kiambu,0
2015-12-03,Kiambu,0
2015-12-04,Kiambu,0
2015-12-05,Kiambu,2
2015-12-06,Kiambu,2
2015-12-07,Kiambu,2
2015-12-08,Kiambu,0
2015-12-09,Kiambu,0
2015-12-10,Kiambu,1
2015-12-11,Kiambu,0
2015-12-12,Kiambu,2
2015-12-13,Kiambu,2
2015-12-14,Kiambu,1
2015-12-15,Kiambu,0
2015-12-16,Kiambu,0
2015-12-17,Kiambu,2
2015-12-18,Kiambu,1
2015-12-19,Kiambu,1
2015-12-20,Kiambu,0
2015-12-21,Kiambu,1
2015-12-22,Kiambu,1
2015-12-23,Kiambu,1
2015-12-24,Kiambu,0
2015-12-25,Kiambu,0
2015-12-26,Kiambu,0
2015-12-27,Kiambu,0
2015-12-28,Kiambu,2
2015-12-29,Kiambu,1
2015-12-30,Kiambu,1
2015-12-31,Kiambu,1
2016-01-01,Kiambu,0
2016-01-02,Kiambu,0
2016-01-03,Kiambu,1
2016-01-04,Kiambu,1
2016-01-05,Kiambu,1
2016-01-06,Kiambu,1
2016-01-07,Kiambu,1
2016-01-08,Kiambu,1
2016-01-09,Kiambu,1
2016-01-10,Kiambu,2
2016-01-11,Kiambu,2
2016-01-12,Kiambu,2
2016-01-13,Kiambu,1
2016-01-14,Kiambu,1
2016-01-15,Kiambu,0
2016-01-16,Kiambu,1
2016-01-17,Kiambu,2
2016-01-18,Kiambu,0
2016-01-19,Kiambu,2
2016-01-20,Kiambu,1
2016-01-21,Kiambu,1
2016-01-22,Kiambu,0
2016-01-23,Kiambu,1
2016-01-24,Kiambu,0
2016-01-25,Kiambu,2
2016-01-26,Kiambu,2
2016-01-27,Kiambu,2
2016-01-28,Kiambu,1
2016-01-29,Kiambu,1
2016-01-30,Kiambu,2
2016-01-31,Kiambu,1
2016-02-01,Kiambu,0
2016-02-02,Kiambu,0
2016-02-03,Kiambu,0
2016-02-04,Kiambu,1
2016-02-05,Kiambu,2
2016-02-06,Kiambu,1
2016-02-07,Kiambu,1
2016-02-08,Kiambu,0
2016-02-09,Kiambu,1
2016-02-10,Kiambu,0
2016-02-11,Kiambu,1
2016-02-12,Kiambu,0
2016-02-13,Kiambu,2
2016-02-14,Kiambu,2
2016-02-15,Kiambu,1
2016-02-16,Kiambu,0
2016-02-17,Kiambu,1
2016-02-18,Kiambu,1
2016-02-19,Kiambu,0
2016-02-20,Kiambu,0
2016-02-21,Kiambu,1
2016-02-22,Kiambu,0
2016-02-23,Kiambu,1
2016-02-24,Kiambu,1
2016-02-25,Kiambu,1
2016-02-26,Kiambu,1
2016-02-27,Kiambu,1
2016-02-28,Kiambu,2
2016-02-29,Kiambu,2
2016-03-01,Kiambu,2
2016-03-02,Kiambu,2
2016-03-03,Kiambu,2
2016-03-04,Kiambu,2
2016-03-05,Kiambu,0
2016-03-06,Kiambu,10
2016-03-07,Kiambu,2
2016-03-08,Kiambu,16
2016-03-09,Kiambu,0
2016-03-10,Kiambu,4
2016-03-11,Kiambu,2
2016-03-12,Kiambu,0
2016-03-13,Kiambu,13
2016-03-14,Kiambu,0
2016-03-15,Kiambu,0
2016-03-16,Kiambu,0
2016-03-17,Kiambu,19
2016-03-18,Kiambu,0
2016-03-19,Kiambu,21
2016-03-20,Kiambu,2
2016-03-21,Kiambu,0
2016-03-22,Kiambu,15
2016-03-23,Kiambu,1
2016-03-24,Kiambu,2
2016-03-25,Kiambu,7
2016-03-26,Kiambu,17
2016-03-27,Kiambu,0
2016-03-28,Kiambu,1
2016-03-29,Kiambu,1
2016-03-30,Kiambu,12
2016-03-31,Kiambu,1
2016-04-01,Kiambu,28
2016-04-02,Kiambu,13
2016-04-03,Kiambu,15
2016-04-04,Kiambu,2
2016-04-05,Kiambu,15
2016-04-06,Kiambu,2
2016-04-07,Kiambu,8
2016-04-08,Kiambu,0
2016-04-09,Kiambu,9
2016-04-10,Kiambu,20
2016-04-11,Kiambu,2
2016-04-12,Kiambu,8
2016-04-13,Kiambu,2
2016-04-14,Kiambu,1
2016-04-15,Kiambu,3
2016-04-16,Kiambu,15
2016-04-17,Kiambu,8
2016-04-18,Kiambu,13
2016-04-19,Kiambu,2
2016-04-20,Kiambu,0
2016-04-21,Kiambu,7
2016-04-22,Kiambu,0
2016-04-23,Kiambu,2
2016-04-24,Kiambu,16
2016-04-25,Kiambu,0
2016-04-26,Kiambu,1
2016-04-27,Kiambu,17
2016-04-28,Kiambu,23
2016-04-29,Kiambu,1
2016-04-30,Kiambu,5
2016-05-01,Kiambu,2
2016-05-02,Kiambu,12
2016-05-03,Kiambu,2
2016-05-04,Kiambu,2
2016-05-05,Kiambu,12
2016-05-06,Kiambu,18
2016-05-07,Kiambu,15
2016-05-08,Kiambu,8
2016-05-09,Kiambu,26
2016-05-10,Kiambu,2
2016-05-11,Kiambu,13
2016-05-12,Kiambu,2
2016-05-13,Kiambu,17
2016-05-14,Kiambu,0
2016-05-15,Kiambu,0
2016-05-16,Kiambu,7
2016-05-17,Kiambu,12
2016-05-18,Kiambu,19
2016-05-19,Kiambu,2
2016-05-20,Kiambu,1
2016-05-21,Kiambu,14
2016-05-22,Kiambu,4
2016-05-23,Kiambu,11
2016-05-24,Kiambu,0
2016-05-25,Kiambu,0
2016-05-26,Kiambu,5
2016-05-27,Kiambu,6
2016-05-28,Kiambu,19
2016-05-29,Kiambu,22
2016-05-30,Kiambu,17
2016-05-31,Kiambu,5
2016-06-01,Kiambu,1
2016-06-02,Kiambu,0
2016-06-03,Kiambu,2
2016-06-04,Kiambu,2
2016-06-05,Kiambu,1
2016-06-06,Kiambu,0
2016-06-07,Kiambu,1
2016-06-08,Kiambu,0
2016-06-09,Kiambu,2
2016-06-10,Kiambu,1
2016-06-11,Kiambu,2
2016-06-12,Kiambu,0
2016-06-13,Kiambu,1
2016-06-14,Kiambu,1
2016-06-15,Kiambu,1
2016-06-16,Kiambu,2
2016-06-17,Kiambu,0
2016-06-18,Kiambu,2
2016-06-19,Kiambu,2
2016-06-20,Kiambu,0
2016-06-21,Kiambu,2
2016-06-22,Kiambu,0
2016-06-23,Kiambu,0
2016-06-24,Kiambu,2
2016-06-25,Kiambu,2
2016-06-26,Kiambu,1
2016-06-27,Kiambu,0
2016-06-28,Kiambu,1
2016-06-29,Kiambu,2
2016-06-30,Kiambu,2
2016-07-01,Kiambu,1
2016-07-02,Kiambu,1
2016-07-03,Kiambu,0
2016-07-04,Kiambu,0
2016-07-05,Kiambu,2
2016-07-06,Kiambu,0
2016-07-07,Kiambu,0
2016-07-08,Kiambu,2
2016-07-09,Kiambu,2
2016-07-10,Kiambu,0
2016-07-11,Kiambu,2
2016-07-12,Kiambu,1
2016-07-13,Kiambu,1
2016-07-14,Kiambu,0
2016-07-15,Kiambu,1
2016-07-16,Kiambu,1
2016-07-17,Kiambu,2
2016-07-18,Kiambu,1
2016-07-19,Kiambu,1
2016-07-20,Kiambu,2
2016-07-21,Kiambu,0
2016-07-22,Kiambu,0
2016-07-23,Kiambu,1
2016-07-24,Kiambu,2
2016-07-25,Kiambu,0
2016-07-26,Kiambu,0
2016-07-27,Kiambu,1
2016-07-28,Kiambu,0
2016-07-29,Kiambu,1
2016-07-30,Kiambu,1
2016-07-31,Kiambu,2
2016-08-01,Kiambu,0
2016-08-02,Kiambu,2
2016-08-03,Kiambu,2
2016-08-04,Kiambu,1
2016-08-05,Kiambu,0
2016-08-06,Kiambu,2
2016-08-07,Kiambu,2
2016-08-08,Kiambu,1
2016-08-09,Kiambu,1
2016-08-10,Kiambu,1
2016-08-11,Kiambu,2
2016-08-12,Kiambu,1
2016-08-13,Kiambu,2
2016-08-14,Kiambu,0
2016-08-15,Kiambu,0
2016-08-16,Kiambu,1
2016-08-17,Kiambu,1
2016-08-18,Kiambu,2
2016-08-19,Kiambu,1
2016-08-20,Kiambu,2
2016-08-21,Kiambu,2
2016-08-22,Kiambu,0
2016-08-23,Kiambu,2
2016-08-24,Kiambu,1
2016-08-25,Kiambu,1
2016-08-26,Kiambu,0
2016-08-27,Kiambu,2
2016-08-28,Kiambu,2
2016-08-29,Kiambu,0
2016-08-30,Kiambu,2
2016-08-31,Kiambu,0
2016-09-01,Kiambu,0
2016-09-02,Kiambu,2
2016-09-03,Kiambu,2
2016-09-04,Kiambu,1
2016-09-05,Kiambu,0
2016-09-06,Kiambu,1
2016-09-07,Kiambu,0
2016-09-08,Kiambu,0
2016-09-09,Kiambu,0
2016-09-10,Kiambu,0
2016-09-11,Kiambu,0
2016-09-12,Kiambu,2
2016-09-13,Kiambu,0
2016-09-14,Kiambu,1
2016-09-15,Kiambu,0
2016-09-16,Kiambu,0
2016-09-17,Kiambu,2
2016-09-18,Kiambu,1
2016-09-19,Kiambu,2
2016-09-20,Kiambu,0
2016-09-21,Kiambu,0
2016-09-22,Kiambu,2
2016-09-23,Kiambu,0
2016-09-24,Kiambu,0
2016-09-25,Kiambu,0
2016-09-26,Kiambu,0
2016-09-27,Kiambu,2
2016-09-28,Kiambu,2
2016-09-29,Kiambu,1
2016-09-30,Kiambu,0
2016-10-01,Kiambu,0
2015-01-01,Turkana,1
2015-01-02,Turkana,1
2015-01-03,Turkana,0
2015-01-04,Turkana,1
2015-01-05,Turkana,2
2015-01-06,Turkana,0
2015-01-07,Turkana,1
2015-01-08,Turkana,2
2015-01-09,Turkana,0
2015-01-10,Turkana,0
2015-01-11,Turkana,2
2015-01-12,Turkana,2
2015-01-13,Turkana,0
2015-01-14,Turkana,2
2015-01-15,Turkana,2
2015-01-16,Turkana,2
2015-01-17,Turkana,0
2015-01-18,Turkana,0
2015-01-19,Turkana,0
2015-01-20,Turkana,2
2015-01-21,Turkana,2
2015-01-22,Turkana,0
2015-01-23,Turkana,0
2015-01-24,Turkana,0
2015-01-25,Turkana,1
2015-01-26,Turkana,2
2015-01-27,Turkana,1
2015-01-28,Turkana,1
2015-01-29,Turkana,0
2015-01-30,Turkana,0
2015-01-31,Turkana,1
2015-02-01,Turkana,2
2015-02-02,Turkana,0
2015-02-03,Turkana,1
2015-02-04,Turkana,1
2015-02-05,Turkana,1
2015-02-06,Turkana,2
2015-02-07,Turkana,1
2015-02-08,Turkana,0
2015-02-09,Turkana,2
2015-02-10,Turkana,1
2015-02-11,Turkana,2
2015-02-12,Turkana,2
2015-02-13,Turkana,1
2015-02-14,Turkana,2
2015-02-15,Turkana,0
2015-02-16,Turkana,2
2015-02-17,Turkana,1
2015-02-18,Turkana,0
2015-02-19,Turkana,2
2015-02-20,Turkana,0
2015-02-21,Turkana,1
2015-02-22,Turkana,2
2015-02-23,Turkana,0
2015-02-24,Turkana,1
2015-02-25,Turkana,2
2015-02-26,Turkana,2
2015-02-27,Turkana,2
2015-02-28,Turkana,2
2015-03-01,Turkana,3
2015-03-02,Turkana,2
2015-03-03,Turkana,1
2015-03-04,Turkana,0
2015-03-05,Turkana,2
2015-03-06,Turkana,2
2015-03-07,Turkana,0
2015-03-08,Turkana,0
2015-03-09,Turkana,1
2015-03-10,Turkana,0
2015-03-11,Turkana,1
2015-03-12,Turkana,6
2015-03-13,Turkana,6
2015-03-14,Turkana,13
2015-03-15,Turkana,13
2015-03-16,Turkana,25
2015-03-17,Turkana,5
2015-03-18,Turkana,0
2015-03-19,Turkana,16
2015-03-20,Turkana,12
2015-03-21,Turkana,20
2015-03-22,Turkana,2
2015-03-23,Turkana,10
2015-03-24,Turkana,1
2015-03-25,Turkana,18
2015-03-26,Turkana,8
2015-03-27,Turkana,13
2015-03-28,Turkana,2
2015-03-29,Turkana,4
2015-03-30,Turkana,2
2015-03-31,Turkana,16
2015-04-01,Turkana,0
2015-04-02,Turkana,11
2015-04-03,Turkana,1
2015-04-04,Turkana,2
2015-04-05,Turkana,0
2015-04-06,Turkana,2
2015-04-07,Turkana,0
2015-04-08,Turkana,0
2015-04-09,Turkana,1
2015-04-10,Turkana,1
2015-04-11,Turkana,16
2015-04-12,Turkana,10
2015-04-13,Turkana,0
2015-04-14,Turkana,1
2015-04-15,Turkana,12
2015-04-16,Turkana,8
2015-04-17,Turkana,1
2015-04-18,Turkana,13
2015-04-19,Turkana,9
2015-04-20,Turkana,10
2015-04-21,Turkana,0
2015-04-22,Turkana,17
2015-04-23,Turkana,12
2015-04-24,Turkana,1
2015-04-25,Turkana,0
2015-04-26,Turkana,6
2015-04-27,Turkana,5
2015-04-28,Turkana,9
2015-04-29,Turkana,5
2015-04-30,Turkana,7
2015-05-01,Turkana,11
2015-05-02,Turkana,12
2015-05-03,Turkana,2
2015-05-04,Turkana,17
2015-05-05,Turkana,2
2015-05-06,Turkana,18
2015-05-07,Turkana,14
2015-05-08,Turkana,8
2015-05-09,Turkana,5
2015-05-10,Turkana,1
2015-05-11,Turkana,1
2015-05-12,Turkana,2
2015-05-13,Turkana,12
2015-05-14,Turkana,0
2015-05-15,Turkana,25
2015-05-16,Turkana,1
2015-05-17,Turkana,16
2015-05-18,Turkana,0
2015-05-19,Turkana,0
2015-05-20,Turkana,1
2015-05-21,Turkana,14
2015-05-22,Turkana,21
2015-05-23,Turkana,10
2015-05-24,Turkana,2
2015-05-25,Turkana,17
2015-05-26,Turkana,0
2015-05-27,Turkana,0
2015-05-28,Turkana,0
2015-05-29,Turkana,1
2015-05-30,Turkana,1
2015-05-31,Turkana,9
2015-06-01,Turkana,1
2015-06-02,Turkana,0
2015-06-03,Turkana,2
2015-06-04,Turkana,1
2015-06-05,Turkana,1
2015-06-06,Turkana,2
2015-06-07,Turkana,1
2015-06-08,Turkana,1
2015-06-09,Turkana,0
2015-06-10,Turkana,1
2015-06-11,Turkana,1
2015-06-12,Turkana,1
2015-06-13,Turkana,0
2015-06-14,Turkana,0
2015-06-15,Turkana,2
2015-06-16,Turkana,2
2015-06-17,Turkana,0
2015-06-18,Turkana,0
2015-06-19,Turkana,0
2015-06-20,Turkana,0
2015-06-21,Turkana,2
2015-06-22,Turkana,2
2015-06-23,Turkana,1
2015-06-24,Turkana,0
2015-06-25,Turkana,0
2015-06-26,Turkana,1
2015-06-27,Turkana,1
2015-06-28,Turkana,2
2015-06-29,Turkana,2
2015-06-30,Turkana,1
2015-07-01,Turkana,0
2015-07-02,Turkana,2
2015-07-03,Turkana,1
2015-07-04,Turkana,0
2015-07-05,Turkana,2
2015-07-06,Turkana,1
2015-07-07,Turkana,1
2015-07-08,Turkana,0
2015-07-09,Turkana,2
2015-07-10,Turkana,2
2015-07-11,Turkana,1
2015-07-12,Turkana,1
2015-07-13,Turkana,2
2015-07-14,Turkana,1
2015-07-15,Turkana,0
2015-07-16,Turkana,2
2015-07-17,Turkana,0
2015-07-18,Turkana,2
2015-07-19,Turkana,1
2015-07-20,Turkana,0
2015-07-21,Turkana,0
2015-07-22,Turkana,0
2015-07-23,Turkana,1
2015-07-24,Turkana,2
2015-07-25,Turkana,2
2015-07-26,Turkana,1
2015-07-27,Turkana,2
2015-07-28,Turkana,1
2015-07-29,Turkana,0
2015-07-30,Turkana,2
2015-07-31,Turkana,0
2015-08-01,Turkana,2
2015-08-02,Turkana,2
2015-08-03,Turkana,1
2015-08-04,Turkana,1
2015-08-05,Turkana,1
2015-08-06,Turkana,2
2015-08-07,Turkana,1
2015-08-08,Turkana,0
2015-08-09,Turkana,1
2015-08-10,Turkana,2
2015-08-11,Turkana,1
2015-08-12,Turkana,1
2015-08-13,Turkana,2
2015-08-14,Turkana,2
2015-08-15,Turkana,0
2015-08-16,Turkana,0
2015-08-17,Turkana,0
2015-08-18,Turkana,0
2015-08-19,Turkana,1
2015-08-20,Turkana,1
2015-08-21,Turkana,0
2015-08-22,Turkana,1
2015-08-23,Turkana,1
2015-08-24,Turkana,2
2015-08-25,Turkana,2
2015-08-26,Turkana,0
2015-08-27,Turkana,0
2015-08-28,Turkana,2
2015-08-29,Turkana,1
2015-08-30,Turkana,0
2015-08-31,Turkana,0
2015-09-01,Turkana,1
2015-09-02,Turkana,2
2015-09-03,Turkana,0
2015-09-04,Turkana,1
2015-09-05,Turkana,2
2015-09-06,Turkana,0
2015-09-07,Turkana,1
2015-09-08,Turkana,0
2015-09-09,Turkana,2
2015-09-10,Turkana,0
2015-09-11,Turkana,1
2015-09-12,Turkana,0
2015-09-13,Turkana,0
2015-09-14,Turkana,0
2015-09-15,Turkana,0
2015-09-16,Turkana,0
2015-09-17,Turkana,1
2015-09-18,Turkana,0
2015-09-19,Turkana,0
2015-09-20,Turkana,2
2015-09-21,Turkana,1
2015-09-22,Turkana,2
2015-09-23,Turkana,2
2015-09-24,Turkana,1
2015-09-25,Turkana,0
2015-09-26,Turkana,1
2015-09-27,Turkana,1
2015-09-28,Turkana,0
2015-09-29,Turkana,2
2015-09-30,Turkana,2
2015-10-01,Turkana,9
2015-10-02,Turkana,0
2015-10-03,Turkana,11
2015-10-04,Turkana,2
2015-10-05,Turkana,0
2015-10-06,Turkana,7
2015-10-07,Turkana,2
2015-10-08,Turkana,0
2015-10-09,Turkana,0
2015-10-10,Turkana,2
2015-10-11,Turkana,0
2015-10-12,Turkana,2
2015-10-13,Turkana,2
2015-10-14,Turkana,0
2015-10-15,Turkana,2
2015-10-16,Turkana,0
2015-10-17,Turkana,14
2015-10-18,Turkana,0
2015-10-19,Turkana,0
2015-10-20,Turkana,1
2015-10-21,Turkana,3
2015-10-22,Turkana,2
2015-10-23,Turkana,2
2015-10-24,Turkana,0
2015-10-25,Turkana,1
2015-10-26,Turkana,2
2015-10-27,Turkana,2
2015-10-28,Turkana,1
2015-10-29,Turkana,1
2015-10-30,Turkana,6
2015-10-31,Turkana,1
2015-11-01,Turkana,0
2015-11-02,Turkana,0
2015-11-03,Turkana,0
2015-11-04,Turkana,1
2015-11-05,Turkana,0
2015-11-06,Turkana,0
2015-11-07,Turkana,2
2015-11-08,Turkana,0
2015-11-09,Turkana,10
2015-11-10,Turkana,1
2015-11-11,Turkana,8
2015-11-12,Turkana,1
2015-11-13,Turkana,2
2015-11-14,Turkana,2
2015-11-15,Turkana,1
2015-11-16,Turkana,15
2015-11-17,Turkana,1
2015-11-18,Turkana,1
2015-11-19,Turkana,2
2015-11-20,Turkana,2
2015-11-21,Turkana,2
2015-11-22,Turkana,2
2015-11-23,Turkana,1
2015-11-24,Turkana,0
2015-11-25,Turkana,1
2015-11-26,Turkana,2
2015-11-27,Turkana,2
2015-11-28,Turkana,2
2015-11-29,Turkana,2
2015-11-30,Turkana,0
2015-12-01,Turkana,0
2015-12-02,Turkana,1
2015-12-03,Turkana,1
2015-12-04,Turkana,0
2015-12-05,Turkana,0
2015-12-06,Turkana,2
2015-12-07,Turkana,0
2015-12-08,Turkana,1
2015-12-09,Turkana,2
2015-12-10,Turkana,2
2015-12-11,Turkana,2
2015-12-12,Turkana,2
2015-12-13,Turkana,1
2015-12-14,Turkana,1
2015-12-15,Turkana,0
2015-12-16,Turkana,0
2015-12-17,Turkana,0
2015-12-18,Turkana,0
2015-12-19,Turkana,0
2015-12-20,Turkana,1
2015-12-21,Turkana,2
2015-12-22,Turkana,0
2015-12-23,Turkana,1
2015-12-24,Turkana,0
2015-12-25,Turkana,1
2015-12-26,Turkana,2
2015-12-27,Turkana,0
2015-12-28,Turkana,0
2015-12-29,Turkana,1
2015-12-30,Turkana,2
2015-12-31,Turkana,2
2016-01-01,Turkana,0
2016-01-02,Turkana,1
2016-01-03,Turkana,0
2016-01-04,Turkana,1
2016-01-05,Turkana,1
2016-01-06,Turkana,0
2016-01-07,Turkana,2
2016-01-08,Turkana,1
2016-01-09,Turkana,2
2016-01-10,Turkana,2
2016-01-11,Turkana,1
2016-01-12,Turkana,1
2016-01-13,Turkana,1
2016-01-14,Turkana,2
2016-01-15,Turkana,2
2016-01-16,Turkana,2
2016-01-17,Turkana,2
2016-01-18,Turkana,2
2016-01-19,Turkana,2
2016-01-20,Turkana,0
2016-01-21,Turkana,0
2016-01-22,Turkana,2
2016-01-23,Turkana,0
2016-01-24,Turkana,0
2016-01-25,Turkana,0
2016-01-26,Turkana,0
2016-01-27,Turkana,2
2016-01-28,Turkana,2
2016-01-29,Turkana,0
2016-01-30,Turkana,0
2016-01-31,Turkana,1
2016-02-01,Turkana,0
2016-02-02,Turkana,2
2016-02-03,Turkana,2
2016-02-04,Turkana,0
2016-02-05,Turkana,0
2016-02-06,Turkana,2
2016-02-07,Turkana,1
2016-02-08,Turkana,0
2016-02-09,Turkana,2
2016-02-10,Turkana,0
2016-02-11,Turkana,2
2016-02-12,Turkana,1
2016-02-13,Turkana,0
2016-02-14,Turkana,2
2016-02-15,Turkana,2
2016-02-16,Turkana,2
2016-02-17,Turkana,1
2016-02-18,Turkana,0
2016-02-19,Turkana,1
2016-02-20,Turkana,2
2016-02-21,Turkana,1
2016-02-22,Turkana,1
2016-02-23,Turkana,1
2016-02-24,Turkana,0
2016-02-25,Turkana,2
2016-02-26,Turkana,1
2016-02-27,Turkana,0
2016-02-28,Turkana,2
2016-02-29,Turkana,2
2016-03-01,Turkana,21
2016-03-02,Turkana,1
2016-03-03,Turkana,13
2016-03-04,Turkana,1
2016-03-05,Turkana,0
2016-03-06,Turkana,17
2016-03-07,Turkana,13
2016-03-08,Turkana,16
2016-03-09,Turkana,16
2016-03-10,Turkana,1
2016-03-11,Turkana,0
2016-03-12,Turkana,2
2016-03-13,Turkana,2
2016-03-14,Turkana,7
2016-03-15,Turkana,2
2016-03-16,Turkana,19
2016-03-17,Turkana,0
2016-03-18,Turkana,9
2016-03-19,Turkana,1
2016-03-20,Turkana,14
2016-03-21,Turkana,9
2016-03-22,Turkana,17
2016-03-23,Turkana,7
2016-03-24,Turkana,2
2016-03-25,Turkana,5
2016-03-26,Turkana,16
2016-03-27,Turkana,2
2016-03-28,Turkana,2
2016-03-29,Turkana,18
2016-03-30,Turkana,12
2016-03-31,Turkana,15
2016-04-01,Turkana,10
2016-04-02,Turkana,0
2016-04-03,Turkana,2
2016-04-04,Turkana,26
2016-04-05,Turkana,7
2016-04-06,Turkana,25
2016-04-07,Turkana,5
2016-04-08,Turkana,10
2016-04-09,Turkana,23
2016-04-10,Turkana,15
2016-04-11,Turkana,13
2016-04-12,Turkana,9
2016-04-13,Turkana,12
2016-04-14,Turkana,2
2016-04-15,Turkana,14
2016-04-16,Turkana,2
2016-04-17,Turkana,11
2016-04-18,Turkana,3
2016-04-19,Turkana,2
2016-04-20,Turkana,14
2016-04-21,Turkana,6
2016-04-22,Turkana,2
2016-04-23,Turkana,7
2016-04-24,Turkana,11
2016-04-25,Turkana,0
2016-04-26,Turkana,1
2016-04-27,Turkana,7
2016-04-28,Turkana,2
2016-04-29,Turkana,0
2016-04-30,Turkana,0
2016-05-01,Turkana,2
2016-05-02,Turkana,22
2016-05-03,Turkana,8
2016-05-04,Turkana,0
2016-05-05,Turkana,2
2016-05-06,Turkana,18
2016-05-07,Turkana,0
2016-05-08,Turkana,2
2016-05-09,Turkana,3
2016-05-10,Turkana,7
2016-05-11,Turkana,2
2016-05-12,Turkana,0
2016-05-13,Turkana,14
2016-05-14,Turkana,0
2016-05-15,Turkana,0
2016-05-16,Turkana,9
2016-05-17,Turkana,12
2016-05-18,Turkana,2
2016-05-19,Turkana,1
2016-05-20,Turkana,2
2016-05-21,Turkana,0
2016-05-22,Turkana,0
2016-05-23,Turkana,1
2016-05-24,Turkana,12
2016-05-25,Turkana,1
2016-05-26,Turkana,0
2016-05-27,Turkana,2
2016-05-28,Turkana,0
2016-05-29,Turkana,1
2016-05-30,Turkana,1
2016-05-31,Turkana,0
2016-06-01,Turkana,0
2016-06-02,Turkana,2
2016-06-03,Turkana,1
2016-06-04,Turkana,2
2016-06-05,Turkana,1
2016-06-06,Turkana,1
2016-06-07,Turkana,2
2016-06-08,Turkana,0
2016-06-09,Turkana,0
2016-06-10,Turkana,1
2016-06-11,Turkana,2
2016-06-12,Turkana,0
2016-06-13,Turkana,0
2016-06-14,Turkana,2
2016-06-15,Turkana,2
2016-06-16,Turkana,2
2016-06-17,Turkana,1
2016-06-18,Turkana,2
2016-06-19,Turkana,2
2016-06-20,Turkana,1
2016-06-21,Turkana,1
2016-06-22,Turkana,1
2016-06-23,Turkana,1
2016-06-24,Turkana,0
2016-06-25,Turkana,1
2016-06-26,Turkana,1
2016-06-27,Turkana,0
2016-06-28,Turkana,2
2016-06-29,Turkana,0
2016-06-30,Turkana,0
2016-07-01,Turkana,1
2016-07-02,Turkana,2
2016-07-03,Turkana,2
2016-07-04,Turkana,2
2016-07-05,Turkana,2
2016-07-06,Turkana,2
2016-07-07,Turkana,0
2016-07-08,Turkana,1
2016-07-09,Turkana,0
2016-07-10,Turkana,0
2016-07-11,Turkana,2
2016-07-12,Turkana,0
2016-07-13,Turkana,1
2016-07-14,Turkana,1
2016-07-15,Turkana,1
2016-07-16,Turkana,0
2016-07-17,Turkana,2
2016-07-18,Turkana,2
2016-07-19,Turkana,1
2016-07-20,Turkana,0
2016-07-21,Turkana,2
2016-07-22,Turkana,0
2016-07-23,Turkana,2
2016-07-24,Turkana,1
2016-07-25,Turkana,1
2016-07-26,Turkana,1
2016-07-27,Turkana,1
2016-07-28,Turkana,1
2016-07-29,Turkana,0
2016-07-30,Turkana,0
2016-07-31,Turkana,2
2016-08-01,Turkana,2
2016-08-02,Turkana,0
2016-08-03,Turkana,1
2016-08-04,Turkana,1
2016-08-05,Turkana,0
2016-08-06,Turkana,1
2016-08-07,Turkana,0
2016-08-08,Turkana,0
2016-08-09,Turkana,2
2016-08-10,Turkana,0
2016-08-11,Turkana,2
2016-08-12,Turkana,0
2016-08-13,Turkana,0
2016-08-14,Turkana,2
2016-08-15,Turkana,2
2016-08-16,Turkana,0
2016-08-17,Turkana,2
2016-08-18,Turkana,2
2016-08-19,Turkana,2
2016-08-20,Turkana,2
2016-08-21,Turkana,2
2016-08-22,Turkana,2
2016-08-23,Turkana,1
2016-08-24,Turkana,0
2016-08-25,Turkana,0
2016-08-26,Turkana,0
2016-08-27,Turkana,2
2016-08-28,Turkana,0
2016-08-29,Turkana,0
2016-08-30,Turkana,0
2016-08-31,Turkana,1
2016-09-01,Turkana,1
2016-09-02,Turkana,1
2016-09-03,Turkana,0
2016-09-04,Turkana,1
2016-09-05,Turkana,0
2016-09-06,Turkana,0
2016-09-07,Turkana,1
2016-09-08,Turkana,0
2016-09-09,Turkana,0
2016-09-10,Turkana,2
2016-09-11,Turkana,0
2016-09-12,Turkana,0
2016-09-13,Turkana,2
2016-09-14,Turkana,0
2016-09-15,Turkana,2
2016-09-16,Turkana,2
2016-09-17,Turkana,0
2016-09-18,Turkana,1
2016-09-19,Turkana,1
2016-09-20,Turkana,0
2016-09-21,Turkana,0
2016-09-22,Turkana,0
2016-09-23,Turkana,1
2016-09-24,Turkana,1
2016-09-25,Turkana,1
2016-09-26,Turkana,0
2016-09-27,Turkana,2
2016-09-28,Turkana,1
2016-09-29,Turkana,1
2016-09-30,Turkana,1
2016-10-01,Turkana,2
2015-01-01,West Pokot,1
2015-01-02,West Pokot,0
2015-01-03,West Pokot,0
2015-01-04,West Pokot,1
2015-01-05,West Pokot,1
2015-01-06,West Pokot,1
2015-01-07,West Pokot,0
2015-01-08,West Pokot,0
2015-01-09,West Pokot,2
2015-01-10,West Pokot,2
2015-01-11,West Pokot,0
2015-01-12,West Pokot,1
2015-01-13,West Pokot,1
2015-01-14,West Pokot,0
2015-01-15,West Pokot,0
2015-01-16,West Pokot,1
2015-01-17,West Pokot,0
2015-01-18,West Pokot,1
2015-01-19,West Pokot,1
2015-01-20,West Pokot,2
2015-01-21,West Pokot,1
2015-01-22,West Pokot,1
2015-01-23,West Pokot,0
2015-01-24,West Pokot,2
2015-01-25,West Pokot,2
2015-01-26,West Pokot,1
2015-01-27,West Pokot,1
2015-01-28,West Pokot,1
2015-01-29,West Pokot,1
2015-01-30,West Pokot,2
2015-01-31,West Pokot,1
2015-02-01,West Pokot,2
2015-02-02,West Pokot,0
2015-02-03,West Pokot,2
2015-02-04,West Pokot,0
2015-02-05,West Pokot,2
2015-02-06,West Pokot,0
2015-02-07,West Pokot,0
2015-02-08,West Pokot,0
2015-02-09,West Pokot,0
2015-02-10,West Pokot,0
2015-02-11,West Pokot,2
2015-02-12,West Pokot,1
2015-02-13,West Pokot,0
2015-02-14,West Pokot,2
2015-02-15,West Pokot,0
2015-02-16,West Pokot,1
2015-02-17,West Pokot,1
2015-02-18,West Pokot,0
2015-02-19,West Pokot,1
2015-02-20,West Pokot,0
2015-02-21,West Pokot,0
2015-02-22,West Pokot,2
2015-02-23,West Pokot,0
2015-02-24,West Pokot,1
2015-02-25,West Pokot,2
2015-02-26,West Pokot,1
2015-02-27,West Pokot,1
2015-02-28,West Pokot,2
2015-03-01,West Pokot,0
2015-03-02,West Pokot,1
2015-03-03,West Pokot,14
2015-03-04,West Pokot,19
2015-03-05,West Pokot,14
2015-03-06,West Pokot,1
2015-03-07,West Pokot,2
2015-03-08,West Pokot,15
2015-03-09,West Pokot,2
2015-03-10,West Pokot,0
2015-03-11,West Pokot,9
2015-03-12,West Pokot,20
2015-03-13,West Pokot,1
2015-03-14,West Pokot,0
2015-03-15,West Pokot,8
2015-03-16,West Pokot,15
2015-03-17,West Pokot,0
2015-03-18,West Pokot,17
2015-03-19,West Pokot,16
2015-03-20,West Pokot,0
2015-03-21,West Pokot,0
2015-03-22,West Pokot,15
2015-03-23,West Pokot,1
2015-03-24,West Pokot,1
2015-03-25,West Pokot,1
2015-03-26,West Pokot,13
2015-03-27,West Pokot,1
2015-03-28,West Pokot,18
2015-03-29,West Pokot,8
2015-03-30,West Pokot,7
2015-03-31,West Pokot,1
2015-04-01,West Pokot,2
2015-04-02,West Pokot,2
2015-04-03,West Pokot,2
2015-04-04,West Pokot,13
2015-04-05,West Pokot,15
2015-04-06,West Pokot,14
2015-04-07,West Pokot,15
2015-04-08,West Pokot,1
2015-04-09,West Pokot,2
2015-04-10,West Pokot,17
2015-04-11,West Pokot,12
2015-04-12,West Pokot,14
2015-04-13,West Pokot,16
2015-04-14,West Pokot,13
2015-04-15,West Pokot,2
2015-04-16,West Pokot,13
2015-04-17,West Pokot,18
2015-04-18,West Pokot,12
2015-04-19,West Pokot,1
2015-04-20,West Pokot,2
2015-04-21,West Pokot,1
2015-04-22,West Pokot,2
2015-04-23,West Pokot,0
2015-04-24,West Pokot,2
2015-04-25,West Pokot,1
2015-04-26,West Pokot,1
2015-04-27,West Pokot,15
2015-04-28,West Pokot,1
2015-04-29,West Pokot,12
2015-04-30,West Pokot,20
2015-05-01,West Pokot,1
2015-05-02,West Pokot,6
2015-05-03,West Pokot,5
2015-05-04,West Pokot,18
2015-05-05,West Pokot,15
2015-05-06,West Pokot,11
2015-05-07,West Pokot,11
2015-05-08,West Pokot,2
2015-05-09,West Pokot,13
2015-05-10,West Pokot,13
2015-05-11,West Pokot,18
2015-05-12,West Pokot,1
2015-05-13,West Pokot,1
2015-05-14,West Pokot,2
2015-05-15,West Pokot,2
2015-05-16,West Pokot,9
2015-05-17,West Pokot,15
2015-05-18,West Pokot,1
2015-05-19,West Pokot,9
2015-05-20,West Pokot,1
2015-05-21,West Pokot,12
2015-05-22,West Pokot,1
2015-05-23,West Pokot,19
2015-05-24,West Pokot,1
2015-05-25,West Pokot,16
2015-05-26,West Pokot,4
2015-05-27,West Pokot,16
2015-05-28,West Pokot,2
2015-05-29,West Pokot,19
2015-05-30,West Pokot,13
2015-05-31,West Pokot,27
2015-06-01,West Pokot,2
2015-06-02,West Pokot,1
2015-06-03,West Pokot,0
2015-06-04,West Pokot,1
2015-06-05,West Pokot,1
2015-06-06,West Pokot,0
2015-06-07,West Pokot,2
2015-06-08,West Pokot,0
2015-06-09,West Pokot,2
2015-06-10,West Pokot,1
2015-06-11,West Pokot,0
2015-06-12,West Pokot,2
2015-06-13,West Pokot,2
2015-06-14,West Pokot,0
2015-06-15,West Pokot,2
2015-06-16,West Pokot,0
2015-06-17,West Pokot,1
2015-06-18,West Pokot,0
2015-06-19,West Pokot,2
2015-06-20,West Pokot,1
2015-06-21,West Pokot,2
2015-06-22,West Pokot,0
2015-06-23,West Pokot,0
2015-06-24,West Pokot,0
2015-06-25,West Pokot,0
2015-06-26,West Pokot,1
2015-06-27,West Pokot,1
2015-06-28,West Pokot,2
2015-06-29,West Pokot,2
2015-06-30,West Pokot,2
2015-07-01,West Pokot,2
2015-07-02,West Pokot,1
2015-07-03,West Pokot,1
2015-07-04,West Pokot,0
2015-07-05,West Pokot,0
2015-07-06,West Pokot,0
2015-07-07,West Pokot,1
2015-07-08,West Pokot,2
2015-07-09,West Pokot,1
2015-07-10,West Pokot,0
2015-07-11,West Pokot,2
2015-07-12,West Pokot,2
2015-07-13,West Pokot,2
2015-07-14,West Pokot,1
2015-07-15,West Pokot,2
2015-07-16,West Pokot,0
2015-07-17,West Pokot,1
2015-07-18,West Pokot,0
2015-07-19,West Pokot,1
2015-07-20,West Pokot,2
2015-07-21,West Pokot,0
2015-07-22,West Pokot,0
2015-07-23,West Pokot,2
2015-07-24,West Pokot,0
2015-07-25,West Pokot,2
2015-07-26,West Pokot,2
2015-07-27,West Pokot,1
2015-07-28,West Pokot,1
2015-07-29,West Pokot,0
2015-07-30,West Pokot,2
2015-07-31,West Pokot,2
2015-08-01,West Pokot,2
2015-08-02,West Pokot,0
2015-08-03,West Pokot,2
2015-08-04,West Pokot,0
2015-08-05,West Pokot,1
2015-08-06,West Pokot,0
2015-08-07,West Pokot,0
2015-08-08,West Pokot,2
2015-08-09,West Pokot,2
2015-08-10,West Pokot,1
2015-08-11,West Pokot,1
2015-08-12,West Pokot,2
2015-08-13,West Pokot,0
2015-08-14,West Pokot,0
2015-08-15,West Pokot,1
2015-08-16,West Pokot,0
2015-08-17,West Pokot,1
2015-08-18,West Pokot,2
2015-08-19,West Pokot,1
2015-08-20,West Pokot,0
2015-08-21,West Pokot,2
2015-08-22,West Pokot,2
2015-08-23,West Pokot,1
2015-08-24,West Pokot,1
2015-08-25,West Pokot,0
2015-08-26,West Pokot,0
2015-08-27,West Pokot,2
2015-08-28,West Pokot,1
2015-08-29,West Pokot,2
2015-08-30,West Pokot,0
2015-08-31,West Pokot,1
2015-09-01,West Pokot,0
2015-09-02,West Pokot,1
2015-09-03,West Pokot,0
2015-09-04,West Pokot,1
2015-09-05,West Pokot,1
2015-09-06,West Pokot,1
2015-09-07,West Pokot,2
2015-09-08,West Pokot,0
2015-09-09,West Pokot,1
2015-09-10,West Pokot,0
2015-09-11,West Pokot,2
2015-09-12,West Pokot,1
2015-09-13,West Pokot,2
2015-09-14,West Pokot,1
2015-09-15,West Pokot,0
2015-09-16,West Pokot,1
2015-09-17,West Pokot,2
2015-09-18,West Pokot,0
2015-09-19,West Pokot,1
2015-09-20,West Pokot,1
2015-09-21,West Pokot,1
2015-09-22,West Pokot,1
2015-09-23,West Pokot,0
2015-09-24,West Pokot,0
2015-09-25,West Pokot,1
2015-09-26,West Pokot,0
2015-09-27,West Pokot,2
2015-09-28,West Pokot,1
2015-09-29,West Pokot,1
2015-09-30,West Pokot,1
2015-10-01,West Pokot,0
2015-10-02,West Pokot,0
2015-10-03,West Pokot,1
2015-10-04,West Pokot,1
2015-10-05,West Pokot,2
2015-10-06,West Pokot,1
2015-10-07,West Pokot,0
2015-10-08,West Pokot,2
2015-10-09,West Pokot,2
2015-10-10,West Pokot,2
2015-10-11,West Pokot,1
2015-10-12,West Pokot,2
2015-10-13,West Pokot,2
2015-10-14,West Pokot,1
2015-10-15,West Pokot,0
2015-10-16,West Pokot,0
2015-10-17,West Pokot,2
2015-10-18,West Pokot,1
2015-10-19,West Pokot,2
2015-10-20,West Pokot,0
2015-10-21,West Pokot,2
2015-10-22,West Pokot,1
2015-10-23,West Pokot,1
2015-10-24,West Pokot,0
2015-10-25,West Pokot,2
2015-10-26,West Pokot,0
2015-10-27,West Pokot,2
2015-10-28,West Pokot,1
2015-10-29,West Pokot,1
2015-10-30,West Pokot,1
2015-10-31,West Pokot,2
2015-11-01,West Pokot,0
2015-11-02,West Pokot,0
2015-11-03,West Pokot,2
2015-11-04,West Pokot,0
2015-11-05,West Pokot,2
2015-11-06,West Pokot,0
2015-11-07,West Pokot,1
2015-11-08,West Pokot,0
2015-11-09,West Pokot,1
2015-11-10,West Pokot,2
2015-11-11,West Pokot,0
2015-11-12,West Pokot,0
2015-11-13,West Pokot,2
2015-11-14,West Pokot,2
2015-11-15,West Pokot,1
2015-11-16,West Pokot,1
2015-11-17,West Pokot,13
2015-11-18,West Pokot,1
2015-11-19,West Pokot,0
2015-11-20,West Pokot,0
2015-11-21,West Pokot,1
2015-11-22,West Pokot,1
2015-11-23,West Pokot,0
2015-11-24,West Pokot,2
2015-11-25,West Pokot,0
2015-11-26,West Pokot,1
2015-11-27,West Pokot,2
2015-11-28,West Pokot,0
2015-11-29,West Pokot,2
2015-11-30,West Pokot,10
2015-12-01,West Pokot,2
2015-12-02,West Pokot,2
2015-12-03,West Pokot,1
2015-12-04,West Pokot,0
2015-12-05,West Pokot,1
2015-12-06,West Pokot,1
2015-12-07,West Pokot,2
2015-12-08,West Pokot,2
2015-12-09,West Pokot,2
2015-12-10,West Pokot,2
2015-12-11,West Pokot,1
2015-12-12,West Pokot,1
2015-12-13,West Pokot,0
2015-12-14,West Pokot,0
2015-12-15,West Pokot,0
2015-12-16,West Pokot,0
2015-12-17,West Pokot,0
2015-12-18,West Pokot,0
2015-12-19,West Pokot,0
2015-12-20,West Pokot,1
2015-12-21,West Pokot,1
2015-12-22,West Pokot,1
2015-12-23,West Pokot,2
2015-12-24,West Pokot,0
2015-12-25,West Pokot,1
2015-12-26,West Pokot,1
2015-12-27,West Pokot,2
2015-12-28,West Pokot,1
2015-12-29,West Pokot,1
2015-12-30,West Pokot,0
2015-12-31,West Pokot,2
2016-01-01,West Pokot,0
2016-01-02,West Pokot,0
2016-01-03,West Pokot,0
2016-01-04,West Pokot,1
2016-01-05,West Pokot,0
2016-01-06,West Pokot,2
2016-01-07,West Pokot,2
2016-01-08,West Pokot,2
2016-01-09,West Pokot,0
2016-01-10,West Pokot,0
2016-01-11,West Pokot,1
2016-01-12,West Pokot,2
2016-01-13,West Pokot,2
2016-01-14,West Pokot,2
2016-01-15,West Pokot,1
2016-01-16,West Pokot,1
2016-01-17,West Pokot,2
2016-01-18,West Pokot,2
2016-01-19,West Pokot,0
2016-01-20,West Pokot,2
2016-01-21,West Pokot,0
2016-01-22,West Pokot,0
2016-01-23,West Pokot,0
2016-01-24,West Pokot,1
2016-01-25,West Pokot,2
2016-01-26,West Pokot,0
2016-01-27,West Pokot,0
2016-01-28,West Pokot,0
2016-01-29,West Pokot,2
2016-01-30,West Pokot,0
2016-01-31,West Pokot,2
2016-02-01,West Pokot,2
2016-02-02,West Pokot,1
2016-02-03,West Pokot,2
2016-02-04,West Pokot,1
2016-02-05,West Pokot,0
2016-02-06,West Pokot,2
2016-02-07,West Pokot,0
2016-02-08,West Pokot,0
2016-02-09,West Pokot,0
2016-02-10,West Pokot,1
2016-02-11,West Pokot,1
2016-02-12,West Pokot,1
2016-02-13,West Pokot,0
2016-02-14,West Pokot,2
2016-02-15,West Pokot,1
2016-02-16,West Pokot,0
2016-02-17,West Pokot,2
2016-02-18,West Pokot,1
2016-02-19,West Pokot,2
2016-02-20,West Pokot,0
2016-02-21,West Pokot,0
2016-02-22,West Pokot,2
2016-02-23,West Pokot,1
2016-02-24,West Pokot,2
2016-02-25,West Pokot,0
2016-02-26,West Pokot,2
2016-02-27,West Pokot,0
2016-02-28,West Pokot,2
2016-02-29,West Pokot,1
2016-03-01,West Pokot,0
2016-03-02,West Pokot,12
2016-03-03,West Pokot,0
2016-03-04,West Pokot,23
2016-03-05,West Pokot,2
2016-03-06,West Pokot,12
2016-03-07,West Pokot,22
2016-03-08,West Pokot,0
2016-03-09,West Pokot,0
2016-03-10,West Pokot,9
2016-03-11,West Pokot,0
2016-03-12,West Pokot,1
2016-03-13,West Pokot,18
2016-03-14,West Pokot,17
2016-03-15,West Pokot,1
2016-03-16,West Pokot,6
2016-03-17,West Pokot,0
2016-03-18,West Pokot,0
2016-03-19,West Pokot,1
2016-03-20,West Pokot,0
2016-03-21,West Pokot,1
2016-03-22,West Pokot,25
2016-03-23,West Pokot,1
2016-03-24,West Pokot,1
2016-03-25,West Pokot,23
2016-03-26,West Pokot,11
2016-03-27,West Pokot,6
2016-03-28,West Pokot,12
2016-03-29,West Pokot,4
2016-03-30,West Pokot,23
2016-03-31,West Pokot,11
2016-04-01,West Pokot,2
2016-04-02,West Pokot,6
2016-04-03,West Pokot,2
2016-04-04,West Pokot,1
2016-04-05,West Pokot,14
2016-04-06,West Pokot,15
2016-04-07,West Pokot,13
2016-04-08,West Pokot,14
2016-04-09,West Pokot,16
2016-04-10,West Pokot,13
2016-04-11,West Pokot,2
2016-04-12,West Pokot,13
2016-04-13,West Pokot,1
2016-04-14,West Pokot,0
2016-04-15,West Pokot,12
2016-04-16,West Pokot,16
2016-04-17,West Pokot,1
2016-04-18,West Pokot,0
2016-04-19,West Pokot,1
2016-04-20,West Pokot,2
2016-04-21,West Pokot,1
2016-04-22,West Pokot,0
2016-04-23,West Pokot,2
2016-04-24,West Pokot,10
2016-04-25,West Pokot,0
2016-04-26,West Pokot,1
2016-04-27,West Pokot,0
2016-04-28,West Pokot,2
2016-04-29,West Pokot,21
2016-04-30,West Pokot,0
2016-05-01,West Pokot,26
2016-05-02,West Pokot,10
2016-05-03,West Pokot,6
2016-05-04,West Pokot,16
2016-05-05,West Pokot,12
2016-05-06,West Pokot,17
2016-05-07,West Pokot,2
2016-05-08,West Pokot,12
2016-05-09,West Pokot,2
2016-05-10,West Pokot,1
2016-05-11,West Pokot,0
2016-05-12,West Pokot,12
2016-05-13,West Pokot,3
2016-05-14,West Pokot,1
2016-05-15,West Pokot,1
2016-05-16,West Pokot,1
2016-05-17,West Pokot,0
2016-05-18,West Pokot,0
2016-05-19,West Pokot,1
2016-05-20,West Pokot,1
2016-05-21,West Pokot,1
2016-05-22,West Pokot,2
2016-05-23,West Pokot,0
2016-05-24,West Pokot,18
2016-05-25,West Pokot,8
2016-05-26,West Pokot,12
2016-05-27,West Pokot,2
2016-05-28,West Pokot,2
2016-05-29,West Pokot,14
2016-05-30,West Pokot,2
2016-05-31,West Pokot,0
2016-06-01,West Pokot,1
2016-06-02,West Pokot,1
2016-06-03,West Pokot,2
2016-06-04,West Pokot,2
2016-06-05,West Pokot,2
2016-06-06,West Pokot,1
2016-06-07,West Pokot,1
2016-06-08,West Pokot,0
2016-06-09,West Pokot,0
2016-06-10,West Pokot,0
2016-06-11,West Pokot,2
2016-06-12,West Pokot,1
2016-06-13,West Pokot,1
2016-06-14,West Pokot,2
2016-06-15,West Pokot,2
2016-06-16,West Pokot,2
2016-06-17,West Pokot,0
2016-06-18,West Pokot,0
2016-06-19,West Pokot,2
2016-06-20,West Pokot,0
2016-06-21,West Pokot,0
2016-06-22,West Pokot,1
2016-06-23,West Pokot,1
2016-06-24,West Pokot,2
2016-06-25,West Pokot,1
2016-06-26,West Pokot,2
2016-06-27,West Pokot,2
2016-06-28,West Pokot,1
2016-06-29,West Pokot,2
2016-06-30,West Pokot,0
2016-07-01,West Pokot,0
2016-07-02,West Pokot,0
2016-07-03,West Pokot,1
2016-07-04,West Pokot,1
2016-07-05,West Pokot,1
2016-07-06,West Pokot,0
2016-07-07,West Pokot,0
2016-07-08,West Pokot,1
2016-07-09,West Pokot,2
2016-07-10,West Pokot,1
2016-07-11,West Pokot,0
2016-07-12,West Pokot,1
2016-07-13,West Pokot,0
2016-07-14,West Pokot,1
2016-07-15,West Pokot,2
2016-07-16,West Pokot,2
2016-07-17,West Pokot,1
2016-07-18,West Pokot,2
2016-07-19,West Pokot,1
2016-07-20,West Pokot,0
2016-07-21,West Pokot,1
2016-07-22,West Pokot,1
2016-07-23,West Pokot,0
2016-07-24,West Pokot,2
2016-07-25,West Pokot,2
2016-07-26,West Pokot,0
2016-07-27,West Pokot,1
2016-07-28,West Pokot,0
2016-07-29,West Pokot,0
2016-07-30,West Pokot,0
2016-07-31,West Pokot,0
2016-08-01,West Pokot,1
2016-08-02,West Pokot,1
2016-08-03,West Pokot,1
2016-08-04,West Pokot,2
2016-08-05,West Pokot,2
2016-08-06,West Pokot,2
2016-08-07,West Pokot,2
2016-08-08,West Pokot,0
2016-08-09,West Pokot,2
2016-08-10,West Pokot,1
2016-08-11,West Pokot,1
2016-08-12,West Pokot,2
2016-08-13,West Pokot,1
2016-08-14,West Pokot,1
2016-08-15,West Pokot,2
2016-08-16,West Pokot,1
2016-08-17,West Pokot,2
2016-08-18,West Pokot,1
2016-08-19,West Pokot,0
2016-08-20,West Pokot,0
2016-08-21,West Pokot,2
2016-08-22,West Pokot,1
2016-08-23,West Pokot,1
2016-08-24,West Pokot,1
2016-08-25,West Pokot,0
2016-08-26,West Pokot,0
2016-08-27,West Pokot,0
2016-08-28,West Pokot,1
2016-08-29,West Pokot,2
2016-08-30,West Pokot,2
2016-08-31,West Pokot,2
2016-09-01,West Pokot,0
2016-09-02,West Pokot,0
2016-09-03,West Pokot,2
2016-09-04,West Pokot,0
2016-09-05,West Pokot,1
2016-09-06,West Pokot,1
2016-09-07,West Pokot,2
2016-09-08,West Pokot,2
2016-09-09,West Pokot,1
2016-09-10,West Pokot,0
2016-09-11,West Pokot,1
2016-09-12,West Pokot,0
2016-09-13,West Pokot,0
2016-09-14,West Pokot,2
2016-09-15,West Pokot,2
2016-09-16,West Pokot,2
2016-09-17,West Pokot,2
2016-09-18,West Pokot,1
2016-09-19,West Pokot,0
2016-09-20,West Pokot,0
2016-09-21,West Pokot,1
2016-09-22,West Pokot,2
2016-09-23,West Pokot,0
2016-09-24,West Pokot,0
2016-09-25,West Pokot,1
2016-09-26,West Pokot,0
2016-09-27,West Pokot,0
2016-09-28,West Pokot,1
2016-09-29,West Pokot,2
2016-09-30,West Pokot,1
2016-10-01,West Pokot,1
2015-01-01,Samburu,2
2015-01-02,Samburu,0
2015-01-03,Samburu,1
2015-01-04,Samburu,1
2015-01-05,Samburu,0
2015-01-06,Samburu,1
2015-01-07,Samburu,1
2015-01-08,Samburu,0
2015-01-09,Samburu,1
2015-01-10,Samburu,2
2015-01-11,Samburu,2
2015-01-12,Samburu,1
2015-01-13,Samburu,2
2015-01-14,Samburu,1
2015-01-15,Samburu,1
2015-01-16,Samburu,0
2015-01-17,Samburu,0
2015-01-18,Samburu,1
2015-01-19,Samburu,0
2015-01-20,Samburu,1
2015-01-21,Samburu,0
2015-01-22,Samburu,1
2015-01-23,Samburu,0
2015-01-24,Samburu,1
2015-01-25,Samburu,0
2015-01-26,Samburu,0
2015-01-27,Samburu,2
2015-01-28,Samburu,1
2015-01-29,Samburu,1
2015-01-30,Samburu,0
2015-01-31,Samburu,2
2015-02-01,Samburu,0
2015-02-02,Samburu,2
2015-02-03,Samburu,1
2015-02-04,Samburu,2
2015-02-05,Samburu,0
2015-02-06,Samburu,0
2015-02-07,Samburu,0
2015-02-08,Samburu,1
2015-02-09,Samburu,0
2015-02-10,Samburu,0
2015-02-11,Samburu,1
2015-02-12,Samburu,1
2015-02-13,Samburu,2
2015-02-14,Samburu,0
2015-02-15,Samburu,1
2015-02-16,Samburu,1
2015-02-17,Samburu,0
2015-02-18,Samburu,1
2015-02-19,Samburu,0
2015-02-20,Samburu,0
2015-02-21,Samburu,1
2015-02-22,Samburu,1
2015-02-23,Samburu,0
2015-02-24,Samburu,2
2015-02-25,Samburu,1
2015-02-26,Samburu,0
2015-02-27,Samburu,1
2015-02-28,Samburu,2
2015-03-01,Samburu,21
2015-03-02,Samburu,16
2015-03-03,Samburu,0
2015-03-04,Samburu,0
2015-03-05,Samburu,10
2015-03-06,Samburu,1
2015-03-07,Samburu,0
2015-03-08,Samburu,13
2015-03-09,Samburu,19
2015-03-10,Samburu,9
2015-03-11,Samburu,0
2015-03-12,Samburu,23
2015-03-13,Samburu,2
2015-03-14,Samburu,1
2015-03-15,Samburu,6
2015-03-16,Samburu,9
2015-03-17,Samburu,1
2015-03-18,Samburu,1
2015-03-19,Samburu,2
2015-03-20,Samburu,2
2015-03-21,Samburu,12
2015-03-22,Samburu,26
2015-03-23,Samburu,8
2015-03-24,Samburu,0
2015-03-25,Samburu,19
2015-03-26,Samburu,1
2015-03-27,Samburu,14
2015-03-28,Samburu,11
2015-03-29,Samburu,15
2015-03-30,Samburu,0
2015-03-31,Samburu,11
2015-04-01,Samburu,11
2015-04-02,Samburu,2
2015-04-03,Samburu,0
2015-04-04,Samburu,1
2015-04-05,Samburu,14
2015-04-06,Samburu,18
2015-04-07,Samburu,3
2015-04-08,Samburu,1
2015-04-09,Samburu,13
2015-04-10,Samburu,1
2015-04-11,Samburu,2
2015-04-12,Samburu,0
2015-04-13,Samburu,2
2015-04-14,Samburu,3
2015-04-15,Samburu,0
2015-04-16,Samburu,16
2015-04-17,Samburu,2
2015-04-18,Samburu,0
2015-04-19,Samburu,13
2015-04-20,Samburu,0
2015-04-21,Samburu,1
2015-04-22,Samburu,0
2015-04-23,Samburu,7
2015-04-24,Samburu,0
2015-04-25,Samburu,9
2015-04-26,Samburu,13
2015-04-27,Samburu,1
2015-04-28,Samburu,5
2015-04-29,Samburu,1
2015-04-30,Samburu,15
2015-05-01,Samburu,13
2015-05-02,Samburu,24
2015-05-03,Samburu,10
2015-05-04,Samburu,2
2015-05-05,Samburu,2
2015-05-06,Samburu,11
2015-05-07,Samburu,15
2015-05-08,Samburu,13
2015-05-09,Samburu,13
2015-05-10,Samburu,8
2015-05-11,Samburu,0
2015-05-12,Samburu,12
2015-05-13,Samburu,21
2015-05-14,Samburu,17
2015-05-15,Samburu,17
2015-05-16,Samburu,0
2015-05-17,Samburu,17
2015-05-18,Samburu,2
2015-05-19,Samburu,1
2015-05-20,Samburu,1
2015-05-21,Samburu,8
2015-05-22,Samburu,2
2015-05-23,Samburu,9
2015-05-24,Samburu,19
2015-05-25,Samburu,22
2015-05-26,Samburu,8
2015-05-27,Samburu,13
2015-05-28,Samburu,1
2015-05-29,Samburu,1
2015-05-30,Samburu,1
2015-05-31,Samburu,1
2015-06-01,Samburu,0
2015-06-02,Samburu,1
2015-06-03,Samburu,0
2015-06-04,Samburu,1
2015-06-05,Samburu,2
2015-06-06,Samburu,1
2015-06-07,Samburu,0
2015-06-08,Samburu,1
2015-06-09,Samburu,1
2015-06-10,Samburu,2
2015-06-11,Samburu,1
2015-06-12,Samburu,0
2015-06-13,Samburu,0
2015-06-14,Samburu,1
2015-06-15,Samburu,2
2015-06-16,Samburu,0
2015-06-17,Samburu,0
2015-06-18,Samburu,0
2015-06-19,Samburu,1
2015-06-20,Samburu,0
2015-06-21,Samburu,1
2015-06-22,Samburu,2
2015-06-23,Samburu,2
2015-06-24,Samburu,1
2015-06-25,Samburu,0
2015-06-26,Samburu,2
2015-06-27,Samburu,0
2015-06-28,Samburu,1
2015-06-29,Samburu,0
2015-06-30,Samburu,1
2015-07-01,Samburu,0
2015-07-02,Samburu,2
2015-07-03,Samburu,1
2015-07-04,Samburu,2
2015-07-05,Samburu,0
2015-07-06,Samburu,0
2015-07-07,Samburu,2
2015-07-08,Samburu,2
2015-07-09,Samburu,0
2015-07-10,Samburu,2
2015-07-11,Samburu,0
2015-07-12,Samburu,2
2015-07-13,Samburu,2
2015-07-14,Samburu,2
2015-07-15,Samburu,1
2015-07-16,Samburu,0
2015-07-17,Samburu,2
2015-07-18,Samburu,1
2015-07-19,Samburu,1
2015-07-20,Samburu,2
2015-07-21,Samburu,0
2015-07-22,Samburu,0
2015-07-23,Samburu,2
2015-07-24,Samburu,0
2015-07-25,Samburu,1
2015-07-26,Samburu,2
2015-07-27,Samburu,2
2015-07-28,Samburu,2
2015-07-29,Samburu,0
2015-07-30,Samburu,0
2015-07-31,Samburu,0
2015-08-01,Samburu,0
2015-08-02,Samburu,0
2015-08-03,Samburu,2
2015-08-04,Samburu,0
2015-08-05,Samburu,0
2015-08-06,Samburu,2
2015-08-07,Samburu,2
2015-08-08,Samburu,0
2015-08-09,Samburu,2
2015-08-10,Samburu,1
2015-08-11,Samburu,0
2015-08-12,Samburu,1
2015-08-13,Samburu,1
2015-08-14,Samburu,0
2015-08-15,Samburu,2
2015-08-16,Samburu,2
2015-08-17,Samburu,2
2015-08-18,Samburu,0
2015-08-19,Samburu,1
2015-08-20,Samburu,1
2015-08-21,Samburu,1
2015-08-22,Samburu,2
2015-08-23,Samburu,2
2015-08-24,Samburu,2
2015-08-25,Samburu,1
2015-08-26,Samburu,1
2015-08-27,Samburu,2
2015-08-28,Samburu,1
2015-08-29,Samburu,1
2015-08-30,Samburu,2
2015-08-31,Samburu,0
2015-09-01,Samburu,1
2015-09-02,Samburu,0
2015-09-03,Samburu,1
2015-09-04,Samburu,2
2015-09-05,Samburu,1
2015-09-06,Samburu,1
2015-09-07,Samburu,2
2015-09-08,Samburu,2
2015-09-09,Samburu,2
2015-09-10,Samburu,0
2015-09-11,Samburu,1
2015-09-12,Samburu,0
2015-09-13,Samburu,0
2015-09-14,Samburu,1
2015-09-15,Samburu,0
2015-09-16,Samburu,2
2015-09-17,Samburu,2
2015-09-18,Samburu,1
2015-09-19,Samburu,2
2015-09-20,Samburu,1
2015-09-21,Samburu,0
2015-09-22,Samburu,2
2015-09-23,Samburu,0
2015-09-24,Samburu,2
2015-09-25,Samburu,0
2015-09-26,Samburu,2
2015-09-27,Samburu,2
2015-09-28,Samburu,2
2015-09-29,Samburu,2
2015-09-30,Samburu,1
2015-10-01,Samburu,0
2015-10-02,Samburu,2
2015-10-03,Samburu,12
2015-10-04,Samburu,1
2015-10-05,Samburu,0
2015-10-06,Samburu,1
2015-10-07,Samburu,0
2015-10-08,Samburu,1
2015-10-09,Samburu,0
2015-10-10,Samburu,2
2015-10-11,Samburu,1
2015-10-12,Samburu,0
2015-10-13,Samburu,1
2015-10-14,Samburu,1
2015-10-15,Samburu,0
2015-10-16,Samburu,7
2015-10-17,Samburu,0
2015-10-18,Samburu,0
2015-10-19,Samburu,1
2015-10-20,Samburu,2
2015-10-21,Samburu,0
2015-10-22,Samburu,1
2015-10-23,Samburu,1
2015-10-24,Samburu,2
2015-10-25,Samburu,1
2015-10-26,Samburu,0
2015-10-27,Samburu,0
2015-10-28,Samburu,1
2015-10-29,Samburu,0
2015-10-30,Samburu,0
2015-10-31,Samburu,1
2015-11-01,Samburu,2
2015-11-02,Samburu,1
2015-11-03,Samburu,2
2015-11-04,Samburu,0
2015-11-05,Samburu,2
2015-11-06,Samburu,1
2015-11-07,Samburu,0
2015-11-08,Samburu,0
2015-11-09,Samburu,0
2015-11-10,Samburu,2
2015-11-11,Samburu,2
2015-11-12,Samburu,0
2015-11-13,Samburu,0
2015-11-14,Samburu,0
2015-11-15,Samburu,0
2015-11-16,Samburu,0
2015-11-17,Samburu,1
2015-11-18,Samburu,0
2015-11-19,Samburu,1
2015-11-20,Samburu,0
2015-11-21,Samburu,1
2015-11-22,Samburu,2
2015-11-23,Samburu,6
2015-11-24,Samburu,1
2015-11-25,Samburu,0
2015-11-26,Samburu,0
2015-11-27,Samburu,0
2015-11-28,Samburu,1
2015-11-29,Samburu,2
2015-11-30,Samburu,1
2015-12-01,Samburu,2
2015-12-02,Samburu,2
2015-12-03,Samburu,1
2015-12-04,Samburu,0
2015-12-05,Samburu,2
2015-12-06,Samburu,2
2015-12-07,Samburu,0
2015-12-08,Samburu,2
2015-12-09,Samburu,0
2015-12-10,Samburu,2
2015-12-11,Samburu,1
2015-12-12,Samburu,2
2015-12-13,Samburu,2
2015-12-14,Samburu,0
2015-12-15,Samburu,2
2015-12-16,Samburu,2
2015-12-17,Samburu,2
2015-12-18,Samburu,0
2015-12-19,Samburu,0
2015-12-20,Samburu,0
2015-12-21,Samburu,0
2015-12-22,Samburu,0
2015-12-23,Samburu,2
2015-12-24,Samburu,2
2015-12-25,Samburu,0
2015-12-26,Samburu,1
2015-12-27,Samburu,1
2015-12-28,Samburu,0
2015-12-29,Samburu,0
2015-12-30,Samburu,1
2015-12-31,Samburu,2
2016-01-01,Samburu,2
2016-01-02,Samburu,2
2016-01-03,Samburu,1
2016-01-04,Samburu,0
2016-01-05,Samburu,1
2016-01-06,Samburu,0
2016-01-07,Samburu,0
2016-01-08,Samburu,1
2016-01-09,Samburu,0
2016-01-10,Samburu,0
2016-01-11,Samburu,0
2016-01-12,Samburu,2
2016-01-13,Samburu,2
2016-01-14,Samburu,2
2016-01-15,Samburu,1
2016-01-16,Samburu,1
2016-01-17,Samburu,2
2016-01-18,Samburu,0
2016-01-19,Samburu,0
2016-01-20,Samburu,0
2016-01-21,Samburu,2
2016-01-22,Samburu,1
2016-01-23,Samburu,2
2016-01-24,Samburu,2
2016-01-25,Samburu,1
2016-01-26,Samburu,2
2016-01-27,Samburu,2
2016-01-28,Samburu,0
2016-01-29,Samburu,2
2016-01-30,Samburu,0
2016-01-31,Samburu,2
2016-02-01,Samburu,1
2016-02-02,Samburu,2
2016-02-03,Samburu,0
2016-02-04,Samburu,1
2016-02-05,Samburu,0
2016-02-06,Samburu,1
2016-02-07,Samburu,1
2016-02-08,Samburu,0
2016-02-09,Samburu,2
2016-02-10,Samburu,2
2016-02-11,Samburu,1
2016-02-12,Samburu,2
2016-02-13,Samburu,2
2016-02-14,Samburu,2
2016-02-15,Samburu,0
2016-02-16,Samburu,2
2016-02-17,Samburu,2
2016-02-18,Samburu,2
2016-02-19,Samburu,0
2016-02-20,Samburu,0
2016-02-21,Samburu,1
2016-02-22,Samburu,0
2016-02-23,Samburu,1
2016-02-24,Samburu,1
2016-02-25,Samburu,1
2016-02-26,Samburu,0
2016-02-27,Samburu,1
2016-02-28,Samburu,1
2016-02-29,Samburu,0
2016-03-01,Samburu,1
2016-03-02,Samburu,1
2016-03-03,Samburu,8
2016-03-04,Samburu,11
2016-03-05,Samburu,0
2016-03-06,Samburu,4
2016-03-07,Samburu,16
2016-03-08,Samburu,26
2016-03-09,Samburu,2
2016-03-10,Samburu,2
2016-03-11,Samburu,0
2016-03-12,Samburu,21
2016-03-13,Samburu,0
2016-03-14,Samburu,1
2016-03-15,Samburu,2
2016-03-16,Samburu,2
2016-03-17,Samburu,1
2016-03-18,Samburu,14
2016-03-19,Samburu,1
2016-03-20,Samburu,2
2016-03-21,Samburu,2
2016-03-22,Samburu,2
2016-03-23,Samburu,7
2016-03-24,Samburu,2
2016-03-25,Samburu,13
2016-03-26,Samburu,22
2016-03-27,Samburu,1
2016-03-28,Samburu,0
2016-03-29,Samburu,0
2016-03-30,Samburu,23
2016-03-31,Samburu,1
2016-04-01,Samburu,7
2016-04-02,Samburu,1
2016-04-03,Samburu,18
2016-04-04,Samburu,14
2016-04-05,Samburu,15
2016-04-06,Samburu,14
2016-04-07,Samburu,11
2016-04-08,Samburu,9
2016-04-09,Samburu,2
2016-04-10,Samburu,2
2016-04-11,Samburu,0
2016-04-12,Samburu,2
2016-04-13,Samburu,2
2016-04-14,Samburu,0
2016-04-15,Samburu,9
2016-04-16,Samburu,17
2016-04-17,Samburu,7
2016-04-18,Samburu,0
2016-04-19,Samburu,3
2016-04-20,Samburu,11
2016-04-21,Samburu,7
2016-04-22,Samburu,12
2016-04-23,Samburu,2
2016-04-24,Samburu,2
2016-04-25,Samburu,13
2016-04-26,Samburu,1
2016-04-27,Samburu,0
2016-04-28,Samburu,10
2016-04-29,Samburu,14
2016-04-30,Samburu,13
2016-05-01,Samburu,0
2016-05-02,Samburu,8
2016-05-03,Samburu,0
2016-05-04,Samburu,16
2016-05-05,Samburu,0
2016-05-06,Samburu,2
2016-05-07,Samburu,0
2016-05-08,Samburu,1
2016-05-09,Samburu,2
2016-05-10,Samburu,24
2016-05-11,Samburu,23
2016-05-12,Samburu,20
2016-05-13,Samburu,2
2016-05-14,Samburu,0
2016-05-15,Samburu,1
2016-05-16,Samburu,0
2016-05-17,Samburu,4
2016-05-18,Samburu,15
2016-05-19,Samburu,15
2016-05-20,Samburu,0
2016-05-21,Samburu,2
2016-05-22,Samburu,1
2016-05-23,Samburu,9
2016-05-24,Samburu,2
2016-05-25,Samburu,2
2016-05-26,Samburu,2
2016-05-27,Samburu,12
2016-05-28,Samburu,22
2016-05-29,Samburu,14
2016-05-30,Samburu,18
2016-05-31,Samburu,6
2016-06-01,Samburu,0
2016-06-02,Samburu,1
2016-06-03,Samburu,0
2016-06-04,Samburu,0
2016-06-05,Samburu,0
2016-06-06,Samburu,1
2016-06-07,Samburu,0
2016-06-08,Samburu,0
2016-06-09,Samburu,2
2016-06-10,Samburu,1
2016-06-11,Samburu,1
2016-06-12,Samburu,2
2016-06-13,Samburu,2
2016-06-14,Samburu,1
2016-06-15,Samburu,0
2016-06-16,Samburu,0
2016-06-17,Samburu,0
2016-06-18,Samburu,1
2016-06-19,Samburu,0
2016-06-20,Samburu,1
2016-06-21,Samburu,0
2016-06-22,Samburu,1
2016-06-23,Samburu,0
2016-06-24,Samburu,1
2016-06-25,Samburu,1
2016-06-26,Samburu,2
2016-06-27,Samburu,0
2016-06-28,Samburu,2
2016-06-29,Samburu,1
2016-06-30,Samburu,2
2016-07-01,Samburu,2
2016-07-02,Samburu,0
2016-07-03,Samburu,1
2016-07-04,Samburu,1
2016-07-05,Samburu,1
2016-07-06,Samburu,1
2016-07-07,Samburu,2
2016-07-08,Samburu,2
2016-07-09,Samburu,0
2016-07-10,Samburu,0
2016-07-11,Samburu,0
2016-07-12,Samburu,2
2016-07-13,Samburu,2
2016-07-14,Samburu,0
2016-07-15,Samburu,2
2016-07-16,Samburu,0
2016-07-17,Samburu,2
2016-07-18,Samburu,1
2016-07-19,Samburu,2
2016-07-20,Samburu,1
2016-07-21,Samburu,1
2016-07-22,Samburu,0
2016-07-23,Samburu,2
2016-07-24,Samburu,2
2016-07-25,Samburu,1
2016-07-26,Samburu,1
2016-07-27,Samburu,1
2016-07-28,Samburu,0
2016-07-29,Samburu,1
2016-07-30,Samburu,2
2016-07-31,Samburu,2
2016-08-01,Samburu,1
2016-08-02,Samburu,1
2016-08-03,Samburu,0
2016-08-04,Samburu,1
2016-08-05,Samburu,2
2016-08-06,Samburu,0
2016-08-07,Samburu,1
2016-08-08,Samburu,2
2016-08-09,Samburu,0
2016-08-10,Samburu,1
2016-08-11,Samburu,1
2016-08-12,Samburu,1
2016-08-13,Samburu,2
2016-08-14,Samburu,1
2016-08-15,Samburu,1
2016-08-16,Samburu,2
2016-08-17,Samburu,0
2016-08-18,Samburu,2
2016-08-19,Samburu,1
2016-08-20,Samburu,2
2016-08-21,Samburu,0
2016-08-22,Samburu,2
2016-08-23,Samburu,1
2016-08-24,Samburu,0
2016-08-25,Samburu,1
2016-08-26,Samburu,1
2016-08-27,Samburu,2
2016-08-28,Samburu,1
2016-08-29,Samburu,1
2016-08-30,Samburu,2
2016-08-31,Samburu,2
2016-09-01,Samburu,1
2016-09-02,Samburu,1
2016-09-03,Samburu,0
2016-09-04,Samburu,1
2016-09-05,Samburu,1
2016-09-06,Samburu,0
2016-09-07,Samburu,0
2016-09-08,Samburu,2
2016-09-09,Samburu,2
2016-09-10,Samburu,0
2016-09-11,Samburu,2
2016-09-12,Samburu,1
2016-09-13,Samburu,1
2016-09-14,Samburu,1
2016-09-15,Samburu,0
2016-09-16,Samburu,2
2016-09-17,Samburu,2
2016-09-18,Samburu,0
2016-09-19,Samburu,0
2016-09-20,Samburu,2
2016-09-21,Samburu,2
2016-09-22,Samburu,1
2016-09-23,Samburu,0
2016-09-24,Samburu,0
2016-09-25,Samburu,1
2016-09-26,Samburu,2
2016-09-27,Samburu,0
2016-09-28,Samburu,1
2016-09-29,Samburu,2
2016-09-30,Samburu,1
2016-10-01,Samburu,0
2015-01-01,Trans Nzoia,1
2015-01-02,Trans Nzoia,1
2015-01-03,Trans Nzoia,0
2015-01-04,Trans Nzoia,0
2015-01-05,Trans Nzoia,1
2015-01-06,Trans Nzoia,2
2015-01-07,Trans Nzoia,0
2015-01-08,Trans Nzoia,0
2015-01-09,Trans Nzoia,1
2015-01-10,Trans Nzoia,1
2015-01-11,Trans Nzoia,2
2015-01-12,Trans Nzoia,2
2015-01-13,Trans Nzoia,0
2015-01-14,Trans Nzoia,0
2015-01-15,Trans Nzoia,1
2015-01-16,Trans Nzoia,2
2015-01-17,Trans Nzoia,2
2015-01-18,Trans Nzoia,0
2015-01-19,Trans Nzoia,2
2015-01-20,Trans Nzoia,2
2015-01-21,Trans Nzoia,1
2015-01-22,Trans Nzoia,1
2015-01-23,Trans Nzoia,1
2015-01-24,Trans Nzoia,2
2015-01-25,Trans Nzoia,0
2015-01-26,Trans Nzoia,0
2015-01-27,Trans Nzoia,1
2015-01-28,Trans Nzoia,2
2015-01-29,Trans Nzoia,0
2015-01-30,Trans Nzoia,0
2015-01-31,Trans Nzoia,2
2015-02-01,Trans Nzoia,1
2015-02-02,Trans Nzoia,0
2015-02-03,Trans Nzoia,1
2015-02-04,Trans Nzoia,1
2015-02-05,Trans Nzoia,0
2015-02-06,Trans Nzoia,0
2015-02-07,Trans Nzoia,0
2015-02-08,Trans Nzoia,1
2015-02-09,Trans Nzoia,0
2015-02-10,Trans Nzoia,1
2015-02-11,Trans Nzoia,0
2015-02-12,Trans Nzoia,0
2015-02-13,Trans Nzoia,2
2015-02-14,Trans Nzoia,0
2015-02-15,Trans Nzoia,0
2015-02-16,Trans Nzoia,1
2015-02-17,Trans Nzoia,2
2015-02-18,Trans Nzoia,0
2015-02-19,Trans Nzoia,2
2015-02-20,Trans Nzoia,1
2015-02-21,Trans Nzoia,2
2015-02-22,Trans Nzoia,2
2015-02-23,Trans Nzoia,2
2015-02-24,Trans Nzoia,2
2015-02-25,Trans Nzoia,2
2015-02-26,Trans Nzoia,2
2015-02-27,Trans Nzoia,1
2015-02-28,Trans Nzoia,2
2015-03-01,Trans Nzoia,1
2015-03-02,Trans Nzoia,7
2015-03-03,Trans Nzoia,9
2015-03-04,Trans Nzoia,0
2015-03-05,Trans Nzoia,1
2015-03-06,Trans Nzoia,13
2015-03-07,Trans Nzoia,6
2015-03-08,Trans Nzoia,15
2015-03-09,Trans Nzoia,2
2015-03-10,Trans Nzoia,1
2015-03-11,Trans Nzoia,0
2015-03-12,Trans Nzoia,13
2015-03-13,Trans Nzoia,13
2015-03-14,Trans Nzoia,0
2015-03-15,Trans Nzoia,0
2015-03-16,Trans Nzoia,0
2015-03-17,Trans Nzoia,2
2015-03-18,Trans Nzoia,0
2015-03-19,Trans Nzoia,15
2015-03-20,Trans Nzoia,20
2015-03-21,Trans Nzoia,15
2015-03-22,Trans Nzoia,10
2015-03-23,Trans Nzoia,11
2015-03-24,Trans Nzoia,0
2015-03-25,Trans Nzoia,9
2015-03-26,Trans Nzoia,13
2015-03-27,Trans Nzoia,1
2015-03-28,Trans Nzoia,1
2015-03-29,Trans Nzoia,0
2015-03-30,Trans Nzoia,1
2015-03-31,Trans Nzoia,7
2015-04-01,Trans Nzoia,1
2015-04-02,Trans Nzoia,1
2015-04-03,Trans Nzoia,10
2015-04-04,Trans Nzoia,9
2015-04-05,Trans Nzoia,25
2015-04-06,Trans Nzoia,6
2015-04-07,Trans Nzoia,11
2015-04-08,Trans Nzoia,1
2015-04-09,Trans Nzoia,0
2015-04-10,Trans Nzoia,9
2015-04-11,Trans Nzoia,10
2015-04-12,Trans Nzoia,2
2015-04-13,Trans Nzoia,0
2015-04-14,Trans Nzoia,13
2015-04-15,Trans Nzoia,17
2015-04-16,Trans Nzoia,16
2015-04-17,Trans Nzoia,0
2015-04-18,Trans Nzoia,9
2015-04-19,Trans Nzoia,2
2015-04-20,Trans Nzoia,2
2015-04-21,Trans Nzoia,1
2015-04-22,Trans Nzoia,21
2015-04-23,Trans Nzoia,11
2015-04-24,Trans Nzoia,0
2015-04-25,Trans Nzoia,17
2015-04-26,Trans Nzoia,2
2015-04-27,Trans Nzoia,14
2015-04-28,Trans Nzoia,18
2015-04-29,Trans Nzoia,17
2015-04-30,Trans Nzoia,0
2015-05-01,Trans Nzoia,2
2015-05-02,Trans Nzoia,1
2015-05-03,Trans Nzoia,16
2015-05-04,Trans Nzoia,0
2015-05-05,Trans Nzoia,1
2015-05-06,Trans Nzoia,1
2015-05-07,Trans Nzoia,18
2015-05-08,Trans Nzoia,14
2015-05-09,Trans Nzoia,20
2015-05-10,Trans Nzoia,2
2015-05-11,Trans Nzoia,21
2015-05-12,Trans Nzoia,16
2015-05-13,Trans Nzoia,8
2015-05-14,Trans Nzoia,9
2015-05-15,Trans Nzoia,2
2015-05-16,Trans Nzoia,0
2015-05-17,Trans Nzoia,14
2015-05-18,Trans Nzoia,0
2015-05-19,Trans Nzoia,0
2015-05-20,Trans Nzoia,28
2015-05-21,Trans Nzoia,18
2015-05-22,Trans Nzoia,0
2015-05-23,Trans Nzoia,7
2015-05-24,Trans Nzoia,11
2015-05-25,Trans Nzoia,1
2015-05-26,Trans Nzoia,15
2015-05-27,Trans Nzoia,17
2015-05-28,Trans Nzoia,1
2015-05-29,Trans Nzoia,15
2015-05-30,Trans Nzoia,2
2015-05-31,Trans Nzoia,1
2015-06-01,Trans Nzoia,0
2015-06-02,Trans Nzoia,1
2015-06-03,Trans Nzoia,1
2015-06-04,Trans Nzoia,1
2015-06-05,Trans Nzoia,0
2015-06-06,Trans Nzoia,0
2015-06-07,Trans Nzoia,0
2015-06-08,Trans Nzoia,2
2015-06-09,Trans Nzoia,0
2015-06-10,Trans Nzoia,2
2015-06-11,Trans Nzoia,0
2015-06-12,Trans Nzoia,2
2015-06-13,Trans Nzoia,0
2015-06-14,Trans Nzoia,0
2015-06-15,Trans Nzoia,0
2015-06-16,Trans Nzoia,2
2015-06-17,Trans Nzoia,2
2015-06-18,Trans Nzoia,2
2015-06-19,Trans Nzoia,1
2015-06-20,Trans Nzoia,2
2015-06-21,Trans Nzoia,0
2015-06-22,Trans Nzoia,1
2015-06-23,Trans Nzoia,2
2015-06-24,Trans Nzoia,0
2015-06-25,Trans Nzoia,1
2015-06-26,Trans Nzoia,0
2015-06-27,Trans Nzoia,0
2015-06-28,Trans Nzoia,1
2015-06-29,Trans Nzoia,0
2015-06-30,Trans Nzoia,1
2015-07-01,Trans Nzoia,1
2015-07-02,Trans Nzoia,2
2015-07-03,Trans Nzoia,1
2015-07-04,Trans Nzoia,1
2015-07-05,Trans Nzoia,2
2015-07-06,Trans Nzoia,2
2015-07-07,Trans Nzoia,1
2015-07-08,Trans Nzoia,0
2015-07-09,Trans Nzoia,1
2015-07-10,Trans Nzoia,2
2015-07-11,Trans Nzoia,2
2015-07-12,Trans Nzoia,1
2015-07-13,Trans Nzoia,0
2015-07-14,Trans Nzoia,2
2015-07-15,Trans Nzoia,0
2015-07-16,Trans Nzoia,2
2015-07-17,Trans Nzoia,2
2015-07-18,Trans Nzoia,1
2015-07-19,Trans Nzoia,0
2015-07-20,Trans Nzoia,0
2015-07-21,Trans Nzoia,0
2015-07-22,Trans Nzoia,0
2015-07-23,Trans Nzoia,2
2015-07-24,Trans Nzoia,0
2015-07-25,Trans Nzoia,0
2015-07-26,Trans Nzoia,1
2015-07-27,Trans Nzoia,2
2015-07-28,Trans Nzoia,1
2015-07-29,Trans Nzoia,0
2015-07-30,Trans Nzoia,2
2015-07-31,Trans Nzoia,2
2015-08-01,Trans Nzoia,0
2015-08-02,Trans Nzoia,1
2015-08-03,Trans Nzoia,0
2015-08-04,Trans Nzoia,0
2015-08-05,Trans Nzoia,2
2015-08-06,Trans Nzoia,0
2015-08-07,Trans Nzoia,0
2015-08-08,Trans Nzoia,2
2015-08-09,Trans Nzoia,2
2015-08-10,Trans Nzoia,1
2015-08-11,Trans Nzoia,0
2015-08-12,Trans Nzoia,1
2015-08-13,Trans Nzoia,0
2015-08-14,Trans Nzoia,2
2015-08-15,Trans Nzoia,1
2015-08-16,Trans Nzoia,2
2015-08-17,Trans Nzoia,1
2015-08-18,Trans Nzoia,1
2015-08-19,Trans Nzoia,2
2015-08-20,Trans Nzoia,0
2015-08-21,Trans Nzoia,0
2015-08-22,Trans Nzoia,1
2015-08-23,Trans Nzoia,2
2015-08-24,Trans Nzoia,1
2015-08-25,Trans Nzoia,1
2015-08-26,Trans Nzoia,2
2015-08-27,Trans Nzoia,0
2015-08-28,Trans Nzoia,2
2015-08-29,Trans Nzoia,2
2015-08-30,Trans Nzoia,2
2015-08-31,Trans Nzoia,2
2015-09-01,Trans Nzoia,0
2015-09-02,Trans Nzoia,0
2015-09-03,Trans Nzoia,0
2015-09-04,Trans Nzoia,2
2015-09-05,Trans Nzoia,2
2015-09-06,Trans Nzoia,0
2015-09-07,Trans Nzoia,0
2015-09-08,Trans Nzoia,1
2015-09-09,Trans Nzoia,2
2015-09-10,Trans Nzoia,2
2015-09-11,Trans Nzoia,2
2015-09-12,Trans Nzoia,2
2015-09-13,Trans Nzoia,1
2015-09-14,Trans Nzoia,1
2015-09-15,Trans Nzoia,2
2015-09-16,Trans Nzoia,0
2015-09-17,Trans Nzoia,0
2015-09-18,Trans Nzoia,2
2015-09-19,Trans Nzoia,0
2015-09-20,Trans Nzoia,1
2015-09-21,Trans Nzoia,1
2015-09-22,Trans Nzoia,1
2015-09-23,Trans Nzoia,2
2015-09-24,Trans Nzoia,1
2015-09-25,Trans Nzoia,1
2015-09-26,Trans Nzoia,0
2015-09-27,Trans Nzoia,1
2015-09-28,Trans Nzoia,2
2015-09-29,Trans Nzoia,2
2015-09-30,Trans Nzoia,1
2015-10-01,Trans Nzoia,1
2015-10-02,Trans Nzoia,2
2015-10-03,Trans Nzoia,2
2015-10-04,Trans Nzoia,2
2015-10-05,Trans Nzoia,0
2015-10-06,Trans Nzoia,1
2015-10-07,Trans Nzoia,1
2015-10-08,Trans Nzoia,2
2015-10-09,Trans Nzoia,2
2015-10-10,Trans Nzoia,2
2015-10-11,Trans Nzoia,0
2015-10-12,Trans Nzoia,0
2015-10-13,Trans Nzoia,2
2015-10-14,Trans Nzoia,2
2015-10-15,Trans Nzoia,1
2015-10-16,Trans Nzoia,0
2015-10-17,Trans Nzoia,1
2015-10-18,Trans Nzoia,2
2015-10-19,Trans Nzoia,2
2015-10-20,Trans Nzoia,1
2015-10-21,Trans Nzoia,2
2015-10-22,Trans Nzoia,1
2015-10-23,Trans Nzoia,1
2015-10-24,Trans Nzoia,1
2015-10-25,Trans Nzoia,0
2015-10-26,Trans Nzoia,2
2015-10-27,Trans Nzoia,2
2015-10-28,Trans Nzoia,2
2015-10-29,Trans Nzoia,1
2015-10-30,Trans Nzoia,1
2015-10-31,Trans Nzoia,15
2015-11-01,Trans Nzoia,2
2015-11-02,Trans Nzoia,1
2015-11-03,Trans Nzoia,1
2015-11-04,Trans Nzoia,2
2015-11-05,Trans Nzoia,17
2015-11-06,Trans Nzoia,7
2015-11-07,Trans Nzoia,2
2015-11-08,Trans Nzoia,1
2015-11-09,Trans Nzoia,0
2015-11-10,Trans Nzoia,2
2015-11-11,Trans Nzoia,14
2015-11-12,Trans Nzoia,0
2015-11-13,Trans Nzoia,0
2015-11-14,Trans Nzoia,10
2015-11-15,Trans Nzoia,20
2015-11-16,Trans Nzoia,0
2015-11-17,Trans Nzoia,0
2015-11-18,Trans Nzoia,1
2015-11-19,Trans Nzoia,2
2015-11-20,Trans Nzoia,2
2015-11-21,Trans Nzoia,1
2015-11-22,Trans Nzoia,2
2015-11-23,Trans Nzoia,1
2015-11-24,Trans Nzoia,1
2015-11-25,Trans Nzoia,2
2015-11-26,Trans Nzoia,0
2015-11-27,Trans Nzoia,2
2015-11-28,Trans Nzoia,0
2015-11-29,Trans Nzoia,0
2015-11-30,Trans Nzoia,1
2015-12-01,Trans Nzoia,0
2015-12-02,Trans Nzoia,2
2015-12-03,Trans Nzoia,1
2015-12-04,Trans Nzoia,2
2015-12-05,Trans Nzoia,2
2015-12-06,Trans Nzoia,1
2015-12-07,Trans Nzoia,1
2015-12-08,Trans Nzoia,0
2015-12-09,Trans Nzoia,2
2015-12-10,Trans Nzoia,1
2015-12-11,Trans Nzoia,0
2015-12-12,Trans Nzoia,0
2015-12-13,Trans Nzoia,1
2015-12-14,Trans Nzoia,2
2015-12-15,Trans Nzoia,2
2015-12-16,Trans Nzoia,0
2015-12-17,Trans Nzoia,1
2015-12-18,Trans Nzoia,2
2015-12-19,Trans Nzoia,1
2015-12-20,Trans Nzoia,0
2015-12-21,Trans Nzoia,2
2015-12-22,Trans Nzoia,2
2015-12-23,Trans Nzoia,0
2015-12-24,Trans Nzoia,1
2015-12-25,Trans Nzoia,1
2015-12-26,Trans Nzoia,0
2015-12-27,Trans Nzoia,2
2015-12-28,Trans Nzoia,1
2015-12-29,Trans Nzoia,0
2015-12-30,Trans Nzoia,0
2015-12-31,Trans Nzoia,2
2016-01-01,Trans Nzoia,0
2016-01-02,Trans Nzoia,1
2016-01-03,Trans Nzoia,1
2016-01-04,Trans Nzoia,0
2016-01-05,Trans Nzoia,2
2016-01-06,Trans Nzoia,2
2016-01-07,Trans Nzoia,0
2016-01-08,Trans Nzoia,1
2016-01-09,Trans Nzoia,0
2016-01-10,Trans Nzoia,2
2016-01-11,Trans Nzoia,0
2016-01-12,Trans Nzoia,0
2016-01-13,Trans Nzoia,0
2016-01-14,Trans Nzoia,1
2016-01-15,Trans Nzoia,2
2016-01-16,Trans Nzoia,0
2016-01-17,Trans Nzoia,0
2016-01-18,Trans Nzoia,1
2016-01-19,Trans Nzoia,0
2016-01-20,Trans Nzoia,0
2016-01-21,Trans Nzoia,2
2016-01-22,Trans Nzoia,0
2016-01-23,Trans Nzoia,1
2016-01-24,Trans Nzoia,1
2016-01-25,Trans Nzoia,0
2016-01-26,Trans Nzoia,0
2016-01-27,Trans Nzoia,1
2016-01-28,Trans Nzoia,0
2016-01-29,Trans Nzoia,0
2016-01-30,Trans Nzoia,2
2016-01-31,Trans Nzoia,1
2016-02-01,Trans Nzoia,2
2016-02-02,Trans Nzoia,2
2016-02-03,Trans Nzoia,0
2016-02-04,Trans Nzoia,2
2016-02-05,Trans Nzoia,1
2016-02-06,Trans Nzoia,2
2016-02-07,Trans Nzoia,2
2016-02-08,Trans Nzoia,2
2016-02-09,Trans Nzoia,0
2016-02-10,Trans Nzoia,2
2016-02-11,Trans Nzoia,0
2016-02-12,Trans Nzoia,2
2016-02-13,Trans Nzoia,1
2016-02-14,Trans Nzoia,1
2016-02-15,Trans Nzoia,2
2016-02-16,Trans Nzoia,1
2016-02-17,Trans Nzoia,2
2016-02-18,Trans Nzoia,1
2016-02-19,Trans Nzoia,2
2016-02-20,Trans Nzoia,1
2016-02-21,Trans Nzoia,0
2016-02-22,Trans Nzoia,1
2016-02-23,Trans Nzoia,0
2016-02-24,Trans Nzoia,2
2016-02-25,Trans Nzoia,0
2016-02-26,Trans Nzoia,1
2016-02-27,Trans Nzoia,2
2016-02-28,Trans Nzoia,2
2016-02-29,Trans Nzoia,1
2016-03-01,Trans Nzoia,10
2016-03-02,Trans Nzoia,18
2016-03-03,Trans Nzoia,2
2016-03-04,Trans Nzoia,15
2016-03-05,Trans Nzoia,1
2016-03-06,Trans Nzoia,2
2016-03-07,Trans Nzoia,2
2016-03-08,Trans Nzoia,15
2016-03-09,Trans Nzoia,17
2016-03-10,Trans Nzoia,9
2016-03-11,Trans Nzoia,20
2016-03-12,Trans Nzoia,2
2016-03-13,Trans Nzoia,16
2016-03-14,Trans Nzoia,9
2016-03-15,Trans Nzoia,20
2016-03-16,Trans Nzoia,19
2016-03-17,Trans Nzoia,2
2016-03-18,Trans Nzoia,1
2016-03-19,Trans Nzoia,1
2016-03-20,Trans Nzoia,1
2016-03-21,Trans Nzoia,21
2016-03-22,Trans Nzoia,17
2016-03-23,Trans Nzoia,8
2016-03-24,Trans Nzoia,2
2016-03-25,Trans Nzoia,2
2016-03-26,Trans Nzoia,11
2016-03-27,Trans Nzoia,0
2016-03-28,Trans Nzoia,11
2016-03-29,Trans Nzoia,0
2016-03-30,Trans Nzoia,6
2016-03-31,Trans Nzoia,1
2016-04-01,Trans Nzoia,1
2016-04-02,Trans Nzoia,1
2016-04-03,Trans Nzoia,1
2016-04-04,Trans Nzoia,22
2016-04-05,Trans Nzoia,19
2016-04-06,Trans Nzoia,8
2016-04-07,Trans Nzoia,14
2016-04-08,Trans Nzoia,2
2016-04-09,Trans Nzoia,15
2016-04-10,Trans Nzoia,1
2016-04-11,Trans Nzoia,12
2016-04-12,Trans Nzoia,0
2016-04-13,Trans Nzoia,2
2016-04-14,Trans Nzoia,1
2016-04-15,Trans Nzoia,0
2016-04-16,Trans Nzoia,0
2016-04-17,Trans Nzoia,19
2016-04-18,Trans Nzoia,10
2016-04-19,Trans Nzoia,5
2016-04-20,Trans Nzoia,3
2016-04-21,Trans Nzoia,7
2016-04-22,Trans Nzoia,1
2016-04-23,Trans Nzoia,10
2016-04-24,Trans Nzoia,9
2016-04-25,Trans Nzoia,2
2016-04-26,Trans Nzoia,13
2016-04-27,Trans Nzoia,1
2016-04-28,Trans Nzoia,12
2016-04-29,Trans Nzoia,22
2016-04-30,Trans Nzoia,1
2016-05-01,Trans Nzoia,2
2016-05-02,Trans Nzoia,8
2016-05-03,Trans Nzoia,2
2016-05-04,Trans Nzoia,0
2016-05-05,Trans Nzoia,2
2016-05-06,Trans Nzoia,1
2016-05-07,Trans Nzoia,0
2016-05-08,Trans Nzoia,14
2016-05-09,Trans Nzoia,2
2016-05-10,Trans Nzoia,0
2016-05-11,Trans Nzoia,2
2016-05-12,Trans Nzoia,1
2016-05-13,Trans Nzoia,15
2016-05-14,Trans Nzoia,12
2016-05-15,Trans Nzoia,4
2016-05-16,Trans Nzoia,2
2016-05-17,Trans Nzoia,0
2016-05-18,Trans Nzoia,2
2016-05-19,Trans Nzoia,1
2016-05-20,Trans Nzoia,14
2016-05-21,Trans Nzoia,8
2016-05-22,Trans Nzoia,2
2016-05-23,Trans Nzoia,2
2016-05-24,Trans Nzoia,2
2016-05-25,Trans Nzoia,6
2016-05-26,Trans Nzoia,17
2016-05-27,Trans Nzoia,2
2016-05-28,Trans Nzoia,2
2016-05-29,Trans Nzoia,8
2016-05-30,Trans Nzoia,1
2016-05-31,Trans Nzoia,22
2016-06-01,Trans Nzoia,2
2016-06-02,Trans Nzoia,2
2016-06-03,Trans Nzoia,0
2016-06-04,Trans Nzoia,1
2016-06-05,Trans Nzoia,2
2016-06-06,Trans Nzoia,1
2016-06-07,Trans Nzoia,2
2016-06-08,Trans Nzoia,2
2016-06-09,Trans Nzoia,0
2016-06-10,Trans Nzoia,2
2016-06-11,Trans Nzoia,0
2016-06-12,Trans Nzoia,0
2016-06-13,Trans Nzoia,1
2016-06-14,Trans Nzoia,0
2016-06-15,Trans Nzoia,1
2016-06-16,Trans Nzoia,2
2016-06-17,Trans Nzoia,1
2016-06-18,Trans Nzoia,1
2016-06-19,Trans Nzoia,0
2016-06-20,Trans Nzoia,1
2016-06-21,Trans Nzoia,2
2016-06-22,Trans Nzoia,1
2016-06-23,Trans Nzoia,2
2016-06-24,Trans Nzoia,2
2016-06-25,Trans Nzoia,2
2016-06-26,Trans Nzoia,1
2016-06-27,Trans Nzoia,0
2016-06-28,Trans Nzoia,2
2016-06-29,Trans Nzoia,2
2016-06-30,Trans Nzoia,1
2016-07-01,Trans Nzoia,2
2016-07-02,Trans Nzoia,1
2016-07-03,Trans Nzoia,2
2016-07-04,Trans Nzoia,1
2016-07-05,Trans Nzoia,0
2016-07-06,Trans Nzoia,1
2016-07-07,Trans Nzoia,1
2016-07-08,Trans Nzoia,0
2016-07-09,Trans Nzoia,0
2016-07-10,Trans Nzoia,0
2016-07-11,Trans Nzoia,0
2016-07-12,Trans Nzoia,2
2016-07-13,Trans Nzoia,2
2016-07-14,Trans Nzoia,0
2016-07-15,Trans Nzoia,1
2016-07-16,Trans Nzoia,1
2016-07-17,Trans Nzoia,0
2016-07-18,Trans Nzoia,1
2016-07-19,Trans Nzoia,2
2016-07-20,Trans Nzoia,1
2016-07-21,Trans Nzoia,0
2016-07-22,Trans Nzoia,0
2016-07-23,Trans Nzoia,0
2016-07-24,Trans Nzoia,1
2016-07-25,Trans Nzoia,2
2016-07-26,Trans Nzoia,0
2016-07-27,Trans Nzoia,2
2016-07-28,Trans Nzoia,2
2016-07-29,Trans Nzoia,1
2016-07-30,Trans Nzoia,2
2016-07-31,Trans Nzoia,0
2016-08-01,Trans Nzoia,0
2016-08-02,Trans Nzoia,0
2016-08-03,Trans Nzoia,0
2016-08-04,Trans Nzoia,1
2016-08-05,Trans Nzoia,1
2016-08-06,Trans Nzoia,0
2016-08-07,Trans Nzoia,2
2016-08-08,Trans Nzoia,1
2016-08-09,Trans Nzoia,2
2016-08-10,Trans Nzoia,2
2016-08-11,Trans Nzoia,1
2016-08-12,Trans Nzoia,0
2016-08-13,Trans Nzoia,1
2016-08-14,Trans Nzoia,2
2016-08-15,Trans Nzoia,0
2016-08-16,Trans Nzoia,2
2016-08-17,Trans Nzoia,0
2016-08-18,Trans Nzoia,1
2016-08-19,Trans Nzoia,0
2016-08-20,Trans Nzoia,0
2016-08-21,Trans Nzoia,2
2016-08-22,Trans Nzoia,1
2016-08-23,Trans Nzoia,0
2016-08-24,Trans Nzoia,0
2016-08-25,Trans Nzoia,2
2016-08-26,Trans Nzoia,1
2016-08-27,Trans Nzoia,1
2016-08-28,Trans Nzoia,1
2016-08-29,Trans Nzoia,2
2016-08-30,Trans Nzoia,2
2016-08-31,Trans Nzoia,1
2016-09-01,Trans Nzoia,0
2016-09-02,Trans Nzoia,2
2016-09-03,Trans Nzoia,1
2016-09-04,Trans Nzoia,0
2016-09-05,Trans Nzoia,1
2016-09-06,Trans Nzoia,0
2016-09-07,Trans Nzoia,0
2016-09-08,Trans Nzoia,1
2016-09-09,Trans Nzoia,0
2016-09-10,Trans Nzoia,2
2016-09-11,Trans Nzoia,1
2016-09-12,Trans Nzoia,1
2016-09-13,Trans Nzoia,1
2016-09-14,Trans Nzoia,0
2016-09-15,Trans Nzoia,0
2016-09-16,Trans Nzoia,1
2016-09-17,Trans Nzoia,0
2016-09-18,Trans Nzoia,1
2016-09-19,Trans Nzoia,2
2016-09-20,Trans Nzoia,2
2016-09-21,Trans Nzoia,2
2016-09-22,Trans Nzoia,0
2016-09-23,Trans Nzoia,2
2016-09-24,Trans Nzoia,0
2016-09-25,Trans Nzoia,1
2016-09-26,Trans Nzoia,0
2016-09-27,Trans Nzoia,2
2016-09-28,Trans Nzoia,1
2016-09-29,Trans Nzoia,1
2016-09-30,Trans Nzoia,0
2016-10-01,Trans Nzoia,1
2015-01-01,Uasin Gishu,1
2015-01-02,Uasin Gishu,0
2015-01-03,Uasin Gishu,0
2015-01-04,Uasin Gishu,0
2015-01-05,Uasin Gishu,2
2015-01-06,Uasin Gishu,1
2015-01-07,Uasin Gishu,2
2015-01-08,Uasin Gishu,2
2015-01-09,Uasin Gishu,0
2015-01-10,Uasin Gishu,1
2015-01-11,Uasin Gishu,1
2015-01-12,Uasin Gishu,1
2015-01-13,Uasin Gishu,1
2015-01-14,Uasin Gishu,0
2015-01-15,Uasin Gishu,1
2015-01-16,Uasin Gishu,0
2015-01-17,Uasin Gishu,0
2015-01-18,Uasin Gishu,1
2015-01-19,Uasin Gishu,0
2015-01-20,Uasin Gishu,0
2015-01-21,Uasin Gishu,0
2015-01-22,Uasin Gishu,2
2015-01-23,Uasin Gishu,0
2015-01-24,Uasin Gishu,0
2015-01-25,Uasin Gishu,0
2015-01-26,Uasin Gishu,2
2015-01-27,Uasin Gishu,0
2015-01-28,Uasin Gishu,0
2015-01-29,Uasin Gishu,1
2015-01-30,Uasin Gishu,2
2015-01-31,Uasin Gishu,0
2015-02-01,Uasin Gishu,1
2015-02-02,Uasin Gishu,2
2015-02-03,Uasin Gishu,0
2015-02-04,Uasin Gishu,0
2015-02-05,Uasin Gishu,0
2015-02-06,Uasin Gishu,1
2015-02-07,Uasin Gishu,1
2015-02-08,Uasin Gishu,2
2015-02-09,Uasin Gishu,0
2015-02-10,Uasin Gishu,1
2015-02-11,Uasin Gishu,2
2015-02-12,Uasin Gishu,0
2015-02-13,Uasin Gishu,0
2015-02-14,Uasin Gishu,0
2015-02-15,Uasin Gishu,2
2015-02-16,Uasin Gishu,1
2015-02-17,Uasin Gishu,2
2015-02-18,Uasin Gishu,2
2015-02-19,Uasin Gishu,0
2015-02-20,Uasin Gishu,0
2015-02-21,Uasin Gishu,2
2015-02-22,Uasin Gishu,0
2015-02-23,Uasin Gishu,0
2015-02-24,Uasin Gishu,2
2015-02-25,Uasin Gishu,2
2015-02-26,Uasin Gishu,1
2015-02-27,Uasin Gishu,1
2015-02-28,Uasin Gishu,2
2015-03-01,Uasin Gishu,10
2015-03-02,Uasin Gishu,2
2015-03-03,Uasin Gishu,18
2015-03-04,Uasin Gishu,2
2015-03-05,Uasin Gishu,0
2015-03-06,Uasin Gishu,0
2015-03-07,Uasin Gishu,11
2015-03-08,Uasin Gishu,2
2015-03-09,Uasin Gishu,14
2015-03-10,Uasin Gishu,3
2015-03-11,Uasin Gishu,0
2015-03-12,Uasin Gishu,12
2015-03-13,Uasin Gishu,2
2015-03-14,Uasin Gishu,1
2015-03-15,Uasin Gishu,10
2015-03-16,Uasin Gishu,5
2015-03-17,Uasin Gishu,0
2015-03-18,Uasin Gishu,20
2015-03-19,Uasin Gishu,0
2015-03-20,Uasin Gishu,0
2015-03-21,Uasin Gishu,1
2015-03-22,Uasin Gishu,12
2015-03-23,Uasin Gishu,10
2015-03-24,Uasin Gishu,17
2015-03-25,Uasin Gishu,0
2015-03-26,Uasin Gishu,9
2015-03-27,Uasin Gishu,14
2015-03-28,Uasin Gishu,15
2015-03-29,Uasin Gishu,1
2015-03-30,Uasin Gishu,1
2015-03-31,Uasin Gishu,1
2015-04-01,Uasin Gishu,1
2015-04-02,Uasin Gishu,2
2015-04-03,Uasin Gishu,13
2015-04-04,Uasin Gishu,2
2015-04-05,Uasin Gishu,14
2015-04-06,Uasin Gishu,6
2015-04-07,Uasin Gishu,1
2015-04-08,Uasin Gishu,0
2015-04-09,Uasin Gishu,2
2015-04-10,Uasin Gishu,17
2015-04-11,Uasin Gishu,6
2015-04-12,Uasin Gishu,8
2015-04-13,Uasin Gishu,0
2015-04-14,Uasin Gishu,0
2015-04-15,Uasin Gishu,1
2015-04-16,Uasin Gishu,0
2015-04-17,Uasin Gishu,1
2015-04-18,Uasin Gishu,19
2015-04-19,Uasin Gishu,0
2015-04-20,Uasin Gishu,1
2015-04-21,Uasin Gishu,0
2015-04-22,Uasin Gishu,1
2015-04-23,Uasin Gishu,2
2015-04-24,Uasin Gishu,17
2015-04-25,Uasin Gishu,0
2015-04-26,Uasin Gishu,12
2015-04-27,Uasin Gishu,0
2015-04-28,Uasin Gishu,12
2015-04-29,Uasin Gishu,0
2015-04-30,Uasin Gishu,26
2015-05-01,Uasin Gishu,11
2015-05-02,Uasin Gishu,6
2015-05-03,Uasin Gishu,2
2015-05-04,Uasin Gishu,10
2015-05-05,Uasin Gishu,0
2015-05-06,Uasin Gishu,1
2015-05-07,Uasin Gishu,16
2015-05-08,Uasin Gishu,15
2015-05-09,Uasin Gishu,7
2015-05-10,Uasin Gishu,1
2015-05-11,Uasin Gishu,8
2015-05-12,Uasin Gishu,18
2015-05-13,Uasin Gishu,1
2015-05-14,Uasin Gishu,2
2015-05-15,Uasin Gishu,7
2015-05-16,Uasin Gishu,1
2015-05-17,Uasin Gishu,10
2015-05-18,Uasin Gishu,2
2015-05-19,Uasin Gishu,11
2015-05-20,Uasin Gishu,11
2015-05-21,Uasin Gishu,2
2015-05-22,Uasin Gishu,21
2015-05-23,Uasin Gishu,12
2015-05-24,Uasin Gishu,15
2015-05-25,Uasin Gishu,13
2015-05-26,Uasin Gishu,19
2015-05-27,Uasin Gishu,2
2015-05-28,Uasin Gishu,1
2015-05-29,Uasin Gishu,0
2015-05-30,Uasin Gishu,20
2015-05-31,Uasin Gishu,10
2015-06-01,Uasin Gishu,0
2015-06-02,Uasin Gishu,0
2015-06-03,Uasin Gishu,0
2015-06-04,Uasin Gishu,2
2015-06-05,Uasin Gishu,0
2015-06-06,Uasin Gishu,1
2015-06-07,Uasin Gishu,1
2015-06-08,Uasin Gishu,1
2015-06-09,Uasin Gishu,0
2015-06-10,Uasin Gishu,2
2015-06-11,Uasin Gishu,0
2015-06-12,Uasin Gishu,1
2015-06-13,Uasin Gishu,2
2015-06-14,Uasin Gishu,1
2015-06-15,Uasin Gishu,0
2015-06-16,Uasin Gishu,1
2015-06-17,Uasin Gishu,1
2015-06-18,Uasin Gishu,2
2015-06-19,Uasin Gishu,2
2015-06-20,Uasin Gishu,1
2015-06-21,Uasin Gishu,0
2015-06-22,Uasin Gishu,0
2015-06-23,Uasin Gishu,1
2015-06-24,Uasin Gishu,0
2015-06-25,Uasin Gishu,0
2015-06-26,Uasin Gishu,2
2015-06-27,Uasin Gishu,0
2015-06-28,Uasin Gishu,2
2015-06-29,Uasin Gishu,1
2015-06-30,Uasin Gishu,1
2015-07-01,Uasin Gishu,1
2015-07-02,Uasin Gishu,0
2015-07-03,Uasin Gishu,2
2015-07-04,Uasin Gishu,2
2015-07-05,Uasin Gishu,2
2015-07-06,Uasin Gishu,1
2015-07-07,Uasin Gishu,2
2015-07-08,Uasin Gishu,2
2015-07-09,Uasin Gishu,1
2015-07-10,Uasin Gishu,1
2015-07-11,Uasin Gishu,2
2015-07-12,Uasin Gishu,1
2015-07-13,Uasin Gishu,0
2015-07-14,Uasin Gishu,1
2015-07-15,Uasin Gishu,0
2015-07-16,Uasin Gishu,1
2015-07-17,Uasin Gishu,2
2015-07-18,Uasin Gishu,1
2015-07-19,Uasin Gishu,1
2015-07-20,Uasin Gishu,1
2015-07-21,Uasin Gishu,1
2015-07-22,Uasin Gishu,1
2015-07-23,Uasin Gishu,0
2015-07-24,Uasin Gishu,0
2015-07-25,Uasin Gishu,0
2015-07-26,Uasin Gishu,1
2015-07-27,Uasin Gishu,2
2015-07-28,Uasin Gishu,0
2015-07-29,Uasin Gishu,0
2015-07-30,Uasin Gishu,2
2015-07-31,Uasin Gishu,2
2015-08-01,Uasin Gishu,1
2015-08-02,Uasin Gishu,1
2015-08-03,Uasin Gishu,1
2015-08-04,Uasin Gishu,1
2015-08-05,Uasin Gishu,1
2015-08-06,Uasin Gishu,0
2015-08-07,Uasin Gishu,1
2015-08-08,Uasin Gishu,2
2015-08-09,Uasin Gishu,0
2015-08-10,Uasin Gishu,0
2015-08-11,Uasin Gishu,0
2015-08-12,Uasin Gishu,1
2015-08-13,Uasin Gishu,0
2015-08-14,Uasin Gishu,1
2015-08-15,Uasin Gishu,2
2015-08-16,Uasin Gishu,0
2015-08-17,Uasin Gishu,2
2015-08-18,Uasin Gishu,1
2015-08-19,Uasin Gishu,2
2015-08-20,Uasin Gishu,2
2015-08-21,Uasin Gishu,0
2015-08-22,Uasin Gishu,0
2015-08-23,Uasin Gishu,2
2015-08-24,Uasin Gishu,1
2015-08-25,Uasin Gishu,0
2015-08-26,Uasin Gishu,1
2015-08-27,Uasin Gishu,2
2015-08-28,Uasin Gishu,1
2015-08-29,Uasin Gishu,0
2015-08-30,Uasin Gishu,1
2015-08-31,Uasin Gishu,2
2015-09-01,Uasin Gishu,2
2015-09-02,Uasin Gishu,1
2015-09-03,Uasin Gishu,0
2015-09-04,Uasin Gishu,0
2015-09-05,Uasin Gishu,0
2015-09-06,Uasin Gishu,1
2015-09-07,Uasin Gishu,2
2015-09-08,Uasin Gishu,2
2015-09-09,Uasin Gishu,0
2015-09-10,Uasin Gishu,1
2015-09-11,Uasin Gishu,0
2015-09-12,Uasin Gishu,0
2015-09-13,Uasin Gishu,2
2015-09-14,Uasin Gishu,2
2015-09-15,Uasin Gishu,0
2015-09-16,Uasin Gishu,1
2015-09-17,Uasin Gishu,1
2015-09-18,Uasin Gishu,1
2015-09-19,Uasin Gishu,1
2015-09-20,Uasin Gishu,0
2015-09-21,Uasin Gishu,1
2015-09-22,Uasin Gishu,1
2015-09-23,Uasin Gishu,0
2015-09-24,Uasin Gishu,2
2015-09-25,Uasin Gishu,0
2015-09-26,Uasin Gishu,0
2015-09-27,Uasin Gishu,2
2015-09-28,Uasin Gishu,1
2015-09-29,Uasin Gishu,0
2015-09-30,Uasin Gishu,2
2015-10-01,Uasin Gishu,1
2015-10-02,Uasin Gishu,1
2015-10-03,Uasin Gishu,1
2015-10-04,Uasin Gishu,1
2015-10-05,Uasin Gishu,2
2015-10-06,Uasin Gishu,2
2015-10-07,Uasin Gishu,0
2015-10-08,Uasin Gishu,1
2015-10-09,Uasin Gishu,0
2015-10-10,Uasin Gishu,2
2015-10-11,Uasin Gishu,2
2015-10-12,Uasin Gishu,0
2015-10-13,Uasin Gishu,0
2015-10-14,Uasin Gishu,0
2015-10-15,Uasin Gishu,2
2015-10-16,Uasin Gishu,1
2015-10-17,Uasin Gishu,0
2015-10-18,Uasin Gishu,2
2015-10-19,Uasin Gishu,8
2015-10-20,Uasin Gishu,8
2015-10-21,Uasin Gishu,0
2015-10-22,Uasin Gishu,9
2015-10-23,Uasin Gishu,1
2015-10-24,Uasin Gishu,1
2015-10-25,Uasin Gishu,1
2015-10-26,Uasin Gishu,1
2015-10-27,Uasin Gishu,0
2015-10-28,Uasin Gishu,0
2015-10-29,Uasin Gishu,2
2015-10-30,Uasin Gishu,0
2015-10-31,Uasin Gishu,2
2015-11-01,Uasin Gishu,1
2015-11-02,Uasin Gishu,0
2015-11-03,Uasin Gishu,2
2015-11-04,Uasin Gishu,0
2015-11-05,Uasin Gishu,2
2015-11-06,Uasin Gishu,0
2015-11-07,Uasin Gishu,2
2015-11-08,Uasin Gishu,2
2015-11-09,Uasin Gishu,8
2015-11-10,Uasin Gishu,0
2015-11-11,Uasin Gishu,0
2015-11-12,Uasin Gishu,0
2015-11-13,Uasin Gishu,1
2015-11-14,Uasin Gishu,1
2015-11-15,Uasin Gishu,0
2015-11-16,Uasin Gishu,1
2015-11-17,Uasin Gishu,1
2015-11-18,Uasin Gishu,1
2015-11-19,Uasin Gishu,2
2015-11-20,Uasin Gishu,19
2015-11-21,Uasin Gishu,1
2015-11-22,Uasin Gishu,1
2015-11-23,Uasin Gishu,2
2015-11-24,Uasin Gishu,2
2015-11-25,Uasin Gishu,1
2015-11-26,Uasin Gishu,2
2015-11-27,Uasin Gishu,7
2015-11-28,Uasin Gishu,1
2015-11-29,Uasin Gishu,2
2015-11-30,Uasin Gishu,0
2015-12-01,Uasin Gishu,2
2015-12-02,Uasin Gishu,1
2015-12-03,Uasin Gishu,0
2015-12-04,Uasin Gishu,1
2015-12-05,Uasin Gishu,2
2015-12-06,Uasin Gishu,0
2015-12-07,Uasin Gishu,1
2015-12-08,Uasin Gishu,0
2015-12-09,Uasin Gishu,1
2015-12-10,Uasin Gishu,0
2015-12-11,Uasin Gishu,1
2015-12-12,Uasin Gishu,0
2015-12-13,Uasin Gishu,1
2015-12-14,Uasin Gishu,0
2015-12-15,Uasin Gishu,2
2015-12-16,Uasin Gishu,2
2015-12-17,Uasin Gishu,1
2015-12-18,Uasin Gishu,0
2015-12-19,Uasin Gishu,0
2015-12-20,Uasin Gishu,0
2015-12-21,Uasin Gishu,0
2015-12-22,Uasin Gishu,0
2015-12-23,Uasin Gishu,2
2015-12-24,Uasin Gishu,1
2015-12-25,Uasin Gishu,2
2015-12-26,Uasin Gishu,2
2015-12-27,Uasin Gishu,2
2015-12-28,Uasin Gishu,2
2015-12-29,Uasin Gishu,2
2015-12-30,Uasin Gishu,2
2015-12-31,Uasin Gishu,0
2016-01-01,Uasin Gishu,0
2016-01-02,Uasin Gishu,1
2016-01-03,Uasin Gishu,0
2016-01-04,Uasin Gishu,2
2016-01-05,Uasin Gishu,0
2016-01-06,Uasin Gishu,0
2016-01-07,Uasin Gishu,1
2016-01-08,Uasin Gishu,0
2016-01-09,Uasin Gishu,2
2016-01-10,Uasin Gishu,0
2016-01-11,Uasin Gishu,2
2016-01-12,Uasin Gishu,1
2016-01-13,Uasin Gishu,2
2016-01-14,Uasin Gishu,1
2016-01-15,Uasin Gishu,0
2016-01-16,Uasin Gishu,1
2016-01-17,Uasin Gishu,2
2016-01-18,Uasin Gishu,1
2016-01-19,Uasin Gishu,0
2016-01-20,Uasin Gishu,0
2016-01-21,Uasin Gishu,1
2016-01-22,Uasin Gishu,1
2016-01-23,Uasin Gishu,0
2016-01-24,Uasin Gishu,2
2016-01-25,Uasin Gishu,2
2016-01-26,Uasin Gishu,0
2016-01-27,Uasin Gishu,2
2016-01-28,Uasin Gishu,1
2016-01-29,Uasin Gishu,1
2016-01-30,Uasin Gishu,1
2016-01-31,Uasin Gishu,0
2016-02-01,Uasin Gishu,2
2016-02-02,Uasin Gishu,1
2016-02-03,Uasin Gishu,0
2016-02-04,Uasin Gishu,1
2016-02-05,Uasin Gishu,1
2016-02-06,Uasin Gishu,0
2016-02-07,Uasin Gishu,0
2016-02-08,Uasin Gishu,1
2016-02-09,Uasin Gishu,1
2016-02-10,Uasin Gishu,0
2016-02-11,Uasin Gishu,1
2016-02-12,Uasin Gishu,2
2016-02-13,Uasin Gishu,1
2016-02-14,Uasin Gishu,2
2016-02-15,Uasin Gishu,2
2016-02-16,Uasin Gishu,1
2016-02-17,Uasin Gishu,1
2016-02-18,Uasin Gishu,1
2016-02-19,Uasin Gishu,2
2016-02-20,Uasin Gishu,2
2016-02-21,Uasin Gishu,0
2016-02-22,Uasin Gishu,0
2016-02-23,Uasin Gishu,1
2016-02-24,Uasin Gishu,0
2016-02-25,Uasin Gishu,0
2016-02-26,Uasin Gishu,0
2016-02-27,Uasin Gishu,1
2016-02-28,Uasin Gishu,2
2016-02-29,Uasin Gishu,0
2016-03-01,Uasin Gishu,0
2016-03-02,Uasin Gishu,0
2016-03-03,Uasin Gishu,1
2016-03-04,Uasin Gishu,9
2016-03-05,Uasin Gishu,11
2016-03-06,Uasin Gishu,1
2016-03-07,Uasin Gishu,8
2016-03-08,Uasin Gishu,1
2016-03-09,Uasin Gishu,19
2016-03-10,Uasin Gishu,22
2016-03-11,Uasin Gishu,1
2016-03-12,Uasin Gishu,1
2016-03-13,Uasin Gishu,0
2016-03-14,Uasin Gishu,15
2016-03-15,Uasin Gishu,2
2016-03-16,Uasin Gishu,1
2016-03-17,Uasin Gishu,1
2016-03-18,Uasin Gishu,9
2016-03-19,Uasin Gishu,2
2016-03-20,Uasin Gishu,2
2016-03-21,Uasin Gishu,22
2016-03-22,Uasin Gishu,1
2016-03-23,Uasin Gishu,7
2016-03-24,Uasin Gishu,18
2016-03-25,Uasin Gishu,14
2016-03-26,Uasin Gishu,0
2016-03-27,Uasin Gishu,6
2016-03-28,Uasin Gishu,8
2016-03-29,Uasin Gishu,0
2016-03-30,Uasin Gishu,1
2016-03-31,Uasin Gishu,18
2016-04-01,Uasin Gishu,0
2016-04-02,Uasin Gishu,1
2016-04-03,Uasin Gishu,2
2016-04-04,Uasin Gishu,2
2016-04-05,Uasin Gishu,2
2016-04-06,Uasin Gishu,22
2016-04-07,Uasin Gishu,15
2016-04-08,Uasin Gishu,9
2016-04-09,Uasin Gishu,0
2016-04-10,Uasin Gishu,0
2016-04-11,Uasin Gishu,0
2016-04-12,Uasin Gishu,1
2016-04-13,Uasin Gishu,24
2016-04-14,Uasin Gishu,8
2016-04-15,Uasin Gishu,2
2016-04-16,Uasin Gishu,2
2016-04-17,Uasin Gishu,0
2016-04-18,Uasin Gishu,12
2016-04-19,Uasin Gishu,16
2016-04-20,Uasin Gishu,10
2016-04-21,Uasin Gishu,0
2016-04-22,Uasin Gishu,1
2016-04-23,Uasin Gishu,13
2016-04-24,Uasin Gishu,25
2016-04-25,Uasin Gishu,0
2016-04-26,Uasin Gishu,0
2016-04-27,Uasin Gishu,2
2016-04-28,Uasin Gishu,13
2016-04-29,Uasin Gishu,15
2016-04-30,Uasin Gishu,2
2016-05-01,Uasin Gishu,1
2016-05-02,Uasin Gishu,10
2016-05-03,Uasin Gishu,1
2016-05-04,Uasin Gishu,14
2016-05-05,Uasin Gishu,0
2016-05-06,Uasin Gishu,12
2016-05-07,Uasin Gishu,2
2016-05-08,Uasin Gishu,15
2016-05-09,Uasin Gishu,2
2016-05-10,Uasin Gishu,17
2016-05-11,Uasin Gishu,0
2016-05-12,Uasin Gishu,18
2016-05-13,Uasin Gishu,3
2016-05-14,Uasin Gishu,2
2016-05-15,Uasin Gishu,8
2016-05-16,Uasin Gishu,0
2016-05-17,Uasin Gishu,18
2016-05-18,Uasin Gishu,1
2016-05-19,Uasin Gishu,0
2016-05-20,Uasin Gishu,0
2016-05-21,Uasin Gishu,0
2016-05-22,Uasin Gishu,12
2016-05-23,Uasin Gishu,0
2016-05-24,Uasin Gishu,2
2016-05-25,Uasin Gishu,11
2016-05-26,Uasin Gishu,13
2016-05-27,Uasin Gishu,16
2016-05-28,Uasin Gishu,7
2016-05-29,Uasin Gishu,16
2016-05-30,Uasin Gishu,8
2016-05-31,Uasin Gishu,1
2016-06-01,Uasin Gishu,1
2016-06-02,Uasin Gishu,0
2016-06-03,Uasin Gishu,1
2016-06-04,Uasin Gishu,0
2016-06-05,Uasin Gishu,1
2016-06-06,Uasin Gishu,0
2016-06-07,Uasin Gishu,1
2016-06-08,Uasin Gishu,2
2016-06-09,Uasin Gishu,1
2016-06-10,Uasin Gishu,2
2016-06-11,Uasin Gishu,1
2016-06-12,Uasin Gishu,1
2016-06-13,Uasin Gishu,1
2016-06-14,Uasin Gishu,2
2016-06-15,Uasin Gishu,1
2016-06-16,Uasin Gishu,1
2016-06-17,Uasin Gishu,1
2016-06-18,Uasin Gishu,1
2016-06-19,Uasin Gishu,2
2016-06-20,Uasin Gishu,1
2016-06-21,Uasin Gishu,1
2016-06-22,Uasin Gishu,2
2016-06-23,Uasin Gishu,0
2016-06-24,Uasin Gishu,1
2016-06-25,Uasin Gishu,2
2016-06-26,Uasin Gishu,1
2016-06-27,Uasin Gishu,2
2016-06-28,Uasin Gishu,0
2016-06-29,Uasin Gishu,2
2016-06-30,Uasin Gishu,0
2016-07-01,Uasin Gishu,1
2016-07-02,Uasin Gishu,2
2016-07-03,Uasin Gishu,1
2016-07-04,Uasin Gishu,2
2016-07-05,Uasin Gishu,2
2016-07-06,Uasin Gishu,2
2016-07-07,Uasin Gishu,1
2016-07-08,Uasin Gishu,0
2016-07-09,Uasin Gishu,1
2016-07-10,Uasin Gishu,0
2016-07-11,Uasin Gishu,1
2016-07-12,Uasin Gishu,1
2016-07-13,Uasin Gishu,1
2016-07-14,Uasin Gishu,1
2016-07-15,Uasin Gishu,2
2016-07-16,Uasin Gishu,0
2016-07-17,Uasin Gishu,0
2016-07-18,Uasin Gishu,1
2016-07-19,Uasin Gishu,0
2016-07-20,Uasin Gishu,1
2016-07-21,Uasin Gishu,1
2016-07-22,Uasin Gishu,0
2016-07-23,Uasin Gishu,1
2016-07-24,Uasin Gishu,0
2016-07-25,Uasin Gishu,2
2016-07-26,Uasin Gishu,1
2016-07-27,Uasin Gishu,0
2016-07-28,Uasin Gishu,0
2016-07-29,Uasin Gishu,1
2016-07-30,Uasin Gishu,2
2016-07-31,Uasin Gishu,1
2016-08-01,Uasin Gishu,0
2016-08-02,Uasin Gishu,1
2016-08-03,Uasin Gishu,1
2016-08-04,Uasin Gishu,2
2016-08-05,Uasin Gishu,0
2016-08-06,Uasin Gishu,1
2016-08-07,Uasin Gishu,1
2016-08-08,Uasin Gishu,2
2016-08-09,Uasin Gishu,1
2016-08-10,Uasin Gishu,1
2016-08-11,Uasin Gishu,1
2016-08-12,Uasin Gishu,0
2016-08-13,Uasin Gishu,0
2016-08-14,Uasin Gishu,0
2016-08-15,Uasin Gishu,2
2016-08-16,Uasin Gishu,1
2016-08-17,Uasin Gishu,2
2016-08-18,Uasin Gishu,2
2016-08-19,Uasin Gishu,2
2016-08-20,Uasin Gishu,0
2016-08-21,Uasin Gishu,0
2016-08-22,Uasin Gishu,0
2016-08-23,Uasin Gishu,1
2016-08-24,Uasin Gishu,2
2016-08-25,Uasin Gishu,0
2016-08-26,Uasin Gishu,1
2016-08-27,Uasin Gishu,0
2016-08-28,Uasin Gishu,2
2016-08-29,Uasin Gishu,2
2016-08-30,Uasin Gishu,2
2016-08-31,Uasin Gishu,2
2016-09-01,Uasin Gishu,1
2016-09-02,Uasin Gishu,0
2016-09-03,Uasin Gishu,2
2016-09-04,Uasin Gishu,1
2016-09-05,Uasin Gishu,1
2016-09-06,Uasin Gishu,0
2016-09-07,Uasin Gishu,0
2016-09-08,Uasin Gishu,1
2016-09-09,Uasin Gishu,0
2016-09-10,Uasin Gishu,1
2016-09-11,Uasin Gishu,0
2016-09-12,Uasin Gishu,2
2016-09-13,Uasin Gishu,0
2016-09-14,Uasin Gishu,0
2016-09-15,Uasin Gishu,0
2016-09-16,Uasin Gishu,2
2016-09-17,Uasin Gishu,2
2016-09-18,Uasin Gishu,2
2016-09-19,Uasin Gishu,0
2016-09-20,Uasin Gishu,1
2016-09-21,Uasin Gishu,0
2016-09-22,Uasin Gishu,2
2016-09-23,Uasin Gishu,2
2016-09-24,Uasin Gishu,0
2016-09-25,Uasin Gishu,2
2016-09-26,Uasin Gishu,2
2016-09-27,Uasin Gishu,0
2016-09-28,Uasin Gishu,2
2016-09-29,Uasin Gishu,0
2016-09-30,Uasin Gishu,1
2016-10-01,Uasin Gishu,1
2015-01-01,Elgeyo Marakwet,1
2015-01-02,Elgeyo Marakwet,0
2015-01-03,Elgeyo Marakwet,1
2015-01-04,Elgeyo Marakwet,2
2015-01-05,Elgeyo Marakwet,2
2015-01-06,Elgeyo Marakwet,2
2015-01-07,Elgeyo Marakwet,0
2015-01-08,Elgeyo Marakwet,2
2015-01-09,Elgeyo Marakwet,0
2015-01-10,Elgeyo Marakwet,2
2015-01-11,Elgeyo Marakwet,1
2015-01-12,Elgeyo Marakwet,2
2015-01-13,Elgeyo Marakwet,1
2015-01-14,Elgeyo Marakwet,0
2015-01-15,Elgeyo Marakwet,2
2015-01-16,Elgeyo Marakwet,0
2015-01-17,Elgeyo Marakwet,1
2015-01-18,Elgeyo Marakwet,2
2015-01-19,Elgeyo Marakwet,1
2015-01-20,Elgeyo Marakwet,2
2015-01-21,Elgeyo Marakwet,2
2015-01-22,Elgeyo Marakwet,2
2015-01-23,Elgeyo Marakwet,0
2015-01-24,Elgeyo Marakwet,0
2015-01-25,Elgeyo Marakwet,2
2015-01-26,Elgeyo Marakwet,0
2015-01-27,Elgeyo Marakwet,0
2015-01-28,Elgeyo Marakwet,2
2015-01-29,Elgeyo Marakwet,0
2015-01-30,Elgeyo Marakwet,1
2015-01-31,Elgeyo Marakwet,2
2015-02-01,Elgeyo Marakwet,1
2015-02-02,Elgeyo Marakwet,2
2015-02-03,Elgeyo Marakwet,0
2015-02-04,Elgeyo Marakwet,0
2015-02-05,Elgeyo Marakwet,1
2015-02-06,Elgeyo Marakwet,2
2015-02-07,Elgeyo Marakwet,2
2015-02-08,Elgeyo Marakwet,1
2015-02-09,Elgeyo Marakwet,0
2015-02-10,Elgeyo Marakwet,0
2015-02-11,Elgeyo Marakwet,1
2015-02-12,Elgeyo Marakwet,2
2015-02-13,Elgeyo Marakwet,0
2015-02-14,Elgeyo Marakwet,1
2015-02-15,Elgeyo Marakwet,2
2015-02-16,Elgeyo Marakwet,1
2015-02-17,Elgeyo Marakwet,2
2015-02-18,Elgeyo Marakwet,1
2015-02-19,Elgeyo Marakwet,0
2015-02-20,Elgeyo Marakwet,2
2015-02-21,Elgeyo Marakwet,1
2015-02-22,Elgeyo Marakwet,0
2015-02-23,Elgeyo Marakwet,0
2015-02-24,Elgeyo Marakwet,1
2015-02-25,Elgeyo Marakwet,2
2015-02-26,Elgeyo Marakwet,2
2015-02-27,Elgeyo Marakwet,0
2015-02-28,Elgeyo Marakwet,2
2015-03-01,Elgeyo Marakwet,0
2015-03-02,Elgeyo Marakwet,12
2015-03-03,Elgeyo Marakwet,19
2015-03-04,Elgeyo Marakwet,2
2015-03-05,Elgeyo Marakwet,1
2015-03-06,Elgeyo Marakwet,21
2015-03-07,Elgeyo Marakwet,20
2015-03-08,Elgeyo Marakwet,11
2015-03-09,Elgeyo Marakwet,1
2015-03-10,Elgeyo Marakwet,16
2015-03-11,Elgeyo Marakwet,0
2015-03-12,Elgeyo Marakwet,2
2015-03-13,Elgeyo Marakwet,2
2015-03-14,Elgeyo Marakwet,0
2015-03-15,Elgeyo Marakwet,13
2015-03-16,Elgeyo Marakwet,2
2015-03-17,Elgeyo Marakwet,1
2015-03-18,Elgeyo Marakwet,1
2015-03-19,Elgeyo Marakwet,1
2015-03-20,Elgeyo Marakwet,1
2015-03-21,Elgeyo Marakwet,3
2015-03-22,Elgeyo Marakwet,5
2015-03-23,Elgeyo Marakwet,1
2015-03-24,Elgeyo Marakwet,1
2015-03-25,Elgeyo Marakwet,2
2015-03-26,Elgeyo Marakwet,1
2015-03-27,Elgeyo Marakwet,6
2015-03-28,Elgeyo Marakwet,2
2015-03-29,Elgeyo Marakwet,16
2015-03-30,Elgeyo Marakwet,2
2015-03-31,Elgeyo Marakwet,4
2015-04-01,Elgeyo Marakwet,0
2015-04-02,Elgeyo Marakwet,18
2015-04-03,Elgeyo Marakwet,0
2015-04-04,Elgeyo Marakwet,1
2015-04-05,Elgeyo Marakwet,0
2015-04-06,Elgeyo Marakwet,1
2015-04-07,Elgeyo Marakwet,7
2015-04-08,Elgeyo Marakwet,5
2015-04-09,Elgeyo Marakwet,0
2015-04-10,Elgeyo Marakwet,13
2015-04-11,Elgeyo Marakwet,1
2015-04-12,Elgeyo Marakwet,10
2015-04-13,Elgeyo Marakwet,5
2015-04-14,Elgeyo Marakwet,11
2015-04-15,Elgeyo Marakwet,13
2015-04-16,Elgeyo Marakwet,19
2015-04-17,Elgeyo Marakwet,0
2015-04-18,Elgeyo Marakwet,2
2015-04-19,Elgeyo Marakwet,4
2015-04-20,Elgeyo Marakwet,2
2015-04-21,Elgeyo Marakwet,10
2015-04-22,Elgeyo Marakwet,0
2015-04-23,Elgeyo Marakwet,15
2015-04-24,Elgeyo Marakwet,18
2015-04-25,Elgeyo Marakwet,0
2015-04-26,Elgeyo Marakwet,14
2015-04-27,Elgeyo Marakwet,9
2015-04-28,Elgeyo Marakwet,2
2015-04-29,Elgeyo Marakwet,1
2015-04-30,Elgeyo Marakwet,13
2015-05-01,Elgeyo Marakwet,1
2015-05-02,Elgeyo Marakwet,0
2015-05-03,Elgeyo Marakwet,0
2015-05-04,Elgeyo Marakwet,16
2015-05-05,Elgeyo Marakwet,2
2015-05-06,Elgeyo Marakwet,0
2015-05-07,Elgeyo Marakwet,0
2015-05-08,Elgeyo Marakwet,9
2015-05-09,Elgeyo Marakwet,11
2015-05-10,Elgeyo Marakwet,18
2015-05-11,Elgeyo Marakwet,25
2015-05-12,Elgeyo Marakwet,13
2015-05-13,Elgeyo Marakwet,0
2015-05-14,Elgeyo Marakwet,18
2015-05-15,Elgeyo Marakwet,18
2015-05-16,Elgeyo Marakwet,6
2015-05-17,Elgeyo Marakwet,13
2015-05-18,Elgeyo Marakwet,26
2015-05-19,Elgeyo Marakwet,2
2015-05-20,Elgeyo Marakwet,8
2015-05-21,Elgeyo Marakwet,14
2015-05-22,Elgeyo Marakwet,1
2015-05-23,Elgeyo Marakwet,17
2015-05-24,Elgeyo Marakwet,16
2015-05-25,Elgeyo Marakwet,2
2015-05-26,Elgeyo Marakwet,12
2015-05-27,Elgeyo Marakwet,13
2015-05-28,Elgeyo Marakwet,15
2015-05-29,Elgeyo Marakwet,0
2015-05-30,Elgeyo Marakwet,18
2015-05-31,Elgeyo Marakwet,2
2015-06-01,Elgeyo Marakwet,1
2015-06-02,Elgeyo Marakwet,2
2015-06-03,Elgeyo Marakwet,2
2015-06-04,Elgeyo Marakwet,2
2015-06-05,Elgeyo Marakwet,1
2015-06-06,Elgeyo Marakwet,1
2015-06-07,Elgeyo Marakwet,0
2015-06-08,Elgeyo Marakwet,2
2015-06-09,Elgeyo Marakwet,0
2015-06-10,Elgeyo Marakwet,1
2015-06-11,Elgeyo Marakwet,2
2015-06-12,Elgeyo Marakwet,1
2015-06-13,Elgeyo Marakwet,2
2015-06-14,Elgeyo Marakwet,1
2015-06-15,Elgeyo Marakwet,2
2015-06-16,Elgeyo Marakwet,2
2015-06-17,Elgeyo Marakwet,0
2015-06-18,Elgeyo Marakwet,2
2015-06-19,Elgeyo Marakwet,2
2015-06-20,Elgeyo Marakwet,0
2015-06-21,Elgeyo Marakwet,2
2015-06-22,Elgeyo Marakwet,0
2015-06-23,Elgeyo Marakwet,0
2015-06-24,Elgeyo Marakwet,1
2015-06-25,Elgeyo Marakwet,0
2015-06-26,Elgeyo Marakwet,2
2015-06-27,Elgeyo Marakwet,2
2015-06-28,Elgeyo Marakwet,0
2015-06-29,Elgeyo Marakwet,2
2015-06-30,Elgeyo Marakwet,0
2015-07-01,Elgeyo Marakwet,1
2015-07-02,Elgeyo Marakwet,0
2015-07-03,Elgeyo Marakwet,2
2015-07-04,Elgeyo Marakwet,1
2015-07-05,Elgeyo Marakwet,2
2015-07-06,Elgeyo Marakwet,2
2015-07-07,Elgeyo Marakwet,1
2015-07-08,Elgeyo Marakwet,0
2015-07-09,Elgeyo Marakwet,2
2015-07-10,Elgeyo Marakwet,2
2015-07-11,Elgeyo Marakwet,0
2015-07-12,Elgeyo Marakwet,1
2015-07-13,Elgeyo Marakwet,1
2015-07-14,Elgeyo Marakwet,1
2015-07-15,Elgeyo Marakwet,1
2015-07-16,Elgeyo Marakwet,2
2015-07-17,Elgeyo Marakwet,1
2015-07-18,Elgeyo Marakwet,1
2015-07-19,Elgeyo Marakwet,1
2015-07-20,Elgeyo Marakwet,0
2015-07-21,Elgeyo Marakwet,2
2015-07-22,Elgeyo Marakwet,1
2015-07-23,Elgeyo Marakwet,0
2015-07-24,Elgeyo Marakwet,2
2015-07-25,Elgeyo Marakwet,1
2015-07-26,Elgeyo Marakwet,2
2015-07-27,Elgeyo Marakwet,2
2015-07-28,Elgeyo Marakwet,2
2015-07-29,Elgeyo Marakwet,2
2015-07-30,Elgeyo Marakwet,0
2015-07-31,Elgeyo Marakwet,1
2015-08-01,Elgeyo Marakwet,1
2015-08-02,Elgeyo Marakwet,1
2015-08-03,Elgeyo Marakwet,2
2015-08-04,Elgeyo Marakwet,1
2015-08-05,Elgeyo Marakwet,2
2015-08-06,Elgeyo Marakwet,1
2015-08-07,Elgeyo Marakwet,0
2015-08-08,Elgeyo Marakwet,1
2015-08-09,Elgeyo Marakwet,2
2015-08-10,Elgeyo Marakwet,0
2015-08-11,Elgeyo Marakwet,2
2015-08-12,Elgeyo Marakwet,2
2015-08-13,Elgeyo Marakwet,1
2015-08-14,Elgeyo Marakwet,2
2015-08-15,Elgeyo Marakwet,0
2015-08-16,Elgeyo Marakwet,1
2015-08-17,Elgeyo Marakwet,1
2015-08-18,Elgeyo Marakwet,0
2015-08-19,Elgeyo Marakwet,0
2015-08-20,Elgeyo Marakwet,0
2015-08-21,Elgeyo Marakwet,2
2015-08-22,Elgeyo Marakwet,1
2015-08-23,Elgeyo Marakwet,2
2015-08-24,Elgeyo Marakwet,2
2015-08-25,Elgeyo Marakwet,0
2015-08-26,Elgeyo Marakwet,1
2015-08-27,Elgeyo Marakwet,2
2015-08-28,Elgeyo Marakwet,2
2015-08-29,Elgeyo Marakwet,0
2015-08-30,Elgeyo Marakwet,0
2015-08-31,Elgeyo Marakwet,2
2015-09-01,Elgeyo Marakwet,2
2015-09-02,Elgeyo Marakwet,0
2015-09-03,Elgeyo Marakwet,0
2015-09-04,Elgeyo Marakwet,0
2015-09-05,Elgeyo Marakwet,0
2015-09-06,Elgeyo Marakwet,1
2015-09-07,Elgeyo Marakwet,1
2015-09-08,Elgeyo Marakwet,1
2015-09-09,Elgeyo Marakwet,1
2015-09-10,Elgeyo Marakwet,1
2015-09-11,Elgeyo Marakwet,2
2015-09-12,Elgeyo Marakwet,0
2015-09-13,Elgeyo Marakwet,2
2015-09-14,Elgeyo Marakwet,2
2015-09-15,Elgeyo Marakwet,1
2015-09-16,Elgeyo Marakwet,2
2015-09-17,Elgeyo Marakwet,1
2015-09-18,Elgeyo Marakwet,1
2015-09-19,Elgeyo Marakwet,2
2015-09-20,Elgeyo Marakwet,0
2015-09-21,Elgeyo Marakwet,2
2015-09-22,Elgeyo Marakwet,1
2015-09-23,Elgeyo Marakwet,0
2015-09-24,Elgeyo Marakwet,2
2015-09-25,Elgeyo Marakwet,1
2015-09-26,Elgeyo Marakwet,0
2015-09-27,Elgeyo Marakwet,2
2015-09-28,Elgeyo Marakwet,2
2015-09-29,Elgeyo Marakwet,0
2015-09-30,Elgeyo Marakwet,1
2015-10-01,Elgeyo Marakwet,2
2015-10-02,Elgeyo Marakwet,1
2015-10-03,Elgeyo Marakwet,1
2015-10-04,Elgeyo Marakwet,12
2015-10-05,Elgeyo Marakwet,0
2015-10-06,Elgeyo Marakwet,1
2015-10-07,Elgeyo Marakwet,1
2015-10-08,Elgeyo Marakwet,1
2015-10-09,Elgeyo Marakwet,0
2015-10-10,Elgeyo Marakwet,0
2015-10-11,Elgeyo Marakwet,2
2015-10-12,Elgeyo Marakwet,2
2015-10-13,Elgeyo Marakwet,0
2015-10-14,Elgeyo Marakwet,1
2015-10-15,Elgeyo Marakwet,1
2015-10-16,Elgeyo Marakwet,1
2015-10-17,Elgeyo Marakwet,1
2015-10-18,Elgeyo Marakwet,2
2015-10-19,Elgeyo Marakwet,2
2015-10-20,Elgeyo Marakwet,1
2015-10-21,Elgeyo Marakwet,2
2015-10-22,Elgeyo Marakwet,0
2015-10-23,Elgeyo Marakwet,0
2015-10-24,Elgeyo Marakwet,0
2015-10-25,Elgeyo Marakwet,2
2015-10-26,Elgeyo Marakwet,1
2015-10-27,Elgeyo Marakwet,0
2015-10-28,Elgeyo Marakwet,1
2015-10-29,Elgeyo Marakwet,2
2015-10-30,Elgeyo Marakwet,0
2015-10-31,Elgeyo Marakwet,2
2015-11-01,Elgeyo Marakwet,2
2015-11-02,Elgeyo Marakwet,0
2015-11-03,Elgeyo Marakwet,0
2015-11-04,Elgeyo Marakwet,1
2015-11-05,Elgeyo Marakwet,2
2015-11-06,Elgeyo Marakwet,1
2015-11-07,Elgeyo Marakwet,0
2015-11-08,Elgeyo Marakwet,2
2015-11-09,Elgeyo Marakwet,2
2015-11-10,Elgeyo Marakwet,2
2015-11-11,Elgeyo Marakwet,1
2015-11-12,Elgeyo Marakwet,2
2015-11-13,Elgeyo Marakwet,0
2015-11-14,Elgeyo Marakwet,0
2015-11-15,Elgeyo Marakwet,2
2015-11-16,Elgeyo Marakwet,1
2015-11-17,Elgeyo Marakwet,0
2015-11-18,Elgeyo Marakwet,0
2015-11-19,Elgeyo Marakwet,0
2015-11-20,Elgeyo Marakwet,1
2015-11-21,Elgeyo Marakwet,1
2015-11-22,Elgeyo Marakwet,0
2015-11-23,Elgeyo Marakwet,2
2015-11-24,Elgeyo Marakwet,1
2015-11-25,Elgeyo Marakwet,2
2015-11-26,Elgeyo Marakwet,2
2015-11-27,Elgeyo Marakwet,1
2015-11-28,Elgeyo Marakwet,0
2015-11-29,Elgeyo Marakwet,1
2015-11-30,Elgeyo Marakwet,1
2015-12-01,Elgeyo Marakwet,2
2015-12-02,Elgeyo Marakwet,0
2015-12-03,Elgeyo Marakwet,1
2015-12-04,Elgeyo Marakwet,0
2015-12-05,Elgeyo Marakwet,0
2015-12-06,Elgeyo Marakwet,2
2015-12-07,Elgeyo Marakwet,0
2015-12-08,Elgeyo Marakwet,2
2015-12-09,Elgeyo Marakwet,0
2015-12-10,Elgeyo Marakwet,1
2015-12-11,Elgeyo Marakwet,0
2015-12-12,Elgeyo Marakwet,1
2015-12-13,Elgeyo Marakwet,1
2015-12-14,Elgeyo Marakwet,0
2015-12-15,Elgeyo Marakwet,2
2015-12-16,Elgeyo Marakwet,2
2015-12-17,Elgeyo Marakwet,1
2015-12-18,Elgeyo Marakwet,1
2015-12-19,Elgeyo Marakwet,1
2015-12-20,Elgeyo Marakwet,0
2015-12-21,Elgeyo Marakwet,0
2015-12-22,Elgeyo Marakwet,2
2015-12-23,Elgeyo Marakwet,1
2015-12-24,Elgeyo Marakwet,1
2015-12-25,Elgeyo Marakwet,0
2015-12-26,Elgeyo Marakwet,0
2015-12-27,Elgeyo Marakwet,2
2015-12-28,Elgeyo Marakwet,1
2015-12-29,Elgeyo Marakwet,0
2015-12-30,Elgeyo Marakwet,2
2015-12-31,Elgeyo Marakwet,0
2016-01-01,Elgeyo Marakwet,0
2016-01-02,Elgeyo Marakwet,1
2016-01-03,Elgeyo Marakwet,1
2016-01-04,Elgeyo Marakwet,2
2016-01-05,Elgeyo Marakwet,1
2016-01-06,Elgeyo Marakwet,2
2016-01-07,Elgeyo Marakwet,0
2016-01-08,Elgeyo Marakwet,0
2016-01-09,Elgeyo Marakwet,0
2016-01-10,Elgeyo Marakwet,1
2016-01-11,Elgeyo Marakwet,1
2016-01-12,Elgeyo Marakwet,2
2016-01-13,Elgeyo Marakwet,2
2016-01-14,Elgeyo Marakwet,0
2016-01-15,Elgeyo Marakwet,1
2016-01-16,Elgeyo Marakwet,2
2016-01-17,Elgeyo Marakwet,2
2016-01-18,Elgeyo Marakwet,1
2016-01-19,Elgeyo Marakwet,0
2016-01-20,Elgeyo Marakwet,1
2016-01-21,Elgeyo Marakwet,2
2016-01-22,Elgeyo Marakwet,0
2016-01-23,Elgeyo Marakwet,2
2016-01-24,Elgeyo Marakwet,0
2016-01-25,Elgeyo Marakwet,1
2016-01-26,Elgeyo Marakwet,1
2016-01-27,Elgeyo Marakwet,0
2016-01-28,Elgeyo Marakwet,2
2016-01-29,Elgeyo Marakwet,1
2016-01-30,Elgeyo Marakwet,2
2016-01-31,Elgeyo Marakwet,0
2016-02-01,Elgeyo Marakwet,1
2016-02-02,Elgeyo Marakwet,2
2016-02-03,Elgeyo Marakwet,2
2016-02-04,Elgeyo Marakwet,0
2016-02-05,Elgeyo Marakwet,1
2016-02-06,Elgeyo Marakwet,2
2016-02-07,Elgeyo Marakwet,0
2016-02-08,Elgeyo Marakwet,1
2016-02-09,Elgeyo Marakwet,1
2016-02-10,Elgeyo Marakwet,1
2016-02-11,Elgeyo Marakwet,0
2016-02-12,Elgeyo Marakwet,1
2016-02-13,Elgeyo Marakwet,0
2016-02-14,Elgeyo Marakwet,2
2016-02-15,Elgeyo Marakwet,0
2016-02-16,Elgeyo Marakwet,0
2016-02-17,Elgeyo Marakwet,1
2016-02-18,Elgeyo Marakwet,2
2016-02-19,Elgeyo Marakwet,1
2016-02-20,Elgeyo Marakwet,1
2016-02-21,Elgeyo Marakwet,1
2016-02-22,Elgeyo Marakwet,1
2016-02-23,Elgeyo Marakwet,1
2016-02-24,Elgeyo Marakwet,0
2016-02-25,Elgeyo Marakwet,2
2016-02-26,Elgeyo Marakwet,2
2016-02-27,Elgeyo Marakwet,1
2016-02-28,Elgeyo Marakwet,2
2016-02-29,Elgeyo Marakwet,0
2016-03-01,Elgeyo Marakwet,0
2016-03-02,Elgeyo Marakwet,1
2016-03-03,Elgeyo Marakwet,7
2016-03-04,Elgeyo Marakwet,2
2016-03-05,Elgeyo Marakwet,15
2016-03-06,Elgeyo Marakwet,2
2016-03-07,Elgeyo Marakwet,0
2016-03-08,Elgeyo Marakwet,16
2016-03-09,Elgeyo Marakwet,2
2016-03-10,Elgeyo Marakwet,1
2016-03-11,Elgeyo Marakwet,1
2016-03-12,Elgeyo Marakwet,9
2016-03-13,Elgeyo Marakwet,12
2016-03-14,Elgeyo Marakwet,2
2016-03-15,Elgeyo Marakwet,0
2016-03-16,Elgeyo Marakwet,20
2016-03-17,Elgeyo Marakwet,24
2016-03-18,Elgeyo Marakwet,2
2016-03-19,Elgeyo Marakwet,10
2016-03-20,Elgeyo Marakwet,11
2016-03-21,Elgeyo Marakwet,15
2016-03-22,Elgeyo Marakwet,11
2016-03-23,Elgeyo Marakwet,25
2016-03-24,Elgeyo Marakwet,9
2016-03-25,Elgeyo Marakwet,2
2016-03-26,Elgeyo Marakwet,0
2016-03-27,Elgeyo Marakwet,0
2016-03-28,Elgeyo Marakwet,2
2016-03-29,Elgeyo Marakwet,1
2016-03-30,Elgeyo Marakwet,7
2016-03-31,Elgeyo Marakwet,0
2016-04-01,Elgeyo Marakwet,1
2016-04-02,Elgeyo Marakwet,1
2016-04-03,Elgeyo Marakwet,0
2016-04-04,Elgeyo Marakwet,0
2016-04-05,Elgeyo Marakwet,18
2016-04-06,Elgeyo Marakwet,2
2016-04-07,Elgeyo Marakwet,1
2016-04-08,Elgeyo Marakwet,0
2016-04-09,Elgeyo Marakwet,1
2016-04-10,Elgeyo Marakwet,0
2016-04-11,Elgeyo Marakwet,0
2016-04-12,Elgeyo Marakwet,19
2016-04-13,Elgeyo Marakwet,1
2016-04-14,Elgeyo Marakwet,8
2016-04-15,Elgeyo Marakwet,2
2016-04-16,Elgeyo Marakwet,0
2016-04-17,Elgeyo Marakwet,11
2016-04-18,Elgeyo Marakwet,27
2016-04-19,Elgeyo Marakwet,0
2016-04-20,Elgeyo Marakwet,10
2016-04-21,Elgeyo Marakwet,0
2016-04-22,Elgeyo Marakwet,2
2016-04-23,Elgeyo Marakwet,23
2016-04-24,Elgeyo Marakwet,14
2016-04-25,Elgeyo Marakwet,0
2016-04-26,Elgeyo Marakwet,0
2016-04-27,Elgeyo Marakwet,2
2016-04-28,Elgeyo Marakwet,2
2016-04-29,Elgeyo Marakwet,1
2016-04-30,Elgeyo Marakwet,2
2016-05-01,Elgeyo Marakwet,1
2016-05-02,Elgeyo Marakwet,1
2016-05-03,Elgeyo Marakwet,0
2016-05-04,Elgeyo Marakwet,20
2016-05-05,Elgeyo Marakwet,0
2016-05-06,Elgeyo Marakwet,1
2016-05-07,Elgeyo Marakwet,1
2016-05-08,Elgeyo Marakwet,2
2016-05-09,Elgeyo Marakwet,2
2016-05-10,Elgeyo Marakwet,12
2016-05-11,Elgeyo Marakwet,17
2016-05-12,Elgeyo Marakwet,6
2016-05-13,Elgeyo Marakwet,2
2016-05-14,Elgeyo Marakwet,21
2016-05-15,Elgeyo Marakwet,2
2016-05-16,Elgeyo Marakwet,2
2016-05-17,Elgeyo Marakwet,2
2016-05-18,Elgeyo Marakwet,13
2016-05-19,Elgeyo Marakwet,13
2016-05-20,Elgeyo Marakwet,2
2016-05-21,Elgeyo Marakwet,2
2016-05-22,Elgeyo Marakwet,1
2016-05-23,Elgeyo Marakwet,16
2016-05-24,Elgeyo Marakwet,2
2016-05-25,Elgeyo Marakwet,15
2016-05-26,Elgeyo Marakwet,0
2016-05-27,Elgeyo Marakwet,15
2016-05-28,Elgeyo Marakwet,11
2016-05-29,Elgeyo Marakwet,10
2016-05-30,Elgeyo Marakwet,1
2016-05-31,Elgeyo Marakwet,2
2016-06-01,Elgeyo Marakwet,0
2016-06-02,Elgeyo Marakwet,0
2016-06-03,Elgeyo Marakwet,0
2016-06-04,Elgeyo Marakwet,1
2016-06-05,Elgeyo Marakwet,2
2016-06-06,Elgeyo Marakwet,2
2016-06-07,Elgeyo Marakwet,2
2016-06-08,Elgeyo Marakwet,1
2016-06-09,Elgeyo Marakwet,2
2016-06-10,Elgeyo Marakwet,0
2016-06-11,Elgeyo Marakwet,0
2016-06-12,Elgeyo Marakwet,1
2016-06-13,Elgeyo Marakwet,1
2016-06-14,Elgeyo Marakwet,0
2016-06-15,Elgeyo Marakwet,1
2016-06-16,Elgeyo Marakwet,0
2016-06-17,Elgeyo Marakwet,2
2016-06-18,Elgeyo Marakwet,2
2016-06-19,Elgeyo Marakwet,2
2016-06-20,Elgeyo Marakwet,2
2016-06-21,Elgeyo Marakwet,0
2016-06-22,Elgeyo Marakwet,0
2016-06-23,Elgeyo Marakwet,0
2016-06-24,Elgeyo Marakwet,1
2016-06-25,Elgeyo Marakwet,0
2016-06-26,Elgeyo Marakwet,1
2016-06-27,Elgeyo Marakwet,1
2016-06-28,Elgeyo Marakwet,0
2016-06-29,Elgeyo Marakwet,2
2016-06-30,Elgeyo Marakwet,2
2016-07-01,Elgeyo Marakwet,2
2016-07-02,Elgeyo Marakwet,2
2016-07-03,Elgeyo Marakwet,1
2016-07-04,Elgeyo Marakwet,0
2016-07-05,Elgeyo Marakwet,0
2016-07-06,Elgeyo Marakwet,1
2016-07-07,Elgeyo Marakwet,0
2016-07-08,Elgeyo Marakwet,0
2016-07-09,Elgeyo Marakwet,1
2016-07-10,Elgeyo Marakwet,1
2016-07-11,Elgeyo Marakwet,2
2016-07-12,Elgeyo Marakwet,2
2016-07-13,Elgeyo Marakwet,0
2016-07-14,Elgeyo Marakwet,1
2016-07-15,Elgeyo Marakwet,2
2016-07-16,Elgeyo Marakwet,0
2016-07-17,Elgeyo Marakwet,0
2016-07-18,Elgeyo Marakwet,0
2016-07-19,Elgeyo Marakwet,0
2016-07-20,Elgeyo Marakwet,1
2016-07-21,Elgeyo Marakwet,1
2016-07-22,Elgeyo Marakwet,2
2016-07-23,Elgeyo Marakwet,1
2016-07-24,Elgeyo Marakwet,0
2016-07-25,Elgeyo Marakwet,2
2016-07-26,Elgeyo Marakwet,1
2016-07-27,Elgeyo Marakwet,1
2016-07-28,Elgeyo Marakwet,2
2016-07-29,Elgeyo Marakwet,2
2016-07-30,Elgeyo Marakwet,0
2016-07-31,Elgeyo Marakwet,2
2016-08-01,Elgeyo Marakwet,0
2016-08-02,Elgeyo Marakwet,1
2016-08-03,Elgeyo Marakwet,2
2016-08-04,Elgeyo Marakwet,2
2016-08-05,Elgeyo Marakwet,1
2016-08-06,Elgeyo Marakwet,1
2016-08-07,Elgeyo Marakwet,2
2016-08-08,Elgeyo Marakwet,0
2016-08-09,Elgeyo Marakwet,1
2016-08-10,Elgeyo Marakwet,0
2016-08-11,Elgeyo Marakwet,1
2016-08-12,Elgeyo Marakwet,0
2016-08-13,Elgeyo Marakwet,2
2016-08-14,Elgeyo Marakwet,0
2016-08-15,Elgeyo Marakwet,1
2016-08-16,Elgeyo Marakwet,0
2016-08-17,Elgeyo Marakwet,0
2016-08-18,Elgeyo Marakwet,1
2016-08-19,Elgeyo Marakwet,2
2016-08-20,Elgeyo Marakwet,1
2016-08-21,Elgeyo Marakwet,0
2016-08-22,Elgeyo Marakwet,2
2016-08-23,Elgeyo Marakwet,0
2016-08-24,Elgeyo Marakwet,2
2016-08-25,Elgeyo Marakwet,2
2016-08-26,Elgeyo Marakwet,2
2016-08-27,Elgeyo Marakwet,0
2016-08-28,Elgeyo Marakwet,2
2016-08-29,Elgeyo Marakwet,2
2016-08-30,Elgeyo Marakwet,0
2016-08-31,Elgeyo Marakwet,2
2016-09-01,Elgeyo Marakwet,1
2016-09-02,Elgeyo Marakwet,0
2016-09-03,Elgeyo Marakwet,2
2016-09-04,Elgeyo Marakwet,0
2016-09-05,Elgeyo Marakwet,1
2016-09-06,Elgeyo Marakwet,0
2016-09-07,Elgeyo Marakwet,0
2016-09-08,Elgeyo Marakwet,1
2016-09-09,Elgeyo Marakwet,2
2016-09-10,Elgeyo Marakwet,0
2016-09-11,Elgeyo Marakwet,2
2016-09-12,Elgeyo Marakwet,0
2016-09-13,Elgeyo Marakwet,1
2016-09-14,Elgeyo Marakwet,0
2016-09-15,Elgeyo Marakwet,2
2016-09-16,Elgeyo Marakwet,1
2016-09-17,Elgeyo Marakwet,2
2016-09-18,Elgeyo Marakwet,0
2016-09-19,Elgeyo Marakwet,2
2016-09-20,Elgeyo Marakwet,1
2016-09-21,Elgeyo Marakwet,1
2016-09-22,Elgeyo Marakwet,0
2016-09-23,Elgeyo Marakwet,2
2016-09-24,Elgeyo Marakwet,2
2016-09-25,Elgeyo Marakwet,0
2016-09-26,Elgeyo Marakwet,0
2016-09-27,Elgeyo Marakwet,0
2016-09-28,Elgeyo Marakwet,2
2016-09-29,Elgeyo Marakwet,1
2016-09-30,Elgeyo Marakwet,1
2016-10-01,Elgeyo Marakwet,1
2015-01-01,Nandi,0
2015-01-02,Nandi,2
2015-01-03,Nandi,0
2015-01-04,Nandi,0
2015-01-05,Nandi,2
2015-01-06,Nandi,2
2015-01-07,Nandi,1
2015-01-08,Nandi,1
2015-01-09,Nandi,1
2015-01-10,Nandi,0
2015-01-11,Nandi,0
2015-01-12,Nandi,0
2015-01-13,Nandi,2
2015-01-14,Nandi,2
2015-01-15,Nandi,2
2015-01-16,Nandi,0
2015-01-17,Nandi,1
2015-01-18,Nandi,0
2015-01-19,Nandi,0
2015-01-20,Nandi,1
2015-01-21,Nandi,2
2015-01-22,Nandi,0
2015-01-23,Nandi,1
2015-01-24,Nandi,1
2015-01-25,Nandi,0
2015-01-26,Nandi,2
2015-01-27,Nandi,1
2015-01-28,Nandi,1
2015-01-29,Nandi,0
2015-01-30,Nandi,2
2015-01-31,Nandi,2
2015-02-01,Nandi,1
2015-02-02,Nandi,2
2015-02-03,Nandi,1
2015-02-04,Nandi,2
2015-02-05,Nandi,1
2015-02-06,Nandi,2
2015-02-07,Nandi,2
2015-02-08,Nandi,1
2015-02-09,Nandi,1
2015-02-10,Nandi,2
2015-02-11,Nandi,1
2015-02-12,Nandi,0
2015-02-13,Nandi,0
2015-02-14,Nandi,2
2015-02-15,Nandi,0
2015-02-16,Nandi,1
2015-02-17,Nandi,0
2015-02-18,Nandi,1
2015-02-19,Nandi,0
2015-02-20,Nandi,1
2015-02-21,Nandi,2
2015-02-22,Nandi,2
2015-02-23,Nandi,1
2015-02-24,Nandi,1
2015-02-25,Nandi,1
2015-02-26,Nandi,2
2015-02-27,Nandi,2
2015-02-28,Nandi,0
2015-03-01,Nandi,7
2015-03-02,Nandi,17
2015-03-03,Nandi,11
2015-03-04,Nandi,8
2015-03-05,Nandi,18
2015-03-06,Nandi,17
2015-03-07,Nandi,5
2015-03-08,Nandi,9
2015-03-09,Nandi,0
2015-03-10,Nandi,1
2015-03-11,Nandi,11
2015-03-12,Nandi,10
2015-03-13,Nandi,2
2015-03-14,Nandi,16
2015-03-15,Nandi,17
2015-03-16,Nandi,1
2015-03-17,Nandi,17
2015-03-18,Nandi,1
2015-03-19,Nandi,1
2015-03-20,Nandi,22
2015-03-21,Nandi,16
2015-03-22,Nandi,0
2015-03-23,Nandi,2
2015-03-24,Nandi,2
2015-03-25,Nandi,0
2015-03-26,Nandi,8
2015-03-27,Nandi,0
2015-03-28,Nandi,20
2015-03-29,Nandi,2
2015-03-30,Nandi,14
2015-03-31,Nandi,1
2015-04-01,Nandi,0
2015-04-02,Nandi,0
2015-04-03,Nandi,2
2015-04-04,Nandi,16
2015-04-05,Nandi,21
2015-04-06,Nandi,12
2015-04-07,Nandi,15
2015-04-08,Nandi,8
2015-04-09,Nandi,18
2015-04-10,Nandi,13
2015-04-11,Nandi,15
2015-04-12,Nandi,2
2015-04-13,Nandi,0
2015-04-14,Nandi,8
2015-04-15,Nandi,2
2015-04-16,Nandi,2
2015-04-17,Nandi,10
2015-04-18,Nandi,0
2015-04-19,Nandi,16
2015-04-20,Nandi,9
2015-04-21,Nandi,10
2015-04-22,Nandi,0
2015-04-23,Nandi,7
2015-04-24,Nandi,0
2015-04-25,Nandi,0
2015-04-26,Nandi,2
2015-04-27,Nandi,20
2015-04-28,Nandi,0
2015-04-29,Nandi,0
2015-04-30,Nandi,20
2015-05-01,Nandi,15
2015-05-02,Nandi,2
2015-05-03,Nandi,2
2015-05-04,Nandi,14
2015-05-05,Nandi,2
2015-05-06,Nandi,11
2015-05-07,Nandi,14
2015-05-08,Nandi,1
2015-05-09,Nandi,19
2015-05-10,Nandi,0
2015-05-11,Nandi,2
2015-05-12,Nandi,15
2015-05-13,Nandi,2
2015-05-14,Nandi,15
2015-05-15,Nandi,20
2015-05-16,Nandi,16
2015-05-17,Nandi,15
2015-05-18,Nandi,2
2015-05-19,Nandi,2
2015-05-20,Nandi,17
2015-05-21,Nandi,0
2015-05-22,Nandi,0
2015-05-23,Nandi,1
2015-05-24,Nandi,11
2015-05-25,Nandi,0
2015-05-26,Nandi,2
2015-05-27,Nandi,20
2015-05-28,Nandi,5
2015-05-29,Nandi,1
2015-05-30,Nandi,13
2015-05-31,Nandi,2
2015-06-01,Nandi,1
2015-06-02,Nandi,2
2015-06-03,Nandi,1
2015-06-04,Nandi,1
2015-06-05,Nandi,2
2015-06-06,Nandi,1
2015-06-07,Nandi,2
2015-06-08,Nandi,1
2015-06-09,Nandi,2
2015-06-10,Nandi,2
2015-06-11,Nandi,1
2015-06-12,Nandi,0
2015-06-13,Nandi,1
2015-06-14,Nandi,2
2015-06-15,Nandi,2
2015-06-16,Nandi,2
2015-06-17,Nandi,1
2015-06-18,Nandi,0
2015-06-19,Nandi,0
2015-06-20,Nandi,2
2015-06-21,Nandi,1
2015-06-22,Nandi,2
2015-06-23,Nandi,2
2015-06-24,Nandi,1
2015-06-25,Nandi,0
2015-06-26,Nandi,2
2015-06-27,Nandi,0
2015-06-28,Nandi,1
2015-06-29,Nandi,0
2015-06-30,Nandi,2
2015-07-01,Nandi,1
2015-07-02,Nandi,2
2015-07-03,Nandi,2
2015-07-04,Nandi,2
2015-07-05,Nandi,2
2015-07-06,Nandi,0
2015-07-07,Nandi,0
2015-07-08,Nandi,2
2015-07-09,Nandi,1
2015-07-10,Nandi,2
2015-07-11,Nandi,0
2015-07-12,Nandi,2
2015-07-13,Nandi,1
2015-07-14,Nandi,1
2015-07-15,Nandi,0
2015-07-16,Nandi,0
2015-07-17,Nandi,2
2015-07-18,Nandi,0
2015-07-19,Nandi,1
2015-07-20,Nandi,1
2015-07-21,Nandi,2
2015-07-22,Nandi,1
2015-07-23,Nandi,1
2015-07-24,Nandi,2
2015-07-25,Nandi,2
2015-07-26,Nandi,2
2015-07-27,Nandi,0
2015-07-28,Nandi,2
2015-07-29,Nandi,1
2015-07-30,Nandi,2
2015-07-31,Nandi,0
2015-08-01,Nandi,2
2015-08-02,Nandi,2
2015-08-03,Nandi,0
2015-08-04,Nandi,2
2015-08-05,Nandi,2
2015-08-06,Nandi,2
2015-08-07,Nandi,1
2015-08-08,Nandi,2
2015-08-09,Nandi,1
2015-08-10,Nandi,2
2015-08-11,Nandi,2
2015-08-12,Nandi,2
2015-08-13,Nandi,1
2015-08-14,Nandi,2
2015-08-15,Nandi,1
2015-08-16,Nandi,0
2015-08-17,Nandi,2
2015-08-18,Nandi,1
2015-08-19,Nandi,0
2015-08-20,Nandi,1
2015-08-21,Nandi,2
2015-08-22,Nandi,1
2015-08-23,Nandi,1
2015-08-24,Nandi,1
2015-08-25,Nandi,2
2015-08-26,Nandi,0
2015-08-27,Nandi,1
2015-08-28,Nandi,1
2015-08-29,Nandi,1
2015-08-30,Nandi,2
2015-08-31,Nandi,0
2015-09-01,Nandi,2
2015-09-02,Nandi,0
2015-09-03,Nandi,1
2015-09-04,Nandi,1
2015-09-05,Nandi,1
2015-09-06,Nandi,0
2015-09-07,Nandi,2
2015-09-08,Nandi,1
2015-09-09,Nandi,0
2015-09-10,Nandi,1
2015-09-11,Nandi,1
2015-09-12,Nandi,1
2015-09-13,Nandi,2
2015-09-14,Nandi,1
2015-09-15,Nandi,1
2015-09-16,Nandi,1
2015-09-17,Nandi,2
2015-09-18,Nandi,1
2015-09-19,Nandi,0
2015-09-20,Nandi,1
2015-09-21,Nandi,2
2015-09-22,Nandi,0
2015-09-23,Nandi,0
2015-09-24,Nandi,2
2015-09-25,Nandi,1
2015-09-26,Nandi,2
2015-09-27,Nandi,1
2015-09-28,Nandi,1
2015-09-29,Nandi,2
2015-09-30,Nandi,1
2015-10-01,Nandi,0
2015-10-02,Nandi,1
2015-10-03,Nandi,2
2015-10-04,Nandi,1
2015-10-05,Nandi,6
2015-10-06,Nandi,11
2015-10-07,Nandi,0
2015-10-08,Nandi,0
2015-10-09,Nandi,1
2015-10-10,Nandi,1
2015-10-11,Nandi,1
2015-10-12,Nandi,1
2015-10-13,Nandi,0
2015-10-14,Nandi,2
2015-10-15,Nandi,18
2015-10-16,Nandi,12
2015-10-17,Nandi,0
2015-10-18,Nandi,0
2015-10-19,Nandi,1
2015-10-20,Nandi,0
2015-10-21,Nandi,1
2015-10-22,Nandi,2
2015-10-23,Nandi,1
2015-10-24,Nandi,1
2015-10-25,Nandi,2
2015-10-26,Nandi,1
2015-10-27,Nandi,0
2015-10-28,Nandi,1
2015-10-29,Nandi,1
2015-10-30,Nandi,1
2015-10-31,Nandi,0
2015-11-01,Nandi,2
2015-11-02,Nandi,2
2015-11-03,Nandi,0
2015-11-04,Nandi,1
2015-11-05,Nandi,0
2015-11-06,Nandi,2
2015-11-07,Nandi,1
2015-11-08,Nandi,1
2015-11-09,Nandi,1
2015-11-10,Nandi,1
2015-11-11,Nandi,0
2015-11-12,Nandi,0
2015-11-13,Nandi,14
2015-11-14,Nandi,1
2015-11-15,Nandi,2
2015-11-16,Nandi,1
2015-11-17,Nandi,2
2015-11-18,Nandi,1
2015-11-19,Nandi,1
2015-11-20,Nandi,1
2015-11-21,Nandi,11
2015-11-22,Nandi,1
2015-11-23,Nandi,0
2015-11-24,Nandi,0
2015-11-25,Nandi,2
2015-11-26,Nandi,2
2015-11-27,Nandi,10
2015-11-28,Nandi,2
2015-11-29,Nandi,2
2015-11-30,Nandi,1
2015-12-01,Nandi,1
2015-12-02,Nandi,2
2015-12-03,Nandi,0
2015-12-04,Nandi,1
2015-12-05,Nandi,2
2015-12-06,Nandi,1
2015-12-07,Nandi,2
2015-12-08,Nandi,2
2015-12-09,Nandi,0
2015-12-10,Nandi,1
2015-12-11,Nandi,1
2015-12-12,Nandi,2
2015-12-13,Nandi,2
2015-12-14,Nandi,2
2015-12-15,Nandi,2
2015-12-16,Nandi,0
2015-12-17,Nandi,1
2015-12-18,Nandi,1
2015-12-19,Nandi,0
2015-12-20,Nandi,2
2015-12-21,Nandi,2
2015-12-22,Nandi,0
2015-12-23,Nandi,1
2015-12-24,Nandi,0
2015-12-25,Nandi,0
2015-12-26,Nandi,0
2015-12-27,Nandi,1
2015-12-28,Nandi,0
2015-12-29,Nandi,1
2015-12-30,Nandi,0
2015-12-31,Nandi,2
2016-01-01,Nandi,0
2016-01-02,Nandi,1
2016-01-03,Nandi,1
2016-01-04,Nandi,2
2016-01-05,Nandi,2
2016-01-06,Nandi,2
2016-01-07,Nandi,2
2016-01-08,Nandi,1
2016-01-09,Nandi,2
2016-01-10,Nandi,0
2016-01-11,Nandi,2
2016-01-12,Nandi,1
2016-01-13,Nandi,2
2016-01-14,Nandi,2
2016-01-15,Nandi,2
2016-01-16,Nandi,2
2016-01-17,Nandi,2
2016-01-18,Nandi,0
2016-01-19,Nandi,0
2016-01-20,Nandi,0
2016-01-21,Nandi,1
2016-01-22,Nandi,1
2016-01-23,Nandi,2
2016-01-24,Nandi,1
2016-01-25,Nandi,1
2016-01-26,Nandi,0
2016-01-27,Nandi,0
2016-01-28,Nandi,2
2016-01-29,Nandi,0
2016-01-30,Nandi,0
2016-01-31,Nandi,1
2016-02-01,Nandi,2
2016-02-02,Nandi,0
2016-02-03,Nandi,0
2016-02-04,Nandi,1
2016-02-05,Nandi,1
2016-02-06,Nandi,2
2016-02-07,Nandi,2
2016-02-08,Nandi,0
2016-02-09,Nandi,0
2016-02-10,Nandi,0
2016-02-11,Nandi,2
2016-02-12,Nandi,0
2016-02-13,Nandi,0
2016-02-14,Nandi,2
2016-02-15,Nandi,2
2016-02-16,Nandi,0
2016-02-17,Nandi,2
2016-02-18,Nandi,2
2016-02-19,Nandi,1
2016-02-20,Nandi,2
2016-02-21,Nandi,0
2016-02-22,Nandi,0
2016-02-23,Nandi,1
2016-02-24,Nandi,1
2016-02-25,Nandi,0
2016-02-26,Nandi,1
2016-02-27,Nandi,0
2016-02-28,Nandi,1
2016-02-29,Nandi,1
2016-03-01,Nandi,0
2016-03-02,Nandi,0
2016-03-03,Nandi,1
2016-03-04,Nandi,20
2016-03-05,Nandi,17
2016-03-06,Nandi,11
2016-03-07,Nandi,13
2016-03-08,Nandi,2
2016-03-09,Nandi,11
2016-03-10,Nandi,20
2016-03-11,Nandi,1
2016-03-12,Nandi,14
2016-03-13,Nandi,13
2016-03-14,Nandi,16
2016-03-15,Nandi,1
2016-03-16,Nandi,1
2016-03-17,Nandi,0
2016-03-18,Nandi,11
2016-03-19,Nandi,0
2016-03-20,Nandi,2
2016-03-21,Nandi,0
2016-03-22,Nandi,13
2016-03-23,Nandi,19
2016-03-24,Nandi,1
2016-03-25,Nandi,1
2016-03-26,Nandi,11
2016-03-27,Nandi,0
2016-03-28,Nandi,8
2016-03-29,Nandi,0
2016-03-30,Nandi,2
2016-03-31,Nandi,1
2016-04-01,Nandi,7
2016-04-02,Nandi,0
2016-04-03,Nandi,15
2016-04-04,Nandi,12
2016-04-05,Nandi,2
2016-04-06,Nandi,13
2016-04-07,Nandi,18
2016-04-08,Nandi,6
2016-04-09,Nandi,1
2016-04-10,Nandi,16
2016-04-11,Nandi,11
2016-04-12,Nandi,2
2016-04-13,Nandi,25
2016-04-14,Nandi,0
2016-04-15,Nandi,2
2016-04-16,Nandi,16
2016-04-17,Nandi,0
2016-04-18,Nandi,20
2016-04-19,Nandi,11
2016-04-20,Nandi,2
2016-04-21,Nandi,8
2016-04-22,Nandi,2
2016-04-23,Nandi,16
2016-04-24,Nandi,19
2016-04-25,Nandi,0
2016-04-26,Nandi,6
2016-04-27,Nandi,0
2016-04-28,Nandi,2
2016-04-29,Nandi,2
2016-04-30,Nandi,6
2016-05-01,Nandi,2
2016-05-02,Nandi,2
2016-05-03,Nandi,1
2016-05-04,Nandi,23
2016-05-05,Nandi,6
2016-05-06,Nandi,2
2016-05-07,Nandi,2
2016-05-08,Nandi,19
2016-05-09,Nandi,2
2016-05-10,Nandi,2
2016-05-11,Nandi,17
2016-05-12,Nandi,11
2016-05-13,Nandi,11
2016-05-14,Nandi,17
2016-05-15,Nandi,18
2016-05-16,Nandi,1
2016-05-17,Nandi,24
2016-05-18,Nandi,1
2016-05-19,Nandi,7
2016-05-20,Nandi,13
2016-05-21,Nandi,1
2016-05-22,Nandi,19
2016-05-23,Nandi,19
2016-05-24,Nandi,1
2016-05-25,Nandi,0
2016-05-26,Nandi,14
2016-05-27,Nandi,18
2016-05-28,Nandi,17
2016-05-29,Nandi,0
2016-05-30,Nandi,21
2016-05-31,Nandi,4
2016-06-01,Nandi,2
2016-06-02,Nandi,2
2016-06-03,Nandi,0
2016-06-04,Nandi,2
2016-06-05,Nandi,1
2016-06-06,Nandi,0
2016-06-07,Nandi,1
2016-06-08,Nandi,0
2016-06-09,Nandi,2
2016-06-10,Nandi,1
2016-06-11,Nandi,1
2016-06-12,Nandi,2
2016-06-13,Nandi,1
2016-06-14,Nandi,0
2016-06-15,Nandi,0
2016-06-16,Nandi,1
2016-06-17,Nandi,0
2016-06-18,Nandi,1
2016-06-19,Nandi,1
2016-06-20,Nandi,2
2016-06-21,Nandi,2
2016-06-22,Nandi,0
2016-06-23,Nandi,0
2016-06-24,Nandi,0
2016-06-25,Nandi,2
2016-06-26,Nandi,1
2016-06-27,Nandi,1
2016-06-28,Nandi,0
2016-06-29,Nandi,1
2016-06-30,Nandi,2
2016-07-01,Nandi,2
2016-07-02,Nandi,0
2016-07-03,Nandi,0
2016-07-04,Nandi,1
2016-07-05,Nandi,2
2016-07-06,Nandi,2
2016-07-07,Nandi,0
2016-07-08,Nandi,2
2016-07-09,Nandi,0
2016-07-10,Nandi,1
2016-07-11,Nandi,1
2016-07-12,Nandi,0
2016-07-13,Nandi,1
2016-07-14,Nandi,0
2016-07-15,Nandi,0
2016-07-16,Nandi,2
2016-07-17,Nandi,0
2016-07-18,Nandi,0
2016-07-19,Nandi,0
2016-07-20,Nandi,0
2016-07-21,Nandi,1
2016-07-22,Nandi,2
2016-07-23,Nandi,0
2016-07-24,Nandi,0
2016-07-25,Nandi,0
2016-07-26,Nandi,0
2016-07-27,Nandi,0
2016-07-28,Nandi,0
2016-07-29,Nandi,1
2016-07-30,Nandi,1
2016-07-31,Nandi,0
2016-08-01,Nandi,0
2016-08-02,Nandi,1
2016-08-03,Nandi,1
2016-08-04,Nandi,1
2016-08-05,Nandi,0
2016-08-06,Nandi,1
2016-08-07,Nandi,0
2016-08-08,Nandi,1
2016-08-09,Nandi,1
2016-08-10,Nandi,0
2016-08-11,Nandi,1
2016-08-12,Nandi,0
2016-08-13,Nandi,1
2016-08-14,Nandi,0
2016-08-15,Nandi,0
2016-08-16,Nandi,0
2016-08-17,Nandi,1
2016-08-18,Nandi,2
2016-08-19,Nandi,0
2016-08-20,Nandi,1
2016-08-21,Nandi,0
2016-08-22,Nandi,0
2016-08-23,Nandi,1
2016-08-24,Nandi,2
2016-08-25,Nandi,0
2016-08-26,Nandi,2
2016-08-27,Nandi,2
2016-08-28,Nandi,1
2016-08-29,Nandi,0
2016-08-30,Nandi,2
2016-08-31,Nandi,1
2016-09-01,Nandi,2
2016-09-02,Nandi,0
2016-09-03,Nandi,1
2016-09-04,Nandi,2
2016-09-05,Nandi,2
2016-09-06,Nandi,2
2016-09-07,Nandi,0
2016-09-08,Nandi,2
2016-09-09,Nandi,2
2016-09-10,Nandi,0
2016-09-11,Nandi,0
2016-09-12,Nandi,1
2016-09-13,Nandi,0
2016-09-14,Nandi,1
2016-09-15,Nandi,1
2016-09-16,Nandi,1
2016-09-17,Nandi,2
2016-09-18,Nandi,0
2016-09-19,Nandi,2
2016-09-20,Nandi,2
2016-09-21,Nandi,0
2016-09-22,Nandi,0
2016-09-23,Nandi,1
2016-09-24,Nandi,2
2016-09-25,Nandi,0
2016-09-26,Nandi,0
2016-09-27,Nandi,2
2016-09-28,Nandi,2
2016-09-29,Nandi,1
2016-09-30,Nandi,1
2016-10-01,Nandi,0
2015-01-01,Baringo,0
2015-01-02,Baringo,1
2015-01-03,Baringo,2
2015-01-04,Baringo,1
2015-01-05,Baringo,1
2015-01-06,Baringo,2
2015-01-07,Baringo,0
2015-01-08,Baringo,2
2015-01-09,Baringo,2
2015-01-10,Baringo,0
2015-01-11,Baringo,1
2015-01-12,Baringo,0
2015-01-13,Baringo,2
2015-01-14,Baringo,1
2015-01-15,Baringo,1
2015-01-16,Baringo,1
2015-01-17,Baringo,1
2015-01-18,Baringo,2
2015-01-19,Baringo,2
2015-01-20,Baringo,1
2015-01-21,Baringo,1
2015-01-22,Baringo,0
2015-01-23,Baringo,1
2015-01-24,Baringo,0
2015-01-25,Baringo,0
2015-01-26,Baringo,1
2015-01-27,Baringo,2
2015-01-28,Baringo,2
2015-01-29,Baringo,0
2015-01-30,Baringo,1
2015-01-31,Baringo,0
2015-02-01,Baringo,2
2015-02-02,Baringo,1
2015-02-03,Baringo,1
2015-02-04,Baringo,2
2015-02-05,Baringo,1
2015-02-06,Baringo,0
2015-02-07,Baringo,2
2015-02-08,Baringo,1
2015-02-09,Baringo,2
2015-02-10,Baringo,0
2015-02-11,Baringo,2
2015-02-12,Baringo,1
2015-02-13,Baringo,2
2015-02-14,Baringo,1
2015-02-15,Baringo,1
2015-02-16,Baringo,0
2015-02-17,Baringo,2
2015-02-18,Baringo,2
2015-02-19,Baringo,1
2015-02-20,Baringo,0
2015-02-21,Baringo,2
2015-02-22,Baringo,1
2015-02-23,Baringo,2
2015-02-24,Baringo,2
2015-02-25,Baringo,1
2015-02-26,Baringo,0
2015-02-27,Baringo,1
2015-02-28,Baringo,1
2015-03-01,Baringo,8
2015-03-02,Baringo,10
2015-03-03,Baringo,0
2015-03-04,Baringo,15
2015-03-05,Baringo,0
2015-03-06,Baringo,14
2015-03-07,Baringo,15
2015-03-08,Baringo,0
2015-03-09,Baringo,3
2015-03-10,Baringo,0
2015-03-11,Baringo,1
2015-03-12,Baringo,16
2015-03-13,Baringo,19
2015-03-14,Baringo,23
2015-03-15,Baringo,11
2015-03-16,Baringo,0
2015-03-17,Baringo,16
2015-03-18,Baringo,11
2015-03-19,Baringo,0
2015-03-20,Baringo,0
2015-03-21,Baringo,13
2015-03-22,Baringo,10
2015-03-23,Baringo,2
2015-03-24,Baringo,6
2015-03-25,Baringo,24
2015-03-26,Baringo,20
2015-03-27,Baringo,11
2015-03-28,Baringo,2
2015-03-29,Baringo,15
2015-03-30,Baringo,7
2015-03-31,Baringo,8
2015-04-01,Baringo,17
2015-04-02,Baringo,2
2015-04-03,Baringo,12
2015-04-04,Baringo,18
2015-04-05,Baringo,2
2015-04-06,Baringo,10
2015-04-07,Baringo,2
2015-04-08,Baringo,7
2015-04-09,Baringo,8
2015-04-10,Baringo,1
2015-04-11,Baringo,0
2015-04-12,Baringo,2
2015-04-13,Baringo,3
2015-04-14,Baringo,14
2015-04-15,Baringo,11
2015-04-16,Baringo,0
2015-04-17,Baringo,6
2015-04-18,Baringo,15
2015-04-19,Baringo,0
2015-04-20,Baringo,2
2015-04-21,Baringo,2
2015-04-22,Baringo,2
2015-04-23,Baringo,9
2015-04-24,Baringo,2
2015-04-25,Baringo,0
2015-04-26,Baringo,7
2015-04-27,Baringo,0
2015-04-28,Baringo,1
2015-04-29,Baringo,0
2015-04-30,Baringo,10
2015-05-01,Baringo,0
2015-05-02,Baringo,0
2015-05-03,Baringo,2
2015-05-04,Baringo,12
2015-05-05,Baringo,9
2015-05-06,Baringo,7
2015-05-07,Baringo,11
2015-05-08,Baringo,2
2015-05-09,Baringo,18
2015-05-10,Baringo,9
2015-05-11,Baringo,1
2015-05-12,Baringo,14
2015-05-13,Baringo,11
2015-05-14,Baringo,17
2015-05-15,Baringo,22
2015-05-16,Baringo,13
2015-05-17,Baringo,2
2015-05-18,Baringo,0
2015-05-19,Baringo,14
2015-05-20,Baringo,8
2015-05-21,Baringo,14
2015-05-22,Baringo,0
2015-05-23,Baringo,0
2015-05-24,Baringo,12
2015-05-25,Baringo,2
2015-05-26,Baringo,2
2015-05-27,Baringo,7
2015-05-28,Baringo,18
2015-05-29,Baringo,10
2015-05-30,Baringo,9
2015-05-31,Baringo,2
2015-06-01,Baringo,1
2015-06-02,Baringo,0
2015-06-03,Baringo,0
2015-06-04,Baringo,0
2015-06-05,Baringo,1
2015-06-06,Baringo,1
2015-06-07,Baringo,2
2015-06-08,Baringo,0
2015-06-09,Baringo,0
2015-06-10,Baringo,1
2015-06-11,Baringo,0
2015-06-12,Baringo,0
2015-06-13,Baringo,0
2015-06-14,Baringo,2
2015-06-15,Baringo,0
2015-06-16,Baringo,2
2015-06-17,Baringo,2
2015-06-18,Baringo,2
2015-06-19,Baringo,1
2015-06-20,Baringo,0
2015-06-21,Baringo,0
2015-06-22,Baringo,0
2015-06-23,Baringo,1
2015-06-24,Baringo,2
2015-06-25,Baringo,1
2015-06-26,Baringo,2
2015-06-27,Baringo,1
2015-06-28,Baringo,2
2015-06-29,Baringo,0
2015-06-30,Baringo,2
2015-07-01,Baringo,2
2015-07-02,Baringo,0
2015-07-03,Baringo,0
2015-07-04,Baringo,0
2015-07-05,Baringo,2
2015-07-06,Baringo,1
2015-07-07,Baringo,0
2015-07-08,Baringo,1
2015-07-09,Baringo,1
2015-07-10,Baringo,1
2015-07-11,Baringo,1
2015-07-12,Baringo,1
2015-07-13,Baringo,0
2015-07-14,Baringo,1
2015-07-15,Baringo,0
2015-07-16,Baringo,2
2015-07-17,Baringo,0
2015-07-18,Baringo,0
2015-07-19,Baringo,0
2015-07-20,Baringo,1
2015-07-21,Baringo,2
2015-07-22,Baringo,0
2015-07-23,Baringo,0
2015-07-24,Baringo,2
2015-07-25,Baringo,1
2015-07-26,Baringo,2
2015-07-27,Baringo,2
2015-07-28,Baringo,1
2015-07-29,Baringo,2
2015-07-30,Baringo,2
2015-07-31,Baringo,1
2015-08-01,Baringo,2
2015-08-02,Baringo,1
2015-08-03,Baringo,2
2015-08-04,Baringo,0
2015-08-05,Baringo,0
2015-08-06,Baringo,1
2015-08-07,Baringo,2
2015-08-08,Baringo,0
2015-08-09,Baringo,2
2015-08-10,Baringo,0
2015-08-11,Baringo,2
2015-08-12,Baringo,2
2015-08-13,Baringo,1
2015-08-14,Baringo,1
2015-08-15,Baringo,1
2015-08-16,Baringo,2
2015-08-17,Baringo,0
2015-08-18,Baringo,1
2015-08-19,Baringo,2
2015-08-20,Baringo,0
2015-08-21,Baringo,1
2015-08-22,Baringo,0
2015-08-23,Baringo,2
2015-08-24,Baringo,2
2015-08-25,Baringo,1
2015-08-26,Baringo,0
2015-08-27,Baringo,2
2015-08-28,Baringo,1
2015-08-29,Baringo,0
2015-08-30,Baringo,2
2015-08-31,Baringo,0
2015-09-01,Baringo,2
2015-09-02,Baringo,1
2015-09-03,Baringo,0
2015-09-04,Baringo,0
2015-09-05,Baringo,0
2015-09-06,Baringo,0
2015-09-07,Baringo,1
2015-09-08,Baringo,2
2015-09-09,Baringo,0
2015-09-10,Baringo,1
2015-09-11,Baringo,2
2015-09-12,Baringo,0
2015-09-13,Baringo,1
2015-09-14,Baringo,1
2015-09-15,Baringo,2
2015-09-16,Baringo,0
2015-09-17,Baringo,0
2015-09-18,Baringo,1
2015-09-19,Baringo,2
2015-09-20,Baringo,1
2015-09-21,Baringo,0
2015-09-22,Baringo,1
2015-09-23,Baringo,0
2015-09-24,Baringo,0
2015-09-25,Baringo,0
2015-09-26,Baringo,1
2015-09-27,Baringo,1
2015-09-28,Baringo,2
2015-09-29,Baringo,1
2015-09-30,Baringo,1
2015-10-01,Baringo,1
2015-10-02,Baringo,1
2015-10-03,Baringo,1
2015-10-04,Baringo,1
2015-10-05,Baringo,2
2015-10-06,Baringo,0
2015-10-07,Baringo,0
2015-10-08,Baringo,2
2015-10-09,Baringo,2
2015-10-10,Baringo,2
2015-10-11,Baringo,2
2015-10-12,Baringo,0
2015-10-13,Baringo,0
2015-10-14,Baringo,1
2015-10-15,Baringo,1
2015-10-16,Baringo,2
2015-10-17,Baringo,2
2015-10-18,Baringo,2
2015-10-19,Baringo,1
2015-10-20,Baringo,14
2015-10-21,Baringo,0
2015-10-22,Baringo,1
2015-10-23,Baringo,2
2015-10-24,Baringo,0
2015-10-25,Baringo,0
2015-10-26,Baringo,0
2015-10-27,Baringo,2
2015-10-28,Baringo,1
2015-10-29,Baringo,2
2015-10-30,Baringo,0
2015-10-31,Baringo,8
2015-11-01,Baringo,0
2015-11-02,Baringo,1
2015-11-03,Baringo,21
2015-11-04,Baringo,2
2015-11-05,Baringo,1
2015-11-06,Baringo,0
2015-11-07,Baringo,2
2015-11-08,Baringo,10
2015-11-09,Baringo,1
2015-11-10,Baringo,2
2015-11-11,Baringo,2
2015-11-12,Baringo,1
2015-11-13,Baringo,2
2015-11-14,Baringo,1
2015-11-15,Baringo,0
2015-11-16,Baringo,0
2015-11-17,Baringo,0
2015-11-18,Baringo,2
2015-11-19,Baringo,0
2015-11-20,Baringo,2
2015-11-21,Baringo,1
2015-11-22,Baringo,1
2015-11-23,Baringo,2
2015-11-24,Baringo,1
2015-11-25,Baringo,12
2015-11-26,Baringo,8
2015-11-27,Baringo,1
2015-11-28,Baringo,0
2015-11-29,Baringo,0
2015-11-30,Baringo,18
2015-12-01,Baringo,2
2015-12-02,Baringo,0
2015-12-03,Baringo,2
2015-12-04,Baringo,2
2015-12-05,Baringo,1
2015-12-06,Baringo,0
2015-12-07,Baringo,1
2015-12-08,Baringo,0
2015-12-09,Baringo,2
2015-12-10,Baringo,2
2015-12-11,Baringo,2
2015-12-12,Baringo,0
2015-12-13,Baringo,2
2015-12-14,Baringo,2
2015-12-15,Baringo,2
2015-12-16,Baringo,0
2015-12-17,Baringo,2
2015-12-18,Baringo,2
2015-12-19,Baringo,0
2015-12-20,Baringo,1
2015-12-21,Baringo,2
2015-12-22,Baringo,0
2015-12-23,Baringo,2
2015-12-24,Baringo,1
2015-12-25,Baringo,1
2015-12-26,Baringo,0
2015-12-27,Baringo,2
2015-12-28,Baringo,1
2015-12-29,Baringo,2
2015-12-30,Baringo,2
2015-12-31,Baringo,0
2016-01-01,Baringo,0
2016-01-02,Baringo,0
2016-01-03,Baringo,2
2016-01-04,Baringo,2
2016-01-05,Baringo,2
2016-01-06,Baringo,0
2016-01-07,Baringo,0
2016-01-08,Baringo,2
2016-01-09,Baringo,1
2016-01-10,Baringo,2
2016-01-11,Baringo,0
2016-01-12,Baringo,2
2016-01-13,Baringo,2
2016-01-14,Baringo,2
2016-01-15,Baringo,1
2016-01-16,Baringo,1
2016-01-17,Baringo,0
2016-01-18,Baringo,2
2016-01-19,Baringo,2
2016-01-20,Baringo,0
2016-01-21,Baringo,1
2016-01-22,Baringo,0
2016-01-23,Baringo,2
2016-01-24,Baringo,0
2016-01-25,Baringo,0
2016-01-26,Baringo,1
2016-01-27,Baringo,0
2016-01-28,Baringo,0
2016-01-29,Baringo,1
2016-01-30,Baringo,0
2016-01-31,Baringo,2
2016-02-01,Baringo,0
2016-02-02,Baringo,1
2016-02-03,Baringo,1
2016-02-04,Baringo,0
2016-02-05,Baringo,1
2016-02-06,Baringo,2
2016-02-07,Baringo,2
2016-02-08,Baringo,2
2016-02-09,Baringo,2
2016-02-10,Baringo,0
2016-02-11,Baringo,0
2016-02-12,Baringo,0
2016-02-13,Baringo,0
2016-02-14,Baringo,1
2016-02-15,Baringo,2
2016-02-16,Baringo,0
2016-02-17,Baringo,2
2016-02-18,Baringo,2
2016-02-19,Baringo,0
2016-02-20,Baringo,0
2016-02-21,Baringo,0
2016-02-22,Baringo,0
2016-02-23,Baringo,2
2016-02-24,Baringo,1
2016-02-25,Baringo,1
2016-02-26,Baringo,0
2016-02-27,Baringo,1
2016-02-28,Baringo,0
2016-02-29,Baringo,1
2016-03-01,Baringo,12
2016-03-02,Baringo,2
2016-03-03,Baringo,1
2016-03-04,Baringo,7
2016-03-05,Baringo,14
2016-03-06,Baringo,8
2016-03-07,Baringo,13
2016-03-08,Baringo,14
2016-03-09,Baringo,7
2016-03-10,Baringo,14
2016-03-11,Baringo,13
2016-03-12,Baringo,0
2016-03-13,Baringo,1
2016-03-14,Baringo,0
2016-03-15,Baringo,10
2016-03-16,Baringo,12
2016-03-17,Baringo,9
2016-03-18,Baringo,3
2016-03-19,Baringo,13
2016-03-20,Baringo,21
2016-03-21,Baringo,11
2016-03-22,Baringo,1
2016-03-23,Baringo,1
2016-03-24,Baringo,18
2016-03-25,Baringo,12
2016-03-26,Baringo,2
2016-03-27,Baringo,15
2016-03-28,Baringo,15
2016-03-29,Baringo,2
2016-03-30,Baringo,1
2016-03-31,Baringo,18
2016-04-01,Baringo,0
2016-04-02,Baringo,1
2016-04-03,Baringo,2
2016-04-04,Baringo,2
2016-04-05,Baringo,0
2016-04-06,Baringo,9
2016-04-07,Baringo,12
2016-04-08,Baringo,0
2016-04-09,Baringo,12
2016-04-10,Baringo,1
2016-04-11,Baringo,14
2016-04-12,Baringo,20
2016-04-13,Baringo,12
2016-04-14,Baringo,0
2016-04-15,Baringo,16
2016-04-16,Baringo,1
2016-04-17,Baringo,1
2016-04-18,Baringo,2
2016-04-19,Baringo,12
2016-04-20,Baringo,14
2016-04-21,Baringo,1
2016-04-22,Baringo,1
2016-04-23,Baringo,25
2016-04-24,Baringo,0
2016-04-25,Baringo,23
2016-04-26,Baringo,7
2016-04-27,Baringo,8
2016-04-28,Baringo,0
2016-04-29,Baringo,2
2016-04-30,Baringo,0
2016-05-01,Baringo,16
2016-05-02,Baringo,18
2016-05-03,Baringo,0
2016-05-04,Baringo,0
2016-05-05,Baringo,0
2016-05-06,Baringo,13
2016-05-07,Baringo,16
2016-05-08,Baringo,14
2016-05-09,Baringo,1
2016-05-10,Baringo,1
2016-05-11,Baringo,11
2016-05-12,Baringo,7
2016-05-13,Baringo,15
2016-05-14,Baringo,2
2016-05-15,Baringo,2
2016-05-16,Baringo,2
2016-05-17,Baringo,2
2016-05-18,Baringo,4
2016-05-19,Baringo,13
2016-05-20,Baringo,0
2016-05-21,Baringo,1
2016-05-22,Baringo,11
2016-05-23,Baringo,9
2016-05-24,Baringo,0
2016-05-25,Baringo,1
2016-05-26,Baringo,21
2016-05-27,Baringo,2
2016-05-28,Baringo,9
2016-05-29,Baringo,12
2016-05-30,Baringo,25
2016-05-31,Baringo,2
2016-06-01,Baringo,2
2016-06-02,Baringo,1
2016-06-03,Baringo,0
2016-06-04,Baringo,1
2016-06-05,Baringo,0
2016-06-06,Baringo,1
2016-06-07,Baringo,0
2016-06-08,Baringo,2
2016-06-09,Baringo,2
2016-06-10,Baringo,1
2016-06-11,Baringo,0
2016-06-12,Baringo,0
2016-06-13,Baringo,2
2016-06-14,Baringo,2
2016-06-15,Baringo,1
2016-06-16,Baringo,2
2016-06-17,Baringo,0
2016-06-18,Baringo,1
2016-06-19,Baringo,1
2016-06-20,Baringo,1
2016-06-21,Baringo,1
2016-06-22,Baringo,1
2016-06-23,Baringo,1
2016-06-24,Baringo,0
2016-06-25,Baringo,0
2016-06-26,Baringo,1
2016-06-27,Baringo,1
2016-06-28,Baringo,2
2016-06-29,Baringo,0
2016-06-30,Baringo,1
2016-07-01,Baringo,0
2016-07-02,Baringo,1
2016-07-03,Baringo,1
2016-07-04,Baringo,2
2016-07-05,Baringo,0
2016-07-06,Baringo,0
2016-07-07,Baringo,0
2016-07-08,Baringo,2
2016-07-09,Baringo,0
2016-07-10,Baringo,1
2016-07-11,Baringo,2
2016-07-12,Baringo,2
2016-07-13,Baringo,2
2016-07-14,Baringo,1
2016-07-15,Baringo,1
2016-07-16,Baringo,2
2016-07-17,Baringo,0
2016-07-18,Baringo,1
2016-07-19,Baringo,2
2016-07-20,Baringo,1
2016-07-21,Baringo,1
2016-07-22,Baringo,2
2016-07-23,Baringo,1
2016-07-24,Baringo,0
2016-07-25,Baringo,0
2016-07-26,Baringo,0
2016-07-27,Baringo,2
2016-07-28,Baringo,2
2016-07-29,Baringo,0
2016-07-30,Baringo,2
2016-07-31,Baringo,1
2016-08-01,Baringo,2
2016-08-02,Baringo,0
2016-08-03,Baringo,1
2016-08-04,Baringo,1
2016-08-05,Baringo,1
2016-08-06,Baringo,1
2016-08-07,Baringo,1
2016-08-08,Baringo,2
2016-08-09,Baringo,1
2016-08-10,Baringo,1
2016-08-11,Baringo,1
2016-08-12,Baringo,1
2016-08-13,Baringo,0
2016-08-14,Baringo,2
2016-08-15,Baringo,0
2016-08-16,Baringo,0
2016-08-17,Baringo,2
2016-08-18,Baringo,2
2016-08-19,Baringo,1
2016-08-20,Baringo,0
2016-08-21,Baringo,1
2016-08-22,Baringo,1
2016-08-23,Baringo,0
2016-08-24,Baringo,2
2016-08-25,Baringo,1
2016-08-26,Baringo,1
2016-08-27,Baringo,2
2016-08-28,Baringo,1
2016-08-29,Baringo,1
2016-08-30,Baringo,0
2016-08-31,Baringo,2
2016-09-01,Baringo,0
2016-09-02,Baringo,2
2016-09-03,Baringo,1
2016-09-04,Baringo,0
2016-09-05,Baringo,0
2016-09-06,Baringo,0
2016-09-07,Baringo,2
2016-09-08,Baringo,2
2016-09-09,Baringo,0
2016-09-10,Baringo,1
2016-09-11,Baringo,2
2016-09-12,Baringo,1
2016-09-13,Baringo,2
2016-09-14,Baringo,1
2016-09-15,Baringo,0
2016-09-16,Baringo,0
2016-09-17,Baringo,2
2016-09-18,Baringo,2
2016-09-19,Baringo,1
2016-09-20,Baringo,0
2016-09-21,Baringo,2
2016-09-22,Baringo,1
2016-09-23,Baringo,2
2016-09-24,Baringo,2
2016-09-25,Baringo,0
2016-09-26,Baringo,1
2016-09-27,Baringo,0
2016-09-28,Baringo,1
2016-09-29,Baringo,0
2016-09-30,Baringo,1
2016-10-01,Baringo,1
2015-01-01,Laikipia,1
2015-01-02,Laikipia,1
2015-01-03,Laikipia,2
2015-01-04,Laikipia,1
2015-01-05,Laikipia,0
2015-01-06,Laikipia,0
2015-01-07,Laikipia,1
2015-01-08,Laikipia,1
2015-01-09,Laikipia,0
2015-01-10,Laikipia,2
2015-01-11,Laikipia,1
2015-01-12,Laikipia,1
2015-01-13,Laikipia,2
2015-01-14,Laikipia,1
2015-01-15,Laikipia,2
2015-01-16,Laikipia,2
2015-01-17,Laikipia,0
2015-01-18,Laikipia,1
2015-01-19,Laikipia,0
2015-01-20,Laikipia,1
2015-01-21,Laikipia,0
2015-01-22,Laikipia,1
2015-01-23,Laikipia,0
2015-01-24,Laikipia,0
2015-01-25,Laikipia,1
2015-01-26,Laikipia,0
2015-01-27,Laikipia,0
2015-01-28,Laikipia,2
2015-01-29,Laikipia,2
2015-01-30,Laikipia,0
2015-01-31,Laikipia,2
2015-02-01,Laikipia,1
2015-02-02,Laikipia,0
2015-02-03,Laikipia,0
2015-02-04,Laikipia,1
2015-02-05,Laikipia,1
2015-02-06,Laikipia,1
2015-02-07,Laikipia,0
2015-02-08,Laikipia,1
2015-02-09,Laikipia,2
2015-02-10,Laikipia,1
2015-02-11,Laikipia,2
2015-02-12,Laikipia,0
2015-02-13,Laikipia,0
2015-02-14,Laikipia,2
2015-02-15,Laikipia,0
2015-02-16,Laikipia,1
2015-02-17,Laikipia,1
2015-02-18,Laikipia,0
2015-02-19,Laikipia,1
2015-02-20,Laikipia,2
2015-02-21,Laikipia,1
2015-02-22,Laikipia,0
2015-02-23,Laikipia,0
2015-02-24,Laikipia,0
2015-02-25,Laikipia,1
2015-02-26,Laikipia,0
2015-02-27,Laikipia,2
2015-02-28,Laikipia,2
2015-03-01,Laikipia,2
2015-03-02,Laikipia,1
2015-03-03,Laikipia,16
2015-03-04,Laikipia,2
2015-03-05,Laikipia,2
2015-03-06,Laikipia,1
2015-03-07,Laikipia,0
2015-03-08,Laikipia,7
2015-03-09,Laikipia,5
2015-03-10,Laikipia,16
2015-03-11,Laikipia,2
2015-03-12,Laikipia,1
2015-03-13,Laikipia,2
2015-03-14,Laikipia,0
2015-03-15,Laikipia,15
2015-03-16,Laikipia,2
2015-03-17,Laikipia,24
2015-03-18,Laikipia,13
2015-03-19,Laikipia,0
2015-03-20,Laikipia,2
2015-03-21,Laikipia,10
2015-03-22,Laikipia,10
2015-03-23,Laikipia,11
2015-03-24,Laikipia,1
2015-03-25,Laikipia,2
2015-03-26,Laikipia,13
2015-03-27,Laikipia,15
2015-03-28,Laikipia,22
2015-03-29,Laikipia,19
2015-03-30,Laikipia,0
2015-03-31,Laikipia,0
2015-04-01,Laikipia,20
2015-04-02,Laikipia,2
2015-04-03,Laikipia,10
2015-04-04,Laikipia,0
2015-04-05,Laikipia,0
2015-04-06,Laikipia,16
2015-04-07,Laikipia,7
2015-04-08,Laikipia,5
2015-04-09,Laikipia,2
2015-04-10,Laikipia,11
2015-04-11,Laikipia,2
2015-04-12,Laikipia,20
2015-04-13,Laikipia,10
2015-04-14,Laikipia,16
2015-04-15,Laikipia,0
2015-04-16,Laikipia,1
2015-04-17,Laikipia,0
2015-04-18,Laikipia,1
2015-04-19,Laikipia,1
2015-04-20,Laikipia,1
2015-04-21,Laikipia,0
2015-04-22,Laikipia,0
2015-04-23,Laikipia,23
2015-04-24,Laikipia,15
2015-04-25,Laikipia,2
2015-04-26,Laikipia,0
2015-04-27,Laikipia,1
2015-04-28,Laikipia,1
2015-04-29,Laikipia,1
2015-04-30,Laikipia,15
2015-05-01,Laikipia,5
2015-05-02,Laikipia,1
2015-05-03,Laikipia,8
2015-05-04,Laikipia,0
2015-05-05,Laikipia,20
2015-05-06,Laikipia,18
2015-05-07,Laikipia,7
2015-05-08,Laikipia,20
2015-05-09,Laikipia,11
2015-05-10,Laikipia,0
2015-05-11,Laikipia,7
2015-05-12,Laikipia,8
2015-05-13,Laikipia,13
2015-05-14,Laikipia,2
2015-05-15,Laikipia,23
2015-05-16,Laikipia,0
2015-05-17,Laikipia,17
2015-05-18,Laikipia,14
2015-05-19,Laikipia,25
2015-05-20,Laikipia,2
2015-05-21,Laikipia,10
2015-05-22,Laikipia,3
2015-05-23,Laikipia,10
2015-05-24,Laikipia,0
2015-05-25,Laikipia,0
2015-05-26,Laikipia,7
2015-05-27,Laikipia,18
2015-05-28,Laikipia,0
2015-05-29,Laikipia,0
2015-05-30,Laikipia,0
2015-05-31,Laikipia,2
2015-06-01,Laikipia,0
2015-06-02,Laikipia,1
2015-06-03,Laikipia,0
2015-06-04,Laikipia,2
2015-06-05,Laikipia,1
2015-06-06,Laikipia,1
2015-06-07,Laikipia,0
2015-06-08,Laikipia,1
2015-06-09,Laikipia,2
2015-06-10,Laikipia,0
2015-06-11,Laikipia,0
2015-06-12,Laikipia,2
2015-06-13,Laikipia,2
2015-06-14,Laikipia,2
2015-06-15,Laikipia,0
2015-06-16,Laikipia,2
2015-06-17,Laikipia,0
2015-06-18,Laikipia,2
2015-06-19,Laikipia,0
2015-06-20,Laikipia,1
2015-06-21,Laikipia,2
2015-06-22,Laikipia,2
2015-06-23,Laikipia,2
2015-06-24,Laikipia,2
2015-06-25,Laikipia,1
2015-06-26,Laikipia,0
2015-06-27,Laikipia,1
2015-06-28,Laikipia,1
2015-06-29,Laikipia,1
2015-06-30,Laikipia,2
2015-07-01,Laikipia,1
2015-07-02,Laikipia,2
2015-07-03,Laikipia,2
2015-07-04,Laikipia,0
2015-07-05,Laikipia,0
2015-07-06,Laikipia,1
2015-07-07,Laikipia,0
2015-07-08,Laikipia,2
2015-07-09,Laikipia,0
2015-07-10,Laikipia,0
2015-07-11,Laikipia,1
2015-07-12,Laikipia,2
2015-07-13,Laikipia,1
2015-07-14,Laikipia,2
2015-07-15,Laikipia,0
2015-07-16,Laikipia,1
2015-07-17,Laikipia,0
2015-07-18,Laikipia,2
2015-07-19,Laikipia,1
2015-07-20,Laikipia,0
2015-07-21,Laikipia,0
2015-07-22,Laikipia,1
2015-07-23,Laikipia,2
2015-07-24,Laikipia,0
2015-07-25,Laikipia,1
2015-07-26,Laikipia,0
2015-07-27,Laikipia,2
2015-07-28,Laikipia,1
2015-07-29,Laikipia,0
2015-07-30,Laikipia,1
2015-07-31,Laikipia,2
2015-08-01,Laikipia,0
2015-08-02,Laikipia,1
2015-08-03,Laikipia,2
2015-08-04,Laikipia,1
2015-08-05,Laikipia,1
2015-08-06,Laikipia,0
2015-08-07,Laikipia,1
2015-08-08,Laikipia,2
2015-08-09,Laikipia,0
2015-08-10,Laikipia,1
2015-08-11,Laikipia,2
2015-08-12,Laikipia,1
2015-08-13,Laikipia,1
2015-08-14,Laikipia,0
2015-08-15,Laikipia,0
2015-08-16,Laikipia,1
2015-08-17,Laikipia,2
2015-08-18,Laikipia,0
2015-08-19,Laikipia,1
2015-08-20,Laikipia,0
2015-08-21,Laikipia,1
2015-08-22,Laikipia,0
2015-08-23,Laikipia,0
2015-08-24,Laikipia,2
2015-08-25,Laikipia,1
2015-08-26,Laikipia,2
2015-08-27,Laikipia,2
2015-08-28,Laikipia,0
2015-08-29,Laikipia,2
2015-08-30,Laikipia,1
2015-08-31,Laikipia,0
2015-09-01,Laikipia,1
2015-09-02,Laikipia,0
2015-09-03,Laikipia,2
2015-09-04,Laikipia,2
2015-09-05,Laikipia,1
2015-09-06,Laikipia,2
2015-09-07,Laikipia,2
2015-09-08,Laikipia,2
2015-09-09,Laikipia,2
2015-09-10,Laikipia,0
2015-09-11,Laikipia,1
2015-09-12,Laikipia,0
2015-09-13,Laikipia,2
2015-09-14,Laikipia,1
2015-09-15,Laikipia,2
2015-09-16,Laikipia,1
2015-09-17,Laikipia,1
2015-09-18,Laikipia,2
2015-09-19,Laikipia,2
2015-09-20,Laikipia,1
2015-09-21,Laikipia,0
2015-09-22,Laikipia,2
2015-09-23,Laikipia,2
2015-09-24,Laikipia,0
2015-09-25,Laikipia,2
2015-09-26,Laikipia,1
2015-09-27,Laikipia,2
2015-09-28,Laikipia,2
2015-09-29,Laikipia,2
2015-09-30,Laikipia,2
2015-10-01,Laikipia,0
2015-10-02,Laikipia,2
2015-10-03,Laikipia,2
2015-10-04,Laikipia,7
2015-10-05,Laikipia,24
2015-10-06,Laikipia,14
2015-10-07,Laikipia,0
2015-10-08,Laikipia,0
2015-10-09,Laikipia,1
2015-10-10,Laikipia,0
2015-10-11,Laikipia,2
2015-10-12,Laikipia,0
2015-10-13,Laikipia,1
2015-10-14,Laikipia,10
2015-10-15,Laikipia,1
2015-10-16,Laikipia,0
2015-10-17,Laikipia,2
2015-10-18,Laikipia,1
2015-10-19,Laikipia,1
2015-10-20,Laikipia,0
2015-10-21,Laikipia,2
2015-10-22,Laikipia,2
2015-10-23,Laikipia,2
2015-10-24,Laikipia,1
2015-10-25,Laikipia,0
2015-10-26,Laikipia,1
2015-10-27,Laikipia,1
2015-10-28,Laikipia,0
2015-10-29,Laikipia,2
2015-10-30,Laikipia,1
2015-10-31,Laikipia,0
2015-11-01,Laikipia,1
2015-11-02,Laikipia,2
2015-11-03,Laikipia,0
2015-11-04,Laikipia,1
2015-11-05,Laikipia,2
2015-11-06,Laikipia,2
2015-11-07,Laikipia,0
2015-11-08,Laikipia,0
2015-11-09,Laikipia,0
2015-11-10,Laikipia,0
2015-11-11,Laikipia,5
2015-11-12,Laikipia,2
2015-11-13,Laikipia,1
2015-11-14,Laikipia,0
2015-11-15,Laikipia,1
2015-11-16,Laikipia,2
2015-11-17,Laikipia,1
2015-11-18,Laikipia,2
2015-11-19,Laikipia,1
2015-11-20,Laikipia,2
2015-11-21,Laikipia,0
2015-11-22,Laikipia,0
2015-11-23,Laikipia,2
2015-11-24,Laikipia,1
2015-11-25,Laikipia,2
2015-11-26,Laikipia,2
2015-11-27,Laikipia,1
2015-11-28,Laikipia,1
2015-11-29,Laikipia,2
2015-11-30,Laikipia,0
2015-12-01,Laikipia,1
2015-12-02,Laikipia,1
2015-12-03,Laikipia,0
2015-12-04,Laikipia,1
2015-12-05,Laikipia,2
2015-12-06,Laikipia,2
2015-12-07,Laikipia,2
2015-12-08,Laikipia,0
2015-12-09,Laikipia,0
2015-12-10,Laikipia,2
2015-12-11,Laikipia,0
2015-12-12,Laikipia,0
2015-12-13,Laikipia,2
2015-12-14,Laikipia,1
2015-12-15,Laikipia,2
2015-12-16,Laikipia,2
2015-12-17,Laikipia,0
2015-12-18,Laikipia,0
2015-12-19,Laikipia,1
2015-12-20,Laikipia,1
2015-12-21,Laikipia,0
2015-12-22,Laikipia,1
2015-12-23,Laikipia,2
2015-12-24,Laikipia,2
2015-12-25,Laikipia,2
2015-12-26,Laikipia,2
2015-12-27,Laikipia,1
2015-12-28,Laikipia,1
2015-12-29,Laikipia,0
2015-12-30,Laikipia,2
2015-12-31,Laikipia,1
2016-01-01,Laikipia,1
2016-01-02,Laikipia,1
2016-01-03,Laikipia,1
2016-01-04,Laikipia,1
2016-01-05,Laikipia,0
2016-01-06,Laikipia,1
2016-01-07,Laikipia,1
2016-01-08,Laikipia,0
2016-01-09,Laikipia,1
2016-01-10,Laikipia,1
2016-01-11,Laikipia,1
2016-01-12,Laikipia,1
2016-01-13,Laikipia,0
2016-01-14,Laikipia,0
2016-01-15,Laikipia,2
2016-01-16,Laikipia,2
2016-01-17,Laikipia,1
2016-01-18,Laikipia,0
2016-01-19,Laikipia,0
2016-01-20,Laikipia,2
2016-01-21,Laikipia,2
2016-01-22,Laikipia,1
2016-01-23,Laikipia,0
2016-01-24,Laikipia,0
2016-01-25,Laikipia,2
2016-01-26,Laikipia,1
2016-01-27,Laikipia,1
2016-01-28,Laikipia,1
2016-01-29,Laikipia,0
2016-01-30,Laikipia,0
2016-01-31,Laikipia,0
2016-02-01,Laikipia,2
2016-02-02,Laikipia,0
2016-02-03,Laikipia,2
2016-02-04,Laikipia,1
2016-02-05,Laikipia,2
2016-02-06,Laikipia,2
2016-02-07,Laikipia,2
2016-02-08,Laikipia,2
2016-02-09,Laikipia,2
2016-02-10,Laikipia,0
2016-02-11,Laikipia,1
2016-02-12,Laikipia,1
2016-02-13,Laikipia,0
2016-02-14,Laikipia,1
2016-02-15,Laikipia,2
2016-02-16,Laikipia,0
2016-02-17,Laikipia,1
2016-02-18,Laikipia,2
2016-02-19,Laikipia,1
2016-02-20,Laikipia,2
2016-02-21,Laikipia,1
2016-02-22,Laikipia,0
2016-02-23,Laikipia,0
2016-02-24,Laikipia,0
2016-02-25,Laikipia,0
2016-02-26,Laikipia,0
2016-02-27,Laikipia,0
2016-02-28,Laikipia,0
2016-02-29,Laikipia,0
2016-03-01,Laikipia,10
2016-03-02,Laikipia,10
2016-03-03,Laikipia,2
2016-03-04,Laikipia,17
2016-03-05,Laikipia,16
2016-03-06,Laikipia,14
2016-03-07,Laikipia,6
2016-03-08,Laikipia,9
2016-03-09,Laikipia,9
2016-03-10,Laikipia,18
2016-03-11,Laikipia,13
2016-03-12,Laikipia,3
2016-03-13,Laikipia,0
2016-03-14,Laikipia,20
2016-03-15,Laikipia,0
2016-03-16,Laikipia,2
2016-03-17,Laikipia,0
2016-03-18,Laikipia,11
2016-03-19,Laikipia,0
2016-03-20,Laikipia,2
2016-03-21,Laikipia,7
2016-03-22,Laikipia,1
2016-03-23,Laikipia,14
2016-03-24,Laikipia,17
2016-03-25,Laikipia,1
2016-03-26,Laikipia,23
2016-03-27,Laikipia,15
2016-03-28,Laikipia,2
2016-03-29,Laikipia,13
2016-03-30,Laikipia,0
2016-03-31,Laikipia,11
2016-04-01,Laikipia,2
2016-04-02,Laikipia,20
2016-04-03,Laikipia,9
2016-04-04,Laikipia,2
2016-04-05,Laikipia,2
2016-04-06,Laikipia,8
2016-04-07,Laikipia,10
2016-04-08,Laikipia,0
2016-04-09,Laikipia,18
2016-04-10,Laikipia,16
2016-04-11,Laikipia,2
2016-04-12,Laikipia,0
2016-04-13,Laikipia,1
2016-04-14,Laikipia,0
2016-04-15,Laikipia,15
2016-04-16,Laikipia,1
2016-04-17,Laikipia,1
2016-04-18,Laikipia,14
2016-04-19,Laikipia,2
2016-04-20,Laikipia,12
2016-04-21,Laikipia,17
2016-04-22,Laikipia,18
2016-04-23,Laikipia,9
2016-04-24,Laikipia,5
2016-04-25,Laikipia,28
2016-04-26,Laikipia,14
2016-04-27,Laikipia,0
2016-04-28,Laikipia,1
2016-04-29,Laikipia,0
2016-04-30,Laikipia,0
2016-05-01,Laikipia,7
2016-05-02,Laikipia,0
2016-05-03,Laikipia,23
2016-05-04,Laikipia,4
2016-05-05,Laikipia,10
2016-05-06,Laikipia,1
2016-05-07,Laikipia,1
2016-05-08,Laikipia,7
2016-05-09,Laikipia,0
2016-05-10,Laikipia,1
2016-05-11,Laikipia,2
2016-05-12,Laikipia,30
2016-05-13,Laikipia,16
2016-05-14,Laikipia,2
2016-05-15,Laikipia,8
2016-05-16,Laikipia,1
2016-05-17,Laikipia,1
2016-05-18,Laikipia,1
2016-05-19,Laikipia,13
2016-05-20,Laikipia,0
2016-05-21,Laikipia,2
2016-05-22,Laikipia,8
2016-05-23,Laikipia,0
2016-05-24,Laikipia,16
2016-05-25,Laikipia,18
2016-05-26,Laikipia,9
2016-05-27,Laikipia,1
2016-05-28,Laikipia,13
2016-05-29,Laikipia,12
2016-05-30,Laikipia,0
2016-05-31,Laikipia,15
2016-06-01,Laikipia,1
2016-06-02,Laikipia,1
2016-06-03,Laikipia,2
2016-06-04,Laikipia,1
2016-06-05,Laikipia,1
2016-06-06,Laikipia,2
2016-06-07,Laikipia,1
2016-06-08,Laikipia,0
2016-06-09,Laikipia,1
2016-06-10,Laikipia,1
2016-06-11,Laikipia,0
2016-06-12,Laikipia,1
2016-06-13,Laikipia,0
2016-06-14,Laikipia,2
2016-06-15,Laikipia,1
2016-06-16,Laikipia,2
2016-06-17,Laikipia,1
2016-06-18,Laikipia,2
2016-06-19,Laikipia,1
2016-06-20,Laikipia,0
2016-06-21,Laikipia,1
2016-06-22,Laikipia,2
2016-06-23,Laikipia,1
2016-06-24,Laikipia,0
2016-06-25,Laikipia,0
2016-06-26,Laikipia,1
2016-06-27,Laikipia,1
2016-06-28,Laikipia,0
2016-06-29,Laikipia,1
2016-06-30,Laikipia,0
2016-07-01,Laikipia,2
2016-07-02,Laikipia,2
2016-07-03,Laikipia,2
2016-07-04,Laikipia,0
2016-07-05,Laikipia,2
2016-07-06,Laikipia,0
2016-07-07,Laikipia,2
2016-07-08,Laikipia,0
2016-07-09,Laikipia,0
2016-07-10,Laikipia,0
2016-07-11,Laikipia,0
2016-07-12,Laikipia,2
2016-07-13,Laikipia,0
2016-07-14,Laikipia,1
2016-07-15,Laikipia,1
2016-07-16,Laikipia,2
2016-07-17,Laikipia,1
2016-07-18,Laikipia,0
2016-07-19,Laikipia,1
2016-07-20,Laikipia,2
2016-07-21,Laikipia,1
2016-07-22,Laikipia,1
2016-07-23,Laikipia,2
2016-07-24,Laikipia,1
2016-07-25,Laikipia,0
2016-07-26,Laikipia,2
2016-07-27,Laikipia,1
2016-07-28,Laikipia,1
2016-07-29,Laikipia,1
2016-07-30,Laikipia,0
2016-07-31,Laikipia,0
2016-08-01,Laikipia,2
2016-08-02,Laikipia,0
2016-08-03,Laikipia,1
2016-08-04,Laikipia,1
2016-08-05,Laikipia,0
2016-08-06,Laikipia,2
2016-08-07,Laikipia,1
2016-08-08,Laikipia,0
2016-08-09,Laikipia,2
2016-08-10,Laikipia,0
2016-08-11,Laikipia,1
2016-08-12,Laikipia,0
2016-08-13,Laikipia,1
2016-08-14,Laikipia,0
2016-08-15,Laikipia,1
2016-08-16,Laikipia,0
2016-08-17,Laikipia,2
2016-08-18,Laikipia,1
2016-08-19,Laikipia,0
2016-08-20,Laikipia,1
2016-08-21,Laikipia,0
2016-08-22,Laikipia,1
2016-08-23,Laikipia,2
2016-08-24,Laikipia,1
2016-08-25,Laikipia,1
2016-08-26,Laikipia,0
2016-08-27,Laikipia,1
2016-08-28,Laikipia,1
2016-08-29,Laikipia,2
2016-08-30,Laikipia,2
2016-08-31,Laikipia,1
2016-09-01,Laikipia,0
2016-09-02,Laikipia,1
2016-09-03,Laikipia,2
2016-09-04,Laikipia,0
2016-09-05,Laikipia,1
2016-09-06,Laikipia,1
2016-09-07,Laikipia,0
2016-09-08,Laikipia,2
2016-09-09,Laikipia,0
2016-09-10,Laikipia,0
2016-09-11,Laikipia,0
2016-09-12,Laikipia,1
2016-09-13,Laikipia,1
2016-09-14,Laikipia,2
2016-09-15,Laikipia,1
2016-09-16,Laikipia,1
2016-09-17,Laikipia,1
2016-09-18,Laikipia,0
2016-09-19,Laikipia,1
2016-09-20,Laikipia,1
2016-09-21,Laikipia,1
2016-09-22,Laikipia,1
2016-09-23,Laikipia,1
2016-09-24,Laikipia,2
2016-09-25,Laikipia,2
2016-09-26,Laikipia,0
2016-09-27,Laikipia,0
2016-09-28,Laikipia,1
2016-09-29,Laikipia,0
2016-09-30,Laikipia,0
2016-10-01,Laikipia,1
2015-01-01,Nakuru,1
2015-01-02,Nakuru,2
2015-01-03,Nakuru,1
2015-01-04,Nakuru,2
2015-01-05,Nakuru,0
2015-01-06,Nakuru,0
2015-01-07,Nakuru,0
2015-01-08,Nakuru,0
2015-01-09,Nakuru,1
2015-01-10,Nakuru,1
2015-01-11,Nakuru,1
2015-01-12,Nakuru,0
2015-01-13,Nakuru,0
2015-01-14,Nakuru,1
2015-01-15,Nakuru,2
2015-01-16,Nakuru,0
2015-01-17,Nakuru,2
2015-01-18,Nakuru,0
2015-01-19,Nakuru,1
2015-01-20,Nakuru,2
2015-01-21,Nakuru,2
2015-01-22,Nakuru,0
2015-01-23,Nakuru,1
2015-01-24,Nakuru,0
2015-01-25,Nakuru,1
2015-01-26,Nakuru,0
2015-01-27,Nakuru,1
2015-01-28,Nakuru,1
2015-01-29,Nakuru,0
2015-01-30,Nakuru,0
2015-01-31,Nakuru,1
2015-02-01,Nakuru,0
2015-02-02,Nakuru,2
2015-02-03,Nakuru,1
2015-02-04,Nakuru,2
2015-02-05,Nakuru,1
2015-02-06,Nakuru,2
2015-02-07,Nakuru,2
2015-02-08,Nakuru,2
2015-02-09,Nakuru,2
2015-02-10,Nakuru,1
2015-02-11,Nakuru,0
2015-02-12,Nakuru,0
2015-02-13,Nakuru,1
2015-02-14,Nakuru,0
2015-02-15,Nakuru,0
2015-02-16,Nakuru,0
2015-02-17,Nakuru,0
2015-02-18,Nakuru,1
2015-02-19,Nakuru,1
2015-02-20,Nakuru,0
2015-02-21,Nakuru,0
2015-02-22,Nakuru,0
2015-02-23,Nakuru,0
2015-02-24,Nakuru,2
2015-02-25,Nakuru,2
2015-02-26,Nakuru,0
2015-02-27,Nakuru,0
2015-02-28,Nakuru,1
2015-03-01,Nakuru,5
2015-03-02,Nakuru,2
2015-03-03,Nakuru,1
2015-03-04,Nakuru,9
2015-03-05,Nakuru,1
2015-03-06,Nakuru,6
2015-03-07,Nakuru,9
2015-03-08,Nakuru,9
2015-03-09,Nakuru,17
2015-03-10,Nakuru,2
2015-03-11,Nakuru,10
2015-03-12,Nakuru,11
2015-03-13,Nakuru,2
2015-03-14,Nakuru,1
2015-03-15,Nakuru,7
2015-03-16,Nakuru,19
2015-03-17,Nakuru,0
2015-03-18,Nakuru,18
2015-03-19,Nakuru,11
2015-03-20,Nakuru,2
2015-03-21,Nakuru,1
2015-03-22,Nakuru,1
2015-03-23,Nakuru,6
2015-03-24,Nakuru,8
2015-03-25,Nakuru,16
2015-03-26,Nakuru,10
2015-03-27,Nakuru,0
2015-03-28,Nakuru,1
2015-03-29,Nakuru,14
2015-03-30,Nakuru,15
2015-03-31,Nakuru,1
2015-04-01,Nakuru,12
2015-04-02,Nakuru,1
2015-04-03,Nakuru,18
2015-04-04,Nakuru,21
2015-04-05,Nakuru,2
2015-04-06,Nakuru,10
2015-04-07,Nakuru,0
2015-04-08,Nakuru,13
2015-04-09,Nakuru,18
2015-04-10,Nakuru,10
2015-04-11,Nakuru,10
2015-04-12,Nakuru,2
2015-04-13,Nakuru,1
2015-04-14,Nakuru,0
2015-04-15,Nakuru,18
2015-04-16,Nakuru,2
2015-04-17,Nakuru,13
2015-04-18,Nakuru,0
2015-04-19,Nakuru,0
2015-04-20,Nakuru,1
2015-04-21,Nakuru,1
2015-04-22,Nakuru,7
2015-04-23,Nakuru,19
2015-04-24,Nakuru,9
2015-04-25,Nakuru,2
2015-04-26,Nakuru,9
2015-04-27,Nakuru,2
2015-04-28,Nakuru,18
2015-04-29,Nakuru,2
2015-04-30,Nakuru,1
2015-05-01,Nakuru,1
2015-05-02,Nakuru,2
2015-05-03,Nakuru,0
2015-05-04,Nakuru,1
2015-05-05,Nakuru,8
2015-05-06,Nakuru,2
2015-05-07,Nakuru,7
2015-05-08,Nakuru,0
2015-05-09,Nakuru,1
2015-05-10,Nakuru,16
2015-05-11,Nakuru,0
2015-05-12,Nakuru,1
2015-05-13,Nakuru,16
2015-05-14,Nakuru,16
2015-05-15,Nakuru,6
2015-05-16,Nakuru,12
2015-05-17,Nakuru,2
2015-05-18,Nakuru,1
2015-05-19,Nakuru,2
2015-05-20,Nakuru,18
2015-05-21,Nakuru,13
2015-05-22,Nakuru,19
2015-05-23,Nakuru,0
2015-05-24,Nakuru,0
2015-05-25,Nakuru,27
2015-05-26,Nakuru,9
2015-05-27,Nakuru,16
2015-05-28,Nakuru,12
2015-05-29,Nakuru,10
2015-05-30,Nakuru,12
2015-05-31,Nakuru,1
2015-06-01,Nakuru,0
2015-06-02,Nakuru,2
2015-06-03,Nakuru,0
2015-06-04,Nakuru,1
2015-06-05,Nakuru,2
2015-06-06,Nakuru,0
2015-06-07,Nakuru,2
2015-06-08,Nakuru,0
2015-06-09,Nakuru,1
2015-06-10,Nakuru,0
2015-06-11,Nakuru,1
2015-06-12,Nakuru,0
2015-06-13,Nakuru,0
2015-06-14,Nakuru,1
2015-06-15,Nakuru,0
2015-06-16,Nakuru,1
2015-06-17,Nakuru,1
2015-06-18,Nakuru,1
2015-06-19,Nakuru,2
2015-06-20,Nakuru,1
2015-06-21,Nakuru,1
2015-06-22,Nakuru,1
2015-06-23,Nakuru,2
2015-06-24,Nakuru,2
2015-06-25,Nakuru,0
2015-06-26,Nakuru,1
2015-06-27,Nakuru,1
2015-06-28,Nakuru,2
2015-06-29,Nakuru,1
2015-06-30,Nakuru,1
2015-07-01,Nakuru,1
2015-07-02,Nakuru,0
2015-07-03,Nakuru,2
2015-07-04,Nakuru,0
2015-07-05,Nakuru,1
2015-07-06,Nakuru,2
2015-07-07,Nakuru,1
2015-07-08,Nakuru,0
2015-07-09,Nakuru,0
2015-07-10,Nakuru,2
2015-07-11,Nakuru,2
2015-07-12,Nakuru,1
2015-07-13,Nakuru,0
2015-07-14,Nakuru,1
2015-07-15,Nakuru,2
2015-07-16,Nakuru,0
2015-07-17,Nakuru,1
2015-07-18,Nakuru,0
2015-07-19,Nakuru,2
2015-07-20,Nakuru,2
2015-07-21,Nakuru,0
2015-07-22,Nakuru,1
2015-07-23,Nakuru,1
2015-07-24,Nakuru,1
2015-07-25,Nakuru,0
2015-07-26,Nakuru,1
2015-07-27,Nakuru,0
2015-07-28,Nakuru,2
2015-07-29,Nakuru,2
2015-07-30,Nakuru,0
2015-07-31,Nakuru,2
2015-08-01,Nakuru,0
2015-08-02,Nakuru,0
2015-08-03,Nakuru,2
2015-08-04,Nakuru,0
2015-08-05,Nakuru,0
2015-08-06,Nakuru,2
2015-08-07,Nakuru,2
2015-08-08,Nakuru,1
2015-08-09,Nakuru,2
2015-08-10,Nakuru,1
2015-08-11,Nakuru,1
2015-08-12,Nakuru,0
2015-08-13,Nakuru,0
2015-08-14,Nakuru,1
2015-08-15,Nakuru,1
2015-08-16,Nakuru,2
2015-08-17,Nakuru,0
2015-08-18,Nakuru,0
2015-08-19,Nakuru,0
2015-08-20,Nakuru,2
2015-08-21,Nakuru,2
2015-08-22,Nakuru,2
2015-08-23,Nakuru,0
2015-08-24,Nakuru,2
2015-08-25,Nakuru,2
2015-08-26,Nakuru,0
2015-08-27,Nakuru,0
2015-08-28,Nakuru,1
2015-08-29,Nakuru,2
2015-08-30,Nakuru,2
2015-08-31,Nakuru,0
2015-09-01,Nakuru,0
2015-09-02,Nakuru,1
2015-09-03,Nakuru,2
2015-09-04,Nakuru,0
2015-09-05,Nakuru,0
2015-09-06,Nakuru,2
2015-09-07,Nakuru,0
2015-09-08,Nakuru,2
2015-09-09,Nakuru,1
2015-09-10,Nakuru,1
2015-09-11,Nakuru,2
2015-09-12,Nakuru,0
2015-09-13,Nakuru,0
2015-09-14,Nakuru,1
2015-09-15,Nakuru,1
2015-09-16,Nakuru,2
2015-09-17,Nakuru,2
2015-09-18,Nakuru,0
2015-09-19,Nakuru,0
2015-09-20,Nakuru,0
2015-09-21,Nakuru,1
2015-09-22,Nakuru,0
2015-09-23,Nakuru,0
2015-09-24,Nakuru,0
2015-09-25,Nakuru,1
2015-09-26,Nakuru,2
2015-09-27,Nakuru,0
2015-09-28,Nakuru,2
2015-09-29,Nakuru,1
2015-09-30,Nakuru,2
2015-10-01,Nakuru,2
2015-10-02,Nakuru,17
2015-10-03,Nakuru,1
2015-10-04,Nakuru,2
2015-10-05,Nakuru,1
2015-10-06,Nakuru,1
2015-10-07,Nakuru,2
2015-10-08,Nakuru,0
2015-10-09,Nakuru,2
2015-10-10,Nakuru,12
2015-10-11,Nakuru,9
2015-10-12,Nakuru,1
2015-10-13,Nakuru,2
2015-10-14,Nakuru,1
2015-10-15,Nakuru,1
2015-10-16,Nakuru,1
2015-10-17,Nakuru,2
2015-10-18,Nakuru,2
2015-10-19,Nakuru,1
2015-10-20,Nakuru,0
2015-10-21,Nakuru,1
2015-10-22,Nakuru,1
2015-10-23,Nakuru,1
2015-10-24,Nakuru,1
2015-10-25,Nakuru,1
2015-10-26,Nakuru,0
2015-10-27,Nakuru,1
2015-10-28,Nakuru,13
2015-10-29,Nakuru,1
2015-10-30,Nakuru,2
2015-10-31,Nakuru,2
2015-11-01,Nakuru,1
2015-11-02,Nakuru,2
2015-11-03,Nakuru,1
2015-11-04,Nakuru,2
2015-11-05,Nakuru,0
2015-11-06,Nakuru,1
2015-11-07,Nakuru,2
2015-11-08,Nakuru,1
2015-11-09,Nakuru,12
2015-11-10,Nakuru,2
2015-11-11,Nakuru,1
2015-11-12,Nakuru,1
2015-11-13,Nakuru,1
2015-11-14,Nakuru,0
2015-11-15,Nakuru,1
2015-11-16,Nakuru,0
2015-11-17,Nakuru,0
2015-11-18,Nakuru,0
2015-11-19,Nakuru,0
2015-11-20,Nakuru,2
2015-11-21,Nakuru,0
2015-11-22,Nakuru,2
2015-11-23,Nakuru,0
2015-11-24,Nakuru,0
2015-11-25,Nakuru,0
2015-11-26,Nakuru,2
2015-11-27,Nakuru,2
2015-11-28,Nakuru,2
2015-11-29,Nakuru,1
2015-11-30,Nakuru,0
2015-12-01,Nakuru,0
2015-12-02,Nakuru,0
2015-12-03,Nakuru,2
2015-12-04,Nakuru,1
2015-12-05,Nakuru,1
2015-12-06,Nakuru,1
2015-12-07,Nakuru,0
2015-12-08,Nakuru,0
2015-12-09,Nakuru,0
2015-12-10,Nakuru,1
2015-12-11,Nakuru,1
2015-12-12,Nakuru,0
2015-12-13,Nakuru,0
2015-12-14,Nakuru,0
2015-12-15,Nakuru,0
2015-12-16,Nakuru,0
2015-12-17,Nakuru,2
2015-12-18,Nakuru,0
2015-12-19,Nakuru,0
2015-12-20,Nakuru,1
2015-12-21,Nakuru,2
2015-12-22,Nakuru,1
2015-12-23,Nakuru,2
2015-12-24,Nakuru,1
2015-12-25,Nakuru,2
2015-12-26,Nakuru,2
2015-12-27,Nakuru,1
2015-12-28,Nakuru,0
2015-12-29,Nakuru,2
2015-12-30,Nakuru,1
2015-12-31,Nakuru,0
2016-01-01,Nakuru,2
2016-01-02,Nakuru,2
2016-01-03,Nakuru,2
2016-01-04,Nakuru,0
2016-01-05,Nakuru,0
2016-01-06,Nakuru,1
2016-01-07,Nakuru,1
2016-01-08,Nakuru,2
2016-01-09,Nakuru,0
2016-01-10,Nakuru,0
2016-01-11,Nakuru,1
2016-01-12,Nakuru,1
2016-01-13,Nakuru,2
2016-01-14,Nakuru,1
2016-01-15,Nakuru,2
2016-01-16,Nakuru,2
2016-01-17,Nakuru,2
2016-01-18,Nakuru,0
2016-01-19,Nakuru,1
2016-01-20,Nakuru,2
2016-01-21,Nakuru,0
2016-01-22,Nakuru,2
2016-01-23,Nakuru,2
2016-01-24,Nakuru,0
2016-01-25,Nakuru,0
2016-01-26,Nakuru,0
2016-01-27,Nakuru,0
2016-01-28,Nakuru,2
2016-01-29,Nakuru,1
2016-01-30,Nakuru,2
2016-01-31,Nakuru,2
2016-02-01,Nakuru,2
2016-02-02,Nakuru,0
2016-02-03,Nakuru,1
2016-02-04,Nakuru,1
2016-02-05,Nakuru,2
2016-02-06,Nakuru,2
2016-02-07,Nakuru,1
2016-02-08,Nakuru,1
2016-02-09,Nakuru,0
2016-02-10,Nakuru,0
2016-02-11,Nakuru,2
2016-02-12,Nakuru,1
2016-02-13,Nakuru,2
2016-02-14,Nakuru,2
2016-02-15,Nakuru,1
2016-02-16,Nakuru,0
2016-02-17,Nakuru,0
2016-02-18,Nakuru,2
2016-02-19,Nakuru,2
2016-02-20,Nakuru,2
2016-02-21,Nakuru,2
2016-02-22,Nakuru,1
2016-02-23,Nakuru,1
2016-02-24,Nakuru,1
2016-02-25,Nakuru,2
2016-02-26,Nakuru,1
2016-02-27,Nakuru,2
2016-02-28,Nakuru,0
2016-02-29,Nakuru,2
2016-03-01,Nakuru,10
2016-03-02,Nakuru,1
2016-03-03,Nakuru,22
2016-03-04,Nakuru,1
2016-03-05,Nakuru,12
2016-03-06,Nakuru,0
2016-03-07,Nakuru,13
2016-03-08,Nakuru,8
2016-03-09,Nakuru,2
2016-03-10,Nakuru,13
2016-03-11,Nakuru,11
2016-03-12,Nakuru,21
2016-03-13,Nakuru,13
2016-03-14,Nakuru,12
2016-03-15,Nakuru,12
2016-03-16,Nakuru,1
2016-03-17,Nakuru,0
2016-03-18,Nakuru,22
2016-03-19,Nakuru,18
2016-03-20,Nakuru,0
2016-03-21,Nakuru,17
2016-03-22,Nakuru,10
2016-03-23,Nakuru,2
2016-03-24,Nakuru,0
2016-03-25,Nakuru,4
2016-03-26,Nakuru,14
2016-03-27,Nakuru,1
2016-03-28,Nakuru,18
2016-03-29,Nakuru,0
2016-03-30,Nakuru,1
2016-03-31,Nakuru,23
2016-04-01,Nakuru,15
2016-04-02,Nakuru,9
2016-04-03,Nakuru,13
2016-04-04,Nakuru,16
2016-04-05,Nakuru,14
2016-04-06,Nakuru,2
2016-04-07,Nakuru,15
2016-04-08,Nakuru,16
2016-04-09,Nakuru,16
2016-04-10,Nakuru,1
2016-04-11,Nakuru,1
2016-04-12,Nakuru,2
2016-04-13,Nakuru,11
2016-04-14,Nakuru,9
2016-04-15,Nakuru,2
2016-04-16,Nakuru,7
2016-04-17,Nakuru,8
2016-04-18,Nakuru,16
2016-04-19,Nakuru,2
2016-04-20,Nakuru,2
2016-04-21,Nakuru,6
2016-04-22,Nakuru,0
2016-04-23,Nakuru,8
2016-04-24,Nakuru,1
2016-04-25,Nakuru,14
2016-04-26,Nakuru,8
2016-04-27,Nakuru,2
2016-04-28,Nakuru,20
2016-04-29,Nakuru,0
2016-04-30,Nakuru,1
2016-05-01,Nakuru,0
2016-05-02,Nakuru,6
2016-05-03,Nakuru,12
2016-05-04,Nakuru,15
2016-05-05,Nakuru,0
2016-05-06,Nakuru,21
2016-05-07,Nakuru,7
2016-05-08,Nakuru,0
2016-05-09,Nakuru,13
2016-05-10,Nakuru,17
2016-05-11,Nakuru,17
2016-05-12,Nakuru,17
2016-05-13,Nakuru,0
2016-05-14,Nakuru,5
2016-05-15,Nakuru,13
2016-05-16,Nakuru,2
2016-05-17,Nakuru,17
2016-05-18,Nakuru,12
2016-05-19,Nakuru,0
2016-05-20,Nakuru,15
2016-05-21,Nakuru,9
2016-05-22,Nakuru,11
2016-05-23,Nakuru,2
2016-05-24,Nakuru,2
2016-05-25,Nakuru,2
2016-05-26,Nakuru,24
2016-05-27,Nakuru,0
2016-05-28,Nakuru,11
2016-05-29,Nakuru,1
2016-05-30,Nakuru,10
2016-05-31,Nakuru,2
2016-06-01,Nakuru,2
2016-06-02,Nakuru,1
2016-06-03,Nakuru,0
2016-06-04,Nakuru,1
2016-06-05,Nakuru,0
2016-06-06,Nakuru,0
2016-06-07,Nakuru,2
2016-06-08,Nakuru,1
2016-06-09,Nakuru,0
2016-06-10,Nakuru,2
2016-06-11,Nakuru,0
2016-06-12,Nakuru,2
2016-06-13,Nakuru,1
2016-06-14,Nakuru,2
2016-06-15,Nakuru,1
2016-06-16,Nakuru,1
2016-06-17,Nakuru,2
2016-06-18,Nakuru,1
2016-06-19,Nakuru,2
2016-06-20,Nakuru,2
2016-06-21,Nakuru,2
2016-06-22,Nakuru,1
2016-06-23,Nakuru,2
2016-06-24,Nakuru,0
2016-06-25,Nakuru,2
2016-06-26,Nakuru,1
2016-06-27,Nakuru,2
2016-06-28,Nakuru,0
2016-06-29,Nakuru,1
2016-06-30,Nakuru,2
2016-07-01,Nakuru,1
2016-07-02,Nakuru,1
2016-07-03,Nakuru,2
2016-07-04,Nakuru,2
2016-07-05,Nakuru,0
2016-07-06,Nakuru,2
2016-07-07,Nakuru,2
2016-07-08,Nakuru,1
2016-07-09,Nakuru,1
2016-07-10,Nakuru,2
2016-07-11,Nakuru,2
2016-07-12,Nakuru,0
2016-07-13,Nakuru,2
2016-07-14,Nakuru,0
2016-07-15,Nakuru,2
2016-07-16,Nakuru,1
2016-07-17,Nakuru,1
2016-07-18,Nakuru,1
2016-07-19,Nakuru,2
2016-07-20,Nakuru,0
2016-07-21,Nakuru,0
2016-07-22,Nakuru,1
2016-07-23,Nakuru,2
2016-07-24,Nakuru,2
2016-07-25,Nakuru,0
2016-07-26,Nakuru,0
2016-07-27,Nakuru,2
2016-07-28,Nakuru,1
2016-07-29,Nakuru,0
2016-07-30,Nakuru,1
2016-07-31,Nakuru,2
2016-08-01,Nakuru,1
2016-08-02,Nakuru,0
2016-08-03,Nakuru,1
2016-08-04,Nakuru,1
2016-08-05,Nakuru,0
2016-08-06,Nakuru,1
2016-08-07,Nakuru,0
2016-08-08,Nakuru,2
2016-08-09,Nakuru,0
2016-08-10,Nakuru,0
2016-08-11,Nakuru,2
2016-08-12,Nakuru,2
2016-08-13,Nakuru,2
2016-08-14,Nakuru,2
2016-08-15,Nakuru,1
2016-08-16,Nakuru,2
2016-08-17,Nakuru,1
2016-08-18,Nakuru,2
2016-08-19,Nakuru,2
2016-08-20,Nakuru,2
2016-08-21,Nakuru,1
2016-08-22,Nakuru,1
2016-08-23,Nakuru,1
2016-08-24,Nakuru,0
2016-08-25,Nakuru,0
2016-08-26,Nakuru,1
2016-08-27,Nakuru,2
2016-08-28,Nakuru,0
2016-08-29,Nakuru,1
2016-08-30,Nakuru,1
2016-08-31,Nakuru,2
2016-09-01,Nakuru,0
2016-09-02,Nakuru,0
2016-09-03,Nakuru,2
2016-09-04,Nakuru,2
2016-09-05,Nakuru,1
2016-09-06,Nakuru,2
2016-09-07,Nakuru,1
2016-09-08,Nakuru,2
2016-09-09,Nakuru,2
2016-09-10,Nakuru,2
2016-09-11,Nakuru,1
2016-09-12,Nakuru,0
2016-09-13,Nakuru,2
2016-09-14,Nakuru,2
2016-09-15,Nakuru,1
2016-09-16,Nakuru,0
2016-09-17,Nakuru,2
2016-09-18,Nakuru,0
2016-09-19,Nakuru,1
2016-09-20,Nakuru,0
2016-09-21,Nakuru,0
2016-09-22,Nakuru,1
2016-09-23,Nakuru,2
2016-09-24,Nakuru,0
2016-09-25,Nakuru,0
2016-09-26,Nakuru,2
2016-09-27,Nakuru,2
2016-09-28,Nakuru,0
2016-09-29,Nakuru,2
2016-09-30,Nakuru,2
2016-10-01,Nakuru,0
2015-01-01,Narok,1
2015-01-02,Narok,2
2015-01-03,Narok,0
2015-01-04,Narok,2
2015-01-05,Narok,1
2015-01-06,Narok,0
2015-01-07,Narok,0
2015-01-08,Narok,2
2015-01-09,Narok,2
2015-01-10,Narok,1
2015-01-11,Narok,0
2015-01-12,Narok,1
2015-01-13,Narok,2
2015-01-14,Narok,2
2015-01-15,Narok,1
2015-01-16,Narok,0
2015-01-17,Narok,2
2015-01-18,Narok,2
2015-01-19,Narok,1
2015-01-20,Narok,0
2015-01-21,Narok,2
2015-01-22,Narok,0
2015-01-23,Narok,1
2015-01-24,Narok,2
2015-01-25,Narok,1
2015-01-26,Narok,2
2015-01-27,Narok,1
2015-01-28,Narok,2
2015-01-29,Narok,0
2015-01-30,Narok,0
2015-01-31,Narok,2
2015-02-01,Narok,1
2015-02-02,Narok,2
2015-02-03,Narok,2
2015-02-04,Narok,0
2015-02-05,Narok,0
2015-02-06,Narok,1
2015-02-07,Narok,2
2015-02-08,Narok,1
2015-02-09,Narok,0
2015-02-10,Narok,2
2015-02-11,Narok,1
2015-02-12,Narok,0
2015-02-13,Narok,2
2015-02-14,Narok,0
2015-02-15,Narok,0
2015-02-16,Narok,0
2015-02-17,Narok,2
2015-02-18,Narok,2
2015-02-19,Narok,1
2015-02-20,Narok,2
2015-02-21,Narok,0
2015-02-22,Narok,2
2015-02-23,Narok,1
2015-02-24,Narok,0
2015-02-25,Narok,1
2015-02-26,Narok,2
2015-02-27,Narok,0
2015-02-28,Narok,0
2015-03-01,Narok,1
2015-03-02,Narok,2
2015-03-03,Narok,19
2015-03-04,Narok,1
2015-03-05,Narok,0
2015-03-06,Narok,0
2015-03-07,Narok,2
2015-03-08,Narok,13
2015-03-09,Narok,0
2015-03-10,Narok,1
2015-03-11,Narok,5
2015-03-12,Narok,1
2015-03-13,Narok,1
2015-03-14,Narok,19
2015-03-15,Narok,18
2015-03-16,Narok,14
2015-03-17,Narok,17
2015-03-18,Narok,9
2015-03-19,Narok,19
2015-03-20,Narok,20
2015-03-21,Narok,15
2015-03-22,Narok,2
2015-03-23,Narok,0
2015-03-24,Narok,1
2015-03-25,Narok,0
2015-03-26,Narok,2
2015-03-27,Narok,0
2015-03-28,Narok,0
2015-03-29,Narok,8
2015-03-30,Narok,2
2015-03-31,Narok,2
2015-04-01,Narok,0
2015-04-02,Narok,13
2015-04-03,Narok,10
2015-04-04,Narok,13
2015-04-05,Narok,14
2015-04-06,Narok,5
2015-04-07,Narok,1
2015-04-08,Narok,1
2015-04-09,Narok,0
2015-04-10,Narok,1
2015-04-11,Narok,3
2015-04-12,Narok,20
2015-04-13,Narok,9
2015-04-14,Narok,0
2015-04-15,Narok,0
2015-04-16,Narok,1
2015-04-17,Narok,16
2015-04-18,Narok,20
2015-04-19,Narok,1
2015-04-20,Narok,0
2015-04-21,Narok,15
2015-04-22,Narok,0
2015-04-23,Narok,20
2015-04-24,Narok,9
2015-04-25,Narok,2
2015-04-26,Narok,1
2015-04-27,Narok,9
2015-04-28,Narok,0
2015-04-29,Narok,12
2015-04-30,Narok,8
2015-05-01,Narok,23
2015-05-02,Narok,12
2015-05-03,Narok,8
2015-05-04,Narok,12
2015-05-05,Narok,14
2015-05-06,Narok,11
2015-05-07,Narok,18
2015-05-08,Narok,13
2015-05-09,Narok,0
2015-05-10,Narok,1
2015-05-11,Narok,0
2015-05-12,Narok,11
2015-05-13,Narok,18
2015-05-14,Narok,2
2015-05-15,Narok,1
2015-05-16,Narok,1
2015-05-17,Narok,8
2015-05-18,Narok,2
2015-05-19,Narok,8
2015-05-20,Narok,19
2015-05-21,Narok,0
2015-05-22,Narok,11
2015-05-23,Narok,0
2015-05-24,Narok,1
2015-05-25,Narok,5
2015-05-26,Narok,2
2015-05-27,Narok,2
2015-05-28,Narok,10
2015-05-29,Narok,0
2015-05-30,Narok,1
2015-05-31,Narok,19
2015-06-01,Narok,2
2015-06-02,Narok,1
2015-06-03,Narok,1
2015-06-04,Narok,1
2015-06-05,Narok,0
2015-06-06,Narok,1
2015-06-07,Narok,2
2015-06-08,Narok,0
2015-06-09,Narok,1
2015-06-10,Narok,1
2015-06-11,Narok,0
2015-06-12,Narok,1
2015-06-13,Narok,1
2015-06-14,Narok,0
2015-06-15,Narok,0
2015-06-16,Narok,2
2015-06-17,Narok,1
2015-06-18,Narok,2
2015-06-19,Narok,2
2015-06-20,Narok,0
2015-06-21,Narok,2
2015-06-22,Narok,0
2015-06-23,Narok,1
2015-06-24,Narok,0
2015-06-25,Narok,2
2015-06-26,Narok,2
2015-06-27,Narok,2
2015-06-28,Narok,1
2015-06-29,Narok,2
2015-06-30,Narok,1
2015-07-01,Narok,1
2015-07-02,Narok,2
2015-07-03,Narok,0
2015-07-04,Narok,2
2015-07-05,Narok,2
2015-07-06,Narok,2
2015-07-07,Narok,2
2015-07-08,Narok,2
2015-07-09,Narok,0
2015-07-10,Narok,1
2015-07-11,Narok,0
2015-07-12,Narok,1
2015-07-13,Narok,0
2015-07-14,Narok,1
2015-07-15,Narok,1
2015-07-16,Narok,0
2015-07-17,Narok,2
2015-07-18,Narok,0
2015-07-19,Narok,1
2015-07-20,Narok,1
2015-07-21,Narok,0
2015-07-22,Narok,2
2015-07-23,Narok,2
2015-07-24,Narok,0
2015-07-25,Narok,1
2015-07-26,Narok,1
2015-07-27,Narok,2
2015-07-28,Narok,0
2015-07-29,Narok,2
2015-07-30,Narok,2
2015-07-31,Narok,1
2015-08-01,Narok,2
2015-08-02,Narok,2
2015-08-03,Narok,2
2015-08-04,Narok,2
2015-08-05,Narok,1
2015-08-06,Narok,0
2015-08-07,Narok,1
2015-08-08,Narok,2
2015-08-09,Narok,2
2015-08-10,Narok,1
2015-08-11,Narok,2
2015-08-12,Narok,1
2015-08-13,Narok,1
2015-08-14,Narok,0
2015-08-15,Narok,1
2015-08-16,Narok,0
2015-08-17,Narok,0
2015-08-18,Narok,1
2015-08-19,Narok,0
2015-08-20,Narok,0
2015-08-21,Narok,1
2015-08-22,Narok,0
2015-08-23,Narok,0
2015-08-24,Narok,2
2015-08-25,Narok,0
2015-08-26,Narok,2
2015-08-27,Narok,1
2015-08-28,Narok,1
2015-08-29,Narok,0
2015-08-30,Narok,0
2015-08-31,Narok,2
2015-09-01,Narok,2
2015-09-02,Narok,2
2015-09-03,Narok,2
2015-09-04,Narok,0
2015-09-05,Narok,1
2015-09-06,Narok,2
2015-09-07,Narok,0
2015-09-08,Narok,1
2015-09-09,Narok,2
2015-09-10,Narok,1
2015-09-11,Narok,2
2015-09-12,Narok,1
2015-09-13,Narok,2
2015-09-14,Narok,1
2015-09-15,Narok,0
2015-09-16,Narok,2
2015-09-17,Narok,0
2015-09-18,Narok,0
2015-09-19,Narok,1
2015-09-20,Narok,0
2015-09-21,Narok,2
2015-09-22,Narok,1
2015-09-23,Narok,1
2015-09-24,Narok,1
2015-09-25,Narok,2
2015-09-26,Narok,0
2015-09-27,Narok,1
2015-09-28,Narok,1
2015-09-29,Narok,0
2015-09-30,Narok,1
2015-10-01,Narok,0
2015-10-02,Narok,2
2015-10-03,Narok,0
2015-10-04,Narok,6
2015-10-05,Narok,1
2015-10-06,Narok,1
2015-10-07,Narok,2
2015-10-08,Narok,2
2015-10-09,Narok,2
2015-10-10,Narok,2
2015-10-11,Narok,18
2015-10-12,Narok,2
2015-10-13,Narok,2
2015-10-14,Narok,0
2015-10-15,Narok,0
2015-10-16,Narok,2
2015-10-17,Narok,2
2015-10-18,Narok,1
2015-10-19,Narok,1
2015-10-20,Narok,0
2015-10-21,Narok,8
2015-10-22,Narok,2
2015-10-23,Narok,1
2015-10-24,Narok,2
2015-10-25,Narok,21
2015-10-26,Narok,2
2015-10-27,Narok,2
2015-10-28,Narok,1
2015-10-29,Narok,0
2015-10-30,Narok,1
2015-10-31,Narok,2
2015-11-01,Narok,0
2015-11-02,Narok,2
2015-11-03,Narok,1
2015-11-04,Narok,2
2015-11-05,Narok,2
2015-11-06,Narok,0
2015-11-07,Narok,0
2015-11-08,Narok,1
2015-11-09,Narok,1
2015-11-10,Narok,1
2015-11-11,Narok,2
2015-11-12,Narok,16
2015-11-13,Narok,2
2015-11-14,Narok,2
2015-11-15,Narok,12
2015-11-16,Narok,2
2015-11-17,Narok,2
2015-11-18,Narok,0
2015-11-19,Narok,2
2015-11-20,Narok,1
2015-11-21,Narok,2
2015-11-22,Narok,2
2015-11-23,Narok,2
2015-11-24,Narok,0
2015-11-25,Narok,1
2015-11-26,Narok,1
2015-11-27,Narok,1
2015-11-28,Narok,2
2015-11-29,Narok,1
2015-11-30,Narok,1
2015-12-01,Narok,0
2015-12-02,Narok,1
2015-12-03,Narok,0
2015-12-04,Narok,1
2015-12-05,Narok,1
2015-12-06,Narok,1
2015-12-07,Narok,0
2015-12-08,Narok,2
2015-12-09,Narok,0
2015-12-10,Narok,0
2015-12-11,Narok,0
2015-12-12,Narok,1
2015-12-13,Narok,1
2015-12-14,Narok,1
2015-12-15,Narok,2
2015-12-16,Narok,0
2015-12-17,Narok,1
2015-12-18,Narok,1
2015-12-19,Narok,0
2015-12-20,Narok,1
2015-12-21,Narok,0
2015-12-22,Narok,2
2015-12-23,Narok,0
2015-12-24,Narok,1
2015-12-25,Narok,1
2015-12-26,Narok,0
2015-12-27,Narok,0
2015-12-28,Narok,0
2015-12-29,Narok,0
2015-12-30,Narok,0
2015-12-31,Narok,1
2016-01-01,Narok,1
2016-01-02,Narok,2
2016-01-03,Narok,0
2016-01-04,Narok,2
2016-01-05,Narok,0
2016-01-06,Narok,0
2016-01-07,Narok,2
2016-01-08,Narok,0
2016-01-09,Narok,2
2016-01-10,Narok,2
2016-01-11,Narok,1
2016-01-12,Narok,1
2016-01-13,Narok,2
2016-01-14,Narok,1
2016-01-15,Narok,1
2016-01-16,Narok,0
2016-01-17,Narok,2
2016-01-18,Narok,1
2016-01-19,Narok,0
2016-01-20,Narok,1
2016-01-21,Narok,2
2016-01-22,Narok,1
2016-01-23,Narok,0
2016-01-24,Narok,1
2016-01-25,Narok,2
2016-01-26,Narok,1
2016-01-27,Narok,2
2016-01-28,Narok,2
2016-01-29,Narok,2
2016-01-30,Narok,0
2016-01-31,Narok,2
2016-02-01,Narok,1
2016-02-02,Narok,0
2016-02-03,Narok,1
2016-02-04,Narok,0
2016-02-05,Narok,1
2016-02-06,Narok,0
2016-02-07,Narok,0
2016-02-08,Narok,1
2016-02-09,Narok,1
2016-02-10,Narok,1
2016-02-11,Narok,2
2016-02-12,Narok,1
2016-02-13,Narok,1
2016-02-14,Narok,1
2016-02-15,Narok,2
2016-02-16,Narok,1
2016-02-17,Narok,1
2016-02-18,Narok,0
2016-02-19,Narok,0
2016-02-20,Narok,2
2016-02-21,Narok,0
2016-02-22,Narok,2
2016-02-23,Narok,2
2016-02-24,Narok,1
2016-02-25,Narok,0
2016-02-26,Narok,1
2016-02-27,Narok,1
2016-02-28,Narok,0
2016-02-29,Narok,2
2016-03-01,Narok,15
2016-03-02,Narok,14
2016-03-03,Narok,2
2016-03-04,Narok,9
2016-03-05,Narok,11
2016-03-06,Narok,0
2016-03-07,Narok,15
2016-03-08,Narok,12
2016-03-09,Narok,17
2016-03-10,Narok,2
2016-03-11,Narok,5
2016-03-12,Narok,10
2016-03-13,Narok,15
2016-03-14,Narok,15
2016-03-15,Narok,12
2016-03-16,Narok,17
2016-03-17,Narok,15
2016-03-18,Narok,10
2016-03-19,Narok,0
2016-03-20,Narok,2
2016-03-21,Narok,8
2016-03-22,Narok,1
2016-03-23,Narok,15
2016-03-24,Narok,5
2016-03-25,Narok,0
2016-03-26,Narok,15
2016-03-27,Narok,19
2016-03-28,Narok,9
2016-03-29,Narok,1
2016-03-30,Narok,2
2016-03-31,Narok,2
2016-04-01,Narok,8
2016-04-02,Narok,1
2016-04-03,Narok,14
2016-04-04,Narok,17
2016-04-05,Narok,8
2016-04-06,Narok,15
2016-04-07,Narok,8
2016-04-08,Narok,5
2016-04-09,Narok,12
2016-04-10,Narok,8
2016-04-11,Narok,14
2016-04-12,Narok,1
2016-04-13,Narok,2
2016-04-14,Narok,0
2016-04-15,Narok,1
2016-04-16,Narok,1
2016-04-17,Narok,19
2016-04-18,Narok,7
2016-04-19,Narok,0
2016-04-20,Narok,0
2016-04-21,Narok,0
2016-04-22,Narok,0
2016-04-23,Narok,2
2016-04-24,Narok,0
2016-04-25,Narok,15
2016-04-26,Narok,0
2016-04-27,Narok,1
2016-04-28,Narok,1
2016-04-29,Narok,2
2016-04-30,Narok,2
2016-05-01,Narok,2
2016-05-02,Narok,0
2016-05-03,Narok,15
2016-05-04,Narok,15
2016-05-05,Narok,16
2016-05-06,Narok,7
2016-05-07,Narok,21
2016-05-08,Narok,1
2016-05-09,Narok,1
2016-05-10,Narok,0
2016-05-11,Narok,1
2016-05-12,Narok,1
2016-05-13,Narok,19
2016-05-14,Narok,5
2016-05-15,Narok,1
2016-05-16,Narok,0
2016-05-17,Narok,9
2016-05-18,Narok,5
2016-05-19,Narok,11
2016-05-20,Narok,1
2016-05-21,Narok,7
2016-05-22,Narok,0
2016-05-23,Narok,2
2016-05-24,Narok,0
2016-05-25,Narok,1
2016-05-26,Narok,2
2016-05-27,Narok,20
2016-05-28,Narok,0
2016-05-29,Narok,1
2016-05-30,Narok,18
2016-05-31,Narok,4
2016-06-01,Narok,1
2016-06-02,Narok,0
2016-06-03,Narok,2
2016-06-04,Narok,2
2016-06-05,Narok,0
2016-06-06,Narok,2
2016-06-07,Narok,1
2016-06-08,Narok,1
2016-06-09,Narok,1
2016-06-10,Narok,1
2016-06-11,Narok,0
2016-06-12,Narok,1
2016-06-13,Narok,0
2016-06-14,Narok,2
2016-06-15,Narok,2
2016-06-16,Narok,1
2016-06-17,Narok,1
2016-06-18,Narok,1
2016-06-19,Narok,1
2016-06-20,Narok,0
2016-06-21,Narok,2
2016-06-22,Narok,1
2016-06-23,Narok,1
2016-06-24,Narok,1
2016-06-25,Narok,2
2016-06-26,Narok,2
2016-06-27,Narok,1
2016-06-28,Narok,1
2016-06-29,Narok,1
2016-06-30,Narok,2
2016-07-01,Narok,0
2016-07-02,Narok,2
2016-07-03,Narok,1
2016-07-04,Narok,1
2016-07-05,Narok,2
2016-07-06,Narok,1
2016-07-07,Narok,1
2016-07-08,Narok,2
2016-07-09,Narok,2
2016-07-10,Narok,0
2016-07-11,Narok,0
2016-07-12,Narok,0
2016-07-13,Narok,2
2016-07-14,Narok,0
2016-07-15,Narok,0
2016-07-16,Narok,2
2016-07-17,Narok,2
2016-07-18,Narok,0
2016-07-19,Narok,1
2016-07-20,Narok,2
2016-07-21,Narok,1
2016-07-22,Narok,1
2016-07-23,Narok,2
2016-07-24,Narok,2
2016-07-25,Narok,0
2016-07-26,Narok,2
2016-07-27,Narok,1
2016-07-28,Narok,1
2016-07-29,Narok,1
2016-07-30,Narok,0
2016-07-31,Narok,2
2016-08-01,Narok,0
2016-08-02,Narok,0
2016-08-03,Narok,0
2016-08-04,Narok,0
2016-08-05,Narok,2
2016-08-06,Narok,1
2016-08-07,Narok,1
2016-08-08,Narok,0
2016-08-09,Narok,1
2016-08-10,Narok,1
2016-08-11,Narok,2
2016-08-12,Narok,1
2016-08-13,Narok,1
2016-08-14,Narok,0
2016-08-15,Narok,0
2016-08-16,Narok,1
2016-08-17,Narok,1
2016-08-18,Narok,0
2016-08-19,Narok,2
2016-08-20,Narok,0
2016-08-21,Narok,2
2016-08-22,Narok,2
2016-08-23,Narok,1
2016-08-24,Narok,0
2016-08-25,Narok,1
2016-08-26,Narok,1
2016-08-27,Narok,0
2016-08-28,Narok,1
2016-08-29,Narok,0
2016-08-30,Narok,1
2016-08-31,Narok,1
2016-09-01,Narok,1
2016-09-02,Narok,0
2016-09-03,Narok,1
2016-09-04,Narok,1
2016-09-05,Narok,2
2016-09-06,Narok,0
2016-09-07,Narok,1
2016-09-08,Narok,2
2016-09-09,Narok,1
2016-09-10,Narok,1
2016-09-11,Narok,1
2016-09-12,Narok,1
2016-09-13,Narok,2
2016-09-14,Narok,0
2016-09-15,Narok,0
2016-09-16,Narok,2
2016-09-17,Narok,1
2016-09-18,Narok,0
2016-09-19,Narok,0
2016-09-20,Narok,0
2016-09-21,Narok,0
2016-09-22,Narok,1
2016-09-23,Narok,0
2016-09-24,Narok,0
2016-09-25,Narok,2
2016-09-26,Narok,2
2016-09-27,Narok,2
2016-09-28,Narok,2
2016-09-29,Narok,2
2016-09-30,Narok,2
2016-10-01,Narok,2
2015-01-01,Kajiado,2
2015-01-02,Kajiado,0
2015-01-03,Kajiado,1
2015-01-04,Kajiado,0
2015-01-05,Kajiado,2
2015-01-06,Kajiado,2
2015-01-07,Kajiado,0
2015-01-08,Kajiado,2
2015-01-09,Kajiado,0
2015-01-10,Kajiado,1
2015-01-11,Kajiado,1
2015-01-12,Kajiado,2
2015-01-13,Kajiado,1
2015-01-14,Kajiado,0
2015-01-15,Kajiado,1
2015-01-16,Kajiado,1
2015-01-17,Kajiado,2
2015-01-18,Kajiado,0
2015-01-19,Kajiado,2
2015-01-20,Kajiado,0
2015-01-21,Kajiado,0
2015-01-22,Kajiado,1
2015-01-23,Kajiado,0
2015-01-24,Kajiado,2
2015-01-25,Kajiado,2
2015-01-26,Kajiado,0
2015-01-27,Kajiado,1
2015-01-28,Kajiado,1
2015-01-29,Kajiado,1
2015-01-30,Kajiado,2
2015-01-31,Kajiado,1
2015-02-01,Kajiado,0
2015-02-02,Kajiado,0
2015-02-03,Kajiado,2
2015-02-04,Kajiado,2
2015-02-05,Kajiado,2
2015-02-06,Kajiado,1
2015-02-07,Kajiado,1
2015-02-08,Kajiado,1
2015-02-09,Kajiado,0
2015-02-10,Kajiado,2
2015-02-11,Kajiado,0
2015-02-12,Kajiado,1
2015-02-13,Kajiado,2
2015-02-14,Kajiado,0
2015-02-15,Kajiado,1
2015-02-16,Kajiado,2
2015-02-17,Kajiado,1
2015-02-18,Kajiado,1
2015-02-19,Kajiado,1
2015-02-20,Kajiado,2
2015-02-21,Kajiado,1
2015-02-22,Kajiado,2
2015-02-23,Kajiado,2
2015-02-24,Kajiado,0
2015-02-25,Kajiado,1
2015-02-26,Kajiado,0
2015-02-27,Kajiado,1
2015-02-28,Kajiado,2
2015-03-01,Kajiado,19
2015-03-02,Kajiado,2
2015-03-03,Kajiado,14
2015-03-04,Kajiado,1
2015-03-05,Kajiado,20
2015-03-06,Kajiado,10
2015-03-07,Kajiado,3
2015-03-08,Kajiado,2
2015-03-09,Kajiado,15
2015-03-10,Kajiado,2
2015-03-11,Kajiado,1
2015-03-12,Kajiado,2
2015-03-13,Kajiado,15
2015-03-14,Kajiado,1
2015-03-15,Kajiado,1
2015-03-16,Kajiado,2
2015-03-17,Kajiado,0
2015-03-18,Kajiado,16
2015-03-19,Kajiado,6
2015-03-20,Kajiado,1
2015-03-21,Kajiado,15
2015-03-22,Kajiado,13
2015-03-23,Kajiado,11
2015-03-24,Kajiado,2
2015-03-25,Kajiado,1
2015-03-26,Kajiado,9
2015-03-27,Kajiado,14
2015-03-28,Kajiado,5
2015-03-29,Kajiado,16
2015-03-30,Kajiado,1
2015-03-31,Kajiado,19
2015-04-01,Kajiado,2
2015-04-02,Kajiado,10
2015-04-03,Kajiado,2
2015-04-04,Kajiado,18
2015-04-05,Kajiado,0
2015-04-06,Kajiado,0
2015-04-07,Kajiado,8
2015-04-08,Kajiado,6
2015-04-09,Kajiado,2
2015-04-10,Kajiado,2
2015-04-11,Kajiado,10
2015-04-12,Kajiado,21
2015-04-13,Kajiado,5
2015-04-14,Kajiado,10
2015-04-15,Kajiado,0
2015-04-16,Kajiado,14
2015-04-17,Kajiado,2
2015-04-18,Kajiado,10
2015-04-19,Kajiado,5
2015-04-20,Kajiado,1
2015-04-21,Kajiado,6
2015-04-22,Kajiado,1
2015-04-23,Kajiado,2
2015-04-24,Kajiado,0
2015-04-25,Kajiado,2
2015-04-26,Kajiado,2
2015-04-27,Kajiado,2
2015-04-28,Kajiado,26
2015-04-29,Kajiado,2
2015-04-30,Kajiado,0
2015-05-01,Kajiado,1
2015-05-02,Kajiado,15
2015-05-03,Kajiado,0
2015-05-04,Kajiado,14
2015-05-05,Kajiado,1
2015-05-06,Kajiado,17
2015-05-07,Kajiado,2
2015-05-08,Kajiado,1
2015-05-09,Kajiado,0
2015-05-10,Kajiado,10
2015-05-11,Kajiado,17
2015-05-12,Kajiado,2
2015-05-13,Kajiado,12
2015-05-14,Kajiado,0
2015-05-15,Kajiado,10
2015-05-16,Kajiado,14
2015-05-17,Kajiado,1
2015-05-18,Kajiado,2
2015-05-19,Kajiado,17
2015-05-20,Kajiado,10
2015-05-21,Kajiado,15
2015-05-22,Kajiado,7
2015-05-23,Kajiado,11
2015-05-24,Kajiado,7
2015-05-25,Kajiado,0
2015-05-26,Kajiado,0
2015-05-27,Kajiado,2
2015-05-28,Kajiado,1
2015-05-29,Kajiado,0
2015-05-30,Kajiado,2
2015-05-31,Kajiado,23
2015-06-01,Kajiado,0
2015-06-02,Kajiado,1
2015-06-03,Kajiado,0
2015-06-04,Kajiado,0
2015-06-05,Kajiado,0
2015-06-06,Kajiado,1
2015-06-07,Kajiado,1
2015-06-08,Kajiado,1
2015-06-09,Kajiado,2
2015-06-10,Kajiado,2
2015-06-11,Kajiado,2
2015-06-12,Kajiado,0
2015-06-13,Kajiado,1
2015-06-14,Kajiado,0
2015-06-15,Kajiado,1
2015-06-16,Kajiado,0
2015-06-17,Kajiado,2
2015-06-18,Kajiado,2
2015-06-19,Kajiado,2
2015-06-20,Kajiado,1
2015-06-21,Kajiado,1
2015-06-22,Kajiado,2
2015-06-23,Kajiado,1
2015-06-24,Kajiado,2
2015-06-25,Kajiado,0
2015-06-26,Kajiado,2
2015-06-27,Kajiado,0
2015-06-28,Kajiado,1
2015-06-29,Kajiado,1
2015-06-30,Kajiado,2
2015-07-01,Kajiado,2
2015-07-02,Kajiado,0
2015-07-03,Kajiado,2
2015-07-04,Kajiado,0
2015-07-05,Kajiado,2
2015-07-06,Kajiado,0
2015-07-07,Kajiado,1
2015-07-08,Kajiado,2
2015-07-09,Kajiado,2
2015-07-10,Kajiado,1
2015-07-11,Kajiado,2
2015-07-12,Kajiado,2
2015-07-13,Kajiado,1
2015-07-14,Kajiado,1
2015-07-15,Kajiado,0
2015-07-16,Kajiado,1
2015-07-17,Kajiado,0
2015-07-18,Kajiado,2
2015-07-19,Kajiado,1
2015-07-20,Kajiado,2
2015-07-21,Kajiado,0
2015-07-22,Kajiado,2
2015-07-23,Kajiado,1
2015-07-24,Kajiado,0
2015-07-25,Kajiado,1
2015-07-26,Kajiado,1
2015-07-27,Kajiado,1
2015-07-28,Kajiado,0
2015-07-29,Kajiado,0
2015-07-30,Kajiado,2
2015-07-31,Kajiado,0
2015-08-01,Kajiado,2
2015-08-02,Kajiado,1
2015-08-03,Kajiado,1
2015-08-04,Kajiado,1
2015-08-05,Kajiado,1
2015-08-06,Kajiado,1
2015-08-07,Kajiado,0
2015-08-08,Kajiado,2
2015-08-09,Kajiado,1
2015-08-10,Kajiado,0
2015-08-11,Kajiado,1
2015-08-12,Kajiado,0
2015-08-13,Kajiado,2
2015-08-14,Kajiado,1
2015-08-15,Kajiado,1
2015-08-16,Kajiado,2
2015-08-17,Kajiado,2
2015-08-18,Kajiado,2
2015-08-19,Kajiado,1
2015-08-20,Kajiado,2
2015-08-21,Kajiado,0
2015-08-22,Kajiado,2
2015-08-23,Kajiado,2
2015-08-24,Kajiado,1
2015-08-25,Kajiado,1
2015-08-26,Kajiado,0
2015-08-27,Kajiado,0
2015-08-28,Kajiado,1
2015-08-29,Kajiado,1
2015-08-30,Kajiado,1
2015-08-31,Kajiado,1
2015-09-01,Kajiado,0
2015-09-02,Kajiado,0
2015-09-03,Kajiado,2
2015-09-04,Kajiado,1
2015-09-05,Kajiado,1
2015-09-06,Kajiado,0
2015-09-07,Kajiado,1
2015-09-08,Kajiado,2
2015-09-09,Kajiado,2
2015-09-10,Kajiado,0
2015-09-11,Kajiado,0
2015-09-12,Kajiado,1
2015-09-13,Kajiado,2
2015-09-14,Kajiado,2
2015-09-15,Kajiado,2
2015-09-16,Kajiado,0
2015-09-17,Kajiado,1
2015-09-18,Kajiado,0
2015-09-19,Kajiado,0
2015-09-20,Kajiado,2
2015-09-21,Kajiado,0
2015-09-22,Kajiado,0
2015-09-23,Kajiado,1
2015-09-24,Kajiado,0
2015-09-25,Kajiado,0
2015-09-26,Kajiado,0
2015-09-27,Kajiado,0
2015-09-28,Kajiado,2
2015-09-29,Kajiado,2
2015-09-30,Kajiado,0
2015-10-01,Kajiado,0
2015-10-02,Kajiado,0
2015-10-03,Kajiado,1
2015-10-04,Kajiado,2
2015-10-05,Kajiado,0
2015-10-06,Kajiado,0
2015-10-07,Kajiado,1
2015-10-08,Kajiado,1
2015-10-09,Kajiado,1
2015-10-10,Kajiado,14
2015-10-11,Kajiado,9
2015-10-12,Kajiado,1
2015-10-13,Kajiado,1
2015-10-14,Kajiado,1
2015-10-15,Kajiado,1
2015-10-16,Kajiado,1
2015-10-17,Kajiado,2
2015-10-18,Kajiado,1
2015-10-19,Kajiado,1
2015-10-20,Kajiado,0
2015-10-21,Kajiado,13
2015-10-22,Kajiado,1
2015-10-23,Kajiado,1
2015-10-24,Kajiado,2
2015-10-25,Kajiado,1
2015-10-26,Kajiado,21
2015-10-27,Kajiado,1
2015-10-28,Kajiado,2
2015-10-29,Kajiado,0
2015-10-30,Kajiado,2
2015-10-31,Kajiado,2
2015-11-01,Kajiado,0
2015-11-02,Kajiado,2
2015-11-03,Kajiado,2
2015-11-04,Kajiado,2
2015-11-05,Kajiado,0
2015-11-06,Kajiado,0
2015-11-07,Kajiado,2
2015-11-08,Kajiado,0
2015-11-09,Kajiado,2
2015-11-10,Kajiado,1
2015-11-11,Kajiado,2
2015-11-12,Kajiado,2
2015-11-13,Kajiado,0
2015-11-14,Kajiado,1
2015-11-15,Kajiado,1
2015-11-16,Kajiado,2
2015-11-17,Kajiado,2
2015-11-18,Kajiado,0
2015-11-19,Kajiado,2
2015-11-20,Kajiado,0
2015-11-21,Kajiado,0
2015-11-22,Kajiado,0
2015-11-23,Kajiado,0
2015-11-24,Kajiado,2
2015-11-25,Kajiado,0
2015-11-26,Kajiado,0
2015-11-27,Kajiado,2
2015-11-28,Kajiado,1
2015-11-29,Kajiado,2
2015-11-30,Kajiado,0
2015-12-01,Kajiado,1
2015-12-02,Kajiado,1
2015-12-03,Kajiado,2
2015-12-04,Kajiado,1
2015-12-05,Kajiado,1
2015-12-06,Kajiado,2
2015-12-07,Kajiado,0
2015-12-08,Kajiado,1
2015-12-09,Kajiado,1
2015-12-10,Kajiado,0
2015-12-11,Kajiado,2
2015-12-12,Kajiado,2
2015-12-13,Kajiado,0
2015-12-14,Kajiado,1
2015-12-15,Kajiado,2
2015-12-16,Kajiado,0
2015-12-17,Kajiado,0
2015-12-18,Kajiado,0
2015-12-19,Kajiado,0
2015-12-20,Kajiado,2
2015-12-21,Kajiado,0
2015-12-22,Kajiado,1
2015-12-23,Kajiado,1
2015-12-24,Kajiado,0
2015-12-25,Kajiado,0
2015-12-26,Kajiado,0
2015-12-27,Kajiado,2
2015-12-28,Kajiado,2
2015-12-29,Kajiado,0
2015-12-30,Kajiado,1
2015-12-31,Kajiado,0
2016-01-01,Kajiado,2
2016-01-02,Kajiado,2
2016-01-03,Kajiado,2
2016-01-04,Kajiado,2
2016-01-05,Kajiado,0
2016-01-06,Kajiado,0
2016-01-07,Kajiado,0
2016-01-08,Kajiado,0
2016-01-09,Kajiado,2
2016-01-10,Kajiado,1
2016-01-11,Kajiado,1
2016-01-12,Kajiado,2
2016-01-13,Kajiado,2
2016-01-14,Kajiado,1
2016-01-15,Kajiado,0
2016-01-16,Kajiado,0
2016-01-17,Kajiado,1
2016-01-18,Kajiado,0
2016-01-19,Kajiado,2
2016-01-20,Kajiado,2
2016-01-21,Kajiado,0
2016-01-22,Kajiado,0
2016-01-23,Kajiado,1
2016-01-24,Kajiado,0
2016-01-25,Kajiado,0
2016-01-26,Kajiado,1
2016-01-27,Kajiado,2
2016-01-28,Kajiado,1
2016-01-29,Kajiado,0
2016-01-30,Kajiado,1
2016-01-31,Kajiado,1
2016-02-01,Kajiado,2
2016-02-02,Kajiado,1
2016-02-03,Kajiado,1
2016-02-04,Kajiado,1
2016-02-05,Kajiado,1
2016-02-06,Kajiado,0
2016-02-07,Kajiado,1
2016-02-08,Kajiado,0
2016-02-09,Kajiado,2
2016-02-10,Kajiado,2
2016-02-11,Kajiado,0
2016-02-12,Kajiado,0
2016-02-13,Kajiado,1
2016-02-14,Kajiado,1
2016-02-15,Kajiado,1
2016-02-16,Kajiado,1
2016-02-17,Kajiado,2
2016-02-18,Kajiado,2
2016-02-19,Kajiado,0
2016-02-20,Kajiado,1
2016-02-21,Kajiado,1
2016-02-22,Kajiado,1
2016-02-23,Kajiado,0
2016-02-24,Kajiado,1
2016-02-25,Kajiado,0
2016-02-26,Kajiado,0
2016-02-27,Kajiado,1
2016-02-28,Kajiado,0
2016-02-29,Kajiado,2
2016-03-01,Kajiado,2
2016-03-02,Kajiado,2
2016-03-03,Kajiado,1
2016-03-04,Kajiado,1
2016-03-05,Kajiado,17
2016-03-06,Kajiado,15
2016-03-07,Kajiado,1
2016-03-08,Kajiado,20
2016-03-09,Kajiado,11
2016-03-10,Kajiado,1
2016-03-11,Kajiado,9
2016-03-12,Kajiado,2
2016-03-13,Kajiado,21
2016-03-14,Kajiado,16
2016-03-15,Kajiado,8
2016-03-16,Kajiado,1
2016-03-17,Kajiado,20
2016-03-18,Kajiado,14
2016-03-19,Kajiado,0
2016-03-20,Kajiado,15
2016-03-21,Kajiado,1
2016-03-22,Kajiado,20
2016-03-23,Kajiado,2
2016-03-24,Kajiado,0
2016-03-25,Kajiado,0
2016-03-26,Kajiado,1
2016-03-27,Kajiado,12
2016-03-28,Kajiado,10
2016-03-29,Kajiado,3
2016-03-30,Kajiado,2
2016-03-31,Kajiado,1
2016-04-01,Kajiado,0
2016-04-02,Kajiado,2
2016-04-03,Kajiado,2
2016-04-04,Kajiado,8
2016-04-05,Kajiado,10
2016-04-06,Kajiado,7
2016-04-07,Kajiado,7
2016-04-08,Kajiado,10
2016-04-09,Kajiado,18
2016-04-10,Kajiado,15
2016-04-11,Kajiado,0
2016-04-12,Kajiado,1
2016-04-13,Kajiado,1
2016-04-14,Kajiado,17
2016-04-15,Kajiado,2
2016-04-16,Kajiado,1
2016-04-17,Kajiado,19
2016-04-18,Kajiado,11
2016-04-19,Kajiado,2
2016-04-20,Kajiado,19
2016-04-21,Kajiado,0
2016-04-22,Kajiado,0
2016-04-23,Kajiado,14
2016-04-24,Kajiado,2
2016-04-25,Kajiado,13
2016-04-26,Kajiado,14
2016-04-27,Kajiado,21
2016-04-28,Kajiado,0
2016-04-29,Kajiado,19
2016-04-30,Kajiado,16
2016-05-01,Kajiado,0
2016-05-02,Kajiado,17
2016-05-03,Kajiado,1
2016-05-04,Kajiado,2
2016-05-05,Kajiado,13
2016-05-06,Kajiado,0
2016-05-07,Kajiado,14
2016-05-08,Kajiado,11
2016-05-09,Kajiado,17
2016-05-10,Kajiado,9
2016-05-11,Kajiado,0
2016-05-12,Kajiado,0
2016-05-13,Kajiado,0
2016-05-14,Kajiado,0
2016-05-15,Kajiado,0
2016-05-16,Kajiado,1
2016-05-17,Kajiado,7
2016-05-18,Kajiado,1
2016-05-19,Kajiado,2
2016-05-20,Kajiado,0
2016-05-21,Kajiado,2
2016-05-22,Kajiado,0
2016-05-23,Kajiado,15
2016-05-24,Kajiado,0
2016-05-25,Kajiado,9
2016-05-26,Kajiado,0
2016-05-27,Kajiado,2
2016-05-28,Kajiado,1
2016-05-29,Kajiado,2
2016-05-30,Kajiado,10
2016-05-31,Kajiado,18
2016-06-01,Kajiado,1
2016-06-02,Kajiado,0
2016-06-03,Kajiado,1
2016-06-04,Kajiado,0
2016-06-05,Kajiado,1
2016-06-06,Kajiado,1
2016-06-07,Kajiado,1
2016-06-08,Kajiado,1
2016-06-09,Kajiado,0
2016-06-10,Kajiado,0
2016-06-11,Kajiado,0
2016-06-12,Kajiado,1
2016-06-13,Kajiado,2
2016-06-14,Kajiado,1
2016-06-15,Kajiado,1
2016-06-16,Kajiado,0
2016-06-17,Kajiado,2
2016-06-18,Kajiado,2
2016-06-19,Kajiado,1
2016-06-20,Kajiado,0
2016-06-21,Kajiado,0
2016-06-22,Kajiado,0
2016-06-23,Kajiado,2
2016-06-24,Kajiado,2
2016-06-25,Kajiado,0
2016-06-26,Kajiado,1
2016-06-27,Kajiado,0
2016-06-28,Kajiado,0
2016-06-29,Kajiado,1
2016-06-30,Kajiado,2
2016-07-01,Kajiado,2
2016-07-02,Kajiado,2
2016-07-03,Kajiado,0
2016-07-04,Kajiado,1
2016-07-05,Kajiado,1
2016-07-06,Kajiado,1
2016-07-07,Kajiado,2
2016-07-08,Kajiado,1
2016-07-09,Kajiado,2
2016-07-10,Kajiado,1
2016-07-11,Kajiado,0
2016-07-12,Kajiado,1
2016-07-13,Kajiado,0
2016-07-14,Kajiado,0
2016-07-15,Kajiado,0
2016-07-16,Kajiado,1
2016-07-17,Kajiado,0
2016-07-18,Kajiado,2
2016-07-19,Kajiado,2
2016-07-20,Kajiado,0
2016-07-21,Kajiado,0
2016-07-22,Kajiado,0
2016-07-23,Kajiado,2
2016-07-24,Kajiado,1
2016-07-25,Kajiado,1
2016-07-26,Kajiado,2
2016-07-27,Kajiado,2
2016-07-28,Kajiado,2
2016-07-29,Kajiado,0
2016-07-30,Kajiado,0
2016-07-31,Kajiado,0
2016-08-01,Kajiado,1
2016-08-02,Kajiado,2
2016-08-03,Kajiado,2
2016-08-04,Kajiado,1
2016-08-05,Kajiado,1
2016-08-06,Kajiado,1
2016-08-07,Kajiado,0
2016-08-08,Kajiado,0
2016-08-09,Kajiado,1
2016-08-10,Kajiado,2
2016-08-11,Kajiado,1
2016-08-12,Kajiado,2
2016-08-13,Kajiado,0
2016-08-14,Kajiado,0
2016-08-15,Kajiado,0
2016-08-16,Kajiado,2
2016-08-17,Kajiado,1
2016-08-18,Kajiado,2
2016-08-19,Kajiado,1
2016-08-20,Kajiado,0
2016-08-21,Kajiado,2
2016-08-22,Kajiado,0
2016-08-23,Kajiado,0
2016-08-24,Kajiado,1
2016-08-25,Kajiado,0
2016-08-26,Kajiado,2
2016-08-27,Kajiado,2
2016-08-28,Kajiado,1
2016-08-29,Kajiado,0
2016-08-30,Kajiado,0
2016-08-31,Kajiado,1
2016-09-01,Kajiado,1
2016-09-02,Kajiado,2
2016-09-03,Kajiado,0
2016-09-04,Kajiado,0
2016-09-05,Kajiado,0
2016-09-06,Kajiado,1
2016-09-07,Kajiado,2
2016-09-08,Kajiado,1
2016-09-09,Kajiado,2
2016-09-10,Kajiado,0
2016-09-11,Kajiado,1
2016-09-12,Kajiado,1
2016-09-13,Kajiado,2
2016-09-14,Kajiado,0
2016-09-15,Kajiado,0
2016-09-16,Kajiado,0
2016-09-17,Kajiado,1
2016-09-18,Kajiado,1
2016-09-19,Kajiado,0
2016-09-20,Kajiado,2
2016-09-21,Kajiado,1
2016-09-22,Kajiado,0
2016-09-23,Kajiado,0
2016-09-24,Kajiado,2
2016-09-25,Kajiado,1
2016-09-26,Kajiado,0
2016-09-27,Kajiado,2
2016-09-28,Kajiado,1
2016-09-29,Kajiado,0
2016-09-30,Kajiado,1
2016-10-01,Kajiado,0
2015-01-01,Kericho,2
2015-01-02,Kericho,0
2015-01-03,Kericho,2
2015-01-04,Kericho,1
2015-01-05,Kericho,1
2015-01-06,Kericho,1
2015-01-07,Kericho,0
2015-01-08,Kericho,2
2015-01-09,Kericho,1
2015-01-10,Kericho,1
2015-01-11,Kericho,1
2015-01-12,Kericho,2
2015-01-13,Kericho,2
2015-01-14,Kericho,1
2015-01-15,Kericho,1
2015-01-16,Kericho,1
2015-01-17,Kericho,1
2015-01-18,Kericho,2
2015-01-19,Kericho,2
2015-01-20,Kericho,1
2015-01-21,Kericho,0
2015-01-22,Kericho,0
2015-01-23,Kericho,1
2015-01-24,Kericho,1
2015-01-25,Kericho,0
2015-01-26,Kericho,2
2015-01-27,Kericho,1
2015-01-28,Kericho,1
2015-01-29,Kericho,0
2015-01-30,Kericho,0
2015-01-31,Kericho,1
2015-02-01,Kericho,2
2015-02-02,Kericho,2
2015-02-03,Kericho,0
2015-02-04,Kericho,2
2015-02-05,Kericho,0
2015-02-06,Kericho,0
2015-02-07,Kericho,2
2015-02-08,Kericho,1
2015-02-09,Kericho,0
2015-02-10,Kericho,0
2015-02-11,Kericho,2
2015-02-12,Kericho,2
2015-02-13,Kericho,2
2015-02-14,Kericho,1
2015-02-15,Kericho,2
2015-02-16,Kericho,1
2015-02-17,Kericho,0
2015-02-18,Kericho,1
2015-02-19,Kericho,1
2015-02-20,Kericho,0
2015-02-21,Kericho,1
2015-02-22,Kericho,2
2015-02-23,Kericho,1
2015-02-24,Kericho,0
2015-02-25,Kericho,2
2015-02-26,Kericho,2
2015-02-27,Kericho,0
2015-02-28,Kericho,0
2015-03-01,Kericho,14
2015-03-02,Kericho,18
2015-03-03,Kericho,2
2015-03-04,Kericho,1
2015-03-05,Kericho,16
2015-03-06,Kericho,1
2015-03-07,Kericho,16
2015-03-08,Kericho,2
2015-03-09,Kericho,6
2015-03-10,Kericho,14
2015-03-11,Kericho,0
2015-03-12,Kericho,13
2015-03-13,Kericho,1
2015-03-14,Kericho,4
2015-03-15,Kericho,14
2015-03-16,Kericho,1
2015-03-17,Kericho,1
2015-03-18,Kericho,0
2015-03-19,Kericho,2
2015-03-20,Kericho,13
2015-03-21,Kericho,2
2015-03-22,Kericho,1
2015-03-23,Kericho,22
2015-03-24,Kericho,2
2015-03-25,Kericho,0
2015-03-26,Kericho,0
2015-03-27,Kericho,17
2015-03-28,Kericho,1
2015-03-29,Kericho,1
2015-03-30,Kericho,2
2015-03-31,Kericho,1
2015-04-01,Kericho,18
2015-04-02,Kericho,14
2015-04-03,Kericho,1
2015-04-04,Kericho,0
2015-04-05,Kericho,2
2015-04-06,Kericho,0
2015-04-07,Kericho,2
2015-04-08,Kericho,22
2015-04-09,Kericho,16
2015-04-10,Kericho,16
2015-04-11,Kericho,2
2015-04-12,Kericho,0
2015-04-13,Kericho,2
2015-04-14,Kericho,2
2015-04-15,Kericho,0
2015-04-16,Kericho,2
2015-04-17,Kericho,2
2015-04-18,Kericho,10
2015-04-19,Kericho,1
2015-04-20,Kericho,24
2015-04-21,Kericho,9
2015-04-22,Kericho,12
2015-04-23,Kericho,20
2015-04-24,Kericho,2
2015-04-25,Kericho,1
2015-04-26,Kericho,0
2015-04-27,Kericho,10
2015-04-28,Kericho,0
2015-04-29,Kericho,1
2015-04-30,Kericho,1
2015-05-01,Kericho,1
2015-05-02,Kericho,5
2015-05-03,Kericho,0
2015-05-04,Kericho,3
2015-05-05,Kericho,16
2015-05-06,Kericho,1
2015-05-07,Kericho,21
2015-05-08,Kericho,0
2015-05-09,Kericho,21
2015-05-10,Kericho,1
2015-05-11,Kericho,11
2015-05-12,Kericho,2
2015-05-13,Kericho,7
2015-05-14,Kericho,1
2015-05-15,Kericho,16
2015-05-16,Kericho,1
2015-05-17,Kericho,1
2015-05-18,Kericho,2
2015-05-19,Kericho,20
2015-05-20,Kericho,2
2015-05-21,Kericho,11
2015-05-22,Kericho,5
2015-05-23,Kericho,17
2015-05-24,Kericho,0
2015-05-25,Kericho,13
2015-05-26,Kericho,2
2015-05-27,Kericho,1
2015-05-28,Kericho,8
2015-05-29,Kericho,2
2015-05-30,Kericho,1
2015-05-31,Kericho,1
2015-06-01,Kericho,0
2015-06-02,Kericho,0
2015-06-03,Kericho,1
2015-06-04,Kericho,2
2015-06-05,Kericho,2
2015-06-06,Kericho,2
2015-06-07,Kericho,0
2015-06-08,Kericho,0
2015-06-09,Kericho,2
2015-06-10,Kericho,1
2015-06-11,Kericho,0
2015-06-12,Kericho,2
2015-06-13,Kericho,2
2015-06-14,Kericho,0
2015-06-15,Kericho,0
2015-06-16,Kericho,2
2015-06-17,Kericho,0
2015-06-18,Kericho,0
2015-06-19,Kericho,0
2015-06-20,Kericho,2
2015-06-21,Kericho,2
2015-06-22,Kericho,1
2015-06-23,Kericho,1
2015-06-24,Kericho,1
2015-06-25,Kericho,0
2015-06-26,Kericho,2
2015-06-27,Kericho,0
2015-06-28,Kericho,0
2015-06-29,Kericho,2
2015-06-30,Kericho,2
2015-07-01,Kericho,0
2015-07-02,Kericho,0
2015-07-03,Kericho,1
2015-07-04,Kericho,2
2015-07-05,Kericho,0
2015-07-06,Kericho,0
2015-07-07,Kericho,2
2015-07-08,Kericho,0
2015-07-09,Kericho,0
2015-07-10,Kericho,2
2015-07-11,Kericho,1
2015-07-12,Kericho,0
2015-07-13,Kericho,1
2015-07-14,Kericho,0
2015-07-15,Kericho,1
2015-07-16,Kericho,2
2015-07-17,Kericho,1
2015-07-18,Kericho,1
2015-07-19,Kericho,0
2015-07-20,Kericho,0
2015-07-21,Kericho,2
2015-07-22,Kericho,0
2015-07-23,Kericho,0
2015-07-24,Kericho,2
2015-07-25,Kericho,1
2015-07-26,Kericho,1
2015-07-27,Kericho,1
2015-07-28,Kericho,0
2015-07-29,Kericho,0
2015-07-30,Kericho,2
2015-07-31,Kericho,1
2015-08-01,Kericho,1
2015-08-02,Kericho,1
2015-08-03,Kericho,0
2015-08-04,Kericho,2
2015-08-05,Kericho,0
2015-08-06,Kericho,0
2015-08-07,Kericho,0
2015-08-08,Kericho,1
2015-08-09,Kericho,1
2015-08-10,Kericho,2
2015-08-11,Kericho,1
2015-08-12,Kericho,0
2015-08-13,Kericho,0
2015-08-14,Kericho,1
2015-08-15,Kericho,2
2015-08-16,Kericho,0
2015-08-17,Kericho,2
2015-08-18,Kericho,2
2015-08-19,Kericho,1
2015-08-20,Kericho,2
2015-08-21,Kericho,1
2015-08-22,Kericho,1
2015-08-23,Kericho,1
2015-08-24,Kericho,2
2015-08-25,Kericho,2
2015-08-26,Kericho,0
2015-08-27,Kericho,2
2015-08-28,Kericho,1
2015-08-29,Kericho,1
2015-08-30,Kericho,2
2015-08-31,Kericho,0
2015-09-01,Kericho,0
2015-09-02,Kericho,0
2015-09-03,Kericho,0
2015-09-04,Kericho,2
2015-09-05,Kericho,2
2015-09-06,Kericho,1
2015-09-07,Kericho,0
2015-09-08,Kericho,1
2015-09-09,Kericho,2
2015-09-10,Kericho,2
2015-09-11,Kericho,1
2015-09-12,Kericho,0
2015-09-13,Kericho,1
2015-09-14,Kericho,0
2015-09-15,Kericho,1
2015-09-16,Kericho,1
2015-09-17,Kericho,2
2015-09-18,Kericho,0
2015-09-19,Kericho,0
2015-09-20,Kericho,0
2015-09-21,Kericho,1
2015-09-22,Kericho,1
2015-09-23,Kericho,0
2015-09-24,Kericho,0
2015-09-25,Kericho,1
2015-09-26,Kericho,0
2015-09-27,Kericho,1
2015-09-28,Kericho,0
2015-09-29,Kericho,2
2015-09-30,Kericho,0
2015-10-01,Kericho,1
2015-10-02,Kericho,1
2015-10-03,Kericho,1
2015-10-04,Kericho,13
2015-10-05,Kericho,1
2015-10-06,Kericho,1
2015-10-07,Kericho,2
2015-10-08,Kericho,2
2015-10-09,Kericho,2
2015-10-10,Kericho,0
2015-10-11,Kericho,11
2015-10-12,Kericho,2
2015-10-13,Kericho,0
2015-10-14,Kericho,1
2015-10-15,Kericho,1
2015-10-16,Kericho,1
2015-10-17,Kericho,1
2015-10-18,Kericho,0
2015-10-19,Kericho,1
2015-10-20,Kericho,0
2015-10-21,Kericho,0
2015-10-22,Kericho,0
2015-10-23,Kericho,0
2015-10-24,Kericho,2
2015-10-25,Kericho,2
2015-10-26,Kericho,2
2015-10-27,Kericho,1
2015-10-28,Kericho,0
2015-10-29,Kericho,1
2015-10-30,Kericho,0
2015-10-31,Kericho,0
2015-11-01,Kericho,9
2015-11-02,Kericho,2
2015-11-03,Kericho,1
2015-11-04,Kericho,2
2015-11-05,Kericho,2
2015-11-06,Kericho,23
2015-11-07,Kericho,0
2015-11-08,Kericho,0
2015-11-09,Kericho,2
2015-11-10,Kericho,0
2015-11-11,Kericho,2
2015-11-12,Kericho,1
2015-11-13,Kericho,2
2015-11-14,Kericho,1
2015-11-15,Kericho,1
2015-11-16,Kericho,0
2015-11-17,Kericho,0
2015-11-18,Kericho,1
2015-11-19,Kericho,2
2015-11-20,Kericho,0
2015-11-21,Kericho,0
2015-11-22,Kericho,0
2015-11-23,Kericho,1
2015-11-24,Kericho,0
2015-11-25,Kericho,1
2015-11-26,Kericho,1
2015-11-27,Kericho,0
2015-11-28,Kericho,1
2015-11-29,Kericho,1
2015-11-30,Kericho,0
2015-12-01,Kericho,1
2015-12-02,Kericho,1
2015-12-03,Kericho,1
2015-12-04,Kericho,1
2015-12-05,Kericho,0
2015-12-06,Kericho,2
2015-12-07,Kericho,0
2015-12-08,Kericho,2
2015-12-09,Kericho,0
2015-12-10,Kericho,0
2015-12-11,Kericho,1
2015-12-12,Kericho,0
2015-12-13,Kericho,0
2015-12-14,Kericho,1
2015-12-15,Kericho,2
2015-12-16,Kericho,1
2015-12-17,Kericho,1
2015-12-18,Kericho,0
2015-12-19,Kericho,0
2015-12-20,Kericho,0
2015-12-21,Kericho,2
2015-12-22,Kericho,2
2015-12-23,Kericho,0
2015-12-24,Kericho,0
2015-12-25,Kericho,0
2015-12-26,Kericho,2
2015-12-27,Kericho,1
2015-12-28,Kericho,0
2015-12-29,Kericho,2
2015-12-30,Kericho,0
2015-12-31,Kericho,2
2016-01-01,Kericho,2
2016-01-02,Kericho,2
2016-01-03,Kericho,1
2016-01-04,Kericho,1
2016-01-05,Kericho,1
2016-01-06,Kericho,2
2016-01-07,Kericho,0
2016-01-08,Kericho,2
2016-01-09,Kericho,2
2016-01-10,Kericho,2
2016-01-11,Kericho,2
2016-01-12,Kericho,2
2016-01-13,Kericho,1
2016-01-14,Kericho,1
2016-01-15,Kericho,2
2016-01-16,Kericho,1
2016-01-17,Kericho,0
2016-01-18,Kericho,0
2016-01-19,Kericho,1
2016-01-20,Kericho,2
2016-01-21,Kericho,2
2016-01-22,Kericho,0
2016-01-23,Kericho,1
2016-01-24,Kericho,0
2016-01-25,Kericho,0
2016-01-26,Kericho,1
2016-01-27,Kericho,2
2016-01-28,Kericho,0
2016-01-29,Kericho,0
2016-01-30,Kericho,0
2016-01-31,Kericho,2
2016-02-01,Kericho,2
2016-02-02,Kericho,0
2016-02-03,Kericho,1
2016-02-04,Kericho,1
2016-02-05,Kericho,1
2016-02-06,Kericho,1
2016-02-07,Kericho,0
2016-02-08,Kericho,2
2016-02-09,Kericho,0
2016-02-10,Kericho,2
2016-02-11,Kericho,0
2016-02-12,Kericho,2
2016-02-13,Kericho,2
2016-02-14,Kericho,2
2016-02-15,Kericho,2
2016-02-16,Kericho,0
2016-02-17,Kericho,0
2016-02-18,Kericho,0
2016-02-19,Kericho,1
2016-02-20,Kericho,1
2016-02-21,Kericho,2
2016-02-22,Kericho,0
2016-02-23,Kericho,1
2016-02-24,Kericho,1
2016-02-25,Kericho,2
2016-02-26,Kericho,0
2016-02-27,Kericho,1
2016-02-28,Kericho,0
2016-02-29,Kericho,1
2016-03-01,Kericho,5
2016-03-02,Kericho,2
2016-03-03,Kericho,26
2016-03-04,Kericho,1
2016-03-05,Kericho,0
2016-03-06,Kericho,21
2016-03-07,Kericho,2
2016-03-08,Kericho,14
2016-03-09,Kericho,6
2016-03-10,Kericho,19
2016-03-11,Kericho,0
2016-03-12,Kericho,1
2016-03-13,Kericho,2
2016-03-14,Kericho,0
2016-03-15,Kericho,1
2016-03-16,Kericho,0
2016-03-17,Kericho,2
2016-03-18,Kericho,19
2016-03-19,Kericho,10
2016-03-20,Kericho,11
2016-03-21,Kericho,0
2016-03-22,Kericho,8
2016-03-23,Kericho,16
2016-03-24,Kericho,6
2016-03-25,Kericho,0
2016-03-26,Kericho,14
2016-03-27,Kericho,9
2016-03-28,Kericho,2
2016-03-29,Kericho,1
2016-03-30,Kericho,6
2016-03-31,Kericho,18
2016-04-01,Kericho,2
2016-04-02,Kericho,1
2016-04-03,Kericho,1
2016-04-04,Kericho,19
2016-04-05,Kericho,2
2016-04-06,Kericho,1
2016-04-07,Kericho,21
2016-04-08,Kericho,1
2016-04-09,Kericho,2
2016-04-10,Kericho,24
2016-04-11,Kericho,10
2016-04-12,Kericho,18
2016-04-13,Kericho,10
2016-04-14,Kericho,20
2016-04-15,Kericho,15
2016-04-16,Kericho,18
2016-04-17,Kericho,8
2016-04-18,Kericho,0
2016-04-19,Kericho,2
2016-04-20,Kericho,21
2016-04-21,Kericho,18
2016-04-22,Kericho,2
2016-04-23,Kericho,2
2016-04-24,Kericho,0
2016-04-25,Kericho,1
2016-04-26,Kericho,0
2016-04-27,Kericho,3
2016-04-28,Kericho,1
2016-04-29,Kericho,2
2016-04-30,Kericho,13
2016-05-01,Kericho,2
2016-05-02,Kericho,2
2016-05-03,Kericho,11
2016-05-04,Kericho,14
2016-05-05,Kericho,20
2016-05-06,Kericho,0
2016-05-07,Kericho,0
2016-05-08,Kericho,1
2016-05-09,Kericho,0
2016-05-10,Kericho,2
2016-05-11,Kericho,15
2016-05-12,Kericho,1
2016-05-13,Kericho,8
2016-05-14,Kericho,11
2016-05-15,Kericho,21
2016-05-16,Kericho,9
2016-05-17,Kericho,22
2016-05-18,Kericho,2
2016-05-19,Kericho,0
2016-05-20,Kericho,1
2016-05-21,Kericho,24
2016-05-22,Kericho,1
2016-05-23,Kericho,2
2016-05-24,Kericho,5
2016-05-25,Kericho,18
2016-05-26,Kericho,9
2016-05-27,Kericho,22
2016-05-28,Kericho,0
2016-05-29,Kericho,2
2016-05-30,Kericho,16
2016-05-31,Kericho,1
2016-06-01,Kericho,0
2016-06-02,Kericho,1
2016-06-03,Kericho,1
2016-06-04,Kericho,1
2016-06-05,Kericho,1
2016-06-06,Kericho,2
2016-06-07,Kericho,0
2016-06-08,Kericho,1
2016-06-09,Kericho,1
2016-06-10,Kericho,0
2016-06-11,Kericho,0
2016-06-12,Kericho,0
2016-06-13,Kericho,2
2016-06-14,Kericho,1
2016-06-15,Kericho,0
2016-06-16,Kericho,1
2016-06-17,Kericho,1
2016-06-18,Kericho,0
2016-06-19,Kericho,2
2016-06-20,Kericho,0
2016-06-21,Kericho,2
2016-06-22,Kericho,2
2016-06-23,Kericho,2
2016-06-24,Kericho,1
2016-06-25,Kericho,0
2016-06-26,Kericho,2
2016-06-27,Kericho,2
2016-06-28,Kericho,1
2016-06-29,Kericho,2
2016-06-30,Kericho,0
2016-07-01,Kericho,2
2016-07-02,Kericho,2
2016-07-03,Kericho,2
2016-07-04,Kericho,0
2016-07-05,Kericho,0
2016-07-06,Kericho,1
2016-07-07,Kericho,2
2016-07-08,Kericho,0
2016-07-09,Kericho,1
2016-07-10,Kericho,2
2016-07-11,Kericho,2
2016-07-12,Kericho,2
2016-07-13,Kericho,1
2016-07-14,Kericho,0
2016-07-15,Kericho,2
2016-07-16,Kericho,1
2016-07-17,Kericho,2
2016-07-18,Kericho,2
2016-07-19,Kericho,1
2016-07-20,Kericho,2
2016-07-21,Kericho,1
2016-07-22,Kericho,1
2016-07-23,Kericho,1
2016-07-24,Kericho,0
2016-07-25,Kericho,1
2016-07-26,Kericho,0
2016-07-27,Kericho,0
2016-07-28,Kericho,2
2016-07-29,Kericho,1
2016-07-30,Kericho,0
2016-07-31,Kericho,0
2016-08-01,Kericho,1
2016-08-02,Kericho,1
2016-08-03,Kericho,0
2016-08-04,Kericho,0
2016-08-05,Kericho,1
2016-08-06,Kericho,2
2016-08-07,Kericho,0
2016-08-08,Kericho,0
2016-08-09,Kericho,0
2016-08-10,Kericho,2
2016-08-11,Kericho,2
2016-08-12,Kericho,1
2016-08-13,Kericho,2
2016-08-14,Kericho,2
2016-08-15,Kericho,2
2016-08-16,Kericho,1
2016-08-17,Kericho,2
2016-08-18,Kericho,2
2016-08-19,Kericho,2
2016-08-20,Kericho,1
2016-08-21,Kericho,1
2016-08-22,Kericho,0
2016-08-23,Kericho,0
2016-08-24,Kericho,0
2016-08-25,Kericho,2
2016-08-26,Kericho,1
2016-08-27,Kericho,1
2016-08-28,Kericho,1
2016-08-29,Kericho,2
2016-08-30,Kericho,2
2016-08-31,Kericho,2
2016-09-01,Kericho,1
2016-09-02,Kericho,0
2016-09-03,Kericho,2
2016-09-04,Kericho,2
2016-09-05,Kericho,0
2016-09-06,Kericho,2
2016-09-07,Kericho,2
2016-09-08,Kericho,1
2016-09-09,Kericho,0
2016-09-10,Kericho,0
2016-09-11,Kericho,1
2016-09-12,Kericho,1
2016-09-13,Kericho,2
2016-09-14,Kericho,2
2016-09-15,Kericho,0
2016-09-16,Kericho,1
2016-09-17,Kericho,0
2016-09-18,Kericho,2
2016-09-19,Kericho,1
2016-09-20,Kericho,1
2016-09-21,Kericho,2
2016-09-22,Kericho,1
2016-09-23,Kericho,0
2016-09-24,Kericho,0
2016-09-25,Kericho,2
2016-09-26,Kericho,0
2016-09-27,Kericho,1
2016-09-28,Kericho,0
2016-09-29,Kericho,0
2016-09-30,Kericho,1
2016-10-01,Kericho,2
2015-01-01,Bomet,2
2015-01-02,Bomet,0
2015-01-03,Bomet,2
2015-01-04,Bomet,2
2015-01-05,Bomet,1
2015-01-06,Bomet,0
2015-01-07,Bomet,0
2015-01-08,Bomet,0
2015-01-09,Bomet,1
2015-01-10,Bomet,0
2015-01-11,Bomet,0
2015-01-12,Bomet,0
2015-01-13,Bomet,1
2015-01-14,Bomet,2
2015-01-15,Bomet,0
2015-01-16,Bomet,0
2015-01-17,Bomet,1
2015-01-18,Bomet,2
2015-01-19,Bomet,0
2015-01-20,Bomet,1
2015-01-21,Bomet,1
2015-01-22,Bomet,2
2015-01-23,Bomet,0
2015-01-24,Bomet,1
2015-01-25,Bomet,1
2015-01-26,Bomet,0
2015-01-27,Bomet,2
2015-01-28,Bomet,0
2015-01-29,Bomet,1
2015-01-30,Bomet,1
2015-01-31,Bomet,1
2015-02-01,Bomet,0
2015-02-02,Bomet,0
2015-02-03,Bomet,0
2015-02-04,Bomet,2
2015-02-05,Bomet,0
2015-02-06,Bomet,0
2015-02-07,Bomet,1
2015-02-08,Bomet,0
2015-02-09,Bomet,1
2015-02-10,Bomet,1
2015-02-11,Bomet,2
2015-02-12,Bomet,1
2015-02-13,Bomet,0
2015-02-14,Bomet,0
2015-02-15,Bomet,2
2015-02-16,Bomet,2
2015-02-17,Bomet,0
2015-02-18,Bomet,2
2015-02-19,Bomet,1
2015-02-20,Bomet,1
2015-02-21,Bomet,0
2015-02-22,Bomet,1
2015-02-23,Bomet,2
2015-02-24,Bomet,1
2015-02-25,Bomet,1
2015-02-26,Bomet,0
2015-02-27,Bomet,2
2015-02-28,Bomet,0
2015-03-01,Bomet,1
2015-03-02,Bomet,15
2015-03-03,Bomet,2
2015-03-04,Bomet,0
2015-03-05,Bomet,1
2015-03-06,Bomet,15
2015-03-07,Bomet,0
2015-03-08,Bomet,14
2015-03-09,Bomet,1
2015-03-10,Bomet,1
2015-03-11,Bomet,0
2015-03-12,Bomet,14
2015-03-13,Bomet,1
2015-03-14,Bomet,8
2015-03-15,Bomet,13
2015-03-16,Bomet,15
2015-03-17,Bomet,7
2015-03-18,Bomet,15
2015-03-19,Bomet,2
2015-03-20,Bomet,18
2015-03-21,Bomet,0
2015-03-22,Bomet,2
2015-03-23,Bomet,11
2015-03-24,Bomet,14
2015-03-25,Bomet,1
2015-03-26,Bomet,2
2015-03-27,Bomet,2
2015-03-28,Bomet,11
2015-03-29,Bomet,14
2015-03-30,Bomet,0
2015-03-31,Bomet,12
2015-04-01,Bomet,1
2015-04-02,Bomet,0
2015-04-03,Bomet,3
2015-04-04,Bomet,15
2015-04-05,Bomet,22
2015-04-06,Bomet,2
2015-04-07,Bomet,2
2015-04-08,Bomet,16
2015-04-09,Bomet,20
2015-04-10,Bomet,0
2015-04-11,Bomet,1
2015-04-12,Bomet,2
2015-04-13,Bomet,2
2015-04-14,Bomet,10
2015-04-15,Bomet,12
2015-04-16,Bomet,0
2015-04-17,Bomet,1
2015-04-18,Bomet,1
2015-04-19,Bomet,13
2015-04-20,Bomet,0
2015-04-21,Bomet,13
2015-04-22,Bomet,28
2015-04-23,Bomet,2
2015-04-24,Bomet,0
2015-04-25,Bomet,14
2015-04-26,Bomet,5
2015-04-27,Bomet,9
2015-04-28,Bomet,0
2015-04-29,Bomet,14
2015-04-30,Bomet,2
2015-05-01,Bomet,24
2015-05-02,Bomet,13
2015-05-03,Bomet,2
2015-05-04,Bomet,5
2015-05-05,Bomet,1
2015-05-06,Bomet,4
2015-05-07,Bomet,16
2015-05-08,Bomet,0
2015-05-09,Bomet,1
2015-05-10,Bomet,9
2015-05-11,Bomet,0
2015-05-12,Bomet,2
2015-05-13,Bomet,24
2015-05-14,Bomet,4
2015-05-15,Bomet,15
2015-05-16,Bomet,13
2015-05-17,Bomet,0
2015-05-18,Bomet,1
2015-05-19,Bomet,2
2015-05-20,Bomet,9
2015-05-21,Bomet,20
2015-05-22,Bomet,2
2015-05-23,Bomet,14
2015-05-24,Bomet,15
2015-05-25,Bomet,0
2015-05-26,Bomet,4
2015-05-27,Bomet,2
2015-05-28,Bomet,0
2015-05-29,Bomet,1
2015-05-30,Bomet,2
2015-05-31,Bomet,2
2015-06-01,Bomet,2
2015-06-02,Bomet,2
2015-06-03,Bomet,2
2015-06-04,Bomet,0
2015-06-05,Bomet,1
2015-06-06,Bomet,0
2015-06-07,Bomet,1
2015-06-08,Bomet,2
2015-06-09,Bomet,0
2015-06-10,Bomet,2
2015-06-11,Bomet,2
2015-06-12,Bomet,2
2015-06-13,Bomet,0
2015-06-14,Bomet,0
2015-06-15,Bomet,2
2015-06-16,Bomet,0
2015-06-17,Bomet,2
2015-06-18,Bomet,2
2015-06-19,Bomet,2
2015-06-20,Bomet,1
2015-06-21,Bomet,2
2015-06-22,Bomet,2
2015-06-23,Bomet,1
2015-06-24,Bomet,0
2015-06-25,Bomet,0
2015-06-26,Bomet,0
2015-06-27,Bomet,0
2015-06-28,Bomet,0
2015-06-29,Bomet,2
2015-06-30,Bomet,0
2015-07-01,Bomet,2
2015-07-02,Bomet,0
2015-07-03,Bomet,0
2015-07-04,Bomet,1
2015-07-05,Bomet,1
2015-07-06,Bomet,0
2015-07-07,Bomet,1
2015-07-08,Bomet,2
2015-07-09,Bomet,2
2015-07-10,Bomet,1
2015-07-11,Bomet,0
2015-07-12,Bomet,1
2015-07-13,Bomet,2
2015-07-14,Bomet,1
2015-07-15,Bomet,0
2015-07-16,Bomet,1
2015-07-17,Bomet,1
2015-07-18,Bomet,2
2015-07-19,Bomet,0
2015-07-20,Bomet,0
2015-07-21,Bomet,1
2015-07-22,Bomet,2
2015-07-23,Bomet,1
2015-07-24,Bomet,1
2015-07-25,Bomet,2
2015-07-26,Bomet,2
2015-07-27,Bomet,1
2015-07-28,Bomet,1
2015-07-29,Bomet,0
2015-07-30,Bomet,2
2015-07-31,Bomet,1
2015-08-01,Bomet,0
2015-08-02,Bomet,2
2015-08-03,Bomet,0
2015-08-04,Bomet,0
2015-08-05,Bomet,0
2015-08-06,Bomet,1
2015-08-07,Bomet,0
2015-08-08,Bomet,2
2015-08-09,Bomet,0
2015-08-10,Bomet,1
2015-08-11,Bomet,1
2015-08-12,Bomet,0
2015-08-13,Bomet,0
2015-08-14,Bomet,0
2015-08-15,Bomet,2
2015-08-16,Bomet,2
2015-08-17,Bomet,2
2015-08-18,Bomet,0
2015-08-19,Bomet,2
2015-08-20,Bomet,0
2015-08-21,Bomet,1
2015-08-22,Bomet,1
2015-08-23,Bomet,1
2015-08-24,Bomet,0
2015-08-25,Bomet,1
2015-08-26,Bomet,1
2015-08-27,Bomet,2
2015-08-28,Bomet,2
2015-08-29,Bomet,0
2015-08-30,Bomet,2
2015-08-31,Bomet,1
2015-09-01,Bomet,2
2015-09-02,Bomet,1
2015-09-03,Bomet,0
2015-09-04,Bomet,2
2015-09-05,Bomet,1
2015-09-06,Bomet,1
2015-09-07,Bomet,1
2015-09-08,Bomet,1
2015-09-09,Bomet,0
2015-09-10,Bomet,0
2015-09-11,Bomet,1
2015-09-12,Bomet,2
2015-09-13,Bomet,2
2015-09-14,Bomet,1
2015-09-15,Bomet,1
2015-09-16,Bomet,2
2015-09-17,Bomet,2
2015-09-18,Bomet,1
2015-09-19,Bomet,1
2015-09-20,Bomet,2
2015-09-21,Bomet,2
2015-09-22,Bomet,2
2015-09-23,Bomet,2
2015-09-24,Bomet,2
2015-09-25,Bomet,1
2015-09-26,Bomet,2
2015-09-27,Bomet,0
2015-09-28,Bomet,2
2015-09-29,Bomet,1
2015-09-30,Bomet,2
2015-10-01,Bomet,11
2015-10-02,Bomet,0
2015-10-03,Bomet,2
2015-10-04,Bomet,1
2015-10-05,Bomet,2
2015-10-06,Bomet,2
2015-10-07,Bomet,8
2015-10-08,Bomet,4
2015-10-09,Bomet,0
2015-10-10,Bomet,1
2015-10-11,Bomet,0
2015-10-12,Bomet,2
2015-10-13,Bomet,1
2015-10-14,Bomet,1
2015-10-15,Bomet,0
2015-10-16,Bomet,0
2015-10-17,Bomet,1
2015-10-18,Bomet,1
2015-10-19,Bomet,2
2015-10-20,Bomet,7
2015-10-21,Bomet,2
2015-10-22,Bomet,1
2015-10-23,Bomet,1
2015-10-24,Bomet,2
2015-10-25,Bomet,0
2015-10-26,Bomet,2
2015-10-27,Bomet,2
2015-10-28,Bomet,1
2015-10-29,Bomet,1
2015-10-30,Bomet,1
2015-10-31,Bomet,0
2015-11-01,Bomet,0
2015-11-02,Bomet,2
2015-11-03,Bomet,1
2015-11-04,Bomet,0
2015-11-05,Bomet,1
2015-11-06,Bomet,2
2015-11-07,Bomet,0
2015-11-08,Bomet,2
2015-11-09,Bomet,1
2015-11-10,Bomet,2
2015-11-11,Bomet,2
2015-11-12,Bomet,1
2015-11-13,Bomet,2
2015-11-14,Bomet,1
2015-11-15,Bomet,1
2015-11-16,Bomet,0
2015-11-17,Bomet,1
2015-11-18,Bomet,0
2015-11-19,Bomet,2
2015-11-20,Bomet,1
2015-11-21,Bomet,0
2015-11-22,Bomet,0
2015-11-23,Bomet,1
2015-11-24,Bomet,1
2015-11-25,Bomet,0
2015-11-26,Bomet,0
2015-11-27,Bomet,1
2015-11-28,Bomet,1
2015-11-29,Bomet,1
2015-11-30,Bomet,1
2015-12-01,Bomet,2
2015-12-02,Bomet,0
2015-12-03,Bomet,1
2015-12-04,Bomet,1
2015-12-05,Bomet,0
2015-12-06,Bomet,0
2015-12-07,Bomet,1
2015-12-08,Bomet,2
2015-12-09,Bomet,2
2015-12-10,Bomet,2
2015-12-11,Bomet,0
2015-12-12,Bomet,2
2015-12-13,Bomet,2
2015-12-14,Bomet,1
2015-12-15,Bomet,0
2015-12-16,Bomet,2
2015-12-17,Bomet,0
2015-12-18,Bomet,2
2015-12-19,Bomet,0
2015-12-20,Bomet,2
2015-12-21,Bomet,2
2015-12-22,Bomet,0
2015-12-23,Bomet,0
2015-12-24,Bomet,0
2015-12-25,Bomet,0
2015-12-26,Bomet,1
2015-12-27,Bomet,0
2015-12-28,Bomet,1
2015-12-29,Bomet,1
2015-12-30,Bomet,2
2015-12-31,Bomet,0
2016-01-01,Bomet,0
2016-01-02,Bomet,1
2016-01-03,Bomet,0
2016-01-04,Bomet,0
2016-01-05,Bomet,2
2016-01-06,Bomet,1
2016-01-07,Bomet,1
2016-01-08,Bomet,1
2016-01-09,Bomet,1
2016-01-10,Bomet,0
2016-01-11,Bomet,0
2016-01-12,Bomet,0
2016-01-13,Bomet,2
2016-01-14,Bomet,0
2016-01-15,Bomet,2
2016-01-16,Bomet,2
2016-01-17,Bomet,2
2016-01-18,Bomet,2
2016-01-19,Bomet,2
2016-01-20,Bomet,1
2016-01-21,Bomet,2
2016-01-22,Bomet,0
2016-01-23,Bomet,1
2016-01-24,Bomet,2
2016-01-25,Bomet,1
2016-01-26,Bomet,2
2016-01-27,Bomet,0
2016-01-28,Bomet,0
2016-01-29,Bomet,2
2016-01-30,Bomet,1
2016-01-31,Bomet,0
2016-02-01,Bomet,1
2016-02-02,Bomet,0
2016-02-03,Bomet,2
2016-02-04,Bomet,0
2016-02-05,Bomet,0
2016-02-06,Bomet,1
2016-02-07,Bomet,0
2016-02-08,Bomet,1
2016-02-09,Bomet,0
2016-02-10,Bomet,0
2016-02-11,Bomet,2
2016-02-12,Bomet,1
2016-02-13,Bomet,2
2016-02-14,Bomet,0
2016-02-15,Bomet,2
2016-02-16,Bomet,2
2016-02-17,Bomet,0
2016-02-18,Bomet,2
2016-02-19,Bomet,1
2016-02-20,Bomet,0
2016-02-21,Bomet,2
2016-02-22,Bomet,0
2016-02-23,Bomet,2
2016-02-24,Bomet,0
2016-02-25,Bomet,1
2016-02-26,Bomet,0
2016-02-27,Bomet,2
2016-02-28,Bomet,0
2016-02-29,Bomet,1
2016-03-01,Bomet,2
2016-03-02,Bomet,0
2016-03-03,Bomet,9
2016-03-04,Bomet,17
2016-03-05,Bomet,10
2016-03-06,Bomet,8
2016-03-07,Bomet,12
2016-03-08,Bomet,14
2016-03-09,Bomet,9
2016-03-10,Bomet,22
2016-03-11,Bomet,2
2016-03-12,Bomet,15
2016-03-13,Bomet,16
2016-03-14,Bomet,13
2016-03-15,Bomet,3
2016-03-16,Bomet,8
2016-03-17,Bomet,0
2016-03-18,Bomet,13
2016-03-19,Bomet,15
2016-03-20,Bomet,1
2016-03-21,Bomet,1
2016-03-22,Bomet,14
2016-03-23,Bomet,1
2016-03-24,Bomet,0
2016-03-25,Bomet,13
2016-03-26,Bomet,15
2016-03-27,Bomet,0
2016-03-28,Bomet,7
2016-03-29,Bomet,2
2016-03-30,Bomet,1
2016-03-31,Bomet,0
2016-04-01,Bomet,2
2016-04-02,Bomet,28
2016-04-03,Bomet,1
2016-04-04,Bomet,19
2016-04-05,Bomet,1
2016-04-06,Bomet,19
2016-04-07,Bomet,2
2016-04-08,Bomet,0
2016-04-09,Bomet,2
2016-04-10,Bomet,4
2016-04-11,Bomet,1
2016-04-12,Bomet,11
2016-04-13,Bomet,0
2016-04-14,Bomet,17
2016-04-15,Bomet,12
2016-04-16,Bomet,2
2016-04-17,Bomet,18
2016-04-18,Bomet,2
2016-04-19,Bomet,2
2016-04-20,Bomet,1
2016-04-21,Bomet,0
2016-04-22,Bomet,0
2016-04-23,Bomet,6
2016-04-24,Bomet,2
2016-04-25,Bomet,9
2016-04-26,Bomet,0
2016-04-27,Bomet,8
2016-04-28,Bomet,2
2016-04-29,Bomet,4
2016-04-30,Bomet,17
2016-05-01,Bomet,1
2016-05-02,Bomet,16
2016-05-03,Bomet,16
2016-05-04,Bomet,1
2016-05-05,Bomet,2
2016-05-06,Bomet,1
2016-05-07,Bomet,2
2016-05-08,Bomet,1
2016-05-09,Bomet,1
2016-05-10,Bomet,12
2016-05-11,Bomet,9
2016-05-12,Bomet,0
2016-05-13,Bomet,2
2016-05-14,Bomet,0
2016-05-15,Bomet,23
2016-05-16,Bomet,17
2016-05-17,Bomet,6
2016-05-18,Bomet,10
2016-05-19,Bomet,2
2016-05-20,Bomet,9
2016-05-21,Bomet,0
2016-05-22,Bomet,17
2016-05-23,Bomet,1
2016-05-24,Bomet,1
2016-05-25,Bomet,20
2016-05-26,Bomet,1
2016-05-27,Bomet,0
2016-05-28,Bomet,18
2016-05-29,Bomet,2
2016-05-30,Bomet,1
2016-05-31,Bomet,20
2016-06-01,Bomet,2
2016-06-02,Bomet,1
2016-06-03,Bomet,0
2016-06-04,Bomet,0
2016-06-05,Bomet,0
2016-06-06,Bomet,1
2016-06-07,Bomet,1
2016-06-08,Bomet,0
2016-06-09,Bomet,1
2016-06-10,Bomet,2
2016-06-11,Bomet,0
2016-06-12,Bomet,2
2016-06-13,Bomet,2
2016-06-14,Bomet,2
2016-06-15,Bomet,0
2016-06-16,Bomet,2
2016-06-17,Bomet,0
2016-06-18,Bomet,1
2016-06-19,Bomet,0
2016-06-20,Bomet,0
2016-06-21,Bomet,2
2016-06-22,Bomet,1
2016-06-23,Bomet,0
2016-06-24,Bomet,2
2016-06-25,Bomet,1
2016-06-26,Bomet,0
2016-06-27,Bomet,0
2016-06-28,Bomet,2
2016-06-29,Bomet,0
2016-06-30,Bomet,0
2016-07-01,Bomet,2
2016-07-02,Bomet,1
2016-07-03,Bomet,1
2016-07-04,Bomet,2
2016-07-05,Bomet,0
2016-07-06,Bomet,0
2016-07-07,Bomet,2
2016-07-08,Bomet,2
2016-07-09,Bomet,2
2016-07-10,Bomet,0
2016-07-11,Bomet,2
2016-07-12,Bomet,1
2016-07-13,Bomet,2
2016-07-14,Bomet,0
2016-07-15,Bomet,2
2016-07-16,Bomet,0
2016-07-17,Bomet,0
2016-07-18,Bomet,2
2016-07-19,Bomet,2
2016-07-20,Bomet,0
2016-07-21,Bomet,2
2016-07-22,Bomet,2
2016-07-23,Bomet,2
2016-07-24,Bomet,1
2016-07-25,Bomet,0
2016-07-26,Bomet,0
2016-07-27,Bomet,0
2016-07-28,Bomet,1
2016-07-29,Bomet,1
2016-07-30,Bomet,1
2016-07-31,Bomet,1
2016-08-01,Bomet,1
2016-08-02,Bomet,1
2016-08-03,Bomet,1
2016-08-04,Bomet,0
2016-08-05,Bomet,2
2016-08-06,Bomet,0
2016-08-07,Bomet,1
2016-08-08,Bomet,1
2016-08-09,Bomet,2
2016-08-10,Bomet,0
2016-08-11,Bomet,0
2016-08-12,Bomet,1
2016-08-13,Bomet,2
2016-08-14,Bomet,0
2016-08-15,Bomet,2
2016-08-16,Bomet,2
2016-08-17,Bomet,0
2016-08-18,Bomet,0
2016-08-19,Bomet,2
2016-08-20,Bomet,2
2016-08-21,Bomet,2
2016-08-22,Bomet,0
2016-08-23,Bomet,0
2016-08-24,Bomet,1
2016-08-25,Bomet,2
2016-08-26,Bomet,2
2016-08-27,Bomet,0
2016-08-28,Bomet,2
2016-08-29,Bomet,2
2016-08-30,Bomet,0
2016-08-31,Bomet,2
2016-09-01,Bomet,1
2016-09-02,Bomet,2
2016-09-03,Bomet,0
2016-09-04,Bomet,0
2016-09-05,Bomet,1
2016-09-06,Bomet,1
2016-09-07,Bomet,0
2016-09-08,Bomet,2
2016-09-09,Bomet,1
2016-09-10,Bomet,2
2016-09-11,Bomet,0
2016-09-12,Bomet,2
2016-09-13,Bomet,0
2016-09-14,Bomet,2
2016-09-15,Bomet,1
2016-09-16,Bomet,1
2016-09-17,Bomet,0
2016-09-18,Bomet,2
2016-09-19,Bomet,2
2016-09-20,Bomet,2
2016-09-21,Bomet,0
2016-09-22,Bomet,0
2016-09-23,Bomet,0
2016-09-24,Bomet,0
2016-09-25,Bomet,1
2016-09-26,Bomet,1
2016-09-27,Bomet,0
2016-09-28,Bomet,0
2016-09-29,Bomet,0
2016-09-30,Bomet,2
2016-10-01,Bomet,2
2015-01-01,Kakamega,1
2015-01-02,Kakamega,0
2015-01-03,Kakamega,2
2015-01-04,Kakamega,2
2015-01-05,Kakamega,0
2015-01-06,Kakamega,1
2015-01-07,Kakamega,0
2015-01-08,Kakamega,2
2015-01-09,Kakamega,2
2015-01-10,Kakamega,0
2015-01-11,Kakamega,1
2015-01-12,Kakamega,2
2015-01-13,Kakamega,2
2015-01-14,Kakamega,2
2015-01-15,Kakamega,1
2015-01-16,Kakamega,1
2015-01-17,Kakamega,0
2015-01-18,Kakamega,1
2015-01-19,Kakamega,1
2015-01-20,Kakamega,0
2015-01-21,Kakamega,2
2015-01-22,Kakamega,1
2015-01-23,Kakamega,0
2015-01-24,Kakamega,2
2015-01-25,Kakamega,0
2015-01-26,Kakamega,1
2015-01-27,Kakamega,2
2015-01-28,Kakamega,2
2015-01-29,Kakamega,1
2015-01-30,Kakamega,0
2015-01-31,Kakamega,0
2015-02-01,Kakamega,2
2015-02-02,Kakamega,2
2015-02-03,Kakamega,2
2015-02-04,Kakamega,0
2015-02-05,Kakamega,2
2015-02-06,Kakamega,2
2015-02-07,Kakamega,2
2015-02-08,Kakamega,0
2015-02-09,Kakamega,1
2015-02-10,Kakamega,0
2015-02-11,Kakamega,2
2015-02-12,Kakamega,1
2015-02-13,Kakamega,1
2015-02-14,Kakamega,0
2015-02-15,Kakamega,1
2015-02-16,Kakamega,1
2015-02-17,Kakamega,2
2015-02-18,Kakamega,2
2015-02-19,Kakamega,0
2015-02-20,Kakamega,1
2015-02-21,Kakamega,0
2015-02-22,Kakamega,2
2015-02-23,Kakamega,0
2015-02-24,Kakamega,1
2015-02-25,Kakamega,1
2015-02-26,Kakamega,2
2015-02-27,Kakamega,2
2015-02-28,Kakamega,0
2015-03-01,Kakamega,0
2015-03-02,Kakamega,2
2015-03-03,Kakamega,2
2015-03-04,Kakamega,8
2015-03-05,Kakamega,2
2015-03-06,Kakamega,20
2015-03-07,Kakamega,7
2015-03-08,Kakamega,14
2015-03-09,Kakamega,0
2015-03-10,Kakamega,9
2015-03-11,Kakamega,16
2015-03-12,Kakamega,4
2015-03-13,Kakamega,1
2015-03-14,Kakamega,2
2015-03-15,Kakamega,0
2015-03-16,Kakamega,8
2015-03-17,Kakamega,2
2015-03-18,Kakamega,0
2015-03-19,Kakamega,4
2015-03-20,Kakamega,18
2015-03-21,Kakamega,11
2015-03-22,Kakamega,1
2015-03-23,Kakamega,13
2015-03-24,Kakamega,10
2015-03-25,Kakamega,1
2015-03-26,Kakamega,12
2015-03-27,Kakamega,1
2015-03-28,Kakamega,1
2015-03-29,Kakamega,1
2015-03-30,Kakamega,12
2015-03-31,Kakamega,2
2015-04-01,Kakamega,5
2015-04-02,Kakamega,5
2015-04-03,Kakamega,9
2015-04-04,Kakamega,14
2015-04-05,Kakamega,14
2015-04-06,Kakamega,1
2015-04-07,Kakamega,0
2015-04-08,Kakamega,0
2015-04-09,Kakamega,1
2015-04-10,Kakamega,14
2015-04-11,Kakamega,2
2015-04-12,Kakamega,10
2015-04-13,Kakamega,6
2015-04-14,Kakamega,2
2015-04-15,Kakamega,1
2015-04-16,Kakamega,1
2015-04-17,Kakamega,28
2015-04-18,Kakamega,7
2015-04-19,Kakamega,1
2015-04-20,Kakamega,0
2015-04-21,Kakamega,2
2015-04-22,Kakamega,0
2015-04-23,Kakamega,17
2015-04-24,Kakamega,1
2015-04-25,Kakamega,12
2015-04-26,Kakamega,15
2015-04-27,Kakamega,9
2015-04-28,Kakamega,0
2015-04-29,Kakamega,10
2015-04-30,Kakamega,1
2015-05-01,Kakamega,0
2015-05-02,Kakamega,0
2015-05-03,Kakamega,3
2015-05-04,Kakamega,19
2015-05-05,Kakamega,2
2015-05-06,Kakamega,10
2015-05-07,Kakamega,12
2015-05-08,Kakamega,1
2015-05-09,Kakamega,0
2015-05-10,Kakamega,0
2015-05-11,Kakamega,15
2015-05-12,Kakamega,5
2015-05-13,Kakamega,17
2015-05-14,Kakamega,10
2015-05-15,Kakamega,8
2015-05-16,Kakamega,1
2015-05-17,Kakamega,0
2015-05-18,Kakamega,1
2015-05-19,Kakamega,1
2015-05-20,Kakamega,8
2015-05-21,Kakamega,10
2015-05-22,Kakamega,2
2015-05-23,Kakamega,1
2015-05-24,Kakamega,6
2015-05-25,Kakamega,0
2015-05-26,Kakamega,1
2015-05-27,Kakamega,28
2015-05-28,Kakamega,2
2015-05-29,Kakamega,2
2015-05-30,Kakamega,11
2015-05-31,Kakamega,30
2015-06-01,Kakamega,2
2015-06-02,Kakamega,1
2015-06-03,Kakamega,2
2015-06-04,Kakamega,2
2015-06-05,Kakamega,2
2015-06-06,Kakamega,2
2015-06-07,Kakamega,2
2015-06-08,Kakamega,1
2015-06-09,Kakamega,0
2015-06-10,Kakamega,1
2015-06-11,Kakamega,0
2015-06-12,Kakamega,2
2015-06-13,Kakamega,1
2015-06-14,Kakamega,1
2015-06-15,Kakamega,1
2015-06-16,Kakamega,2
2015-06-17,Kakamega,2
2015-06-18,Kakamega,2
2015-06-19,Kakamega,0
2015-06-20,Kakamega,1
2015-06-21,Kakamega,1
2015-06-22,Kakamega,2
2015-06-23,Kakamega,1
2015-06-24,Kakamega,1
2015-06-25,Kakamega,2
2015-06-26,Kakamega,1
2015-06-27,Kakamega,0
2015-06-28,Kakamega,2
2015-06-29,Kakamega,1
2015-06-30,Kakamega,0
2015-07-01,Kakamega,0
2015-07-02,Kakamega,0
2015-07-03,Kakamega,0
2015-07-04,Kakamega,2
2015-07-05,Kakamega,2
2015-07-06,Kakamega,0
2015-07-07,Kakamega,2
2015-07-08,Kakamega,1
2015-07-09,Kakamega,0
2015-07-10,Kakamega,1
2015-07-11,Kakamega,1
2015-07-12,Kakamega,0
2015-07-13,Kakamega,1
2015-07-14,Kakamega,2
2015-07-15,Kakamega,2
2015-07-16,Kakamega,1
2015-07-17,Kakamega,0
2015-07-18,Kakamega,2
2015-07-19,Kakamega,1
2015-07-20,Kakamega,1
2015-07-21,Kakamega,1
2015-07-22,Kakamega,2
2015-07-23,Kakamega,2
2015-07-24,Kakamega,2
2015-07-25,Kakamega,2
2015-07-26,Kakamega,1
2015-07-27,Kakamega,2
2015-07-28,Kakamega,0
2015-07-29,Kakamega,1
2015-07-30,Kakamega,0
2015-07-31,Kakamega,2
2015-08-01,Kakamega,2
2015-08-02,Kakamega,0
2015-08-03,Kakamega,1
2015-08-04,Kakamega,1
2015-08-05,Kakamega,0
2015-08-06,Kakamega,2
2015-08-07,Kakamega,1
2015-08-08,Kakamega,2
2015-08-09,Kakamega,0
2015-08-10,Kakamega,2
2015-08-11,Kakamega,1
2015-08-12,Kakamega,2
2015-08-13,Kakamega,0
2015-08-14,Kakamega,2
2015-08-15,Kakamega,2
2015-08-16,Kakamega,0
2015-08-17,Kakamega,1
2015-08-18,Kakamega,0
2015-08-19,Kakamega,2
2015-08-20,Kakamega,2
2015-08-21,Kakamega,0
2015-08-22,Kakamega,0
2015-08-23,Kakamega,1
2015-08-24,Kakamega,2
2015-08-25,Kakamega,1
2015-08-26,Kakamega,1
2015-08-27,Kakamega,0
2015-08-28,Kakamega,2
2015-08-29,Kakamega,0
2015-08-30,Kakamega,0
2015-08-31,Kakamega,2
2015-09-01,Kakamega,1
2015-09-02,Kakamega,1
2015-09-03,Kakamega,1
2015-09-04,Kakamega,1
2015-09-05,Kakamega,0
2015-09-06,Kakamega,0
2015-09-07,Kakamega,1
2015-09-08,Kakamega,2
2015-09-09,Kakamega,0
2015-09-10,Kakamega,2
2015-09-11,Kakamega,1
2015-09-12,Kakamega,0
2015-09-13,Kakamega,0
2015-09-14,Kakamega,0
2015-09-15,Kakamega,2
2015-09-16,Kakamega,1
2015-09-17,Kakamega,0
2015-09-18,Kakamega,2
2015-09-19,Kakamega,2
2015-09-20,Kakamega,0
2015-09-21,Kakamega,1
2015-09-22,Kakamega,0
2015-09-23,Kakamega,1
2015-09-24,Kakamega,2
2015-09-25,Kakamega,1
2015-09-26,Kakamega,2
2015-09-27,Kakamega,1
2015-09-28,Kakamega,0
2015-09-29,Kakamega,2
2015-09-30,Kakamega,2
2015-10-01,Kakamega,2
2015-10-02,Kakamega,1
2015-10-03,Kakamega,8
2015-10-04,Kakamega,1
2015-10-05,Kakamega,0
2015-10-06,Kakamega,18
2015-10-07,Kakamega,2
2015-10-08,Kakamega,11
2015-10-09,Kakamega,1
2015-10-10,Kakamega,1
2015-10-11,Kakamega,1
2015-10-12,Kakamega,0
2015-10-13,Kakamega,0
2015-10-14,Kakamega,2
2015-10-15,Kakamega,1
2015-10-16,Kakamega,2
2015-10-17,Kakamega,2
2015-10-18,Kakamega,2
2015-10-19,Kakamega,1
2015-10-20,Kakamega,1
2015-10-21,Kakamega,1
2015-10-22,Kakamega,2
2015-10-23,Kakamega,0
2015-10-24,Kakamega,0
2015-10-25,Kakamega,3
2015-10-26,Kakamega,0
2015-10-27,Kakamega,1
2015-10-28,Kakamega,2
2015-10-29,Kakamega,0
2015-10-30,Kakamega,2
2015-10-31,Kakamega,1
2015-11-01,Kakamega,1
2015-11-02,Kakamega,1
2015-11-03,Kakamega,2
2015-11-04,Kakamega,16
2015-11-05,Kakamega,0
2015-11-06,Kakamega,0
2015-11-07,Kakamega,1
2015-11-08,Kakamega,2
2015-11-09,Kakamega,10
2015-11-10,Kakamega,2
2015-11-11,Kakamega,2
2015-11-12,Kakamega,9
2015-11-13,Kakamega,2
2015-11-14,Kakamega,0
2015-11-15,Kakamega,2
2015-11-16,Kakamega,0
2015-11-17,Kakamega,0
2015-11-18,Kakamega,2
2015-11-19,Kakamega,1
2015-11-20,Kakamega,0
2015-11-21,Kakamega,0
2015-11-22,Kakamega,0
2015-11-23,Kakamega,1
2015-11-24,Kakamega,0
2015-11-25,Kakamega,1
2015-11-26,Kakamega,0
2015-11-27,Kakamega,0
2015-11-28,Kakamega,2
2015-11-29,Kakamega,2
2015-11-30,Kakamega,1
2015-12-01,Kakamega,1
2015-12-02,Kakamega,1
2015-12-03,Kakamega,0
2015-12-04,Kakamega,0
2015-12-05,Kakamega,2
2015-12-06,Kakamega,1
2015-12-07,Kakamega,2
2015-12-08,Kakamega,2
2015-12-09,Kakamega,2
2015-12-10,Kakamega,0
2015-12-11,Kakamega,2
2015-12-12,Kakamega,2
2015-12-13,Kakamega,2
2015-12-14,Kakamega,1
2015-12-15,Kakamega,2
2015-12-16,Kakamega,1
2015-12-17,Kakamega,2
2015-12-18,Kakamega,0
2015-12-19,Kakamega,0
2015-12-20,Kakamega,0
2015-12-21,Kakamega,2
2015-12-22,Kakamega,2
2015-12-23,Kakamega,1
2015-12-24,Kakamega,2
2015-12-25,Kakamega,2
2015-12-26,Kakamega,0
2015-12-27,Kakamega,1
2015-12-28,Kakamega,2
2015-12-29,Kakamega,1
2015-12-30,Kakamega,0
2015-12-31,Kakamega,1
2016-01-01,Kakamega,0
2016-01-02,Kakamega,1
2016-01-03,Kakamega,2
2016-01-04,Kakamega,0
2016-01-05,Kakamega,2
2016-01-06,Kakamega,0
2016-01-07,Kakamega,2
2016-01-08,Kakamega,0
2016-01-09,Kakamega,2
2016-01-10,Kakamega,2
2016-01-11,Kakamega,1
2016-01-12,Kakamega,1
2016-01-13,Kakamega,1
2016-01-14,Kakamega,0
2016-01-15,Kakamega,1
2016-01-16,Kakamega,1
2016-01-17,Kakamega,1
2016-01-18,Kakamega,1
2016-01-19,Kakamega,2
2016-01-20,Kakamega,1
2016-01-21,Kakamega,1
2016-01-22,Kakamega,2
2016-01-23,Kakamega,1
2016-01-24,Kakamega,1
2016-01-25,Kakamega,0
2016-01-26,Kakamega,1
2016-01-27,Kakamega,1
2016-01-28,Kakamega,0
2016-01-29,Kakamega,2
2016-01-30,Kakamega,0
2016-01-31,Kakamega,2
2016-02-01,Kakamega,1
2016-02-02,Kakamega,1
2016-02-03,Kakamega,0
2016-02-04,Kakamega,2
2016-02-05,Kakamega,2
2016-02-06,Kakamega,2
2016-02-07,Kakamega,1
2016-02-08,Kakamega,0
2016-02-09,Kakamega,1
2016-02-10,Kakamega,1
2016-02-11,Kakamega,0
2016-02-12,Kakamega,1
2016-02-13,Kakamega,1
2016-02-14,Kakamega,2
2016-02-15,Kakamega,2
2016-02-16,Kakamega,0
2016-02-17,Kakamega,2
2016-02-18,Kakamega,1
2016-02-19,Kakamega,2
2016-02-20,Kakamega,1
2016-02-21,Kakamega,0
2016-02-22,Kakamega,2
2016-02-23,Kakamega,2
2016-02-24,Kakamega,1
2016-02-25,Kakamega,0
2016-02-26,Kakamega,2
2016-02-27,Kakamega,1
2016-02-28,Kakamega,1
2016-02-29,Kakamega,1
2016-03-01,Kakamega,9
2016-03-02,Kakamega,9
2016-03-03,Kakamega,17
2016-03-04,Kakamega,2
2016-03-05,Kakamega,0
2016-03-06,Kakamega,13
2016-03-07,Kakamega,18
2016-03-08,Kakamega,0
2016-03-09,Kakamega,2
2016-03-10,Kakamega,1
2016-03-11,Kakamega,2
2016-03-12,Kakamega,19
2016-03-13,Kakamega,26
2016-03-14,Kakamega,10
2016-03-15,Kakamega,2
2016-03-16,Kakamega,19
2016-03-17,Kakamega,11
2016-03-18,Kakamega,16
2016-03-19,Kakamega,0
2016-03-20,Kakamega,0
2016-03-21,Kakamega,1
2016-03-22,Kakamega,15
2016-03-23,Kakamega,23
2016-03-24,Kakamega,1
2016-03-25,Kakamega,1
2016-03-26,Kakamega,1
2016-03-27,Kakamega,13
2016-03-28,Kakamega,19
2016-03-29,Kakamega,11
2016-03-30,Kakamega,2
2016-03-31,Kakamega,9
2016-04-01,Kakamega,1
2016-04-02,Kakamega,1
2016-04-03,Kakamega,2
2016-04-04,Kakamega,16
2016-04-05,Kakamega,4
2016-04-06,Kakamega,2
2016-04-07,Kakamega,2
2016-04-08,Kakamega,2
2016-04-09,Kakamega,14
2016-04-10,Kakamega,17
2016-04-11,Kakamega,13
2016-04-12,Kakamega,13
2016-04-13,Kakamega,2
2016-04-14,Kakamega,2
2016-04-15,Kakamega,0
2016-04-16,Kakamega,2
2016-04-17,Kakamega,12
2016-04-18,Kakamega,22
2016-04-19,Kakamega,0
2016-04-20,Kakamega,2
2016-04-21,Kakamega,11
2016-04-22,Kakamega,1
2016-04-23,Kakamega,15
2016-04-24,Kakamega,0
2016-04-25,Kakamega,2
2016-04-26,Kakamega,0
2016-04-27,Kakamega,22
2016-04-28,Kakamega,0
2016-04-29,Kakamega,0
2016-04-30,Kakamega,13
2016-05-01,Kakamega,0
2016-05-02,Kakamega,16
2016-05-03,Kakamega,0
2016-05-04,Kakamega,5
2016-05-05,Kakamega,9
2016-05-06,Kakamega,23
2016-05-07,Kakamega,1
2016-05-08,Kakamega,0
2016-05-09,Kakamega,1
2016-05-10,Kakamega,14
2016-05-11,Kakamega,1
2016-05-12,Kakamega,17
2016-05-13,Kakamega,2
2016-05-14,Kakamega,20
2016-05-15,Kakamega,15
2016-05-16,Kakamega,1
2016-05-17,Kakamega,13
2016-05-18,Kakamega,0
2016-05-19,Kakamega,10
2016-05-20,Kakamega,16
2016-05-21,Kakamega,2
2016-05-22,Kakamega,1
2016-05-23,Kakamega,10
2016-05-24,Kakamega,18
2016-05-25,Kakamega,1
2016-05-26,Kakamega,2
2016-05-27,Kakamega,11
2016-05-28,Kakamega,11
2016-05-29,Kakamega,12
2016-05-30,Kakamega,11
2016-05-31,Kakamega,1
2016-06-01,Kakamega,1
2016-06-02,Kakamega,1
2016-06-03,Kakamega,2
2016-06-04,Kakamega,1
2016-06-05,Kakamega,1
2016-06-06,Kakamega,1
2016-06-07,Kakamega,2
2016-06-08,Kakamega,2
2016-06-09,Kakamega,2
2016-06-10,Kakamega,2
2016-06-11,Kakamega,0
2016-06-12,Kakamega,2
2016-06-13,Kakamega,1
2016-06-14,Kakamega,1
2016-06-15,Kakamega,2
2016-06-16,Kakamega,1
2016-06-17,Kakamega,0
2016-06-18,Kakamega,0
2016-06-19,Kakamega,2
2016-06-20,Kakamega,0
2016-06-21,Kakamega,0
2016-06-22,Kakamega,1
2016-06-23,Kakamega,2
2016-06-24,Kakamega,0
2016-06-25,Kakamega,1
2016-06-26,Kakamega,2
2016-06-27,Kakamega,2
2016-06-28,Kakamega,0
2016-06-29,Kakamega,2
2016-06-30,Kakamega,1
2016-07-01,Kakamega,0
2016-07-02,Kakamega,0
2016-07-03,Kakamega,1
2016-07-04,Kakamega,2
2016-07-05,Kakamega,2
2016-07-06,Kakamega,1
2016-07-07,Kakamega,1
2016-07-08,Kakamega,2
2016-07-09,Kakamega,2
2016-07-10,Kakamega,0
2016-07-11,Kakamega,0
2016-07-12,Kakamega,0
2016-07-13,Kakamega,1
2016-07-14,Kakamega,1
2016-07-15,Kakamega,1
2016-07-16,Kakamega,0
2016-07-17,Kakamega,1
2016-07-18,Kakamega,2
2016-07-19,Kakamega,0
2016-07-20,Kakamega,2
2016-07-21,Kakamega,0
2016-07-22,Kakamega,2
2016-07-23,Kakamega,1
2016-07-24,Kakamega,0
2016-07-25,Kakamega,0
2016-07-26,Kakamega,0
2016-07-27,Kakamega,0
2016-07-28,Kakamega,0
2016-07-29,Kakamega,2
2016-07-30,Kakamega,2
2016-07-31,Kakamega,0
2016-08-01,Kakamega,2
2016-08-02,Kakamega,1
2016-08-03,Kakamega,1
2016-08-04,Kakamega,0
2016-08-05,Kakamega,2
2016-08-06,Kakamega,0
2016-08-07,Kakamega,2
2016-08-08,Kakamega,1
2016-08-09,Kakamega,1
2016-08-10,Kakamega,0
2016-08-11,Kakamega,2
2016-08-12,Kakamega,2
2016-08-13,Kakamega,1
2016-08-14,Kakamega,1
2016-08-15,Kakamega,1
2016-08-16,Kakamega,0
2016-08-17,Kakamega,1
2016-08-18,Kakamega,1
2016-08-19,Kakamega,0
2016-08-20,Kakamega,1
2016-08-21,Kakamega,0
2016-08-22,Kakamega,0
2016-08-23,Kakamega,2
2016-08-24,Kakamega,1
2016-08-25,Kakamega,1
2016-08-26,Kakamega,0
2016-08-27,Kakamega,0
2016-08-28,Kakamega,1
2016-08-29,Kakamega,2
2016-08-30,Kakamega,0
2016-08-31,Kakamega,2
2016-09-01,Kakamega,2
2016-09-02,Kakamega,0
2016-09-03,Kakamega,0
2016-09-04,Kakamega,0
2016-09-05,Kakamega,1
2016-09-06,Kakamega,0
2016-09-07,Kakamega,2
2016-09-08,Kakamega,1
2016-09-09,Kakamega,0
2016-09-10,Kakamega,1
2016-09-11,Kakamega,1
2016-09-12,Kakamega,1
2016-09-13,Kakamega,2
2016-09-14,Kakamega,1
2016-09-15,Kakamega,2
2016-09-16,Kakamega,0
2016-09-17,Kakamega,2
2016-09-18,Kakamega,0
2016-09-19,Kakamega,1
2016-09-20,Kakamega,0
2016-09-21,Kakamega,1
2016-09-22,Kakamega,1
2016-09-23,Kakamega,2
2016-09-24,Kakamega,2
2016-09-25,Kakamega,2
2016-09-26,Kakamega,0
2016-09-27,Kakamega,2
2016-09-28,Kakamega,0
2016-09-29,Kakamega,1
2016-09-30,Kakamega,2
2016-10-01,Kakamega,0
2015-01-01,Vihiga,0
2015-01-02,Vihiga,2
2015-01-03,Vihiga,2
2015-01-04,Vihiga,0
2015-01-05,Vihiga,1
2015-01-06,Vihiga,1
2015-01-07,Vihiga,2
2015-01-08,Vihiga,1
2015-01-09,Vihiga,0
2015-01-10,Vihiga,2
2015-01-11,Vihiga,1
2015-01-12,Vihiga,0
2015-01-13,Vihiga,2
2015-01-14,Vihiga,2
2015-01-15,Vihiga,2
2015-01-16,Vihiga,0
2015-01-17,Vihiga,2
2015-01-18,Vihiga,1
2015-01-19,Vihiga,0
2015-01-20,Vihiga,0
2015-01-21,Vihiga,1
2015-01-22,Vihiga,1
2015-01-23,Vihiga,2
2015-01-24,Vihiga,2
2015-01-25,Vihiga,1
2015-01-26,Vihiga,0
2015-01-27,Vihiga,0
2015-01-28,Vihiga,0
2015-01-29,Vihiga,2
2015-01-30,Vihiga,2
2015-01-31,Vihiga,0
2015-02-01,Vihiga,2
2015-02-02,Vihiga,0
2015-02-03,Vihiga,0
2015-02-04,Vihiga,1
2015-02-05,Vihiga,0
2015-02-06,Vihiga,1
2015-02-07,Vihiga,2
2015-02-08,Vihiga,1
2015-02-09,Vihiga,1
2015-02-10,Vihiga,0
2015-02-11,Vihiga,2
2015-02-12,Vihiga,1
2015-02-13,Vihiga,0
2015-02-14,Vihiga,2
2015-02-15,Vihiga,2
2015-02-16,Vihiga,1
2015-02-17,Vihiga,0
2015-02-18,Vihiga,2
2015-02-19,Vihiga,1
2015-02-20,Vihiga,1
2015-02-21,Vihiga,2
2015-02-22,Vihiga,0
2015-02-23,Vihiga,2
2015-02-24,Vihiga,0
2015-02-25,Vihiga,2
2015-02-26,Vihiga,2
2015-02-27,Vihiga,0
2015-02-28,Vihiga,0
2015-03-01,Vihiga,30
2015-03-02,Vihiga,12
2015-03-03,Vihiga,0
2015-03-04,Vihiga,2
2015-03-05,Vihiga,21
2015-03-06,Vihiga,2
2015-03-07,Vihiga,2
2015-03-08,Vihiga,2
2015-03-09,Vihiga,0
2015-03-10,Vihiga,0
2015-03-11,Vihiga,1
2015-03-12,Vihiga,13
2015-03-13,Vihiga,2
2015-03-14,Vihiga,19
2015-03-15,Vihiga,2
2015-03-16,Vihiga,0
2015-03-17,Vihiga,2
2015-03-18,Vihiga,1
2015-03-19,Vihiga,21
2015-03-20,Vihiga,19
2015-03-21,Vihiga,13
2015-03-22,Vihiga,14
2015-03-23,Vihiga,11
2015-03-24,Vihiga,14
2015-03-25,Vihiga,1
2015-03-26,Vihiga,11
2015-03-27,Vihiga,14
2015-03-28,Vihiga,0
2015-03-29,Vihiga,18
2015-03-30,Vihiga,0
2015-03-31,Vihiga,10
2015-04-01,Vihiga,0
2015-04-02,Vihiga,2
2015-04-03,Vihiga,0
2015-04-04,Vihiga,21
2015-04-05,Vihiga,2
2015-04-06,Vihiga,0
2015-04-07,Vihiga,2
2015-04-08,Vihiga,0
2015-04-09,Vihiga,0
2015-04-10,Vihiga,16
2015-04-11,Vihiga,8
2015-04-12,Vihiga,12
2015-04-13,Vihiga,15
2015-04-14,Vihiga,17
2015-04-15,Vihiga,1
2015-04-16,Vihiga,0
2015-04-17,Vihiga,2
2015-04-18,Vihiga,1
2015-04-19,Vihiga,2
2015-04-20,Vihiga,10
2015-04-21,Vihiga,24
2015-04-22,Vihiga,8
2015-04-23,Vihiga,1
2015-04-24,Vihiga,10
2015-04-25,Vihiga,13
2015-04-26,Vihiga,7
2015-04-27,Vihiga,2
2015-04-28,Vihiga,1
2015-04-29,Vihiga,21
2015-04-30,Vihiga,0
2015-05-01,Vihiga,0
2015-05-02,Vihiga,0
2015-05-03,Vihiga,2
2015-05-04,Vihiga,2
2015-05-05,Vihiga,11
2015-05-06,Vihiga,16
2015-05-07,Vihiga,2
2015-05-08,Vihiga,1
2015-05-09,Vihiga,1
2015-05-10,Vihiga,0
2015-05-11,Vihiga,5
2015-05-12,Vihiga,8
2015-05-13,Vihiga,16
2015-05-14,Vihiga,1
2015-05-15,Vihiga,2
2015-05-16,Vihiga,2
2015-05-17,Vihiga,1
2015-05-18,Vihiga,9
2015-05-19,Vihiga,0
2015-05-20,Vihiga,0
2015-05-21,Vihiga,26
2015-05-22,Vihiga,0
2015-05-23,Vihiga,2
2015-05-24,Vihiga,6
2015-05-25,Vihiga,1
2015-05-26,Vihiga,0
2015-05-27,Vihiga,16
2015-05-28,Vihiga,0
2015-05-29,Vihiga,0
2015-05-30,Vihiga,1
2015-05-31,Vihiga,7
2015-06-01,Vihiga,2
2015-06-02,Vihiga,2
2015-06-03,Vihiga,2
2015-06-04,Vihiga,2
2015-06-05,Vihiga,2
2015-06-06,Vihiga,1
2015-06-07,Vihiga,2
2015-06-08,Vihiga,1
2015-06-09,Vihiga,0
2015-06-10,Vihiga,2
2015-06-11,Vihiga,0
2015-06-12,Vihiga,1
2015-06-13,Vihiga,0
2015-06-14,Vihiga,1
2015-06-15,Vihiga,2
2015-06-16,Vihiga,0
2015-06-17,Vihiga,2
2015-06-18,Vihiga,2
2015-06-19,Vihiga,1
2015-06-20,Vihiga,1
2015-06-21,Vihiga,0
2015-06-22,Vihiga,2
2015-06-23,Vihiga,0
2015-06-24,Vihiga,0
2015-06-25,Vihiga,2
2015-06-26,Vihiga,0
2015-06-27,Vihiga,0
2015-06-28,Vihiga,2
2015-06-29,Vihiga,0
2015-06-30,Vihiga,0
2015-07-01,Vihiga,0
2015-07-02,Vihiga,2
2015-07-03,Vihiga,0
2015-07-04,Vihiga,0
2015-07-05,Vihiga,2
2015-07-06,Vihiga,0
2015-07-07,Vihiga,1
2015-07-08,Vihiga,2
2015-07-09,Vihiga,1
2015-07-10,Vihiga,2
2015-07-11,Vihiga,1
2015-07-12,Vihiga,2
2015-07-13,Vihiga,1
2015-07-14,Vihiga,1
2015-07-15,Vihiga,1
2015-07-16,Vihiga,2
2015-07-17,Vihiga,1
2015-07-18,Vihiga,2
2015-07-19,Vihiga,1
2015-07-20,Vihiga,1
2015-07-21,Vihiga,0
2015-07-22,Vihiga,2
2015-07-23,Vihiga,0
2015-07-24,Vihiga,2
2015-07-25,Vihiga,2
2015-07-26,Vihiga,1
2015-07-27,Vihiga,2
2015-07-28,Vihiga,1
2015-07-29,Vihiga,1
2015-07-30,Vihiga,0
2015-07-31,Vihiga,0
2015-08-01,Vihiga,0
2015-08-02,Vihiga,1
2015-08-03,Vihiga,2
2015-08-04,Vihiga,2
2015-08-05,Vihiga,0
2015-08-06,Vihiga,1
2015-08-07,Vihiga,1
2015-08-08,Vihiga,1
2015-08-09,Vihiga,1
2015-08-10,Vihiga,0
2015-08-11,Vihiga,2
2015-08-12,Vihiga,2
2015-08-13,Vihiga,1
2015-08-14,Vihiga,0
2015-08-15,Vihiga,0
2015-08-16,Vihiga,1
2015-08-17,Vihiga,1
2015-08-18,Vihiga,1
2015-08-19,Vihiga,2
2015-08-20,Vihiga,0
2015-08-21,Vihiga,2
2015-08-22,Vihiga,2
2015-08-23,Vihiga,0
2015-08-24,Vihiga,1
2015-08-25,Vihiga,1
2015-08-26,Vihiga,1
2015-08-27,Vihiga,1
2015-08-28,Vihiga,1
2015-08-29,Vihiga,1
2015-08-30,Vihiga,1
2015-08-31,Vihiga,0
2015-09-01,Vihiga,2
2015-09-02,Vihiga,1
2015-09-03,Vihiga,2
2015-09-04,Vihiga,1
2015-09-05,Vihiga,0
2015-09-06,Vihiga,0
2015-09-07,Vihiga,1
2015-09-08,Vihiga,2
2015-09-09,Vihiga,2
2015-09-10,Vihiga,0
2015-09-11,Vihiga,1
2015-09-12,Vihiga,2
2015-09-13,Vihiga,2
2015-09-14,Vihiga,2
2015-09-15,Vihiga,2
2015-09-16,Vihiga,1
2015-09-17,Vihiga,1
2015-09-18,Vihiga,1
2015-09-19,Vihiga,1
2015-09-20,Vihiga,0
2015-09-21,Vihiga,2
2015-09-22,Vihiga,1
2015-09-23,Vihiga,1
2015-09-24,Vihiga,0
2015-09-25,Vihiga,1
2015-09-26,Vihiga,2
2015-09-27,Vihiga,0
2015-09-28,Vihiga,0
2015-09-29,Vihiga,0
2015-09-30,Vihiga,1
2015-10-01,Vihiga,2
2015-10-02,Vihiga,2
2015-10-03,Vihiga,0
2015-10-04,Vihiga,0
2015-10-05,Vihiga,0
2015-10-06,Vihiga,2
2015-10-07,Vihiga,0
2015-10-08,Vihiga,2
2015-10-09,Vihiga,8
2015-10-10,Vihiga,0
2015-10-11,Vihiga,0
2015-10-12,Vihiga,2
2015-10-13,Vihiga,1
2015-10-14,Vihiga,2
2015-10-15,Vihiga,2
2015-10-16,Vihiga,3
2015-10-17,Vihiga,0
2015-10-18,Vihiga,0
2015-10-19,Vihiga,0
2015-10-20,Vihiga,2
2015-10-21,Vihiga,1
2015-10-22,Vihiga,0
2015-10-23,Vihiga,2
2015-10-24,Vihiga,12
2015-10-25,Vihiga,1
2015-10-26,Vihiga,1
2015-10-27,Vihiga,8
2015-10-28,Vihiga,0
2015-10-29,Vihiga,2
2015-10-30,Vihiga,2
2015-10-31,Vihiga,2
2015-11-01,Vihiga,0
2015-11-02,Vihiga,1
2015-11-03,Vihiga,2
2015-11-04,Vihiga,0
2015-11-05,Vihiga,2
2015-11-06,Vihiga,2
2015-11-07,Vihiga,2
2015-11-08,Vihiga,1
2015-11-09,Vihiga,1
2015-11-10,Vihiga,1
2015-11-11,Vihiga,2
2015-11-12,Vihiga,2
2015-11-13,Vihiga,2
2015-11-14,Vihiga,0
2015-11-15,Vihiga,0
2015-11-16,Vihiga,2
2015-11-17,Vihiga,0
2015-11-18,Vihiga,1
2015-11-19,Vihiga,0
2015-11-20,Vihiga,2
2015-11-21,Vihiga,0
2015-11-22,Vihiga,10
2015-11-23,Vihiga,1
2015-11-24,Vihiga,2
2015-11-25,Vihiga,1
2015-11-26,Vihiga,2
2015-11-27,Vihiga,1
2015-11-28,Vihiga,2
2015-11-29,Vihiga,1
2015-11-30,Vihiga,2
2015-12-01,Vihiga,0
2015-12-02,Vihiga,1
2015-12-03,Vihiga,2
2015-12-04,Vihiga,0
2015-12-05,Vihiga,0
2015-12-06,Vihiga,0
2015-12-07,Vihiga,2
2015-12-08,Vihiga,2
2015-12-09,Vihiga,1
2015-12-10,Vihiga,2
2015-12-11,Vihiga,1
2015-12-12,Vihiga,2
2015-12-13,Vihiga,2
2015-12-14,Vihiga,2
2015-12-15,Vihiga,2
2015-12-16,Vihiga,0
2015-12-17,Vihiga,2
2015-12-18,Vihiga,0
2015-12-19,Vihiga,2
2015-12-20,Vihiga,0
2015-12-21,Vihiga,0
2015-12-22,Vihiga,1
2015-12-23,Vihiga,0
2015-12-24,Vihiga,2
2015-12-25,Vihiga,2
2015-12-26,Vihiga,2
2015-12-27,Vihiga,2
2015-12-28,Vihiga,0
2015-12-29,Vihiga,2
2015-12-30,Vihiga,2
2015-12-31,Vihiga,2
2016-01-01,Vihiga,0
2016-01-02,Vihiga,1
2016-01-03,Vihiga,1
2016-01-04,Vihiga,0
2016-01-05,Vihiga,2
2016-01-06,Vihiga,1
2016-01-07,Vihiga,0
2016-01-08,Vihiga,0
2016-01-09,Vihiga,2
2016-01-10,Vihiga,0
2016-01-11,Vihiga,1
2016-01-12,Vihiga,2
2016-01-13,Vihiga,0
2016-01-14,Vihiga,0
2016-01-15,Vihiga,0
2016-01-16,Vihiga,2
2016-01-17,Vihiga,0
2016-01-18,Vihiga,0
2016-01-19,Vihiga,2
2016-01-20,Vihiga,2
2016-01-21,Vihiga,2
2016-01-22,Vihiga,1
2016-01-23,Vihiga,2
2016-01-24,Vihiga,0
2016-01-25,Vihiga,0
2016-01-26,Vihiga,1
2016-01-27,Vihiga,0
2016-01-28,Vihiga,0
2016-01-29,Vihiga,0
2016-01-30,Vihiga,1
2016-01-31,Vihiga,0
2016-02-01,Vihiga,1
2016-02-02,Vihiga,2
2016-02-03,Vihiga,1
2016-02-04,Vihiga,1
2016-02-05,Vihiga,1
2016-02-06,Vihiga,1
2016-02-07,Vihiga,1
2016-02-08,Vihiga,0
2016-02-09,Vihiga,0
2016-02-10,Vihiga,2
2016-02-11,Vihiga,0
2016-02-12,Vihiga,0
2016-02-13,Vihiga,1
2016-02-14,Vihiga,0
2016-02-15,Vihiga,0
2016-02-16,Vihiga,1
2016-02-17,Vihiga,0
2016-02-18,Vihiga,1
2016-02-19,Vihiga,0
2016-02-20,Vihiga,0
2016-02-21,Vihiga,2
2016-02-22,Vihiga,0
2016-02-23,Vihiga,0
2016-02-24,Vihiga,2
2016-02-25,Vihiga,0
2016-02-26,Vihiga,1
2016-02-27,Vihiga,0
2016-02-28,Vihiga,0
2016-02-29,Vihiga,1
2016-03-01,Vihiga,2
2016-03-02,Vihiga,1
2016-03-03,Vihiga,16
2016-03-04,Vihiga,23
2016-03-05,Vihiga,18
2016-03-06,Vihiga,1
2016-03-07,Vihiga,16
2016-03-08,Vihiga,0
2016-03-09,Vihiga,9
2016-03-10,Vihiga,0
2016-03-11,Vihiga,10
2016-03-12,Vihiga,2
2016-03-13,Vihiga,2
2016-03-14,Vihiga,14
2016-03-15,Vihiga,9
2016-03-16,Vihiga,16
2016-03-17,Vihiga,2
2016-03-18,Vihiga,19
2016-03-19,Vihiga,17
2016-03-20,Vihiga,0
2016-03-21,Vihiga,20
2016-03-22,Vihiga,0
2016-03-23,Vihiga,10
2016-03-24,Vihiga,6
2016-03-25,Vihiga,1
2016-03-26,Vihiga,8
2016-03-27,Vihiga,8
2016-03-28,Vihiga,5
2016-03-29,Vihiga,10
2016-03-30,Vihiga,19
2016-03-31,Vihiga,10
2016-04-01,Vihiga,17
2016-04-02,Vihiga,2
2016-04-03,Vihiga,1
2016-04-04,Vihiga,1
2016-04-05,Vihiga,2
2016-04-06,Vihiga,10
2016-04-07,Vihiga,10
2016-04-08,Vihiga,1
2016-04-09,Vihiga,8
2016-04-10,Vihiga,1
2016-04-11,Vihiga,2
2016-04-12,Vihiga,1
2016-04-13,Vihiga,1
2016-04-14,Vihiga,11
2016-04-15,Vihiga,19
2016-04-16,Vihiga,16
2016-04-17,Vihiga,1
2016-04-18,Vihiga,2
2016-04-19,Vihiga,2
2016-04-20,Vihiga,16
2016-04-21,Vihiga,1
2016-04-22,Vihiga,4
2016-04-23,Vihiga,0
2016-04-24,Vihiga,0
2016-04-25,Vihiga,0
2016-04-26,Vihiga,2
2016-04-27,Vihiga,2
2016-04-28,Vihiga,8
2016-04-29,Vihiga,5
2016-04-30,Vihiga,11
2016-05-01,Vihiga,2
2016-05-02,Vihiga,18
2016-05-03,Vihiga,0
2016-05-04,Vihiga,5
2016-05-05,Vihiga,0
2016-05-06,Vihiga,8
2016-05-07,Vihiga,10
2016-05-08,Vihiga,0
2016-05-09,Vihiga,11
2016-05-10,Vihiga,1
2016-05-11,Vihiga,12
2016-05-12,Vihiga,1
2016-05-13,Vihiga,11
2016-05-14,Vihiga,2
2016-05-15,Vihiga,0
2016-05-16,Vihiga,12
2016-05-17,Vihiga,1
2016-05-18,Vihiga,7
2016-05-19,Vihiga,10
2016-05-20,Vihiga,2
2016-05-21,Vihiga,0
2016-05-22,Vihiga,0
2016-05-23,Vihiga,11
2016-05-24,Vihiga,18
2016-05-25,Vihiga,9
2016-05-26,Vihiga,0
2016-05-27,Vihiga,14
2016-05-28,Vihiga,4
2016-05-29,Vihiga,0
2016-05-30,Vihiga,11
2016-05-31,Vihiga,12
2016-06-01,Vihiga,2
2016-06-02,Vihiga,1
2016-06-03,Vihiga,0
2016-06-04,Vihiga,0
2016-06-05,Vihiga,1
2016-06-06,Vihiga,1
2016-06-07,Vihiga,2
2016-06-08,Vihiga,1
2016-06-09,Vihiga,1
2016-06-10,Vihiga,1
2016-06-11,Vihiga,0
2016-06-12,Vihiga,1
2016-06-13,Vihiga,0
2016-06-14,Vihiga,0
2016-06-15,Vihiga,1
2016-06-16,Vihiga,2
2016-06-17,Vihiga,2
2016-06-18,Vihiga,2
2016-06-19,Vihiga,0
2016-06-20,Vihiga,0
2016-06-21,Vihiga,0
2016-06-22,Vihiga,1
2016-06-23,Vihiga,0
2016-06-24,Vihiga,1
2016-06-25,Vihiga,2
2016-06-26,Vihiga,0
2016-06-27,Vihiga,2
2016-06-28,Vihiga,2
2016-06-29,Vihiga,2
2016-06-30,Vihiga,1
2016-07-01,Vihiga,0
2016-07-02,Vihiga,0
2016-07-03,Vihiga,0
2016-07-04,Vihiga,0
2016-07-05,Vihiga,0
2016-07-06,Vihiga,0
2016-07-07,Vihiga,2
2016-07-08,Vihiga,0
2016-07-09,Vihiga,2
2016-07-10,Vihiga,1
2016-07-11,Vihiga,1
2016-07-12,Vihiga,1
2016-07-13,Vihiga,0
2016-07-14,Vihiga,1
2016-07-15,Vihiga,2
2016-07-16,Vihiga,0
2016-07-17,Vihiga,1
2016-07-18,Vihiga,2
2016-07-19,Vihiga,0
2016-07-20,Vihiga,2
2016-07-21,Vihiga,2
2016-07-22,Vihiga,0
2016-07-23,Vihiga,1
2016-07-24,Vihiga,1
2016-07-25,Vihiga,0
2016-07-26,Vihiga,2
2016-07-27,Vihiga,1
2016-07-28,Vihiga,0
2016-07-29,Vihiga,1
2016-07-30,Vihiga,0
2016-07-31,Vihiga,2
2016-08-01,Vihiga,0
2016-08-02,Vihiga,1
2016-08-03,Vihiga,2
2016-08-04,Vihiga,0
2016-08-05,Vihiga,0
2016-08-06,Vihiga,1
2016-08-07,Vihiga,0
2016-08-08,Vihiga,1
2016-08-09,Vihiga,2
2016-08-10,Vihiga,1
2016-08-11,Vihiga,1
2016-08-12,Vihiga,0
2016-08-13,Vihiga,2
2016-08-14,Vihiga,0
2016-08-15,Vihiga,0
2016-08-16,Vihiga,2
2016-08-17,Vihiga,2
2016-08-18,Vihiga,1
2016-08-19,Vihiga,0
2016-08-20,Vihiga,0
2016-08-21,Vihiga,0
2016-08-22,Vihiga,0
2016-08-23,Vihiga,2
2016-08-24,Vihiga,2
2016-08-25,Vihiga,1
2016-08-26,Vihiga,2
2016-08-27,Vihiga,0
2016-08-28,Vihiga,2
2016-08-29,Vihiga,1
2016-08-30,Vihiga,1
2016-08-31,Vihiga,0
2016-09-01,Vihiga,2
2016-09-02,Vihiga,0
2016-09-03,Vihiga,1
2016-09-04,Vihiga,0
2016-09-05,Vihiga,0
2016-09-06,Vihiga,2
2016-09-07,Vihiga,1
2016-09-08,Vihiga,2
2016-09-09,Vihiga,1
2016-09-10,Vihiga,2
2016-09-11,Vihiga,0
2016-09-12,Vihiga,2
2016-09-13,Vihiga,0
2016-09-14,Vihiga,0
2016-09-15,Vihiga,1
2016-09-16,Vihiga,1
2016-09-17,Vihiga,0
2016-09-18,Vihiga,0
2016-09-19,Vihiga,1
2016-09-20,Vihiga,0
2016-09-21,Vihiga,2
2016-09-22,Vihiga,0
2016-09-23,Vihiga,1
2016-09-24,Vihiga,2
2016-09-25,Vihiga,1
2016-09-26,Vihiga,2
2016-09-27,Vihiga,2
2016-09-28,Vihiga,0
2016-09-29,Vihiga,0
2016-09-30,Vihiga,1
2016-10-01,Vihiga,2
2015-01-01,Bungoma,0
2015-01-02,Bungoma,2
2015-01-03,Bungoma,2
2015-01-04,Bungoma,1
2015-01-05,Bungoma,1
2015-01-06,Bungoma,0
2015-01-07,Bungoma,1
2015-01-08,Bungoma,0
2015-01-09,Bungoma,1
2015-01-10,Bungoma,0
2015-01-11,Bungoma,0
2015-01-12,Bungoma,2
2015-01-13,Bungoma,1
2015-01-14,Bungoma,1
2015-01-15,Bungoma,2
2015-01-16,Bungoma,0
2015-01-17,Bungoma,1
2015-01-18,Bungoma,1
2015-01-19,Bungoma,1
2015-01-20,Bungoma,2
2015-01-21,Bungoma,2
2015-01-22,Bungoma,1
2015-01-23,Bungoma,0
2015-01-24,Bungoma,0
2015-01-25,Bungoma,1
2015-01-26,Bungoma,1
2015-01-27,Bungoma,0
2015-01-28,Bungoma,0
2015-01-29,Bungoma,1
2015-01-30,Bungoma,0
2015-01-31,Bungoma,2
2015-02-01,Bungoma,1
2015-02-02,Bungoma,1
2015-02-03,Bungoma,2
2015-02-04,Bungoma,0
2015-02-05,Bungoma,1
2015-02-06,Bungoma,0
2015-02-07,Bungoma,1
2015-02-08,Bungoma,1
2015-02-09,Bungoma,1
2015-02-10,Bungoma,2
2015-02-11,Bungoma,2
2015-02-12,Bungoma,2
2015-02-13,Bungoma,2
2015-02-14,Bungoma,1
2015-02-15,Bungoma,1
2015-02-16,Bungoma,2
2015-02-17,Bungoma,1
2015-02-18,Bungoma,1
2015-02-19,Bungoma,0
2015-02-20,Bungoma,1
2015-02-21,Bungoma,2
2015-02-22,Bungoma,0
2015-02-23,Bungoma,2
2015-02-24,Bungoma,2
2015-02-25,Bungoma,2
2015-02-26,Bungoma,2
2015-02-27,Bungoma,1
2015-02-28,Bungoma,2
2015-03-01,Bungoma,19
2015-03-02,Bungoma,14
2015-03-03,Bungoma,1
2015-03-04,Bungoma,8
2015-03-05,Bungoma,15
2015-03-06,Bungoma,18
2015-03-07,Bungoma,2
2015-03-08,Bungoma,10
2015-03-09,Bungoma,10
2015-03-10,Bungoma,17
2015-03-11,Bungoma,7
2015-03-12,Bungoma,1
2015-03-13,Bungoma,2
2015-03-14,Bungoma,13
2015-03-15,Bungoma,13
2015-03-16,Bungoma,13
2015-03-17,Bungoma,6
2015-03-18,Bungoma,2
2015-03-19,Bungoma,8
2015-03-20,Bungoma,1
2015-03-21,Bungoma,2
2015-03-22,Bungoma,0
2015-03-23,Bungoma,0
2015-03-24,Bungoma,7
2015-03-25,Bungoma,8
2015-03-26,Bungoma,0
2015-03-27,Bungoma,0
2015-03-28,Bungoma,0
2015-03-29,Bungoma,21
2015-03-30,Bungoma,13
2015-03-31,Bungoma,15
2015-04-01,Bungoma,1
2015-04-02,Bungoma,11
2015-04-03,Bungoma,1
2015-04-04,Bungoma,2
2015-04-05,Bungoma,12
2015-04-06,Bungoma,11
2015-04-07,Bungoma,13
2015-04-08,Bungoma,13
2015-04-09,Bungoma,1
2015-04-10,Bungoma,1
2015-04-11,Bungoma,17
2015-04-12,Bungoma,2
2015-04-13,Bungoma,2
2015-04-14,Bungoma,10
2015-04-15,Bungoma,1
2015-04-16,Bungoma,2
2015-04-17,Bungoma,1
2015-04-18,Bungoma,2
2015-04-19,Bungoma,1
2015-04-20,Bungoma,0
2015-04-21,Bungoma,2
2015-04-22,Bungoma,0
2015-04-23,Bungoma,24
2015-04-24,Bungoma,6
2015-04-25,Bungoma,0
2015-04-26,Bungoma,5
2015-04-27,Bungoma,13
2015-04-28,Bungoma,2
2015-04-29,Bungoma,0
2015-04-30,Bungoma,18
2015-05-01,Bungoma,15
2015-05-02,Bungoma,16
2015-05-03,Bungoma,2
2015-05-04,Bungoma,2
2015-05-05,Bungoma,18
2015-05-06,Bungoma,7
2015-05-07,Bungoma,22
2015-05-08,Bungoma,11
2015-05-09,Bungoma,10
2015-05-10,Bungoma,0
2015-05-11,Bungoma,26
2015-05-12,Bungoma,1
2015-05-13,Bungoma,1
2015-05-14,Bungoma,2
2015-05-15,Bungoma,2
2015-05-16,Bungoma,10
2015-05-17,Bungoma,0
2015-05-18,Bungoma,9
2015-05-19,Bungoma,14
2015-05-20,Bungoma,19
2015-05-21,Bungoma,2
2015-05-22,Bungoma,12
2015-05-23,Bungoma,0
2015-05-24,Bungoma,13
2015-05-25,Bungoma,0
2015-05-26,Bungoma,0
2015-05-27,Bungoma,14
2015-05-28,Bungoma,16
2015-05-29,Bungoma,1
2015-05-30,Bungoma,12
2015-05-31,Bungoma,11
2015-06-01,Bungoma,1
2015-06-02,Bungoma,1
2015-06-03,Bungoma,1
2015-06-04,Bungoma,1
2015-06-05,Bungoma,2
2015-06-06,Bungoma,0
2015-06-07,Bungoma,0
2015-06-08,Bungoma,1
2015-06-09,Bungoma,0
2015-06-10,Bungoma,2
2015-06-11,Bungoma,2
2015-06-12,Bungoma,2
2015-06-13,Bungoma,1
2015-06-14,Bungoma,0
2015-06-15,Bungoma,2
2015-06-16,Bungoma,0
2015-06-17,Bungoma,1
2015-06-18,Bungoma,2
2015-06-19,Bungoma,1
2015-06-20,Bungoma,2
2015-06-21,Bungoma,2
2015-06-22,Bungoma,0
2015-06-23,Bungoma,2
2015-06-24,Bungoma,1
2015-06-25,Bungoma,1
2015-06-26,Bungoma,0
2015-06-27,Bungoma,2
2015-06-28,Bungoma,0
2015-06-29,Bungoma,0
2015-06-30,Bungoma,0
2015-07-01,Bungoma,1
2015-07-02,Bungoma,0
2015-07-03,Bungoma,2
2015-07-04,Bungoma,2
2015-07-05,Bungoma,2
2015-07-06,Bungoma,2
2015-07-07,Bungoma,1
2015-07-08,Bungoma,2
2015-07-09,Bungoma,0
2015-07-10,Bungoma,1
2015-07-11,Bungoma,2
2015-07-12,Bungoma,2
2015-07-13,Bungoma,1
2015-07-14,Bungoma,0
2015-07-15,Bungoma,1
2015-07-16,Bungoma,2
2015-07-17,Bungoma,1
2015-07-18,Bungoma,0
2015-07-19,Bungoma,2
2015-07-20,Bungoma,0
2015-07-21,Bungoma,2
2015-07-22,Bungoma,2
2015-07-23,Bungoma,1
2015-07-24,Bungoma,1
2015-07-25,Bungoma,0
2015-07-26,Bungoma,1
2015-07-27,Bungoma,2
2015-07-28,Bungoma,2
2015-07-29,Bungoma,1
2015-07-30,Bungoma,0
2015-07-31,Bungoma,2
2015-08-01,Bungoma,1
2015-08-02,Bungoma,1
2015-08-03,Bungoma,0
2015-08-04,Bungoma,2
2015-08-05,Bungoma,2
2015-08-06,Bungoma,1
2015-08-07,Bungoma,1
2015-08-08,Bungoma,2
2015-08-09,Bungoma,0
2015-08-10,Bungoma,2
2015-08-11,Bungoma,0
2015-08-12,Bungoma,0
2015-08-13,Bungoma,2
2015-08-14,Bungoma,0
2015-08-15,Bungoma,2
2015-08-16,Bungoma,0
2015-08-17,Bungoma,2
2015-08-18,Bungoma,0
2015-08-19,Bungoma,1
2015-08-20,Bungoma,2
2015-08-21,Bungoma,2
2015-08-22,Bungoma,0
2015-08-23,Bungoma,1
2015-08-24,Bungoma,0
2015-08-25,Bungoma,2
2015-08-26,Bungoma,1
2015-08-27,Bungoma,2
2015-08-28,Bungoma,0
2015-08-29,Bungoma,2
2015-08-30,Bungoma,0
2015-08-31,Bungoma,2
2015-09-01,Bungoma,0
2015-09-02,Bungoma,0
2015-09-03,Bungoma,2
2015-09-04,Bungoma,0
2015-09-05,Bungoma,0
2015-09-06,Bungoma,1
2015-09-07,Bungoma,1
2015-09-08,Bungoma,2
2015-09-09,Bungoma,2
2015-09-10,Bungoma,2
2015-09-11,Bungoma,0
2015-09-12,Bungoma,0
2015-09-13,Bungoma,1
2015-09-14,Bungoma,1
2015-09-15,Bungoma,1
2015-09-16,Bungoma,0
2015-09-17,Bungoma,2
2015-09-18,Bungoma,1
2015-09-19,Bungoma,1
2015-09-20,Bungoma,2
2015-09-21,Bungoma,1
2015-09-22,Bungoma,2
2015-09-23,Bungoma,2
2015-09-24,Bungoma,0
2015-09-25,Bungoma,2
2015-09-26,Bungoma,0
2015-09-27,Bungoma,2
2015-09-28,Bungoma,1
2015-09-29,Bungoma,0
2015-09-30,Bungoma,2
2015-10-01,Bungoma,2
2015-10-02,Bungoma,2
2015-10-03,Bungoma,0
2015-10-04,Bungoma,0
2015-10-05,Bungoma,0
2015-10-06,Bungoma,2
2015-10-07,Bungoma,1
2015-10-08,Bungoma,2
2015-10-09,Bungoma,0
2015-10-10,Bungoma,2
2015-10-11,Bungoma,0
2015-10-12,Bungoma,13
2015-10-13,Bungoma,2
2015-10-14,Bungoma,1
2015-10-15,Bungoma,0
2015-10-16,Bungoma,1
2015-10-17,Bungoma,1
2015-10-18,Bungoma,2
2015-10-19,Bungoma,0
2015-10-20,Bungoma,1
2015-10-21,Bungoma,9
2015-10-22,Bungoma,2
2015-10-23,Bungoma,22
2015-10-24,Bungoma,0
2015-10-25,Bungoma,1
2015-10-26,Bungoma,4
2015-10-27,Bungoma,1
2015-10-28,Bungoma,0
2015-10-29,Bungoma,0
2015-10-30,Bungoma,1
2015-10-31,Bungoma,2
2015-11-01,Bungoma,0
2015-11-02,Bungoma,1
2015-11-03,Bungoma,0
2015-11-04,Bungoma,0
2015-11-05,Bungoma,1
2015-11-06,Bungoma,3
2015-11-07,Bungoma,2
2015-11-08,Bungoma,0
2015-11-09,Bungoma,2
2015-11-10,Bungoma,2
2015-11-11,Bungoma,0
2015-11-12,Bungoma,1
2015-11-13,Bungoma,0
2015-11-14,Bungoma,1
2015-11-15,Bungoma,2
2015-11-16,Bungoma,1
2015-11-17,Bungoma,9
2015-11-18,Bungoma,0
2015-11-19,Bungoma,2
2015-11-20,Bungoma,0
2015-11-21,Bungoma,2
2015-11-22,Bungoma,0
2015-11-23,Bungoma,0
2015-11-24,Bungoma,0
2015-11-25,Bungoma,0
2015-11-26,Bungoma,1
2015-11-27,Bungoma,0
2015-11-28,Bungoma,2
2015-11-29,Bungoma,1
2015-11-30,Bungoma,0
2015-12-01,Bungoma,1
2015-12-02,Bungoma,1
2015-12-03,Bungoma,0
2015-12-04,Bungoma,0
2015-12-05,Bungoma,0
2015-12-06,Bungoma,2
2015-12-07,Bungoma,2
2015-12-08,Bungoma,2
2015-12-09,Bungoma,2
2015-12-10,Bungoma,1
2015-12-11,Bungoma,1
2015-12-12,Bungoma,2
2015-12-13,Bungoma,0
2015-12-14,Bungoma,0
2015-12-15,Bungoma,2
2015-12-16,Bungoma,0
2015-12-17,Bungoma,2
2015-12-18,Bungoma,1
2015-12-19,Bungoma,2
2015-12-20,Bungoma,1
2015-12-21,Bungoma,0
2015-12-22,Bungoma,2
2015-12-23,Bungoma,2
2015-12-24,Bungoma,2
2015-12-25,Bungoma,0
2015-12-26,Bungoma,2
2015-12-27,Bungoma,2
2015-12-28,Bungoma,2
2015-12-29,Bungoma,2
2015-12-30,Bungoma,1
2015-12-31,Bungoma,2
2016-01-01,Bungoma,1
2016-01-02,Bungoma,1
2016-01-03,Bungoma,1
2016-01-04,Bungoma,0
2016-01-05,Bungoma,1
2016-01-06,Bungoma,1
2016-01-07,Bungoma,0
2016-01-08,Bungoma,1
2016-01-09,Bungoma,2
2016-01-10,Bungoma,0
2016-01-11,Bungoma,2
2016-01-12,Bungoma,1
2016-01-13,Bungoma,0
2016-01-14,Bungoma,1
2016-01-15,Bungoma,0
2016-01-16,Bungoma,2
2016-01-17,Bungoma,1
2016-01-18,Bungoma,0
2016-01-19,Bungoma,0
2016-01-20,Bungoma,0
2016-01-21,Bungoma,2
2016-01-22,Bungoma,1
2016-01-23,Bungoma,0
2016-01-24,Bungoma,0
2016-01-25,Bungoma,2
2016-01-26,Bungoma,1
2016-01-27,Bungoma,1
2016-01-28,Bungoma,2
2016-01-29,Bungoma,0
2016-01-30,Bungoma,0
2016-01-31,Bungoma,2
2016-02-01,Bungoma,1
2016-02-02,Bungoma,0
2016-02-03,Bungoma,2
2016-02-04,Bungoma,1
2016-02-05,Bungoma,1
2016-02-06,Bungoma,1
2016-02-07,Bungoma,2
2016-02-08,Bungoma,1
2016-02-09,Bungoma,2
2016-02-10,Bungoma,1
2016-02-11,Bungoma,1
2016-02-12,Bungoma,1
2016-02-13,Bungoma,2
2016-02-14,Bungoma,2
2016-02-15,Bungoma,2
2016-02-16,Bungoma,2
2016-02-17,Bungoma,2
2016-02-18,Bungoma,0
2016-02-19,Bungoma,1
2016-02-20,Bungoma,2
2016-02-21,Bungoma,1
2016-02-22,Bungoma,0
2016-02-23,Bungoma,1
2016-02-24,Bungoma,1
2016-02-25,Bungoma,1
2016-02-26,Bungoma,2
2016-02-27,Bungoma,1
2016-02-28,Bungoma,2
2016-02-29,Bungoma,0
2016-03-01,Bungoma,6
2016-03-02,Bungoma,1
2016-03-03,Bungoma,18
2016-03-04,Bungoma,23
2016-03-05,Bungoma,2
2016-03-06,Bungoma,22
2016-03-07,Bungoma,20
2016-03-08,Bungoma,2
2016-03-09,Bungoma,13
2016-03-10,Bungoma,0
2016-03-11,Bungoma,0
2016-03-12,Bungoma,2
2016-03-13,Bungoma,1
2016-03-14,Bungoma,9
2016-03-15,Bungoma,15
2016-03-16,Bungoma,1
2016-03-17,Bungoma,22
2016-03-18,Bungoma,7
2016-03-19,Bungoma,10
2016-03-20,Bungoma,13
2016-03-21,Bungoma,17
2016-03-22,Bungoma,0
2016-03-23,Bungoma,0
2016-03-24,Bungoma,14
2016-03-25,Bungoma,10
2016-03-26,Bungoma,24
2016-03-27,Bungoma,9
2016-03-28,Bungoma,6
2016-03-29,Bungoma,1
2016-03-30,Bungoma,2
2016-03-31,Bungoma,0
2016-04-01,Bungoma,12
2016-04-02,Bungoma,19
2016-04-03,Bungoma,2
2016-04-04,Bungoma,0
2016-04-05,Bungoma,1
2016-04-06,Bungoma,1
2016-04-07,Bungoma,10
2016-04-08,Bungoma,2
2016-04-09,Bungoma,15
2016-04-10,Bungoma,1
2016-04-11,Bungoma,1
2016-04-12,Bungoma,14
2016-04-13,Bungoma,13
2016-04-14,Bungoma,3
2016-04-15,Bungoma,1
2016-04-16,Bungoma,1
2016-04-17,Bungoma,11
2016-04-18,Bungoma,17
2016-04-19,Bungoma,2
2016-04-20,Bungoma,2
2016-04-21,Bungoma,2
2016-04-22,Bungoma,2
2016-04-23,Bungoma,2
2016-04-24,Bungoma,16
2016-04-25,Bungoma,1
2016-04-26,Bungoma,16
2016-04-27,Bungoma,1
2016-04-28,Bungoma,0
2016-04-29,Bungoma,0
2016-04-30,Bungoma,2
2016-05-01,Bungoma,16
2016-05-02,Bungoma,11
2016-05-03,Bungoma,7
2016-05-04,Bungoma,1
2016-05-05,Bungoma,5
2016-05-06,Bungoma,14
2016-05-07,Bungoma,1
2016-05-08,Bungoma,7
2016-05-09,Bungoma,0
2016-05-10,Bungoma,18
2016-05-11,Bungoma,19
2016-05-12,Bungoma,0
2016-05-13,Bungoma,17
2016-05-14,Bungoma,1
2016-05-15,Bungoma,0
2016-05-16,Bungoma,13
2016-05-17,Bungoma,21
2016-05-18,Bungoma,10
2016-05-19,Bungoma,3
2016-05-20,Bungoma,10
2016-05-21,Bungoma,12
2016-05-22,Bungoma,11
2016-05-23,Bungoma,23
2016-05-24,Bungoma,13
2016-05-25,Bungoma,1
2016-05-26,Bungoma,2
2016-05-27,Bungoma,4
2016-05-28,Bungoma,18
2016-05-29,Bungoma,1
2016-05-30,Bungoma,1
2016-05-31,Bungoma,8
2016-06-01,Bungoma,1
2016-06-02,Bungoma,0
2016-06-03,Bungoma,2
2016-06-04,Bungoma,1
2016-06-05,Bungoma,1
2016-06-06,Bungoma,2
2016-06-07,Bungoma,0
2016-06-08,Bungoma,0
2016-06-09,Bungoma,0
2016-06-10,Bungoma,2
2016-06-11,Bungoma,0
2016-06-12,Bungoma,2
2016-06-13,Bungoma,0
2016-06-14,Bungoma,1
2016-06-15,Bungoma,0
2016-06-16,Bungoma,0
2016-06-17,Bungoma,2
2016-06-18,Bungoma,0
2016-06-19,Bungoma,1
2016-06-20,Bungoma,0
2016-06-21,Bungoma,2
2016-06-22,Bungoma,0
2016-06-23,Bungoma,1
2016-06-24,Bungoma,0
2016-06-25,Bungoma,0
2016-06-26,Bungoma,0
2016-06-27,Bungoma,1
2016-06-28,Bungoma,0
2016-06-29,Bungoma,1
2016-06-30,Bungoma,1
2016-07-01,Bungoma,0
2016-07-02,Bungoma,0
2016-07-03,Bungoma,2
2016-07-04,Bungoma,2
2016-07-05,Bungoma,0
2016-07-06,Bungoma,0
2016-07-07,Bungoma,1
2016-07-08,Bungoma,1
2016-07-09,Bungoma,0
2016-07-10,Bungoma,2
2016-07-11,Bungoma,1
2016-07-12,Bungoma,2
2016-07-13,Bungoma,1
2016-07-14,Bungoma,2
2016-07-15,Bungoma,2
2016-07-16,Bungoma,1
2016-07-17,Bungoma,2
2016-07-18,Bungoma,2
2016-07-19,Bungoma,2
2016-07-20,Bungoma,0
2016-07-21,Bungoma,0
2016-07-22,Bungoma,0
2016-07-23,Bungoma,1
2016-07-24,Bungoma,2
2016-07-25,Bungoma,1
2016-07-26,Bungoma,2
2016-07-27,Bungoma,2
2016-07-28,Bungoma,0
2016-07-29,Bungoma,0
2016-07-30,Bungoma,2
2016-07-31,Bungoma,1
2016-08-01,Bungoma,0
2016-08-02,Bungoma,0
2016-08-03,Bungoma,0
2016-08-04,Bungoma,2
2016-08-05,Bungoma,0
2016-08-06,Bungoma,1
2016-08-07,Bungoma,1
2016-08-08,Bungoma,2
2016-08-09,Bungoma,2
2016-08-10,Bungoma,1
2016-08-11,Bungoma,1
2016-08-12,Bungoma,0
2016-08-13,Bungoma,1
2016-08-14,Bungoma,0
2016-08-15,Bungoma,2
2016-08-16,Bungoma,0
2016-08-17,Bungoma,0
2016-08-18,Bungoma,2
2016-08-19,Bungoma,1
2016-08-20,Bungoma,2
2016-08-21,Bungoma,0
2016-08-22,Bungoma,2
2016-08-23,Bungoma,0
2016-08-24,Bungoma,1
2016-08-25,Bungoma,0
2016-08-26,Bungoma,1
2016-08-27,Bungoma,1
2016-08-28,Bungoma,0
2016-08-29,Bungoma,1
2016-08-30,Bungoma,0
2016-08-31,Bungoma,2
2016-09-01,Bungoma,2
2016-09-02,Bungoma,0
2016-09-03,Bungoma,0
2016-09-04,Bungoma,0
2016-09-05,Bungoma,1
2016-09-06,Bungoma,2
2016-09-07,Bungoma,2
2016-09-08,Bungoma,0
2016-09-09,Bungoma,1
2016-09-10,Bungoma,2
2016-09-11,Bungoma,2
2016-09-12,Bungoma,0
2016-09-13,Bungoma,2
2016-09-14,Bungoma,1
2016-09-15,Bungoma,0
2016-09-16,Bungoma,2
2016-09-17,Bungoma,2
2016-09-18,Bungoma,2
2016-09-19,Bungoma,2
2016-09-20,Bungoma,2
2016-09-21,Bungoma,0
2016-09-22,Bungoma,1
2016-09-23,Bungoma,1
2016-09-24,Bungoma,2
2016-09-25,Bungoma,1
2016-09-26,Bungoma,1
2016-09-27,Bungoma,0
2016-09-28,Bungoma,2
2016-09-29,Bungoma,2
2016-09-30,Bungoma,1
2016-10-01,Bungoma,2
2015-01-01,Busia,2
2015-01-02,Busia,1
2015-01-03,Busia,0
2015-01-04,Busia,2
2015-01-05,Busia,1
2015-01-06,Busia,0
2015-01-07,Busia,0
2015-01-08,Busia,2
2015-01-09,Busia,0
2015-01-10,Busia,1
2015-01-11,Busia,0
2015-01-12,Busia,1
2015-01-13,Busia,0
2015-01-14,Busia,0
2015-01-15,Busia,2
2015-01-16,Busia,0
2015-01-17,Busia,2
2015-01-18,Busia,1
2015-01-19,Busia,1
2015-01-20,Busia,1
2015-01-21,Busia,1
2015-01-22,Busia,2
2015-01-23,Busia,0
2015-01-24,Busia,0
2015-01-25,Busia,1
2015-01-26,Busia,1
2015-01-27,Busia,2
2015-01-28,Busia,1
2015-01-29,Busia,0
2015-01-30,Busia,1
2015-01-31,Busia,0
2015-02-01,Busia,1
2015-02-02,Busia,0
2015-02-03,Busia,0
2015-02-04,Busia,1
2015-02-05,Busia,1
2015-02-06,Busia,0
2015-02-07,Busia,1
2015-02-08,Busia,1
2015-02-09,Busia,0
2015-02-10,Busia,1
2015-02-11,Busia,1
2015-02-12,Busia,2
2015-02-13,Busia,2
2015-02-14,Busia,2
2015-02-15,Busia,0
2015-02-16,Busia,1
2015-02-17,Busia,0
2015-02-18,Busia,1
2015-02-19,Busia,0
2015-02-20,Busia,0
2015-02-21,Busia,1
2015-02-22,Busia,1
2015-02-23,Busia,0
2015-02-24,Busia,1
2015-02-25,Busia,1
2015-02-26,Busia,1
2015-02-27,Busia,0
2015-02-28,Busia,2
2015-03-01,Busia,0
2015-03-02,Busia,11
2015-03-03,Busia,15
2015-03-04,Busia,2
2015-03-05,Busia,15
2015-03-06,Busia,11
2015-03-07,Busia,9
2015-03-08,Busia,20
2015-03-09,Busia,2
2015-03-10,Busia,10
2015-03-11,Busia,1
2015-03-12,Busia,0
2015-03-13,Busia,0
2015-03-14,Busia,1
2015-03-15,Busia,0
2015-03-16,Busia,13
2015-03-17,Busia,0
2015-03-18,Busia,2
2015-03-19,Busia,1
2015-03-20,Busia,14
2015-03-21,Busia,0
2015-03-22,Busia,2
2015-03-23,Busia,4
2015-03-24,Busia,8
2015-03-25,Busia,0
2015-03-26,Busia,2
2015-03-27,Busia,14
2015-03-28,Busia,2
2015-03-29,Busia,0
2015-03-30,Busia,6
2015-03-31,Busia,0
2015-04-01,Busia,1
2015-04-02,Busia,1
2015-04-03,Busia,2
2015-04-04,Busia,15
2015-04-05,Busia,5
2015-04-06,Busia,2
2015-04-07,Busia,16
2015-04-08,Busia,23
2015-04-09,Busia,2
2015-04-10,Busia,14
2015-04-11,Busia,0
2015-04-12,Busia,24
2015-04-13,Busia,1
2015-04-14,Busia,2
2015-04-15,Busia,12
2015-04-16,Busia,4
2015-04-17,Busia,1
2015-04-18,Busia,0
2015-04-19,Busia,18
2015-04-20,Busia,8
2015-04-21,Busia,2
2015-04-22,Busia,13
2015-04-23,Busia,0
2015-04-24,Busia,0
2015-04-25,Busia,0
2015-04-26,Busia,15
2015-04-27,Busia,16
2015-04-28,Busia,16
2015-04-29,Busia,2
2015-04-30,Busia,13
2015-05-01,Busia,14
2015-05-02,Busia,2
2015-05-03,Busia,0
2015-05-04,Busia,14
2015-05-05,Busia,2
2015-05-06,Busia,2
2015-05-07,Busia,0
2015-05-08,Busia,1
2015-05-09,Busia,22
2015-05-10,Busia,16
2015-05-11,Busia,1
2015-05-12,Busia,2
2015-05-13,Busia,0
2015-05-14,Busia,2
2015-05-15,Busia,1
2015-05-16,Busia,1
2015-05-17,Busia,0
2015-05-18,Busia,25
2015-05-19,Busia,13
2015-05-20,Busia,10
2015-05-21,Busia,2
2015-05-22,Busia,1
2015-05-23,Busia,7
2015-05-24,Busia,17
2015-05-25,Busia,14
2015-05-26,Busia,2
2015-05-27,Busia,1
2015-05-28,Busia,14
2015-05-29,Busia,2
2015-05-30,Busia,0
2015-05-31,Busia,1
2015-06-01,Busia,0
2015-06-02,Busia,1
2015-06-03,Busia,0
2015-06-04,Busia,2
2015-06-05,Busia,0
2015-06-06,Busia,2
2015-06-07,Busia,0
2015-06-08,Busia,1
2015-06-09,Busia,0
2015-06-10,Busia,0
2015-06-11,Busia,0
2015-06-12,Busia,0
2015-06-13,Busia,0
2015-06-14,Busia,1
2015-06-15,Busia,1
2015-06-16,Busia,2
2015-06-17,Busia,2
2015-06-18,Busia,1
2015-06-19,Busia,0
2015-06-20,Busia,0
2015-06-21,Busia,2
2015-06-22,Busia,1
2015-06-23,Busia,1
2015-06-24,Busia,1
2015-06-25,Busia,2
2015-06-26,Busia,1
2015-06-27,Busia,1
2015-06-28,Busia,2
2015-06-29,Busia,0
2015-06-30,Busia,2
2015-07-01,Busia,2
2015-07-02,Busia,2
2015-07-03,Busia,2
2015-07-04,Busia,2
2015-07-05,Busia,2
2015-07-06,Busia,1
2015-07-07,Busia,1
2015-07-08,Busia,2
2015-07-09,Busia,2
2015-07-10,Busia,2
2015-07-11,Busia,0
2015-07-12,Busia,0
2015-07-13,Busia,1
2015-07-14,Busia,0
2015-07-15,Busia,1
2015-07-16,Busia,2
2015-07-17,Busia,0
2015-07-18,Busia,0
2015-07-19,Busia,1
2015-07-20,Busia,0
2015-07-21,Busia,2
2015-07-22,Busia,2
2015-07-23,Busia,0
2015-07-24,Busia,1
2015-07-25,Busia,2
2015-07-26,Busia,0
2015-07-27,Busia,1
2015-07-28,Busia,1
2015-07-29,Busia,0
2015-07-30,Busia,0
2015-07-31,Busia,1
2015-08-01,Busia,0
2015-08-02,Busia,2
2015-08-03,Busia,2
2015-08-04,Busia,0
2015-08-05,Busia,0
2015-08-06,Busia,0
2015-08-07,Busia,2
2015-08-08,Busia,1
2015-08-09,Busia,2
2015-08-10,Busia,2
2015-08-11,Busia,2
2015-08-12,Busia,0
2015-08-13,Busia,2
2015-08-14,Busia,2
2015-08-15,Busia,0
2015-08-16,Busia,2
2015-08-17,Busia,2
2015-08-18,Busia,1
2015-08-19,Busia,0
2015-08-20,Busia,1
2015-08-21,Busia,2
2015-08-22,Busia,0
2015-08-23,Busia,1
2015-08-24,Busia,1
2015-08-25,Busia,2
2015-08-26,Busia,1
2015-08-27,Busia,1
2015-08-28,Busia,1
2015-08-29,Busia,1
2015-08-30,Busia,1
2015-08-31,Busia,0
2015-09-01,Busia,2
2015-09-02,Busia,2
2015-09-03,Busia,0
2015-09-04,Busia,1
2015-09-05,Busia,0
2015-09-06,Busia,0
2015-09-07,Busia,1
2015-09-08,Busia,1
2015-09-09,Busia,1
2015-09-10,Busia,1
2015-09-11,Busia,2
2015-09-12,Busia,1
2015-09-13,Busia,0
2015-09-14,Busia,2
2015-09-15,Busia,1
2015-09-16,Busia,2
2015-09-17,Busia,1
2015-09-18,Busia,0
2015-09-19,Busia,0
2015-09-20,Busia,1
2015-09-21,Busia,1
2015-09-22,Busia,0
2015-09-23,Busia,2
2015-09-24,Busia,1
2015-09-25,Busia,2
2015-09-26,Busia,1
2015-09-27,Busia,2
2015-09-28,Busia,1
2015-09-29,Busia,2
2015-09-30,Busia,0
2015-10-01,Busia,2
2015-10-02,Busia,2
2015-10-03,Busia,1
2015-10-04,Busia,1
2015-10-05,Busia,2
2015-10-06,Busia,2
2015-10-07,Busia,1
2015-10-08,Busia,0
2015-10-09,Busia,1
2015-10-10,Busia,0
2015-10-11,Busia,0
2015-10-12,Busia,0
2015-10-13,Busia,2
2015-10-14,Busia,0
2015-10-15,Busia,0
2015-10-16,Busia,2
2015-10-17,Busia,0
2015-10-18,Busia,0
2015-10-19,Busia,0
2015-10-20,Busia,2
2015-10-21,Busia,9
2015-10-22,Busia,0
2015-10-23,Busia,2
2015-10-24,Busia,2
2015-10-25,Busia,0
2015-10-26,Busia,1
2015-10-27,Busia,1
2015-10-28,Busia,0
2015-10-29,Busia,1
2015-10-30,Busia,2
2015-10-31,Busia,2
2015-11-01,Busia,0
2015-11-02,Busia,0
2015-11-03,Busia,2
2015-11-04,Busia,1
2015-11-05,Busia,2
2015-11-06,Busia,2
2015-11-07,Busia,1
2015-11-08,Busia,2
2015-11-09,Busia,2
2015-11-10,Busia,2
2015-11-11,Busia,2
2015-11-12,Busia,2
2015-11-13,Busia,2
2015-11-14,Busia,1
2015-11-15,Busia,1
2015-11-16,Busia,1
2015-11-17,Busia,0
2015-11-18,Busia,0
2015-11-19,Busia,0
2015-11-20,Busia,2
2015-11-21,Busia,0
2015-11-22,Busia,2
2015-11-23,Busia,2
2015-11-24,Busia,1
2015-11-25,Busia,1
2015-11-26,Busia,1
2015-11-27,Busia,0
2015-11-28,Busia,1
2015-11-29,Busia,6
2015-11-30,Busia,2
2015-12-01,Busia,0
2015-12-02,Busia,1
2015-12-03,Busia,2
2015-12-04,Busia,2
2015-12-05,Busia,2
2015-12-06,Busia,2
2015-12-07,Busia,2
2015-12-08,Busia,1
2015-12-09,Busia,1
2015-12-10,Busia,0
2015-12-11,Busia,0
2015-12-12,Busia,0
2015-12-13,Busia,2
2015-12-14,Busia,0
2015-12-15,Busia,2
2015-12-16,Busia,0
2015-12-17,Busia,0
2015-12-18,Busia,2
2015-12-19,Busia,1
2015-12-20,Busia,2
2015-12-21,Busia,2
2015-12-22,Busia,2
2015-12-23,Busia,0
2015-12-24,Busia,0
2015-12-25,Busia,0
2015-12-26,Busia,0
2015-12-27,Busia,0
2015-12-28,Busia,1
2015-12-29,Busia,0
2015-12-30,Busia,0
2015-12-31,Busia,1
2016-01-01,Busia,1
2016-01-02,Busia,1
2016-01-03,Busia,0
2016-01-04,Busia,0
2016-01-05,Busia,0
2016-01-06,Busia,0
2016-01-07,Busia,2
2016-01-08,Busia,1
2016-01-09,Busia,1
2016-01-10,Busia,0
2016-01-11,Busia,2
2016-01-12,Busia,2
2016-01-13,Busia,0
2016-01-14,Busia,1
2016-01-15,Busia,1
2016-01-16,Busia,2
2016-01-17,Busia,2
2016-01-18,Busia,2
2016-01-19,Busia,0
2016-01-20,Busia,2
2016-01-21,Busia,1
2016-01-22,Busia,0
2016-01-23,Busia,0
2016-01-24,Busia,0
2016-01-25,Busia,1
2016-01-26,Busia,2
2016-01-27,Busia,2
2016-01-28,Busia,1
2016-01-29,Busia,2
2016-01-30,Busia,1
2016-01-31,Busia,1
2016-02-01,Busia,1
2016-02-02,Busia,1
2016-02-03,Busia,1
2016-02-04,Busia,1
2016-02-05,Busia,1
2016-02-06,Busia,2
2016-02-07,Busia,2
2016-02-08,Busia,0
2016-02-09,Busia,2
2016-02-10,Busia,0
2016-02-11,Busia,2
2016-02-12,Busia,0
2016-02-13,Busia,0
2016-02-14,Busia,0
2016-02-15,Busia,2
2016-02-16,Busia,1
2016-02-17,Busia,0
2016-02-18,Busia,2
2016-02-19,Busia,1
2016-02-20,Busia,1
2016-02-21,Busia,2
2016-02-22,Busia,2
2016-02-23,Busia,0
2016-02-24,Busia,0
2016-02-25,Busia,0
2016-02-26,Busia,1
2016-02-27,Busia,1
2016-02-28,Busia,2
2016-02-29,Busia,2
2016-03-01,Busia,13
2016-03-02,Busia,1
2016-03-03,Busia,2
2016-03-04,Busia,2
2016-03-05,Busia,0
2016-03-06,Busia,2
2016-03-07,Busia,9
2016-03-08,Busia,2
2016-03-09,Busia,2
2016-03-10,Busia,14
2016-03-11,Busia,0
2016-03-12,Busia,18
2016-03-13,Busia,12
2016-03-14,Busia,1
2016-03-15,Busia,10
2016-03-16,Busia,17
2016-03-17,Busia,20
2016-03-18,Busia,2
2016-03-19,Busia,17
2016-03-20,Busia,12
2016-03-21,Busia,0
2016-03-22,Busia,2
2016-03-23,Busia,23
2016-03-24,Busia,18
2016-03-25,Busia,2
2016-03-26,Busia,12
2016-03-27,Busia,9
2016-03-28,Busia,19
2016-03-29,Busia,2
2016-03-30,Busia,0
2016-03-31,Busia,12
2016-04-01,Busia,1
2016-04-02,Busia,5
2016-04-03,Busia,15
2016-04-04,Busia,6
2016-04-05,Busia,1
2016-04-06,Busia,15
2016-04-07,Busia,2
2016-04-08,Busia,1
2016-04-09,Busia,9
2016-04-10,Busia,8
2016-04-11,Busia,0
2016-04-12,Busia,13
2016-04-13,Busia,1
2016-04-14,Busia,14
2016-04-15,Busia,1
2016-04-16,Busia,2
2016-04-17,Busia,2
2016-04-18,Busia,14
2016-04-19,Busia,1
2016-04-20,Busia,20
2016-04-21,Busia,12
2016-04-22,Busia,0
2016-04-23,Busia,1
2016-04-24,Busia,1
2016-04-25,Busia,10
2016-04-26,Busia,9
2016-04-27,Busia,12
2016-04-28,Busia,0
2016-04-29,Busia,0
2016-04-30,Busia,14
2016-05-01,Busia,14
2016-05-02,Busia,1
2016-05-03,Busia,1
2016-05-04,Busia,2
2016-05-05,Busia,1
2016-05-06,Busia,1
2016-05-07,Busia,15
2016-05-08,Busia,10
2016-05-09,Busia,21
2016-05-10,Busia,0
2016-05-11,Busia,2
2016-05-12,Busia,11
2016-05-13,Busia,1
2016-05-14,Busia,17
2016-05-15,Busia,13
2016-05-16,Busia,1
2016-05-17,Busia,13
2016-05-18,Busia,0
2016-05-19,Busia,14
2016-05-20,Busia,1
2016-05-21,Busia,15
2016-05-22,Busia,1
2016-05-23,Busia,12
2016-05-24,Busia,1
2016-05-25,Busia,7
2016-05-26,Busia,1
2016-05-27,Busia,2
2016-05-28,Busia,20
2016-05-29,Busia,2
2016-05-30,Busia,1
2016-05-31,Busia,0
2016-06-01,Busia,1
2016-06-02,Busia,2
2016-06-03,Busia,2
2016-06-04,Busia,2
2016-06-05,Busia,0
2016-06-06,Busia,0
2016-06-07,Busia,2
2016-06-08,Busia,1
2016-06-09,Busia,1
2016-06-10,Busia,2
2016-06-11,Busia,0
2016-06-12,Busia,0
2016-06-13,Busia,0
2016-06-14,Busia,0
2016-06-15,Busia,0
2016-06-16,Busia,0
2016-06-17,Busia,0
2016-06-18,Busia,2
2016-06-19,Busia,2
2016-06-20,Busia,1
2016-06-21,Busia,2
2016-06-22,Busia,2
2016-06-23,Busia,0
2016-06-24,Busia,2
2016-06-25,Busia,2
2016-06-26,Busia,0
2016-06-27,Busia,0
2016-06-28,Busia,2
2016-06-29,Busia,1
2016-06-30,Busia,1
2016-07-01,Busia,0
2016-07-02,Busia,2
2016-07-03,Busia,0
2016-07-04,Busia,2
2016-07-05,Busia,2
2016-07-06,Busia,1
2016-07-07,Busia,1
2016-07-08,Busia,0
2016-07-09,Busia,2
2016-07-10,Busia,1
2016-07-11,Busia,0
2016-07-12,Busia,0
2016-07-13,Busia,0
2016-07-14,Busia,0
2016-07-15,Busia,2
2016-07-16,Busia,0
2016-07-17,Busia,2
2016-07-18,Busia,0
2016-07-19,Busia,0
2016-07-20,Busia,1
2016-07-21,Busia,1
2016-07-22,Busia,2
2016-07-23,Busia,2
2016-07-24,Busia,2
2016-07-25,Busia,2
2016-07-26,Busia,2
2016-07-27,Busia,0
2016-07-28,Busia,2
2016-07-29,Busia,0
2016-07-30,Busia,0
2016-07-31,Busia,0
2016-08-01,Busia,0
2016-08-02,Busia,0
2016-08-03,Busia,2
2016-08-04,Busia,0
2016-08-05,Busia,2
2016-08-06,Busia,1
2016-08-07,Busia,2
2016-08-08,Busia,0
2016-08-09,Busia,1
2016-08-10,Busia,0
2016-08-11,Busia,1
2016-08-12,Busia,0
2016-08-13,Busia,1
2016-08-14,Busia,2
2016-08-15,Busia,0
2016-08-16,Busia,1
2016-08-17,Busia,0
2016-08-18,Busia,1
2016-08-19,Busia,0
2016-08-20,Busia,2
2016-08-21,Busia,0
2016-08-22,Busia,2
2016-08-23,Busia,0
2016-08-24,Busia,0
2016-08-25,Busia,0
2016-08-26,Busia,0
2016-08-27,Busia,1
2016-08-28,Busia,0
2016-08-29,Busia,0
2016-08-30,Busia,2
2016-08-31,Busia,2
2016-09-01,Busia,0
2016-09-02,Busia,1
2016-09-03,Busia,2
2016-09-04,Busia,1
2016-09-05,Busia,0
2016-09-06,Busia,0
2016-09-07,Busia,1
2016-09-08,Busia,0
2016-09-09,Busia,1
2016-09-10,Busia,1
2016-09-11,Busia,2
2016-09-12,Busia,1
2016-09-13,Busia,1
2016-09-14,Busia,2
2016-09-15,Busia,0
2016-09-16,Busia,1
2016-09-17,Busia,1
2016-09-18,Busia,0
2016-09-19,Busia,2
2016-09-20,Busia,0
2016-09-21,Busia,1
2016-09-22,Busia,1
2016-09-23,Busia,0
2016-09-24,Busia,0
2016-09-25,Busia,1
2016-09-26,Busia,2
2016-09-27,Busia,1
2016-09-28,Busia,2
2016-09-29,Busia,2
2016-09-30,Busia,0
2016-10-01,Busia,0
2015-01-01,Siaya,2
2015-01-02,Siaya,2
2015-01-03,Siaya,1
2015-01-04,Siaya,0
2015-01-05,Siaya,1
2015-01-06,Siaya,1
2015-01-07,Siaya,2
2015-01-08,Siaya,1
2015-01-09,Siaya,0
2015-01-10,Siaya,0
2015-01-11,Siaya,1
2015-01-12,Siaya,1
2015-01-13,Siaya,1
2015-01-14,Siaya,2
2015-01-15,Siaya,2
2015-01-16,Siaya,1
2015-01-17,Siaya,1
2015-01-18,Siaya,2
2015-01-19,Siaya,2
2015-01-20,Siaya,2
2015-01-21,Siaya,0
2015-01-22,Siaya,0
2015-01-23,Siaya,1
2015-01-24,Siaya,2
2015-01-25,Siaya,2
2015-01-26,Siaya,1
2015-01-27,Siaya,2
2015-01-28,Siaya,2
2015-01-29,Siaya,2
2015-01-30,Siaya,2
2015-01-31,Siaya,2
2015-02-01,Siaya,2
2015-02-02,Siaya,0
2015-02-03,Siaya,0
2015-02-04,Siaya,0
2015-02-05,Siaya,2
2015-02-06,Siaya,2
2015-02-07,Siaya,0
2015-02-08,Siaya,1
2015-02-09,Siaya,0
2015-02-10,Siaya,1
2015-02-11,Siaya,0
2015-02-12,Siaya,1
2015-02-13,Siaya,2
2015-02-14,Siaya,1
2015-02-15,Siaya,0
2015-02-16,Siaya,0
2015-02-17,Siaya,2
2015-02-18,Siaya,0
2015-02-19,Siaya,1
2015-02-20,Siaya,0
2015-02-21,Siaya,1
2015-02-22,Siaya,1
2015-02-23,Siaya,1
2015-02-24,Siaya,1
2015-02-25,Siaya,0
2015-02-26,Siaya,2
2015-02-27,Siaya,2
2015-02-28,Siaya,2
2015-03-01,Siaya,15
2015-03-02,Siaya,17
2015-03-03,Siaya,0
2015-03-04,Siaya,8
2015-03-05,Siaya,0
2015-03-06,Siaya,18
2015-03-07,Siaya,2
2015-03-08,Siaya,1
2015-03-09,Siaya,11
2015-03-10,Siaya,12
2015-03-11,Siaya,1
2015-03-12,Siaya,2
2015-03-13,Siaya,2
2015-03-14,Siaya,0
2015-03-15,Siaya,0
2015-03-16,Siaya,0
2015-03-17,Siaya,2
2015-03-18,Siaya,0
2015-03-19,Siaya,4
2015-03-20,Siaya,2
2015-03-21,Siaya,23
2015-03-22,Siaya,2
2015-03-23,Siaya,9
2015-03-24,Siaya,1
2015-03-25,Siaya,20
2015-03-26,Siaya,1
2015-03-27,Siaya,0
2015-03-28,Siaya,1
2015-03-29,Siaya,12
2015-03-30,Siaya,15
2015-03-31,Siaya,0
2015-04-01,Siaya,25
2015-04-02,Siaya,25
2015-04-03,Siaya,9
2015-04-04,Siaya,2
2015-04-05,Siaya,16
2015-04-06,Siaya,2
2015-04-07,Siaya,1
2015-04-08,Siaya,15
2015-04-09,Siaya,1
2015-04-10,Siaya,17
2015-04-11,Siaya,20
2015-04-12,Siaya,1
2015-04-13,Siaya,0
2015-04-14,Siaya,16
2015-04-15,Siaya,15
2015-04-16,Siaya,16
2015-04-17,Siaya,0
2015-04-18,Siaya,0
2015-04-19,Siaya,16
2015-04-20,Siaya,15
2015-04-21,Siaya,0
2015-04-22,Siaya,0
2015-04-23,Siaya,1
2015-04-24,Siaya,12
2015-04-25,Siaya,6
2015-04-26,Siaya,0
2015-04-27,Siaya,15
2015-04-28,Siaya,13
2015-04-29,Siaya,13
2015-04-30,Siaya,2
2015-05-01,Siaya,0
2015-05-02,Siaya,21
2015-05-03,Siaya,1
2015-05-04,Siaya,2
2015-05-05,Siaya,28
2015-05-06,Siaya,2
2015-05-07,Siaya,2
2015-05-08,Siaya,2
2015-05-09,Siaya,2
2015-05-10,Siaya,7
2015-05-11,Siaya,8
2015-05-12,Siaya,20
2015-05-13,Siaya,14
2015-05-14,Siaya,0
2015-05-15,Siaya,10
2015-05-16,Siaya,15
2015-05-17,Siaya,2
2015-05-18,Siaya,0
2015-05-19,Siaya,1
2015-05-20,Siaya,0
2015-05-21,Siaya,18
2015-05-22,Siaya,1
2015-05-23,Siaya,15
2015-05-24,Siaya,13
2015-05-25,Siaya,12
2015-05-26,Siaya,15
2015-05-27,Siaya,20
2015-05-28,Siaya,1
2015-05-29,Siaya,12
2015-05-30,Siaya,14
2015-05-31,Siaya,8
2015-06-01,Siaya,2
2015-06-02,Siaya,0
2015-06-03,Siaya,2
2015-06-04,Siaya,0
2015-06-05,Siaya,1
2015-06-06,Siaya,1
2015-06-07,Siaya,1
2015-06-08,Siaya,2
2015-06-09,Siaya,2
2015-06-10,Siaya,2
2015-06-11,Siaya,2
2015-06-12,Siaya,0
2015-06-13,Siaya,1
2015-06-14,Siaya,1
2015-06-15,Siaya,0
2015-06-16,Siaya,1
2015-06-17,Siaya,2
2015-06-18,Siaya,0
2015-06-19,Siaya,1
2015-06-20,Siaya,0
2015-06-21,Siaya,0
2015-06-22,Siaya,1
2015-06-23,Siaya,0
2015-06-24,Siaya,2
2015-06-25,Siaya,1
2015-06-26,Siaya,0
2015-06-27,Siaya,1
2015-06-28,Siaya,0
2015-06-29,Siaya,0
2015-06-30,Siaya,1
2015-07-01,Siaya,2
2015-07-02,Siaya,0
2015-07-03,Siaya,0
2015-07-04,Siaya,0
2015-07-05,Siaya,2
2015-07-06,Siaya,1
2015-07-07,Siaya,2
2015-07-08,Siaya,0
2015-07-09,Siaya,1
2015-07-10,Siaya,1
2015-07-11,Siaya,1
2015-07-12,Siaya,1
2015-07-13,Siaya,2
2015-07-14,Siaya,2
2015-07-15,Siaya,0
2015-07-16,Siaya,0
2015-07-17,Siaya,0
2015-07-18,Siaya,2
2015-07-19,Siaya,2
2015-07-20,Siaya,0
2015-07-21,Siaya,1
2015-07-22,Siaya,2
2015-07-23,Siaya,2
2015-07-24,Siaya,1
2015-07-25,Siaya,2
2015-07-26,Siaya,1
2015-07-27,Siaya,1
2015-07-28,Siaya,0
2015-07-29,Siaya,0
2015-07-30,Siaya,1
2015-07-31,Siaya,1
2015-08-01,Siaya,1
2015-08-02,Siaya,2
2015-08-03,Siaya,0
2015-08-04,Siaya,0
2015-08-05,Siaya,2
2015-08-06,Siaya,2
2015-08-07,Siaya,1
2015-08-08,Siaya,2
2015-08-09,Siaya,2
2015-08-10,Siaya,1
2015-08-11,Siaya,2
2015-08-12,Siaya,1
2015-08-13,Siaya,1
2015-08-14,Siaya,0
2015-08-15,Siaya,1
2015-08-16,Siaya,0
2015-08-17,Siaya,0
2015-08-18,Siaya,1
2015-08-19,Siaya,0
2015-08-20,Siaya,0
2015-08-21,Siaya,0
2015-08-22,Siaya,0
2015-08-23,Siaya,0
2015-08-24,Siaya,1
2015-08-25,Siaya,1
2015-08-26,Siaya,1
2015-08-27,Siaya,2
2015-08-28,Siaya,0
2015-08-29,Siaya,1
2015-08-30,Siaya,2
2015-08-31,Siaya,1
2015-09-01,Siaya,0
2015-09-02,Siaya,2
2015-09-03,Siaya,1
2015-09-04,Siaya,0
2015-09-05,Siaya,1
2015-09-06,Siaya,1
2015-09-07,Siaya,1
2015-09-08,Siaya,0
2015-09-09,Siaya,1
2015-09-10,Siaya,0
2015-09-11,Siaya,0
2015-09-12,Siaya,0
2015-09-13,Siaya,2
2015-09-14,Siaya,2
2015-09-15,Siaya,1
2015-09-16,Siaya,1
2015-09-17,Siaya,0
2015-09-18,Siaya,2
2015-09-19,Siaya,0
2015-09-20,Siaya,0
2015-09-21,Siaya,1
2015-09-22,Siaya,0
2015-09-23,Siaya,0
2015-09-24,Siaya,1
2015-09-25,Siaya,2
2015-09-26,Siaya,1
2015-09-27,Siaya,2
2015-09-28,Siaya,1
2015-09-29,Siaya,0
2015-09-30,Siaya,2
2015-10-01,Siaya,2
2015-10-02,Siaya,20
2015-10-03,Siaya,2
2015-10-04,Siaya,0
2015-10-05,Siaya,1
2015-10-06,Siaya,2
2015-10-07,Siaya,1
2015-10-08,Siaya,0
2015-10-09,Siaya,2
2015-10-10,Siaya,0
2015-10-11,Siaya,5
2015-10-12,Siaya,1
2015-10-13,Siaya,1
2015-10-14,Siaya,1
2015-10-15,Siaya,1
2015-10-16,Siaya,0
2015-10-17,Siaya,2
2015-10-18,Siaya,1
2015-10-19,Siaya,1
2015-10-20,Siaya,2
2015-10-21,Siaya,0
2015-10-22,Siaya,2
2015-10-23,Siaya,1
2015-10-24,Siaya,6
2015-10-25,Siaya,0
2015-10-26,Siaya,2
2015-10-27,Siaya,1
2015-10-28,Siaya,2
2015-10-29,Siaya,1
2015-10-30,Siaya,2
2015-10-31,Siaya,0
2015-11-01,Siaya,0
2015-11-02,Siaya,0
2015-11-03,Siaya,0
2015-11-04,Siaya,2
2015-11-05,Siaya,2
2015-11-06,Siaya,1
2015-11-07,Siaya,0
2015-11-08,Siaya,1
2015-11-09,Siaya,2
2015-11-10,Siaya,0
2015-11-11,Siaya,10
2015-11-12,Siaya,2
2015-11-13,Siaya,0
2015-11-14,Siaya,1
2015-11-15,Siaya,1
2015-11-16,Siaya,1
2015-11-17,Siaya,1
2015-11-18,Siaya,0
2015-11-19,Siaya,1
2015-11-20,Siaya,2
2015-11-21,Siaya,0
2015-11-22,Siaya,0
2015-11-23,Siaya,0
2015-11-24,Siaya,1
2015-11-25,Siaya,1
2015-11-26,Siaya,1
2015-11-27,Siaya,1
2015-11-28,Siaya,16
2015-11-29,Siaya,1
2015-11-30,Siaya,2
2015-12-01,Siaya,0
2015-12-02,Siaya,0
2015-12-03,Siaya,1
2015-12-04,Siaya,0
2015-12-05,Siaya,0
2015-12-06,Siaya,0
2015-12-07,Siaya,2
2015-12-08,Siaya,0
2015-12-09,Siaya,1
2015-12-10,Siaya,1
2015-12-11,Siaya,0
2015-12-12,Siaya,0
2015-12-13,Siaya,1
2015-12-14,Siaya,2
2015-12-15,Siaya,0
2015-12-16,Siaya,0
2015-12-17,Siaya,0
2015-12-18,Siaya,2
2015-12-19,Siaya,0
2015-12-20,Siaya,2
2015-12-21,Siaya,2
2015-12-22,Siaya,0
2015-12-23,Siaya,1
2015-12-24,Siaya,1
2015-12-25,Siaya,2
2015-12-26,Siaya,2
2015-12-27,Siaya,2
2015-12-28,Siaya,0
2015-12-29,Siaya,1
2015-12-30,Siaya,1
2015-12-31,Siaya,2
2016-01-01,Siaya,2
2016-01-02,Siaya,2
2016-01-03,Siaya,1
2016-01-04,Siaya,2
2016-01-05,Siaya,1
2016-01-06,Siaya,0
2016-01-07,Siaya,0
2016-01-08,Siaya,2
2016-01-09,Siaya,1
2016-01-10,Siaya,0
2016-01-11,Siaya,0
2016-01-12,Siaya,2
2016-01-13,Siaya,0
2016-01-14,Siaya,2
2016-01-15,Siaya,1
2016-01-16,Siaya,2
2016-01-17,Siaya,0
2016-01-18,Siaya,2
2016-01-19,Siaya,1
2016-01-20,Siaya,0
2016-01-21,Siaya,1
2016-01-22,Siaya,0
2016-01-23,Siaya,1
2016-01-24,Siaya,2
2016-01-25,Siaya,0
2016-01-26,Siaya,2
2016-01-27,Siaya,1
2016-01-28,Siaya,2
2016-01-29,Siaya,1
2016-01-30,Siaya,0
2016-01-31,Siaya,1
2016-02-01,Siaya,1
2016-02-02,Siaya,0
2016-02-03,Siaya,2
2016-02-04,Siaya,2
2016-02-05,Siaya,2
2016-02-06,Siaya,2
2016-02-07,Siaya,0
2016-02-08,Siaya,1
2016-02-09,Siaya,0
2016-02-10,Siaya,1
2016-02-11,Siaya,0
2016-02-12,Siaya,0
2016-02-13,Siaya,0
2016-02-14,Siaya,0
2016-02-15,Siaya,2
2016-02-16,Siaya,1
2016-02-17,Siaya,1
2016-02-18,Siaya,0
2016-02-19,Siaya,0
2016-02-20,Siaya,0
2016-02-21,Siaya,2
2016-02-22,Siaya,2
2016-02-23,Siaya,2
2016-02-24,Siaya,1
2016-02-25,Siaya,0
2016-02-26,Siaya,0
2016-02-27,Siaya,2
2016-02-28,Siaya,1
2016-02-29,Siaya,2
2016-03-01,Siaya,10
2016-03-02,Siaya,1
2016-03-03,Siaya,17
2016-03-04,Siaya,16
2016-03-05,Siaya,2
2016-03-06,Siaya,16
2016-03-07,Siaya,9
2016-03-08,Siaya,2
2016-03-09,Siaya,1
2016-03-10,Siaya,16
2016-03-11,Siaya,1
2016-03-12,Siaya,15
2016-03-13,Siaya,2
2016-03-14,Siaya,2
2016-03-15,Siaya,9
2016-03-16,Siaya,0
2016-03-17,Siaya,2
2016-03-18,Siaya,0
2016-03-19,Siaya,1
2016-03-20,Siaya,0
2016-03-21,Siaya,13
2016-03-22,Siaya,22
2016-03-23,Siaya,22
2016-03-24,Siaya,7
2016-03-25,Siaya,2
2016-03-26,Siaya,1
2016-03-27,Siaya,9
2016-03-28,Siaya,1
2016-03-29,Siaya,1
2016-03-30,Siaya,0
2016-03-31,Siaya,9
2016-04-01,Siaya,17
2016-04-02,Siaya,1
2016-04-03,Siaya,2
2016-04-04,Siaya,0
2016-04-05,Siaya,15
2016-04-06,Siaya,22
2016-04-07,Siaya,2
2016-04-08,Siaya,19
2016-04-09,Siaya,5
2016-04-10,Siaya,25
2016-04-11,Siaya,2
2016-04-12,Siaya,13
2016-04-13,Siaya,1
2016-04-14,Siaya,0
2016-04-15,Siaya,19
2016-04-16,Siaya,18
2016-04-17,Siaya,0
2016-04-18,Siaya,2
2016-04-19,Siaya,22
2016-04-20,Siaya,2
2016-04-21,Siaya,11
2016-04-22,Siaya,0
2016-04-23,Siaya,0
2016-04-24,Siaya,23
2016-04-25,Siaya,2
2016-04-26,Siaya,0
2016-04-27,Siaya,0
2016-04-28,Siaya,5
2016-04-29,Siaya,8
2016-04-30,Siaya,11
2016-05-01,Siaya,5
2016-05-02,Siaya,2
2016-05-03,Siaya,1
2016-05-04,Siaya,17
2016-05-05,Siaya,1
2016-05-06,Siaya,1
2016-05-07,Siaya,2
2016-05-08,Siaya,2
2016-05-09,Siaya,13
2016-05-10,Siaya,2
2016-05-11,Siaya,12
2016-05-12,Siaya,1
2016-05-13,Siaya,22
2016-05-14,Siaya,19
2016-05-15,Siaya,2
2016-05-16,Siaya,9
2016-05-17,Siaya,18
2016-05-18,Siaya,1
2016-05-19,Siaya,16
2016-05-20,Siaya,8
2016-05-21,Siaya,1
2016-05-22,Siaya,2
2016-05-23,Siaya,2
2016-05-24,Siaya,2
2016-05-25,Siaya,16
2016-05-26,Siaya,2
2016-05-27,Siaya,0
2016-05-28,Siaya,2
2016-05-29,Siaya,19
2016-05-30,Siaya,18
2016-05-31,Siaya,1
2016-06-01,Siaya,2
2016-06-02,Siaya,1
2016-06-03,Siaya,1
2016-06-04,Siaya,2
2016-06-05,Siaya,1
2016-06-06,Siaya,1
2016-06-07,Siaya,2
2016-06-08,Siaya,2
2016-06-09,Siaya,0
2016-06-10,Siaya,2
2016-06-11,Siaya,0
2016-06-12,Siaya,1
2016-06-13,Siaya,1
2016-06-14,Siaya,1
2016-06-15,Siaya,2
2016-06-16,Siaya,1
2016-06-17,Siaya,0
2016-06-18,Siaya,1
2016-06-19,Siaya,0
2016-06-20,Siaya,0
2016-06-21,Siaya,2
2016-06-22,Siaya,0
2016-06-23,Siaya,1
2016-06-24,Siaya,0
2016-06-25,Siaya,0
2016-06-26,Siaya,1
2016-06-27,Siaya,0
2016-06-28,Siaya,1
2016-06-29,Siaya,1
2016-06-30,Siaya,0
2016-07-01,Siaya,0
2016-07-02,Siaya,1
2016-07-03,Siaya,0
2016-07-04,Siaya,2
2016-07-05,Siaya,2
2016-07-06,Siaya,1
2016-07-07,Siaya,1
2016-07-08,Siaya,2
2016-07-09,Siaya,1
2016-07-10,Siaya,0
2016-07-11,Siaya,2
2016-07-12,Siaya,1
2016-07-13,Siaya,0
2016-07-14,Siaya,1
2016-07-15,Siaya,2
2016-07-16,Siaya,2
2016-07-17,Siaya,1
2016-07-18,Siaya,1
2016-07-19,Siaya,2
2016-07-20,Siaya,2
2016-07-21,Siaya,1
2016-07-22,Siaya,0
2016-07-23,Siaya,0
2016-07-24,Siaya,1
2016-07-25,Siaya,0
2016-07-26,Siaya,1
2016-07-27,Siaya,2
2016-07-28,Siaya,0
2016-07-29,Siaya,2
2016-07-30,Siaya,1
2016-07-31,Siaya,0
2016-08-01,Siaya,0
2016-08-02,Siaya,2
2016-08-03,Siaya,0
2016-08-04,Siaya,2
2016-08-05,Siaya,2
2016-08-06,Siaya,2
2016-08-07,Siaya,1
2016-08-08,Siaya,1
2016-08-09,Siaya,2
2016-08-10,Siaya,1
2016-08-11,Siaya,1
2016-08-12,Siaya,1
2016-08-13,Siaya,2
2016-08-14,Siaya,0
2016-08-15,Siaya,1
2016-08-16,Siaya,0
2016-08-17,Siaya,0
2016-08-18,Siaya,1
2016-08-19,Siaya,2
2016-08-20,Siaya,0
2016-08-21,Siaya,1
2016-08-22,Siaya,0
2016-08-23,Siaya,1
2016-08-24,Siaya,0
2016-08-25,Siaya,1
2016-08-26,Siaya,0
2016-08-27,Siaya,0
2016-08-28,Siaya,1
2016-08-29,Siaya,0
2016-08-30,Siaya,1
2016-08-31,Siaya,0
2016-09-01,Siaya,1
2016-09-02,Siaya,0
2016-09-03,Siaya,0
2016-09-04,Siaya,1
2016-09-05,Siaya,1
2016-09-06,Siaya,0
2016-09-07,Siaya,2
2016-09-08,Siaya,2
2016-09-09,Siaya,0
2016-09-10,Siaya,1
2016-09-11,Siaya,2
2016-09-12,Siaya,1
2016-09-13,Siaya,2
2016-09-14,Siaya,1
2016-09-15,Siaya,0
2016-09-16,Siaya,1
2016-09-17,Siaya,1
2016-09-18,Siaya,1
2016-09-19,Siaya,2
2016-09-20,Siaya,2
2016-09-21,Siaya,0
2016-09-22,Siaya,1
2016-09-23,Siaya,1
2016-09-24,Siaya,2
2016-09-25,Siaya,2
2016-09-26,Siaya,1
2016-09-27,Siaya,1
2016-09-28,Siaya,1
2016-09-29,Siaya,1
2016-09-30,Siaya,2
2016-10-01,Siaya,1
2015-01-01,Kisumu,0
2015-01-02,Kisumu,2
2015-01-03,Kisumu,2
2015-01-04,Kisumu,0
2015-01-05,Kisumu,0
2015-01-06,Kisumu,0
2015-01-07,Kisumu,1
2015-01-08,Kisumu,0
2015-01-09,Kisumu,2
2015-01-10,Kisumu,1
2015-01-11,Kisumu,2
2015-01-12,Kisumu,2
2015-01-13,Kisumu,2
2015-01-14,Kisumu,1
2015-01-15,Kisumu,2
2015-01-16,Kisumu,2
2015-01-17,Kisumu,1
2015-01-18,Kisumu,2
2015-01-19,Kisumu,1
2015-01-20,Kisumu,0
2015-01-21,Kisumu,2
2015-01-22,Kisumu,2
2015-01-23,Kisumu,2
2015-01-24,Kisumu,1
2015-01-25,Kisumu,1
2015-01-26,Kisumu,2
2015-01-27,Kisumu,0
2015-01-28,Kisumu,2
2015-01-29,Kisumu,1
2015-01-30,Kisumu,2
2015-01-31,Kisumu,0
2015-02-01,Kisumu,0
2015-02-02,Kisumu,1
2015-02-03,Kisumu,2
2015-02-04,Kisumu,2
2015-02-05,Kisumu,1
2015-02-06,Kisumu,0
2015-02-07,Kisumu,1
2015-02-08,Kisumu,1
2015-02-09,Kisumu,1
2015-02-10,Kisumu,1
2015-02-11,Kisumu,0
2015-02-12,Kisumu,1
2015-02-13,Kisumu,2
2015-02-14,Kisumu,1
2015-02-15,Kisumu,1
2015-02-16,Kisumu,2
2015-02-17,Kisumu,2
2015-02-18,Kisumu,0
2015-02-19,Kisumu,0
2015-02-20,Kisumu,0
2015-02-21,Kisumu,1
2015-02-22,Kisumu,1
2015-02-23,Kisumu,2
2015-02-24,Kisumu,1
2015-02-25,Kisumu,2
2015-02-26,Kisumu,0
2015-02-27,Kisumu,1
2015-02-28,Kisumu,2
2015-03-01,Kisumu,12
2015-03-02,Kisumu,17
2015-03-03,Kisumu,13
2015-03-04,Kisumu,13
2015-03-05,Kisumu,17
2015-03-06,Kisumu,8
2015-03-07,Kisumu,2
2015-03-08,Kisumu,16
2015-03-09,Kisumu,0
2015-03-10,Kisumu,8
2015-03-11,Kisumu,1
2015-03-12,Kisumu,1
2015-03-13,Kisumu,2
2015-03-14,Kisumu,2
2015-03-15,Kisumu,17
2015-03-16,Kisumu,7
2015-03-17,Kisumu,1
2015-03-18,Kisumu,0
2015-03-19,Kisumu,12
2015-03-20,Kisumu,3
2015-03-21,Kisumu,15
2015-03-22,Kisumu,13
2015-03-23,Kisumu,0
2015-03-24,Kisumu,2
2015-03-25,Kisumu,20
2015-03-26,Kisumu,12
2015-03-27,Kisumu,28
2015-03-28,Kisumu,2
2015-03-29,Kisumu,15
2015-03-30,Kisumu,0
2015-03-31,Kisumu,11
2015-04-01,Kisumu,1
2015-04-02,Kisumu,0
2015-04-03,Kisumu,0
2015-04-04,Kisumu,0
2015-04-05,Kisumu,18
2015-04-06,Kisumu,10
2015-04-07,Kisumu,1
2015-04-08,Kisumu,11
2015-04-09,Kisumu,2
2015-04-10,Kisumu,11
2015-04-11,Kisumu,1
2015-04-12,Kisumu,2
2015-04-13,Kisumu,9
2015-04-14,Kisumu,14
2015-04-15,Kisumu,0
2015-04-16,Kisumu,18
2015-04-17,Kisumu,1
2015-04-18,Kisumu,15
2015-04-19,Kisumu,16
2015-04-20,Kisumu,0
2015-04-21,Kisumu,0
2015-04-22,Kisumu,10
2015-04-23,Kisumu,16
2015-04-24,Kisumu,9
2015-04-25,Kisumu,17
2015-04-26,Kisumu,11
2015-04-27,Kisumu,1
2015-04-28,Kisumu,0
2015-04-29,Kisumu,0
2015-04-30,Kisumu,0
2015-05-01,Kisumu,4
2015-05-02,Kisumu,2
2015-05-03,Kisumu,22
2015-05-04,Kisumu,1
2015-05-05,Kisumu,1
2015-05-06,Kisumu,0
2015-05-07,Kisumu,12
2015-05-08,Kisumu,1
2015-05-09,Kisumu,18
2015-05-10,Kisumu,11
2015-05-11,Kisumu,1
2015-05-12,Kisumu,9
2015-05-13,Kisumu,0
2015-05-14,Kisumu,0
2015-05-15,Kisumu,1
2015-05-16,Kisumu,18
2015-05-17,Kisumu,22
2015-05-18,Kisumu,9
2015-05-19,Kisumu,1
2015-05-20,Kisumu,0
2015-05-21,Kisumu,13
2015-05-22,Kisumu,10
2015-05-23,Kisumu,9
2015-05-24,Kisumu,2
2015-05-25,Kisumu,8
2015-05-26,Kisumu,1
2015-05-27,Kisumu,25
2015-05-28,Kisumu,1
2015-05-29,Kisumu,15
2015-05-30,Kisumu,8
2015-05-31,Kisumu,0
2015-06-01,Kisumu,0
2015-06-02,Kisumu,0
2015-06-03,Kisumu,0
2015-06-04,Kisumu,0
2015-06-05,Kisumu,2
2015-06-06,Kisumu,2
2015-06-07,Kisumu,2
2015-06-08,Kisumu,2
2015-06-09,Kisumu,0
2015-06-10,Kisumu,2
2015-06-11,Kisumu,0
2015-06-12,Kisumu,1
2015-06-13,Kisumu,1
2015-06-14,Kisumu,1
2015-06-15,Kisumu,2
2015-06-16,Kisumu,0
2015-06-17,Kisumu,0
2015-06-18,Kisumu,0
2015-06-19,Kisumu,2
2015-06-20,Kisumu,1
2015-06-21,Kisumu,2
2015-06-22,Kisumu,0
2015-06-23,Kisumu,2
2015-06-24,Kisumu,1
2015-06-25,Kisumu,1
2015-06-26,Kisumu,2
2015-06-27,Kisumu,0
2015-06-28,Kisumu,1
2015-06-29,Kisumu,1
2015-06-30,Kisumu,2
2015-07-01,Kisumu,2
2015-07-02,Kisumu,0
2015-07-03,Kisumu,1
2015-07-04,Kisumu,1
2015-07-05,Kisumu,0
2015-07-06,Kisumu,2
2015-07-07,Kisumu,0
2015-07-08,Kisumu,0
2015-07-09,Kisumu,1
2015-07-10,Kisumu,0
2015-07-11,Kisumu,1
2015-07-12,Kisumu,0
2015-07-13,Kisumu,0
2015-07-14,Kisumu,0
2015-07-15,Kisumu,1
2015-07-16,Kisumu,2
2015-07-17,Kisumu,1
2015-07-18,Kisumu,1
2015-07-19,Kisumu,2
2015-07-20,Kisumu,1
2015-07-21,Kisumu,0
2015-07-22,Kisumu,0
2015-07-23,Kisumu,2
2015-07-24,Kisumu,2
2015-07-25,Kisumu,1
2015-07-26,Kisumu,2
2015-07-27,Kisumu,1
2015-07-28,Kisumu,1
2015-07-29,Kisumu,1
2015-07-30,Kisumu,0
2015-07-31,Kisumu,0
2015-08-01,Kisumu,1
2015-08-02,Kisumu,0
2015-08-03,Kisumu,1
2015-08-04,Kisumu,2
2015-08-05,Kisumu,0
2015-08-06,Kisumu,1
2015-08-07,Kisumu,2
2015-08-08,Kisumu,2
2015-08-09,Kisumu,2
2015-08-10,Kisumu,2
2015-08-11,Kisumu,1
2015-08-12,Kisumu,1
2015-08-13,Kisumu,1
2015-08-14,Kisumu,0
2015-08-15,Kisumu,0
2015-08-16,Kisumu,2
2015-08-17,Kisumu,1
2015-08-18,Kisumu,2
2015-08-19,Kisumu,1
2015-08-20,Kisumu,0
2015-08-21,Kisumu,1
2015-08-22,Kisumu,2
2015-08-23,Kisumu,0
2015-08-24,Kisumu,0
2015-08-25,Kisumu,0
2015-08-26,Kisumu,1
2015-08-27,Kisumu,0
2015-08-28,Kisumu,0
2015-08-29,Kisumu,2
2015-08-30,Kisumu,2
2015-08-31,Kisumu,2
2015-09-01,Kisumu,0
2015-09-02,Kisumu,0
2015-09-03,Kisumu,0
2015-09-04,Kisumu,0
2015-09-05,Kisumu,2
2015-09-06,Kisumu,2
2015-09-07,Kisumu,0
2015-09-08,Kisumu,0
2015-09-09,Kisumu,1
2015-09-10,Kisumu,1
2015-09-11,Kisumu,2
2015-09-12,Kisumu,0
2015-09-13,Kisumu,0
2015-09-14,Kisumu,2
2015-09-15,Kisumu,0
2015-09-16,Kisumu,0
2015-09-17,Kisumu,2
2015-09-18,Kisumu,0
2015-09-19,Kisumu,1
2015-09-20,Kisumu,0
2015-09-21,Kisumu,0
2015-09-22,Kisumu,1
2015-09-23,Kisumu,0
2015-09-24,Kisumu,1
2015-09-25,Kisumu,2
2015-09-26,Kisumu,0
2015-09-27,Kisumu,2
2015-09-28,Kisumu,2
2015-09-29,Kisumu,1
2015-09-30,Kisumu,0
2015-10-01,Kisumu,1
2015-10-02,Kisumu,0
2015-10-03,Kisumu,1
2015-10-04,Kisumu,2
2015-10-05,Kisumu,1
2015-10-06,Kisumu,1
2015-10-07,Kisumu,1
2015-10-08,Kisumu,2
2015-10-09,Kisumu,1
2015-10-10,Kisumu,2
2015-10-11,Kisumu,1
2015-10-12,Kisumu,2
2015-10-13,Kisumu,1
2015-10-14,Kisumu,2
2015-10-15,Kisumu,0
2015-10-16,Kisumu,2
2015-10-17,Kisumu,2
2015-10-18,Kisumu,2
2015-10-19,Kisumu,1
2015-10-20,Kisumu,0
2015-10-21,Kisumu,0
2015-10-22,Kisumu,0
2015-10-23,Kisumu,1
2015-10-24,Kisumu,2
2015-10-25,Kisumu,8
2015-10-26,Kisumu,1
2015-10-27,Kisumu,0
2015-10-28,Kisumu,11
2015-10-29,Kisumu,2
2015-10-30,Kisumu,0
2015-10-31,Kisumu,2
2015-11-01,Kisumu,1
2015-11-02,Kisumu,2
2015-11-03,Kisumu,0
2015-11-04,Kisumu,1
2015-11-05,Kisumu,1
2015-11-06,Kisumu,1
2015-11-07,Kisumu,2
2015-11-08,Kisumu,1
2015-11-09,Kisumu,2
2015-11-10,Kisumu,2
2015-11-11,Kisumu,1
2015-11-12,Kisumu,1
2015-11-13,Kisumu,2
2015-11-14,Kisumu,1
2015-11-15,Kisumu,0
2015-11-16,Kisumu,8
2015-11-17,Kisumu,0
2015-11-18,Kisumu,2
2015-11-19,Kisumu,7
2015-11-20,Kisumu,1
2015-11-21,Kisumu,1
2015-11-22,Kisumu,8
2015-11-23,Kisumu,2
2015-11-24,Kisumu,2
2015-11-25,Kisumu,2
2015-11-26,Kisumu,2
2015-11-27,Kisumu,0
2015-11-28,Kisumu,1
2015-11-29,Kisumu,1
2015-11-30,Kisumu,1
2015-12-01,Kisumu,0
2015-12-02,Kisumu,1
2015-12-03,Kisumu,1
2015-12-04,Kisumu,1
2015-12-05,Kisumu,2
2015-12-06,Kisumu,1
2015-12-07,Kisumu,1
2015-12-08,Kisumu,1
2015-12-09,Kisumu,0
2015-12-10,Kisumu,1
2015-12-11,Kisumu,1
2015-12-12,Kisumu,2
2015-12-13,Kisumu,0
2015-12-14,Kisumu,2
2015-12-15,Kisumu,0
2015-12-16,Kisumu,2
2015-12-17,Kisumu,0
2015-12-18,Kisumu,0
2015-12-19,Kisumu,0
2015-12-20,Kisumu,0
2015-12-21,Kisumu,0
2015-12-22,Kisumu,2
2015-12-23,Kisumu,2
2015-12-24,Kisumu,1
2015-12-25,Kisumu,0
2015-12-26,Kisumu,0
2015-12-27,Kisumu,0
2015-12-28,Kisumu,1
2015-12-29,Kisumu,1
2015-12-30,Kisumu,2
2015-12-31,Kisumu,1
2016-01-01,Kisumu,2
2016-01-02,Kisumu,2
2016-01-03,Kisumu,0
2016-01-04,Kisumu,2
2016-01-05,Kisumu,1
2016-01-06,Kisumu,1
2016-01-07,Kisumu,2
2016-01-08,Kisumu,2
2016-01-09,Kisumu,0
2016-01-10,Kisumu,1
2016-01-11,Kisumu,1
2016-01-12,Kisumu,2
2016-01-13,Kisumu,0
2016-01-14,Kisumu,0
2016-01-15,Kisumu,2
2016-01-16,Kisumu,1
2016-01-17,Kisumu,0
2016-01-18,Kisumu,0
2016-01-19,Kisumu,2
2016-01-20,Kisumu,1
2016-01-21,Kisumu,1
2016-01-22,Kisumu,2
2016-01-23,Kisumu,1
2016-01-24,Kisumu,2
2016-01-25,Kisumu,0
2016-01-26,Kisumu,0
2016-01-27,Kisumu,1
2016-01-28,Kisumu,0
2016-01-29,Kisumu,2
2016-01-30,Kisumu,1
2016-01-31,Kisumu,2
2016-02-01,Kisumu,0
2016-02-02,Kisumu,1
2016-02-03,Kisumu,1
2016-02-04,Kisumu,1
2016-02-05,Kisumu,2
2016-02-06,Kisumu,2
2016-02-07,Kisumu,2
2016-02-08,Kisumu,1
2016-02-09,Kisumu,2
2016-02-10,Kisumu,0
2016-02-11,Kisumu,2
2016-02-12,Kisumu,1
2016-02-13,Kisumu,2
2016-02-14,Kisumu,1
2016-02-15,Kisumu,0
2016-02-16,Kisumu,0
2016-02-17,Kisumu,1
2016-02-18,Kisumu,0
2016-02-19,Kisumu,1
2016-02-20,Kisumu,0
2016-02-21,Kisumu,2
2016-02-22,Kisumu,2
2016-02-23,Kisumu,2
2016-02-24,Kisumu,2
2016-02-25,Kisumu,1
2016-02-26,Kisumu,2
2016-02-27,Kisumu,2
2016-02-28,Kisumu,0
2016-02-29,Kisumu,0
2016-03-01,Kisumu,0
2016-03-02,Kisumu,7
2016-03-03,Kisumu,11
2016-03-04,Kisumu,20
2016-03-05,Kisumu,0
2016-03-06,Kisumu,18
2016-03-07,Kisumu,17
2016-03-08,Kisumu,26
2016-03-09,Kisumu,11
2016-03-10,Kisumu,24
2016-03-11,Kisumu,17
2016-03-12,Kisumu,0
2016-03-13,Kisumu,0
2016-03-14,Kisumu,2
2016-03-15,Kisumu,14
2016-03-16,Kisumu,18
2016-03-17,Kisumu,16
2016-03-18,Kisumu,0
2016-03-19,Kisumu,5
2016-03-20,Kisumu,2
2016-03-21,Kisumu,0
2016-03-22,Kisumu,20
2016-03-23,Kisumu,1
2016-03-24,Kisumu,1
2016-03-25,Kisumu,2
2016-03-26,Kisumu,26
2016-03-27,Kisumu,2
2016-03-28,Kisumu,1
2016-03-29,Kisumu,5
2016-03-30,Kisumu,3
2016-03-31,Kisumu,0
2016-04-01,Kisumu,0
2016-04-02,Kisumu,15
2016-04-03,Kisumu,0
2016-04-04,Kisumu,2
2016-04-05,Kisumu,0
2016-04-06,Kisumu,1
2016-04-07,Kisumu,23
2016-04-08,Kisumu,0
2016-04-09,Kisumu,11
2016-04-10,Kisumu,19
2016-04-11,Kisumu,1
2016-04-12,Kisumu,9
2016-04-13,Kisumu,10
2016-04-14,Kisumu,14
2016-04-15,Kisumu,15
2016-04-16,Kisumu,2
2016-04-17,Kisumu,1
2016-04-18,Kisumu,2
2016-04-19,Kisumu,27
2016-04-20,Kisumu,2
2016-04-21,Kisumu,1
2016-04-22,Kisumu,14
2016-04-23,Kisumu,1
2016-04-24,Kisumu,10
2016-04-25,Kisumu,0
2016-04-26,Kisumu,0
2016-04-27,Kisumu,1
2016-04-28,Kisumu,10
2016-04-29,Kisumu,17
2016-04-30,Kisumu,0
2016-05-01,Kisumu,12
2016-05-02,Kisumu,2
2016-05-03,Kisumu,9
2016-05-04,Kisumu,0
2016-05-05,Kisumu,21
2016-05-06,Kisumu,3
2016-05-07,Kisumu,12
2016-05-08,Kisumu,11
2016-05-09,Kisumu,1
2016-05-10,Kisumu,1
2016-05-11,Kisumu,2
2016-05-12,Kisumu,3
2016-05-13,Kisumu,16
2016-05-14,Kisumu,9
2016-05-15,Kisumu,1
2016-05-16,Kisumu,0
2016-05-17,Kisumu,1
2016-05-18,Kisumu,2
2016-05-19,Kisumu,14
2016-05-20,Kisumu,0
2016-05-21,Kisumu,0
2016-05-22,Kisumu,2
2016-05-23,Kisumu,0
2016-05-24,Kisumu,0
2016-05-25,Kisumu,15
2016-05-26,Kisumu,2
2016-05-27,Kisumu,16
2016-05-28,Kisumu,14
2016-05-29,Kisumu,6
2016-05-30,Kisumu,12
2016-05-31,Kisumu,0
2016-06-01,Kisumu,1
2016-06-02,Kisumu,1
2016-06-03,Kisumu,1
2016-06-04,Kisumu,0
2016-06-05,Kisumu,2
2016-06-06,Kisumu,1
2016-06-07,Kisumu,0
2016-06-08,Kisumu,2
2016-06-09,Kisumu,2
2016-06-10,Kisumu,0
2016-06-11,Kisumu,1
2016-06-12,Kisumu,0
2016-06-13,Kisumu,0
2016-06-14,Kisumu,2
2016-06-15,Kisumu,2
2016-06-16,Kisumu,2
2016-06-17,Kisumu,0
2016-06-18,Kisumu,0
2016-06-19,Kisumu,1
2016-06-20,Kisumu,2
2016-06-21,Kisumu,1
2016-06-22,Kisumu,0
2016-06-23,Kisumu,2
2016-06-24,Kisumu,0
2016-06-25,Kisumu,1
2016-06-26,Kisumu,2
2016-06-27,Kisumu,1
2016-06-28,Kisumu,1
2016-06-29,Kisumu,0
2016-06-30,Kisumu,0
2016-07-01,Kisumu,2
2016-07-02,Kisumu,1
2016-07-03,Kisumu,0
2016-07-04,Kisumu,2
2016-07-05,Kisumu,1
2016-07-06,Kisumu,0
2016-07-07,Kisumu,2
2016-07-08,Kisumu,2
2016-07-09,Kisumu,1
2016-07-10,Kisumu,1
2016-07-11,Kisumu,0
2016-07-12,Kisumu,1
2016-07-13,Kisumu,0
2016-07-14,Kisumu,0
2016-07-15,Kisumu,1
2016-07-16,Kisumu,1
2016-07-17,Kisumu,2
2016-07-18,Kisumu,1
2016-07-19,Kisumu,1
2016-07-20,Kisumu,0
2016-07-21,Kisumu,0
2016-07-22,Kisumu,1
2016-07-23,Kisumu,2
2016-07-24,Kisumu,2
2016-07-25,Kisumu,0
2016-07-26,Kisumu,1
2016-07-27,Kisumu,0
2016-07-28,Kisumu,0
2016-07-29,Kisumu,0
2016-07-30,Kisumu,2
2016-07-31,Kisumu,0
2016-08-01,Kisumu,1
2016-08-02,Kisumu,0
2016-08-03,Kisumu,2
2016-08-04,Kisumu,0
2016-08-05,Kisumu,2
2016-08-06,Kisumu,1
2016-08-07,Kisumu,2
2016-08-08,Kisumu,2
2016-08-09,Kisumu,2
2016-08-10,Kisumu,1
2016-08-11,Kisumu,2
2016-08-12,Kisumu,2
2016-08-13,Kisumu,2
2016-08-14,Kisumu,1
2016-08-15,Kisumu,0
2016-08-16,Kisumu,0
2016-08-17,Kisumu,0
2016-08-18,Kisumu,0
2016-08-19,Kisumu,0
2016-08-20,Kisumu,1
2016-08-21,Kisumu,2
2016-08-22,Kisumu,2
2016-08-23,Kisumu,1
2016-08-24,Kisumu,0
2016-08-25,Kisumu,0
2016-08-26,Kisumu,0
2016-08-27,Kisumu,0
2016-08-28,Kisumu,0
2016-08-29,Kisumu,0
2016-08-30,Kisumu,2
2016-08-31,Kisumu,0
2016-09-01,Kisumu,0
2016-09-02,Kisumu,2
2016-09-03,Kisumu,2
2016-09-04,Kisumu,1
2016-09-05,Kisumu,2
2016-09-06,Kisumu,0
2016-09-07,Kisumu,1
2016-09-08,Kisumu,2
2016-09-09,Kisumu,1
2016-09-10,Kisumu,2
2016-09-11,Kisumu,0
2016-09-12,Kisumu,0
2016-09-13,Kisumu,0
2016-09-14,Kisumu,0
2016-09-15,Kisumu,1
2016-09-16,Kisumu,2
2016-09-17,Kisumu,1
2016-09-18,Kisumu,0
2016-09-19,Kisumu,2
2016-09-20,Kisumu,1
2016-09-21,Kisumu,2
2016-09-22,Kisumu,1
2016-09-23,Kisumu,0
2016-09-24,Kisumu,2
2016-09-25,Kisumu,2
2016-09-26,Kisumu,0
2016-09-27,Kisumu,0
2016-09-28,Kisumu,2
2016-09-29,Kisumu,1
2016-09-30,Kisumu,0
2016-10-01,Kisumu,1
2015-01-01,Homa Bay,0
2015-01-02,Homa Bay,0
2015-01-03,Homa Bay,1
2015-01-04,Homa Bay,2
2015-01-05,Homa Bay,2
2015-01-06,Homa Bay,2
2015-01-07,Homa Bay,0
2015-01-08,Homa Bay,1
2015-01-09,Homa Bay,0
2015-01-10,Homa Bay,1
2015-01-11,Homa Bay,0
2015-01-12,Homa Bay,0
2015-01-13,Homa Bay,1
2015-01-14,Homa Bay,0
2015-01-15,Homa Bay,2
2015-01-16,Homa Bay,2
2015-01-17,Homa Bay,0
2015-01-18,Homa Bay,2
2015-01-19,Homa Bay,2
2015-01-20,Homa Bay,0
2015-01-21,Homa Bay,2
2015-01-22,Homa Bay,1
2015-01-23,Homa Bay,0
2015-01-24,Homa Bay,0
2015-01-25,Homa Bay,1
2015-01-26,Homa Bay,2
2015-01-27,Homa Bay,2
2015-01-28,Homa Bay,0
2015-01-29,Homa Bay,2
2015-01-30,Homa Bay,0
2015-01-31,Homa Bay,1
2015-02-01,Homa Bay,1
2015-02-02,Homa Bay,2
2015-02-03,Homa Bay,2
2015-02-04,Homa Bay,0
2015-02-05,Homa Bay,1
2015-02-06,Homa Bay,1
2015-02-07,Homa Bay,2
2015-02-08,Homa Bay,2
2015-02-09,Homa Bay,0
2015-02-10,Homa Bay,1
2015-02-11,Homa Bay,2
2015-02-12,Homa Bay,2
2015-02-13,Homa Bay,1
2015-02-14,Homa Bay,2
2015-02-15,Homa Bay,0
2015-02-16,Homa Bay,1
2015-02-17,Homa Bay,0
2015-02-18,Homa Bay,0
2015-02-19,Homa Bay,0
2015-02-20,Homa Bay,0
2015-02-21,Homa Bay,1
2015-02-22,Homa Bay,0
2015-02-23,Homa Bay,1
2015-02-24,Homa Bay,0
2015-02-25,Homa Bay,0
2015-02-26,Homa Bay,2
2015-02-27,Homa Bay,0
2015-02-28,Homa Bay,2
2015-03-01,Homa Bay,12
2015-03-02,Homa Bay,0
2015-03-03,Homa Bay,13
2015-03-04,Homa Bay,9
2015-03-05,Homa Bay,2
2015-03-06,Homa Bay,1
2015-03-07,Homa Bay,18
2015-03-08,Homa Bay,10
2015-03-09,Homa Bay,13
2015-03-10,Homa Bay,1
2015-03-11,Homa Bay,0
2015-03-12,Homa Bay,0
2015-03-13,Homa Bay,1
2015-03-14,Homa Bay,1
2015-03-15,Homa Bay,2
2015-03-16,Homa Bay,0
2015-03-17,Homa Bay,0
2015-03-18,Homa Bay,9
2015-03-19,Homa Bay,0
2015-03-20,Homa Bay,2
2015-03-21,Homa Bay,11
2015-03-22,Homa Bay,0
2015-03-23,Homa Bay,19
2015-03-24,Homa Bay,2
2015-03-25,Homa Bay,4
2015-03-26,Homa Bay,16
2015-03-27,Homa Bay,0
2015-03-28,Homa Bay,2
2015-03-29,Homa Bay,0
2015-03-30,Homa Bay,2
2015-03-31,Homa Bay,2
2015-04-01,Homa Bay,21
2015-04-02,Homa Bay,8
2015-04-03,Homa Bay,2
2015-04-04,Homa Bay,14
2015-04-05,Homa Bay,0
2015-04-06,Homa Bay,0
2015-04-07,Homa Bay,2
2015-04-08,Homa Bay,2
2015-04-09,Homa Bay,14
2015-04-10,Homa Bay,2
2015-04-11,Homa Bay,2
2015-04-12,Homa Bay,12
2015-04-13,Homa Bay,11
2015-04-14,Homa Bay,15
2015-04-15,Homa Bay,8
2015-04-16,Homa Bay,13
2015-04-17,Homa Bay,15
2015-04-18,Homa Bay,18
2015-04-19,Homa Bay,12
2015-04-20,Homa Bay,1
2015-04-21,Homa Bay,1
2015-04-22,Homa Bay,1
2015-04-23,Homa Bay,10
2015-04-24,Homa Bay,19
2015-04-25,Homa Bay,0
2015-04-26,Homa Bay,0
2015-04-27,Homa Bay,0
2015-04-28,Homa Bay,2
2015-04-29,Homa Bay,12
2015-04-30,Homa Bay,11
2015-05-01,Homa Bay,9
2015-05-02,Homa Bay,2
2015-05-03,Homa Bay,0
2015-05-04,Homa Bay,18
2015-05-05,Homa Bay,2
2015-05-06,Homa Bay,20
2015-05-07,Homa Bay,9
2015-05-08,Homa Bay,1
2015-05-09,Homa Bay,1
2015-05-10,Homa Bay,10
2015-05-11,Homa Bay,2
2015-05-12,Homa Bay,1
2015-05-13,Homa Bay,1
2015-05-14,Homa Bay,15
2015-05-15,Homa Bay,10
2015-05-16,Homa Bay,8
2015-05-17,Homa Bay,2
2015-05-18,Homa Bay,9
2015-05-19,Homa Bay,2
2015-05-20,Homa Bay,0
2015-05-21,Homa Bay,2
2015-05-22,Homa Bay,0
2015-05-23,Homa Bay,18
2015-05-24,Homa Bay,14
2015-05-25,Homa Bay,1
2015-05-26,Homa Bay,0
2015-05-27,Homa Bay,2
2015-05-28,Homa Bay,14
2015-05-29,Homa Bay,15
2015-05-30,Homa Bay,2
2015-05-31,Homa Bay,23
2015-06-01,Homa Bay,2
2015-06-02,Homa Bay,2
2015-06-03,Homa Bay,2
2015-06-04,Homa Bay,2
2015-06-05,Homa Bay,2
2015-06-06,Homa Bay,0
2015-06-07,Homa Bay,0
2015-06-08,Homa Bay,1
2015-06-09,Homa Bay,1
2015-06-10,Homa Bay,0
2015-06-11,Homa Bay,0
2015-06-12,Homa Bay,1
2015-06-13,Homa Bay,0
2015-06-14,Homa Bay,0
2015-06-15,Homa Bay,1
2015-06-16,Homa Bay,0
2015-06-17,Homa Bay,1
2015-06-18,Homa Bay,0
2015-06-19,Homa Bay,1
2015-06-20,Homa Bay,2
2015-06-21,Homa Bay,1
2015-06-22,Homa Bay,0
2015-06-23,Homa Bay,1
2015-06-24,Homa Bay,0
2015-06-25,Homa Bay,1
2015-06-26,Homa Bay,1
2015-06-27,Homa Bay,2
2015-06-28,Homa Bay,0
2015-06-29,Homa Bay,1
2015-06-30,Homa Bay,1
2015-07-01,Homa Bay,1
2015-07-02,Homa Bay,1
2015-07-03,Homa Bay,2
2015-07-04,Homa Bay,1
2015-07-05,Homa Bay,0
2015-07-06,Homa Bay,2
2015-07-07,Homa Bay,0
2015-07-08,Homa Bay,2
2015-07-09,Homa Bay,0
2015-07-10,Homa Bay,1
2015-07-11,Homa Bay,2
2015-07-12,Homa Bay,0
2015-07-13,Homa Bay,0
2015-07-14,Homa Bay,2
2015-07-15,Homa Bay,1
2015-07-16,Homa Bay,1
2015-07-17,Homa Bay,2
2015-07-18,Homa Bay,1
2015-07-19,Homa Bay,1
2015-07-20,Homa Bay,0
2015-07-21,Homa Bay,2
2015-07-22,Homa Bay,2
2015-07-23,Homa Bay,2
2015-07-24,Homa Bay,0
2015-07-25,Homa Bay,1
2015-07-26,Homa Bay,2
2015-07-27,Homa Bay,1
2015-07-28,Homa Bay,1
2015-07-29,Homa Bay,0
2015-07-30,Homa Bay,1
2015-07-31,Homa Bay,1
2015-08-01,Homa Bay,2
2015-08-02,Homa Bay,2
2015-08-03,Homa Bay,0
2015-08-04,Homa Bay,0
2015-08-05,Homa Bay,2
2015-08-06,Homa Bay,0
2015-08-07,Homa Bay,0
2015-08-08,Homa Bay,1
2015-08-09,Homa Bay,2
2015-08-10,Homa Bay,2
2015-08-11,Homa Bay,1
2015-08-12,Homa Bay,2
2015-08-13,Homa Bay,1
2015-08-14,Homa Bay,0
2015-08-15,Homa Bay,2
2015-08-16,Homa Bay,2
2015-08-17,Homa Bay,0
2015-08-18,Homa Bay,0
2015-08-19,Homa Bay,1
2015-08-20,Homa Bay,2
2015-08-21,Homa Bay,2
2015-08-22,Homa Bay,0
2015-08-23,Homa Bay,1
2015-08-24,Homa Bay,1
2015-08-25,Homa Bay,2
2015-08-26,Homa Bay,2
2015-08-27,Homa Bay,2
2015-08-28,Homa Bay,0
2015-08-29,Homa Bay,2
2015-08-30,Homa Bay,1
2015-08-31,Homa Bay,2
2015-09-01,Homa Bay,1
2015-09-02,Homa Bay,1
2015-09-03,Homa Bay,1
2015-09-04,Homa Bay,0
2015-09-05,Homa Bay,0
2015-09-06,Homa Bay,1
2015-09-07,Homa Bay,0
2015-09-08,Homa Bay,1
2015-09-09,Homa Bay,2
2015-09-10,Homa Bay,0
2015-09-11,Homa Bay,0
2015-09-12,Homa Bay,2
2015-09-13,Homa Bay,0
2015-09-14,Homa Bay,1
2015-09-15,Homa Bay,2
2015-09-16,Homa Bay,0
2015-09-17,Homa Bay,1
2015-09-18,Homa Bay,0
2015-09-19,Homa Bay,2
2015-09-20,Homa Bay,0
2015-09-21,Homa Bay,2
2015-09-22,Homa Bay,1
2015-09-23,Homa Bay,0
2015-09-24,Homa Bay,2
2015-09-25,Homa Bay,2
2015-09-26,Homa Bay,0
2015-09-27,Homa Bay,0
2015-09-28,Homa Bay,0
2015-09-29,Homa Bay,1
2015-09-30,Homa Bay,2
2015-10-01,Homa Bay,2
2015-10-02,Homa Bay,1
2015-10-03,Homa Bay,1
2015-10-04,Homa Bay,2
2015-10-05,Homa Bay,0
2015-10-06,Homa Bay,2
2015-10-07,Homa Bay,1
2015-10-08,Homa Bay,2
2015-10-09,Homa Bay,1
2015-10-10,Homa Bay,1
2015-10-11,Homa Bay,0
2015-10-12,Homa Bay,0
2015-10-13,Homa Bay,0
2015-10-14,Homa Bay,2
2015-10-15,Homa Bay,1
2015-10-16,Homa Bay,0
2015-10-17,Homa Bay,1
2015-10-18,Homa Bay,1
2015-10-19,Homa Bay,1
2015-10-20,Homa Bay,1
2015-10-21,Homa Bay,2
2015-10-22,Homa Bay,2
2015-10-23,Homa Bay,1
2015-10-24,Homa Bay,1
2015-10-25,Homa Bay,2
2015-10-26,Homa Bay,2
2015-10-27,Homa Bay,2
2015-10-28,Homa Bay,0
2015-10-29,Homa Bay,2
2015-10-30,Homa Bay,17
2015-10-31,Homa Bay,1
2015-11-01,Homa Bay,1
2015-11-02,Homa Bay,4
2015-11-03,Homa Bay,1
2015-11-04,Homa Bay,2
2015-11-05,Homa Bay,24
2015-11-06,Homa Bay,1
2015-11-07,Homa Bay,1
2015-11-08,Homa Bay,0
2015-11-09,Homa Bay,1
2015-11-10,Homa Bay,1
2015-11-11,Homa Bay,1
2015-11-12,Homa Bay,2
2015-11-13,Homa Bay,1
2015-11-14,Homa Bay,8
2015-11-15,Homa Bay,1
2015-11-16,Homa Bay,2
2015-11-17,Homa Bay,13
2015-11-18,Homa Bay,1
2015-11-19,Homa Bay,0
2015-11-20,Homa Bay,10
2015-11-21,Homa Bay,1
2015-11-22,Homa Bay,1
2015-11-23,Homa Bay,0
2015-11-24,Homa Bay,2
2015-11-25,Homa Bay,1
2015-11-26,Homa Bay,12
2015-11-27,Homa Bay,2
2015-11-28,Homa Bay,1
2015-11-29,Homa Bay,0
2015-11-30,Homa Bay,0
2015-12-01,Homa Bay,2
2015-12-02,Homa Bay,2
2015-12-03,Homa Bay,2
2015-12-04,Homa Bay,1
2015-12-05,Homa Bay,0
2015-12-06,Homa Bay,0
2015-12-07,Homa Bay,2
2015-12-08,Homa Bay,0
2015-12-09,Homa Bay,1
2015-12-10,Homa Bay,1
2015-12-11,Homa Bay,2
2015-12-12,Homa Bay,0
2015-12-13,Homa Bay,0
2015-12-14,Homa Bay,0
2015-12-15,Homa Bay,2
2015-12-16,Homa Bay,0
2015-12-17,Homa Bay,2
2015-12-18,Homa Bay,2
2015-12-19,Homa Bay,2
2015-12-20,Homa Bay,1
2015-12-21,Homa Bay,0
2015-12-22,Homa Bay,0
2015-12-23,Homa Bay,1
2015-12-24,Homa Bay,1
2015-12-25,Homa Bay,0
2015-12-26,Homa Bay,1
2015-12-27,Homa Bay,0
2015-12-28,Homa Bay,0
2015-12-29,Homa Bay,2
2015-12-30,Homa Bay,2
2015-12-31,Homa Bay,1
2016-01-01,Homa Bay,1
2016-01-02,Homa Bay,2
2016-01-03,Homa Bay,2
2016-01-04,Homa Bay,1
2016-01-05,Homa Bay,0
2016-01-06,Homa Bay,0
2016-01-07,Homa Bay,1
2016-01-08,Homa Bay,0
2016-01-09,Homa Bay,2
2016-01-10,Homa Bay,0
2016-01-11,Homa Bay,0
2016-01-12,Homa Bay,2
2016-01-13,Homa Bay,1
2016-01-14,Homa Bay,0
2016-01-15,Homa Bay,0
2016-01-16,Homa Bay,2
2016-01-17,Homa Bay,2
2016-01-18,Homa Bay,1
2016-01-19,Homa Bay,1
2016-01-20,Homa Bay,0
2016-01-21,Homa Bay,1
2016-01-22,Homa Bay,0
2016-01-23,Homa Bay,0
2016-01-24,Homa Bay,1
2016-01-25,Homa Bay,2
2016-01-26,Homa Bay,0
2016-01-27,Homa Bay,0
2016-01-28,Homa Bay,1
2016-01-29,Homa Bay,2
2016-01-30,Homa Bay,0
2016-01-31,Homa Bay,2
2016-02-01,Homa Bay,1
2016-02-02,Homa Bay,1
2016-02-03,Homa Bay,0
2016-02-04,Homa Bay,0
2016-02-05,Homa Bay,2
2016-02-06,Homa Bay,0
2016-02-07,Homa Bay,0
2016-02-08,Homa Bay,1
2016-02-09,Homa Bay,0
2016-02-10,Homa Bay,1
2016-02-11,Homa Bay,0
2016-02-12,Homa Bay,2
2016-02-13,Homa Bay,1
2016-02-14,Homa Bay,1
2016-02-15,Homa Bay,1
2016-02-16,Homa Bay,0
2016-02-17,Homa Bay,1
2016-02-18,Homa Bay,0
2016-02-19,Homa Bay,0
2016-02-20,Homa Bay,2
2016-02-21,Homa Bay,0
2016-02-22,Homa Bay,1
2016-02-23,Homa Bay,2
2016-02-24,Homa Bay,0
2016-02-25,Homa Bay,1
2016-02-26,Homa Bay,0
2016-02-27,Homa Bay,2
2016-02-28,Homa Bay,2
2016-02-29,Homa Bay,2
2016-03-01,Homa Bay,1
2016-03-02,Homa Bay,0
2016-03-03,Homa Bay,2
2016-03-04,Homa Bay,1
2016-03-05,Homa Bay,6
2016-03-06,Homa Bay,0
2016-03-07,Homa Bay,0
2016-03-08,Homa Bay,1
2016-03-09,Homa Bay,10
2016-03-10,Homa Bay,13
2016-03-11,Homa Bay,1
2016-03-12,Homa Bay,1
2016-03-13,Homa Bay,14
2016-03-14,Homa Bay,18
2016-03-15,Homa Bay,2
2016-03-16,Homa Bay,20
2016-03-17,Homa Bay,0
2016-03-18,Homa Bay,17
2016-03-19,Homa Bay,11
2016-03-20,Homa Bay,2
2016-03-21,Homa Bay,14
2016-03-22,Homa Bay,4
2016-03-23,Homa Bay,1
2016-03-24,Homa Bay,5
2016-03-25,Homa Bay,0
2016-03-26,Homa Bay,24
2016-03-27,Homa Bay,0
2016-03-28,Homa Bay,1
2016-03-29,Homa Bay,9
2016-03-30,Homa Bay,2
2016-03-31,Homa Bay,22
2016-04-01,Homa Bay,12
2016-04-02,Homa Bay,9
2016-04-03,Homa Bay,13
2016-04-04,Homa Bay,1
2016-04-05,Homa Bay,11
2016-04-06,Homa Bay,2
2016-04-07,Homa Bay,1
2016-04-08,Homa Bay,21
2016-04-09,Homa Bay,6
2016-04-10,Homa Bay,1
2016-04-11,Homa Bay,1
2016-04-12,Homa Bay,19
2016-04-13,Homa Bay,13
2016-04-14,Homa Bay,0
2016-04-15,Homa Bay,1
2016-04-16,Homa Bay,9
2016-04-17,Homa Bay,20
2016-04-18,Homa Bay,2
2016-04-19,Homa Bay,0
2016-04-20,Homa Bay,18
2016-04-21,Homa Bay,2
2016-04-22,Homa Bay,0
2016-04-23,Homa Bay,13
2016-04-24,Homa Bay,9
2016-04-25,Homa Bay,5
2016-04-26,Homa Bay,15
2016-04-27,Homa Bay,15
2016-04-28,Homa Bay,7
2016-04-29,Homa Bay,10
2016-04-30,Homa Bay,0
2016-05-01,Homa Bay,1
2016-05-02,Homa Bay,17
2016-05-03,Homa Bay,5
2016-05-04,Homa Bay,0
2016-05-05,Homa Bay,2
2016-05-06,Homa Bay,0
2016-05-07,Homa Bay,1
2016-05-08,Homa Bay,0
2016-05-09,Homa Bay,2
2016-05-10,Homa Bay,1
2016-05-11,Homa Bay,2
2016-05-12,Homa Bay,10
2016-05-13,Homa Bay,9
2016-05-14,Homa Bay,10
2016-05-15,Homa Bay,9
2016-05-16,Homa Bay,13
2016-05-17,Homa Bay,10
2016-05-18,Homa Bay,0
2016-05-19,Homa Bay,0
2016-05-20,Homa Bay,1
2016-05-21,Homa Bay,1
2016-05-22,Homa Bay,6
2016-05-23,Homa Bay,1
2016-05-24,Homa Bay,22
2016-05-25,Homa Bay,16
2016-05-26,Homa Bay,8
2016-05-27,Homa Bay,12
2016-05-28,Homa Bay,2
2016-05-29,Homa Bay,8
2016-05-30,Homa Bay,15
2016-05-31,Homa Bay,16
2016-06-01,Homa Bay,2
2016-06-02,Homa Bay,2
2016-06-03,Homa Bay,1
2016-06-04,Homa Bay,0
2016-06-05,Homa Bay,1
2016-06-06,Homa Bay,1
2016-06-07,Homa Bay,2
2016-06-08,Homa Bay,1
2016-06-09,Homa Bay,1
2016-06-10,Homa Bay,1
2016-06-11,Homa Bay,0
2016-06-12,Homa Bay,1
2016-06-13,Homa Bay,1
2016-06-14,Homa Bay,1
2016-06-15,Homa Bay,1
2016-06-16,Homa Bay,2
2016-06-17,Homa Bay,2
2016-06-18,Homa Bay,1
2016-06-19,Homa Bay,1
2016-06-20,Homa Bay,1
2016-06-21,Homa Bay,1
2016-06-22,Homa Bay,0
2016-06-23,Homa Bay,0
2016-06-24,Homa Bay,0
2016-06-25,Homa Bay,1
2016-06-26,Homa Bay,2
2016-06-27,Homa Bay,1
2016-06-28,Homa Bay,1
2016-06-29,Homa Bay,0
2016-06-30,Homa Bay,0
2016-07-01,Homa Bay,0
2016-07-02,Homa Bay,2
2016-07-03,Homa Bay,2
2016-07-04,Homa Bay,1
2016-07-05,Homa Bay,2
2016-07-06,Homa Bay,0
2016-07-07,Homa Bay,2
2016-07-08,Homa Bay,1
2016-07-09,Homa Bay,1
2016-07-10,Homa Bay,1
2016-07-11,Homa Bay,0
2016-07-12,Homa Bay,2
2016-07-13,Homa Bay,0
2016-07-14,Homa Bay,1
2016-07-15,Homa Bay,1
2016-07-16,Homa Bay,0
2016-07-17,Homa Bay,0
2016-07-18,Homa Bay,1
2016-07-19,Homa Bay,1
2016-07-20,Homa Bay,1
2016-07-21,Homa Bay,0
2016-07-22,Homa Bay,2
2016-07-23,Homa Bay,2
2016-07-24,Homa Bay,1
2016-07-25,Homa Bay,0
2016-07-26,Homa Bay,0
2016-07-27,Homa Bay,0
2016-07-28,Homa Bay,1
2016-07-29,Homa Bay,0
2016-07-30,Homa Bay,0
2016-07-31,Homa Bay,0
2016-08-01,Homa Bay,1
2016-08-02,Homa Bay,0
2016-08-03,Homa Bay,1
2016-08-04,Homa Bay,1
2016-08-05,Homa Bay,2
2016-08-06,Homa Bay,2
2016-08-07,Homa Bay,2
2016-08-08,Homa Bay,0
2016-08-09,Homa Bay,1
2016-08-10,Homa Bay,1
2016-08-11,Homa Bay,2
2016-08-12,Homa Bay,0
2016-08-13,Homa Bay,0
2016-08-14,Homa Bay,1
2016-08-15,Homa Bay,1
2016-08-16,Homa Bay,0
2016-08-17,Homa Bay,0
2016-08-18,Homa Bay,0
2016-08-19,Homa Bay,0
2016-08-20,Homa Bay,1
2016-08-21,Homa Bay,2
2016-08-22,Homa Bay,1
2016-08-23,Homa Bay,1
2016-08-24,Homa Bay,2
2016-08-25,Homa Bay,0
2016-08-26,Homa Bay,1
2016-08-27,Homa Bay,0
2016-08-28,Homa Bay,2
2016-08-29,Homa Bay,2
2016-08-30,Homa Bay,1
2016-08-31,Homa Bay,2
2016-09-01,Homa Bay,2
2016-09-02,Homa Bay,2
2016-09-03,Homa Bay,2
2016-09-04,Homa Bay,1
2016-09-05,Homa Bay,2
2016-09-06,Homa Bay,2
2016-09-07,Homa Bay,0
2016-09-08,Homa Bay,2
2016-09-09,Homa Bay,1
2016-09-10,Homa Bay,0
2016-09-11,Homa Bay,2
2016-09-12,Homa Bay,2
2016-09-13,Homa Bay,2
2016-09-14,Homa Bay,1
2016-09-15,Homa Bay,2
2016-09-16,Homa Bay,2
2016-09-17,Homa Bay,2
2016-09-18,Homa Bay,2
2016-09-19,Homa Bay,2
2016-09-20,Homa Bay,2
2016-09-21,Homa Bay,1
2016-09-22,Homa Bay,1
2016-09-23,Homa Bay,1
2016-09-24,Homa Bay,2
2016-09-25,Homa Bay,2
2016-09-26,Homa Bay,2
2016-09-27,Homa Bay,0
2016-09-28,Homa Bay,0
2016-09-29,Homa Bay,2
2016-09-30,Homa Bay,0
2016-10-01,Homa Bay,0
2015-01-01,Migori,0
2015-01-02,Migori,0
2015-01-03,Migori,0
2015-01-04,Migori,1
2015-01-05,Migori,0
2015-01-06,Migori,0
2015-01-07,Migori,0
2015-01-08,Migori,1
2015-01-09,Migori,0
2015-01-10,Migori,0
2015-01-11,Migori,1
2015-01-12,Migori,2
2015-01-13,Migori,0
2015-01-14,Migori,2
2015-01-15,Migori,1
2015-01-16,Migori,1
2015-01-17,Migori,1
2015-01-18,Migori,2
2015-01-19,Migori,2
2015-01-20,Migori,1
2015-01-21,Migori,2
2015-01-22,Migori,0
2015-01-23,Migori,0
2015-01-24,Migori,1
2015-01-25,Migori,1
2015-01-26,Migori,1
2015-01-27,Migori,2
2015-01-28,Migori,0
2015-01-29,Migori,1
2015-01-30,Migori,0
2015-01-31,Migori,0
2015-02-01,Migori,1
2015-02-02,Migori,2
2015-02-03,Migori,2
2015-02-04,Migori,0
2015-02-05,Migori,2
2015-02-06,Migori,0
2015-02-07,Migori,0
2015-02-08,Migori,1
2015-02-09,Migori,1
2015-02-10,Migori,2
2015-02-11,Migori,1
2015-02-12,Migori,1
2015-02-13,Migori,2
2015-02-14,Migori,0
2015-02-15,Migori,1
2015-02-16,Migori,0
2015-02-17,Migori,1
2015-02-18,Migori,2
2015-02-19,Migori,0
2015-02-20,Migori,1
2015-02-21,Migori,2
2015-02-22,Migori,2
2015-02-23,Migori,0
2015-02-24,Migori,1
2015-02-25,Migori,1
2015-02-26,Migori,0
2015-02-27,Migori,2
2015-02-28,Migori,0
2015-03-01,Migori,1
2015-03-02,Migori,14
2015-03-03,Migori,10
2015-03-04,Migori,2
2015-03-05,Migori,1
2015-03-06,Migori,14
2015-03-07,Migori,2
2015-03-08,Migori,15
2015-03-09,Migori,7
2015-03-10,Migori,0
2015-03-11,Migori,14
2015-03-12,Migori,1
2015-03-13,Migori,1
2015-03-14,Migori,6
2015-03-15,Migori,15
2015-03-16,Migori,2
2015-03-17,Migori,0
2015-03-18,Migori,4
2015-03-19,Migori,2
2015-03-20,Migori,22
2015-03-21,Migori,8
2015-03-22,Migori,0
2015-03-23,Migori,2
2015-03-24,Migori,0
2015-03-25,Migori,0
2015-03-26,Migori,13
2015-03-27,Migori,7
2015-03-28,Migori,11
2015-03-29,Migori,15
2015-03-30,Migori,1
2015-03-31,Migori,0
2015-04-01,Migori,7
2015-04-02,Migori,8
2015-04-03,Migori,2
2015-04-04,Migori,8
2015-04-05,Migori,17
2015-04-06,Migori,10
2015-04-07,Migori,1
2015-04-08,Migori,10
2015-04-09,Migori,6
2015-04-10,Migori,11
2015-04-11,Migori,13
2015-04-12,Migori,11
2015-04-13,Migori,1
2015-04-14,Migori,2
2015-04-15,Migori,21
2015-04-16,Migori,1
2015-04-17,Migori,1
2015-04-18,Migori,1
2015-04-19,Migori,9
2015-04-20,Migori,16
2015-04-21,Migori,6
2015-04-22,Migori,21
2015-04-23,Migori,1
2015-04-24,Migori,2
2015-04-25,Migori,0
2015-04-26,Migori,1
2015-04-27,Migori,13
2015-04-28,Migori,1
2015-04-29,Migori,2
2015-04-30,Migori,9
2015-05-01,Migori,15
2015-05-02,Migori,1
2015-05-03,Migori,2
2015-05-04,Migori,1
2015-05-05,Migori,1
2015-05-06,Migori,2
2015-05-07,Migori,7
2015-05-08,Migori,2
2015-05-09,Migori,1
2015-05-10,Migori,13
2015-05-11,Migori,6
2015-05-12,Migori,2
2015-05-13,Migori,1
2015-05-14,Migori,1
2015-05-15,Migori,1
2015-05-16,Migori,12
2015-05-17,Migori,1
2015-05-18,Migori,20
2015-05-19,Migori,1
2015-05-20,Migori,11
2015-05-21,Migori,12
2015-05-22,Migori,1
2015-05-23,Migori,0
2015-05-24,Migori,15
2015-05-25,Migori,2
2015-05-26,Migori,19
2015-05-27,Migori,0
2015-05-28,Migori,1
2015-05-29,Migori,0
2015-05-30,Migori,15
2015-05-31,Migori,14
2015-06-01,Migori,0
2015-06-02,Migori,0
2015-06-03,Migori,1
2015-06-04,Migori,1
2015-06-05,Migori,0
2015-06-06,Migori,2
2015-06-07,Migori,1
2015-06-08,Migori,2
2015-06-09,Migori,1
2015-06-10,Migori,0
2015-06-11,Migori,2
2015-06-12,Migori,1
2015-06-13,Migori,0
2015-06-14,Migori,1
2015-06-15,Migori,1
2015-06-16,Migori,1
2015-06-17,Migori,0
2015-06-18,Migori,2
2015-06-19,Migori,1
2015-06-20,Migori,2
2015-06-21,Migori,2
2015-06-22,Migori,2
2015-06-23,Migori,1
2015-06-24,Migori,2
2015-06-25,Migori,1
2015-06-26,Migori,1
2015-06-27,Migori,2
2015-06-28,Migori,1
2015-06-29,Migori,2
2015-06-30,Migori,1
2015-07-01,Migori,0
2015-07-02,Migori,2
2015-07-03,Migori,0
2015-07-04,Migori,2
2015-07-05,Migori,1
2015-07-06,Migori,2
2015-07-07,Migori,2
2015-07-08,Migori,1
2015-07-09,Migori,2
2015-07-10,Migori,1
2015-07-11,Migori,1
2015-07-12,Migori,2
2015-07-13,Migori,0
2015-07-14,Migori,1
2015-07-15,Migori,1
2015-07-16,Migori,2
2015-07-17,Migori,1
2015-07-18,Migori,2
2015-07-19,Migori,1
2015-07-20,Migori,1
2015-07-21,Migori,1
2015-07-22,Migori,2
2015-07-23,Migori,2
2015-07-24,Migori,0
2015-07-25,Migori,1
2015-07-26,Migori,1
2015-07-27,Migori,1
2015-07-28,Migori,0
2015-07-29,Migori,0
2015-07-30,Migori,2
2015-07-31,Migori,1
2015-08-01,Migori,2
2015-08-02,Migori,2
2015-08-03,Migori,1
2015-08-04,Migori,1
2015-08-05,Migori,2
2015-08-06,Migori,2
2015-08-07,Migori,0
2015-08-08,Migori,0
2015-08-09,Migori,1
2015-08-10,Migori,0
2015-08-11,Migori,2
2015-08-12,Migori,1
2015-08-13,Migori,0
2015-08-14,Migori,2
2015-08-15,Migori,0
2015-08-16,Migori,2
2015-08-17,Migori,0
2015-08-18,Migori,0
2015-08-19,Migori,1
2015-08-20,Migori,2
2015-08-21,Migori,2
2015-08-22,Migori,1
2015-08-23,Migori,0
2015-08-24,Migori,1
2015-08-25,Migori,0
2015-08-26,Migori,1
2015-08-27,Migori,2
2015-08-28,Migori,0
2015-08-29,Migori,2
2015-08-30,Migori,0
2015-08-31,Migori,0
2015-09-01,Migori,1
2015-09-02,Migori,0
2015-09-03,Migori,0
2015-09-04,Migori,1
2015-09-05,Migori,2
2015-09-06,Migori,1
2015-09-07,Migori,2
2015-09-08,Migori,0
2015-09-09,Migori,1
2015-09-10,Migori,1
2015-09-11,Migori,0
2015-09-12,Migori,2
2015-09-13,Migori,0
2015-09-14,Migori,0
2015-09-15,Migori,0
2015-09-16,Migori,0
2015-09-17,Migori,0
2015-09-18,Migori,1
2015-09-19,Migori,2
2015-09-20,Migori,0
2015-09-21,Migori,0
2015-09-22,Migori,1
2015-09-23,Migori,2
2015-09-24,Migori,0
2015-09-25,Migori,0
2015-09-26,Migori,1
2015-09-27,Migori,0
2015-09-28,Migori,2
2015-09-29,Migori,1
2015-09-30,Migori,2
2015-10-01,Migori,1
2015-10-02,Migori,1
2015-10-03,Migori,1
2015-10-04,Migori,1
2015-10-05,Migori,1
2015-10-06,Migori,1
2015-10-07,Migori,1
2015-10-08,Migori,0
2015-10-09,Migori,1
2015-10-10,Migori,0
2015-10-11,Migori,0
2015-10-12,Migori,1
2015-10-13,Migori,1
2015-10-14,Migori,2
2015-10-15,Migori,2
2015-10-16,Migori,1
2015-10-17,Migori,2
2015-10-18,Migori,0
2015-10-19,Migori,1
2015-10-20,Migori,0
2015-10-21,Migori,0
2015-10-22,Migori,13
2015-10-23,Migori,1
2015-10-24,Migori,1
2015-10-25,Migori,0
2015-10-26,Migori,2
2015-10-27,Migori,6
2015-10-28,Migori,0
2015-10-29,Migori,0
2015-10-30,Migori,2
2015-10-31,Migori,2
2015-11-01,Migori,0
2015-11-02,Migori,1
2015-11-03,Migori,1
2015-11-04,Migori,0
2015-11-05,Migori,2
2015-11-06,Migori,1
2015-11-07,Migori,1
2015-11-08,Migori,0
2015-11-09,Migori,1
2015-11-10,Migori,1
2015-11-11,Migori,2
2015-11-12,Migori,0
2015-11-13,Migori,2
2015-11-14,Migori,1
2015-11-15,Migori,2
2015-11-16,Migori,2
2015-11-17,Migori,2
2015-11-18,Migori,1
2015-11-19,Migori,2
2015-11-20,Migori,2
2015-11-21,Migori,2
2015-11-22,Migori,2
2015-11-23,Migori,2
2015-11-24,Migori,1
2015-11-25,Migori,0
2015-11-26,Migori,0
2015-11-27,Migori,0
2015-11-28,Migori,1
2015-11-29,Migori,1
2015-11-30,Migori,0
2015-12-01,Migori,1
2015-12-02,Migori,1
2015-12-03,Migori,2
2015-12-04,Migori,1
2015-12-05,Migori,1
2015-12-06,Migori,1
2015-12-07,Migori,0
2015-12-08,Migori,0
2015-12-09,Migori,2
2015-12-10,Migori,0
2015-12-11,Migori,1
2015-12-12,Migori,1
2015-12-13,Migori,1
2015-12-14,Migori,1
2015-12-15,Migori,2
2015-12-16,Migori,0
2015-12-17,Migori,1
2015-12-18,Migori,0
2015-12-19,Migori,2
2015-12-20,Migori,1
2015-12-21,Migori,1
2015-12-22,Migori,2
2015-12-23,Migori,0
2015-12-24,Migori,0
2015-12-25,Migori,2
2015-12-26,Migori,2
2015-12-27,Migori,0
2015-12-28,Migori,2
2015-12-29,Migori,0
2015-12-30,Migori,1
2015-12-31,Migori,0
2016-01-01,Migori,0
2016-01-02,Migori,1
2016-01-03,Migori,2
2016-01-04,Migori,0
2016-01-05,Migori,1
2016-01-06,Migori,0
2016-01-07,Migori,1
2016-01-08,Migori,0
2016-01-09,Migori,0
2016-01-10,Migori,2
2016-01-11,Migori,0
2016-01-12,Migori,0
2016-01-13,Migori,1
2016-01-14,Migori,1
2016-01-15,Migori,0
2016-01-16,Migori,2
2016-01-17,Migori,0
2016-01-18,Migori,2
2016-01-19,Migori,2
2016-01-20,Migori,1
2016-01-21,Migori,2
2016-01-22,Migori,1
2016-01-23,Migori,0
2016-01-24,Migori,1
2016-01-25,Migori,0
2016-01-26,Migori,0
2016-01-27,Migori,1
2016-01-28,Migori,1
2016-01-29,Migori,0
2016-01-30,Migori,2
2016-01-31,Migori,2
2016-02-01,Migori,2
2016-02-02,Migori,0
2016-02-03,Migori,0
2016-02-04,Migori,1
2016-02-05,Migori,2
2016-02-06,Migori,2
2016-02-07,Migori,0
2016-02-08,Migori,1
2016-02-09,Migori,0
2016-02-10,Migori,2
2016-02-11,Migori,1
2016-02-12,Migori,0
2016-02-13,Migori,2
2016-02-14,Migori,0
2016-02-15,Migori,0
2016-02-16,Migori,2
2016-02-17,Migori,2
2016-02-18,Migori,1
2016-02-19,Migori,2
2016-02-20,Migori,0
2016-02-21,Migori,2
2016-02-22,Migori,1
2016-02-23,Migori,0
2016-02-24,Migori,1
2016-02-25,Migori,2
2016-02-26,Migori,0
2016-02-27,Migori,1
2016-02-28,Migori,0
2016-02-29,Migori,0
2016-03-01,Migori,14
2016-03-02,Migori,0
2016-03-03,Migori,17
2016-03-04,Migori,2
2016-03-05,Migori,19
2016-03-06,Migori,1
2016-03-07,Migori,12
2016-03-08,Migori,16
2016-03-09,Migori,19
2016-03-10,Migori,13
2016-03-11,Migori,9
2016-03-12,Migori,19
2016-03-13,Migori,14
2016-03-14,Migori,1
2016-03-15,Migori,12
2016-03-16,Migori,2
2016-03-17,Migori,14
2016-03-18,Migori,12
2016-03-19,Migori,22
2016-03-20,Migori,1
2016-03-21,Migori,6
2016-03-22,Migori,2
2016-03-23,Migori,9
2016-03-24,Migori,0
2016-03-25,Migori,8
2016-03-26,Migori,2
2016-03-27,Migori,17
2016-03-28,Migori,15
2016-03-29,Migori,2
2016-03-30,Migori,15
2016-03-31,Migori,1
2016-04-01,Migori,1
2016-04-02,Migori,1
2016-04-03,Migori,2
2016-04-04,Migori,1
2016-04-05,Migori,12
2016-04-06,Migori,22
2016-04-07,Migori,0
2016-04-08,Migori,2
2016-04-09,Migori,2
2016-04-10,Migori,2
2016-04-11,Migori,15
2016-04-12,Migori,11
2016-04-13,Migori,1
2016-04-14,Migori,0
2016-04-15,Migori,0
2016-04-16,Migori,18
2016-04-17,Migori,2
2016-04-18,Migori,1
2016-04-19,Migori,22
2016-04-20,Migori,18
2016-04-21,Migori,16
2016-04-22,Migori,12
2016-04-23,Migori,2
2016-04-24,Migori,4
2016-04-25,Migori,1
2016-04-26,Migori,1
2016-04-27,Migori,1
2016-04-28,Migori,1
2016-04-29,Migori,2
2016-04-30,Migori,14
2016-05-01,Migori,3
2016-05-02,Migori,0
2016-05-03,Migori,14
2016-05-04,Migori,1
2016-05-05,Migori,11
2016-05-06,Migori,0
2016-05-07,Migori,0
2016-05-08,Migori,2
2016-05-09,Migori,0
2016-05-10,Migori,13
2016-05-11,Migori,1
2016-05-12,Migori,1
2016-05-13,Migori,22
2016-05-14,Migori,0
2016-05-15,Migori,0
2016-05-16,Migori,13
2016-05-17,Migori,11
2016-05-18,Migori,5
2016-05-19,Migori,0
2016-05-20,Migori,2
2016-05-21,Migori,7
2016-05-22,Migori,1
2016-05-23,Migori,2
2016-05-24,Migori,18
2016-05-25,Migori,16
2016-05-26,Migori,22
2016-05-27,Migori,2
2016-05-28,Migori,1
2016-05-29,Migori,1
2016-05-30,Migori,2
2016-05-31,Migori,17
2016-06-01,Migori,1
2016-06-02,Migori,2
2016-06-03,Migori,1
2016-06-04,Migori,1
2016-06-05,Migori,1
2016-06-06,Migori,0
2016-06-07,Migori,2
2016-06-08,Migori,0
2016-06-09,Migori,2
2016-06-10,Migori,0
2016-06-11,Migori,2
2016-06-12,Migori,1
2016-06-13,Migori,1
2016-06-14,Migori,2
2016-06-15,Migori,0
2016-06-16,Migori,0
2016-06-17,Migori,0
2016-06-18,Migori,0
2016-06-19,Migori,1
2016-06-20,Migori,1
2016-06-21,Migori,2
2016-06-22,Migori,2
2016-06-23,Migori,2
2016-06-24,Migori,0
2016-06-25,Migori,0
2016-06-26,Migori,1
2016-06-27,Migori,2
2016-06-28,Migori,1
2016-06-29,Migori,2
2016-06-30,Migori,2
2016-07-01,Migori,0
2016-07-02,Migori,2
2016-07-03,Migori,1
2016-07-04,Migori,0
2016-07-05,Migori,0
2016-07-06,Migori,0
2016-07-07,Migori,0
2016-07-08,Migori,1
2016-07-09,Migori,1
2016-07-10,Migori,0
2016-07-11,Migori,2
2016-07-12,Migori,0
2016-07-13,Migori,0
2016-07-14,Migori,2
2016-07-15,Migori,1
2016-07-16,Migori,1
2016-07-17,Migori,0
2016-07-18,Migori,2
2016-07-19,Migori,0
2016-07-20,Migori,2
2016-07-21,Migori,1
2016-07-22,Migori,1
2016-07-23,Migori,0
2016-07-24,Migori,0
2016-07-25,Migori,2
2016-07-26,Migori,2
2016-07-27,Migori,0
2016-07-28,Migori,1
2016-07-29,Migori,2
2016-07-30,Migori,2
2016-07-31,Migori,0
2016-08-01,Migori,2
2016-08-02,Migori,1
2016-08-03,Migori,0
2016-08-04,Migori,0
2016-08-05,Migori,1
2016-08-06,Migori,2
2016-08-07,Migori,0
2016-08-08,Migori,2
2016-08-09,Migori,0
2016-08-10,Migori,0
2016-08-11,Migori,1
2016-08-12,Migori,0
2016-08-13,Migori,2
2016-08-14,Migori,1
2016-08-15,Migori,1
2016-08-16,Migori,0
2016-08-17,Migori,0
2016-08-18,Migori,0
2016-08-19,Migori,1
2016-08-20,Migori,1
2016-08-21,Migori,0
2016-08-22,Migori,0
2016-08-23,Migori,0
2016-08-24,Migori,2
2016-08-25,Migori,1
2016-08-26,Migori,1
2016-08-27,Migori,1
2016-08-28,Migori,1
2016-08-29,Migori,1
2016-08-30,Migori,0
2016-08-31,Migori,2
2016-09-01,Migori,2
2016-09-02,Migori,2
2016-09-03,Migori,1
2016-09-04,Migori,0
2016-09-05,Migori,2
2016-09-06,Migori,2
2016-09-07,Migori,0
2016-09-08,Migori,0
2016-09-09,Migori,1
2016-09-10,Migori,1
2016-09-11,Migori,1
2016-09-12,Migori,1
2016-09-13,Migori,1
2016-09-14,Migori,1
2016-09-15,Migori,1
2016-09-16,Migori,0
2016-09-17,Migori,1
2016-09-18,Migori,2
2016-09-19,Migori,0
2016-09-20,Migori,1
2016-09-21,Migori,0
2016-09-22,Migori,2
2016-09-23,Migori,1
2016-09-24,Migori,2
2016-09-25,Migori,2
2016-09-26,Migori,2
2016-09-27,Migori,2
2016-09-28,Migori,0
2016-09-29,Migori,1
2016-09-30,Migori,2
2016-10-01,Migori,0
2015-01-01,Kisii,0
2015-01-02,Kisii,1
2015-01-03,Kisii,2
2015-01-04,Kisii,2
2015-01-05,Kisii,0
2015-01-06,Kisii,2
2015-01-07,Kisii,0
2015-01-08,Kisii,0
2015-01-09,Kisii,2
2015-01-10,Kisii,0
2015-01-11,Kisii,2
2015-01-12,Kisii,0
2015-01-13,Kisii,2
2015-01-14,Kisii,1
2015-01-15,Kisii,1
2015-01-16,Kisii,1
2015-01-17,Kisii,1
2015-01-18,Kisii,0
2015-01-19,Kisii,1
2015-01-20,Kisii,1
2015-01-21,Kisii,2
2015-01-22,Kisii,2
2015-01-23,Kisii,1
2015-01-24,Kisii,2
2015-01-25,Kisii,1
2015-01-26,Kisii,2
2015-01-27,Kisii,0
2015-01-28,Kisii,1
2015-01-29,Kisii,1
2015-01-30,Kisii,1
2015-01-31,Kisii,1
2015-02-01,Kisii,0
2015-02-02,Kisii,0
2015-02-03,Kisii,0
2015-02-04,Kisii,0
2015-02-05,Kisii,2
2015-02-06,Kisii,0
2015-02-07,Kisii,2
2015-02-08,Kisii,0
2015-02-09,Kisii,0
2015-02-10,Kisii,2
2015-02-11,Kisii,2
2015-02-12,Kisii,1
2015-02-13,Kisii,2
2015-02-14,Kisii,1
2015-02-15,Kisii,2
2015-02-16,Kisii,0
2015-02-17,Kisii,1
2015-02-18,Kisii,2
2015-02-19,Kisii,0
2015-02-20,Kisii,2
2015-02-21,Kisii,1
2015-02-22,Kisii,0
2015-02-23,Kisii,0
2015-02-24,Kisii,0
2015-02-25,Kisii,0
2015-02-26,Kisii,1
2015-02-27,Kisii,2
2015-02-28,Kisii,0
2015-03-01,Kisii,0
2015-03-02,Kisii,1
2015-03-03,Kisii,12
2015-03-04,Kisii,1
2015-03-05,Kisii,0
2015-03-06,Kisii,2
2015-03-07,Kisii,12
2015-03-08,Kisii,8
2015-03-09,Kisii,2
2015-03-10,Kisii,1
2015-03-11,Kisii,11
2015-03-12,Kisii,0
2015-03-13,Kisii,2
2015-03-14,Kisii,1
2015-03-15,Kisii,2
2015-03-16,Kisii,18
2015-03-17,Kisii,4
2015-03-18,Kisii,9
2015-03-19,Kisii,2
2015-03-20,Kisii,1
2015-03-21,Kisii,1
2015-03-22,Kisii,0
2015-03-23,Kisii,4
2015-03-24,Kisii,5
2015-03-25,Kisii,0
2015-03-26,Kisii,5
2015-03-27,Kisii,6
2015-03-28,Kisii,2
2015-03-29,Kisii,1
2015-03-30,Kisii,10
2015-03-31,Kisii,26
2015-04-01,Kisii,15
2015-04-02,Kisii,16
2015-04-03,Kisii,4
2015-04-04,Kisii,2
2015-04-05,Kisii,2
2015-04-06,Kisii,10
2015-04-07,Kisii,29
2015-04-08,Kisii,13
2015-04-09,Kisii,0
2015-04-10,Kisii,2
2015-04-11,Kisii,20
2015-04-12,Kisii,12
2015-04-13,Kisii,19
2015-04-14,Kisii,7
2015-04-15,Kisii,21
2015-04-16,Kisii,1
2015-04-17,Kisii,2
2015-04-18,Kisii,12
2015-04-19,Kisii,0
2015-04-20,Kisii,12
2015-04-21,Kisii,15
2015-04-22,Kisii,2
2015-04-23,Kisii,0
2015-04-24,Kisii,7
2015-04-25,Kisii,14
2015-04-26,Kisii,10
2015-04-27,Kisii,0
2015-04-28,Kisii,0
2015-04-29,Kisii,2
2015-04-30,Kisii,16
2015-05-01,Kisii,22
2015-05-02,Kisii,2
2015-05-03,Kisii,14
2015-05-04,Kisii,1
2015-05-05,Kisii,1
2015-05-06,Kisii,2
2015-05-07,Kisii,2
2015-05-08,Kisii,1
2015-05-09,Kisii,20
2015-05-10,Kisii,1
2015-05-11,Kisii,17
2015-05-12,Kisii,2
2015-05-13,Kisii,0
2015-05-14,Kisii,1
2015-05-15,Kisii,0
2015-05-16,Kisii,15
2015-05-17,Kisii,22
2015-05-18,Kisii,17
2015-05-19,Kisii,1
2015-05-20,Kisii,17
2015-05-21,Kisii,7
2015-05-22,Kisii,20
2015-05-23,Kisii,9
2015-05-24,Kisii,9
2015-05-25,Kisii,11
2015-05-26,Kisii,11
2015-05-27,Kisii,1
2015-05-28,Kisii,1
2015-05-29,Kisii,20
2015-05-30,Kisii,17
2015-05-31,Kisii,1
2015-06-01,Kisii,1
2015-06-02,Kisii,2
2015-06-03,Kisii,2
2015-06-04,Kisii,0
2015-06-05,Kisii,0
2015-06-06,Kisii,0
2015-06-07,Kisii,1
2015-06-08,Kisii,0
2015-06-09,Kisii,2
2015-06-10,Kisii,1
2015-06-11,Kisii,1
2015-06-12,Kisii,0
2015-06-13,Kisii,2
2015-06-14,Kisii,0
2015-06-15,Kisii,0
2015-06-16,Kisii,2
2015-06-17,Kisii,1
2015-06-18,Kisii,2
2015-06-19,Kisii,1
2015-06-20,Kisii,1
2015-06-21,Kisii,2
2015-06-22,Kisii,2
2015-06-23,Kisii,2
2015-06-24,Kisii,0
2015-06-25,Kisii,1
2015-06-26,Kisii,0
2015-06-27,Kisii,0
2015-06-28,Kisii,2
2015-06-29,Kisii,1
2015-06-30,Kisii,0
2015-07-01,Kisii,1
2015-07-02,Kisii,1
2015-07-03,Kisii,1
2015-07-04,Kisii,1
2015-07-05,Kisii,0
2015-07-06,Kisii,0
2015-07-07,Kisii,1
2015-07-08,Kisii,1
2015-07-09,Kisii,2
2015-07-10,Kisii,0
2015-07-11,Kisii,0
2015-07-12,Kisii,0
2015-07-13,Kisii,1
2015-07-14,Kisii,2
2015-07-15,Kisii,0
2015-07-16,Kisii,1
2015-07-17,Kisii,1
2015-07-18,Kisii,1
2015-07-19,Kisii,1
2015-07-20,Kisii,1
2015-07-21,Kisii,2
2015-07-22,Kisii,0
2015-07-23,Kisii,2
2015-07-24,Kisii,2
2015-07-25,Kisii,1
2015-07-26,Kisii,2
2015-07-27,Kisii,0
2015-07-28,Kisii,0
2015-07-29,Kisii,1
2015-07-30,Kisii,1
2015-07-31,Kisii,2
2015-08-01,Kisii,1
2015-08-02,Kisii,2
2015-08-03,Kisii,0
2015-08-04,Kisii,2
2015-08-05,Kisii,1
2015-08-06,Kisii,0
2015-08-07,Kisii,2
2015-08-08,Kisii,2
2015-08-09,Kisii,0
2015-08-10,Kisii,1
2015-08-11,Kisii,1
2015-08-12,Kisii,0
2015-08-13,Kisii,0
2015-08-14,Kisii,2
2015-08-15,Kisii,2
2015-08-16,Kisii,0
2015-08-17,Kisii,1
2015-08-18,Kisii,0
2015-08-19,Kisii,1
2015-08-20,Kisii,0
2015-08-21,Kisii,0
2015-08-22,Kisii,2
2015-08-23,Kisii,0
2015-08-24,Kisii,0
2015-08-25,Kisii,1
2015-08-26,Kisii,0
2015-08-27,Kisii,1
2015-08-28,Kisii,1
2015-08-29,Kisii,1
2015-08-30,Kisii,2
2015-08-31,Kisii,1
2015-09-01,Kisii,0
2015-09-02,Kisii,0
2015-09-03,Kisii,1
2015-09-04,Kisii,2
2015-09-05,Kisii,1
2015-09-06,Kisii,2
2015-09-07,Kisii,1
2015-09-08,Kisii,2
2015-09-09,Kisii,2
2015-09-10,Kisii,1
2015-09-11,Kisii,1
2015-09-12,Kisii,0
2015-09-13,Kisii,1
2015-09-14,Kisii,1
2015-09-15,Kisii,1
2015-09-16,Kisii,1
2015-09-17,Kisii,0
2015-09-18,Kisii,1
2015-09-19,Kisii,1
2015-09-20,Kisii,0
2015-09-21,Kisii,2
2015-09-22,Kisii,1
2015-09-23,Kisii,1
2015-09-24,Kisii,1
2015-09-25,Kisii,1
2015-09-26,Kisii,2
2015-09-27,Kisii,1
2015-09-28,Kisii,0
2015-09-29,Kisii,2
2015-09-30,Kisii,2
2015-10-01,Kisii,2
2015-10-02,Kisii,0
2015-10-03,Kisii,0
2015-10-04,Kisii,18
2015-10-05,Kisii,2
2015-10-06,Kisii,0
2015-10-07,Kisii,0
2015-10-08,Kisii,2
2015-10-09,Kisii,2
2015-10-10,Kisii,1
2015-10-11,Kisii,0
2015-10-12,Kisii,1
2015-10-13,Kisii,1
2015-10-14,Kisii,0
2015-10-15,Kisii,1
2015-10-16,Kisii,2
2015-10-17,Kisii,1
2015-10-18,Kisii,1
2015-10-19,Kisii,0
2015-10-20,Kisii,1
2015-10-21,Kisii,0
2015-10-22,Kisii,11
2015-10-23,Kisii,0
2015-10-24,Kisii,2
2015-10-25,Kisii,0
2015-10-26,Kisii,0
2015-10-27,Kisii,0
2015-10-28,Kisii,2
2015-10-29,Kisii,0
2015-10-30,Kisii,1
2015-10-31,Kisii,0
2015-11-01,Kisii,0
2015-11-02,Kisii,0
2015-11-03,Kisii,0
2015-11-04,Kisii,0
2015-11-05,Kisii,0
2015-11-06,Kisii,2
2015-11-07,Kisii,7
2015-11-08,Kisii,0
2015-11-09,Kisii,0
2015-11-10,Kisii,1
2015-11-11,Kisii,0
2015-11-12,Kisii,0
2015-11-13,Kisii,0
2015-11-14,Kisii,2
2015-11-15,Kisii,2
2015-11-16,Kisii,1
2015-11-17,Kisii,1
2015-11-18,Kisii,0
2015-11-19,Kisii,0
2015-11-20,Kisii,2
2015-11-21,Kisii,1
2015-11-22,Kisii,0
2015-11-23,Kisii,0
2015-11-24,Kisii,2
2015-11-25,Kisii,2
2015-11-26,Kisii,7
2015-11-27,Kisii,2
2015-11-28,Kisii,0
2015-11-29,Kisii,0
2015-11-30,Kisii,0
2015-12-01,Kisii,0
2015-12-02,Kisii,2
2015-12-03,Kisii,0
2015-12-04,Kisii,2
2015-12-05,Kisii,2
2015-12-06,Kisii,0
2015-12-07,Kisii,2
2015-12-08,Kisii,0
2015-12-09,Kisii,2
2015-12-10,Kisii,1
2015-12-11,Kisii,0
2015-12-12,Kisii,1
2015-12-13,Kisii,0
2015-12-14,Kisii,1
2015-12-15,Kisii,1
2015-12-16,Kisii,2
2015-12-17,Kisii,2
2015-12-18,Kisii,2
2015-12-19,Kisii,2
2015-12-20,Kisii,2
2015-12-21,Kisii,2
2015-12-22,Kisii,2
2015-12-23,Kisii,1
2015-12-24,Kisii,0
2015-12-25,Kisii,2
2015-12-26,Kisii,1
2015-12-27,Kisii,2
2015-12-28,Kisii,0
2015-12-29,Kisii,1
2015-12-30,Kisii,2
2015-12-31,Kisii,1
2016-01-01,Kisii,0
2016-01-02,Kisii,2
2016-01-03,Kisii,0
2016-01-04,Kisii,1
2016-01-05,Kisii,2
2016-01-06,Kisii,2
2016-01-07,Kisii,1
2016-01-08,Kisii,0
2016-01-09,Kisii,2
2016-01-10,Kisii,0
2016-01-11,Kisii,0
2016-01-12,Kisii,2
2016-01-13,Kisii,0
2016-01-14,Kisii,2
2016-01-15,Kisii,0
2016-01-16,Kisii,0
2016-01-17,Kisii,0
2016-01-18,Kisii,0
2016-01-19,Kisii,1
2016-01-20,Kisii,2
2016-01-21,Kisii,1
2016-01-22,Kisii,2
2016-01-23,Kisii,1
2016-01-24,Kisii,1
2016-01-25,Kisii,2
2016-01-26,Kisii,2
2016-01-27,Kisii,1
2016-01-28,Kisii,0
2016-01-29,Kisii,0
2016-01-30,Kisii,1
2016-01-31,Kisii,0
2016-02-01,Kisii,0
2016-02-02,Kisii,0
2016-02-03,Kisii,0
2016-02-04,Kisii,1
2016-02-05,Kisii,1
2016-02-06,Kisii,1
2016-02-07,Kisii,2
2016-02-08,Kisii,2
2016-02-09,Kisii,2
2016-02-10,Kisii,1
2016-02-11,Kisii,2
2016-02-12,Kisii,0
2016-02-13,Kisii,0
2016-02-14,Kisii,2
2016-02-15,Kisii,2
2016-02-16,Kisii,0
2016-02-17,Kisii,0
2016-02-18,Kisii,1
2016-02-19,Kisii,1
2016-02-20,Kisii,2
2016-02-21,Kisii,1
2016-02-22,Kisii,1
2016-02-23,Kisii,1
2016-02-24,Kisii,1
2016-02-25,Kisii,2
2016-02-26,Kisii,1
2016-02-27,Kisii,2
2016-02-28,Kisii,2
2016-02-29,Kisii,2
2016-03-01,Kisii,1
2016-03-02,Kisii,12
2016-03-03,Kisii,2
2016-03-04,Kisii,2
2016-03-05,Kisii,10
2016-03-06,Kisii,7
2016-03-07,Kisii,11
2016-03-08,Kisii,1
2016-03-09,Kisii,1
2016-03-10,Kisii,0
2016-03-11,Kisii,8
2016-03-12,Kisii,0
2016-03-13,Kisii,2
2016-03-14,Kisii,1
2016-03-15,Kisii,12
2016-03-16,Kisii,14
2016-03-17,Kisii,1
2016-03-18,Kisii,1
2016-03-19,Kisii,6
2016-03-20,Kisii,13
2016-03-21,Kisii,0
2016-03-22,Kisii,8
2016-03-23,Kisii,1
2016-03-24,Kisii,16
2016-03-25,Kisii,0
2016-03-26,Kisii,25
2016-03-27,Kisii,15
2016-03-28,Kisii,2
2016-03-29,Kisii,0
2016-03-30,Kisii,20
2016-03-31,Kisii,13
2016-04-01,Kisii,0
2016-04-02,Kisii,8
2016-04-03,Kisii,13
2016-04-04,Kisii,2
2016-04-05,Kisii,0
2016-04-06,Kisii,0
2016-04-07,Kisii,14
2016-04-08,Kisii,10
2016-04-09,Kisii,11
2016-04-10,Kisii,11
2016-04-11,Kisii,0
2016-04-12,Kisii,2
2016-04-13,Kisii,2
2016-04-14,Kisii,0
2016-04-15,Kisii,0
2016-04-16,Kisii,18
2016-04-17,Kisii,2
2016-04-18,Kisii,19
2016-04-19,Kisii,7
2016-04-20,Kisii,13
2016-04-21,Kisii,14
2016-04-22,Kisii,16
2016-04-23,Kisii,1
2016-04-24,Kisii,0
2016-04-25,Kisii,0
2016-04-26,Kisii,0
2016-04-27,Kisii,0
2016-04-28,Kisii,6
2016-04-29,Kisii,0
2016-04-30,Kisii,8
2016-05-01,Kisii,8
2016-05-02,Kisii,10
2016-05-03,Kisii,2
2016-05-04,Kisii,1
2016-05-05,Kisii,1
2016-05-06,Kisii,9
2016-05-07,Kisii,2
2016-05-08,Kisii,1
2016-05-09,Kisii,12
2016-05-10,Kisii,0
2016-05-11,Kisii,2
2016-05-12,Kisii,10
2016-05-13,Kisii,10
2016-05-14,Kisii,0
2016-05-15,Kisii,11
2016-05-16,Kisii,1
2016-05-17,Kisii,2
2016-05-18,Kisii,0
2016-05-19,Kisii,2
2016-05-20,Kisii,21
2016-05-21,Kisii,12
2016-05-22,Kisii,14
2016-05-23,Kisii,1
2016-05-24,Kisii,0
2016-05-25,Kisii,15
2016-05-26,Kisii,9
2016-05-27,Kisii,7
2016-05-28,Kisii,2
2016-05-29,Kisii,9
2016-05-30,Kisii,12
2016-05-31,Kisii,2
2016-06-01,Kisii,2
2016-06-02,Kisii,0
2016-06-03,Kisii,1
2016-06-04,Kisii,0
2016-06-05,Kisii,0
2016-06-06,Kisii,2
2016-06-07,Kisii,2
2016-06-08,Kisii,1
2016-06-09,Kisii,1
2016-06-10,Kisii,2
2016-06-11,Kisii,0
2016-06-12,Kisii,0
2016-06-13,Kisii,1
2016-06-14,Kisii,0
2016-06-15,Kisii,2
2016-06-16,Kisii,2
2016-06-17,Kisii,1
2016-06-18,Kisii,2
2016-06-19,Kisii,0
2016-06-20,Kisii,0
2016-06-21,Kisii,2
2016-06-22,Kisii,1
2016-06-23,Kisii,0
2016-06-24,Kisii,0
2016-06-25,Kisii,2
2016-06-26,Kisii,1
2016-06-27,Kisii,2
2016-06-28,Kisii,1
2016-06-29,Kisii,0
2016-06-30,Kisii,2
2016-07-01,Kisii,1
2016-07-02,Kisii,0
2016-07-03,Kisii,2
2016-07-04,Kisii,2
2016-07-05,Kisii,2
2016-07-06,Kisii,2
2016-07-07,Kisii,0
2016-07-08,Kisii,2
2016-07-09,Kisii,0
2016-07-10,Kisii,2
2016-07-11,Kisii,1
2016-07-12,Kisii,0
2016-07-13,Kisii,0
2016-07-14,Kisii,0
2016-07-15,Kisii,2
2016-07-16,Kisii,0
2016-07-17,Kisii,2
2016-07-18,Kisii,1
2016-07-19,Kisii,2
2016-07-20,Kisii,2
2016-07-21,Kisii,2
2016-07-22,Kisii,2
2016-07-23,Kisii,0
2016-07-24,Kisii,0
2016-07-25,Kisii,2
2016-07-26,Kisii,0
2016-07-27,Kisii,2
2016-07-28,Kisii,2
2016-07-29,Kisii,2
2016-07-30,Kisii,2
2016-07-31,Kisii,0
2016-08-01,Kisii,1
2016-08-02,Kisii,2
2016-08-03,Kisii,1
2016-08-04,Kisii,1
2016-08-05,Kisii,1
2016-08-06,Kisii,0
2016-08-07,Kisii,2
2016-08-08,Kisii,2
2016-08-09,Kisii,1
2016-08-10,Kisii,1
2016-08-11,Kisii,1
2016-08-12,Kisii,0
2016-08-13,Kisii,1
2016-08-14,Kisii,2
2016-08-15,Kisii,1
2016-08-16,Kisii,2
2016-08-17,Kisii,1
2016-08-18,Kisii,1
2016-08-19,Kisii,2
2016-08-20,Kisii,0
2016-08-21,Kisii,1
2016-08-22,Kisii,2
2016-08-23,Kisii,1
2016-08-24,Kisii,2
2016-08-25,Kisii,1
2016-08-26,Kisii,2
2016-08-27,Kisii,1
2016-08-28,Kisii,2
2016-08-29,Kisii,1
2016-08-30,Kisii,1
2016-08-31,Kisii,0
2016-09-01,Kisii,0
2016-09-02,Kisii,0
2016-09-03,Kisii,0
2016-09-04,Kisii,2
2016-09-05,Kisii,0
2016-09-06,Kisii,0
2016-09-07,Kisii,2
2016-09-08,Kisii,2
2016-09-09,Kisii,1
2016-09-10,Kisii,0
2016-09-11,Kisii,2
2016-09-12,Kisii,1
2016-09-13,Kisii,1
2016-09-14,Kisii,0
2016-09-15,Kisii,0
2016-09-16,Kisii,2
2016-09-17,Kisii,2
2016-09-18,Kisii,0
2016-09-19,Kisii,1
2016-09-20,Kisii,2
2016-09-21,Kisii,2
2016-09-22,Kisii,1
2016-09-23,Kisii,1
2016-09-24,Kisii,2
2016-09-25,Kisii,2
2016-09-26,Kisii,2
2016-09-27,Kisii,0
2016-09-28,Kisii,1
2016-09-29,Kisii,1
2016-09-30,Kisii,1
2016-10-01,Kisii,1
2015-01-01,Nyamira,2
2015-01-02,Nyamira,0
2015-01-03,Nyamira,0
2015-01-04,Nyamira,2
2015-01-05,Nyamira,1
2015-01-06,Nyamira,2
2015-01-07,Nyamira,0
2015-01-08,Nyamira,2
2015-01-09,Nyamira,2
2015-01-10,Nyamira,1
2015-01-11,Nyamira,1
2015-01-12,Nyamira,0
2015-01-13,Nyamira,2
2015-01-14,Nyamira,0
2015-01-15,Nyamira,1
2015-01-16,Nyamira,2
2015-01-17,Nyamira,2
2015-01-18,Nyamira,2
2015-01-19,Nyamira,1
2015-01-20,Nyamira,2
2015-01-21,Nyamira,2
2015-01-22,Nyamira,2
2015-01-23,Nyamira,0
2015-01-24,Nyamira,1
2015-01-25,Nyamira,1
2015-01-26,Nyamira,2
2015-01-27,Nyamira,1
2015-01-28,Nyamira,2
2015-01-29,Nyamira,2
2015-01-30,Nyamira,2
2015-01-31,Nyamira,0
2015-02-01,Nyamira,0
2015-02-02,Nyamira,0
2015-02-03,Nyamira,0
2015-02-04,Nyamira,1
2015-02-05,Nyamira,1
2015-02-06,Nyamira,2
2015-02-07,Nyamira,0
2015-02-08,Nyamira,2
2015-02-09,Nyamira,1
2015-02-10,Nyamira,1
2015-02-11,Nyamira,0
2015-02-12,Nyamira,2
2015-02-13,Nyamira,2
2015-02-14,Nyamira,0
2015-02-15,Nyamira,0
2015-02-16,Nyamira,0
2015-02-17,Nyamira,0
2015-02-18,Nyamira,1
2015-02-19,Nyamira,1
2015-02-20,Nyamira,0
2015-02-21,Nyamira,1
2015-02-22,Nyamira,1
2015-02-23,Nyamira,0
2015-02-24,Nyamira,2
2015-02-25,Nyamira,2
2015-02-26,Nyamira,2
2015-02-27,Nyamira,0
2015-02-28,Nyamira,2
2015-03-01,Nyamira,8
2015-03-02,Nyamira,1
2015-03-03,Nyamira,2
2015-03-04,Nyamira,15
2015-03-05,Nyamira,0
2015-03-06,Nyamira,0
2015-03-07,Nyamira,0
2015-03-08,Nyamira,16
2015-03-09,Nyamira,0
2015-03-10,Nyamira,10
2015-03-11,Nyamira,11
2015-03-12,Nyamira,11
2015-03-13,Nyamira,2
2015-03-14,Nyamira,1
2015-03-15,Nyamira,0
2015-03-16,Nyamira,6
2015-03-17,Nyamira,0
2015-03-18,Nyamira,12
2015-03-19,Nyamira,2
2015-03-20,Nyamira,1
2015-03-21,Nyamira,2
2015-03-22,Nyamira,2
2015-03-23,Nyamira,1
2015-03-24,Nyamira,10
2015-03-25,Nyamira,1
2015-03-26,Nyamira,1
2015-03-27,Nyamira,0
2015-03-28,Nyamira,0
2015-03-29,Nyamira,2
2015-03-30,Nyamira,13
2015-03-31,Nyamira,13
2015-04-01,Nyamira,22
2015-04-02,Nyamira,12
2015-04-03,Nyamira,1
2015-04-04,Nyamira,1
2015-04-05,Nyamira,1
2015-04-06,Nyamira,1
2015-04-07,Nyamira,14
2015-04-08,Nyamira,1
2015-04-09,Nyamira,2
2015-04-10,Nyamira,2
2015-04-11,Nyamira,5
2015-04-12,Nyamira,13
2015-04-13,Nyamira,2
2015-04-14,Nyamira,15
2015-04-15,Nyamira,2
2015-04-16,Nyamira,10
2015-04-17,Nyamira,1
2015-04-18,Nyamira,1
2015-04-19,Nyamira,6
2015-04-20,Nyamira,0
2015-04-21,Nyamira,2
2015-04-22,Nyamira,35
2015-04-23,Nyamira,1
2015-04-24,Nyamira,0
2015-04-25,Nyamira,0
2015-04-26,Nyamira,1
2015-04-27,Nyamira,1
2015-04-28,Nyamira,2
2015-04-29,Nyamira,1
2015-04-30,Nyamira,0
2015-05-01,Nyamira,2
2015-05-02,Nyamira,10
2015-05-03,Nyamira,29
2015-05-04,Nyamira,9
2015-05-05,Nyamira,14
2015-05-06,Nyamira,2
2015-05-07,Nyamira,1
2015-05-08,Nyamira,1
2015-05-09,Nyamira,17
2015-05-10,Nyamira,4
2015-05-11,Nyamira,17
2015-05-12,Nyamira,2
2015-05-13,Nyamira,11
2015-05-14,Nyamira,15
2015-05-15,Nyamira,8
2015-05-16,Nyamira,1
2015-05-17,Nyamira,2
2015-05-18,Nyamira,7
2015-05-19,Nyamira,1
2015-05-20,Nyamira,19
2015-05-21,Nyamira,2
2015-05-22,Nyamira,22
2015-05-23,Nyamira,1
2015-05-24,Nyamira,14
2015-05-25,Nyamira,2
2015-05-26,Nyamira,13
2015-05-27,Nyamira,8
2015-05-28,Nyamira,18
2015-05-29,Nyamira,11
2015-05-30,Nyamira,1
2015-05-31,Nyamira,2
2015-06-01,Nyamira,0
2015-06-02,Nyamira,2
2015-06-03,Nyamira,2
2015-06-04,Nyamira,2
2015-06-05,Nyamira,2
2015-06-06,Nyamira,0
2015-06-07,Nyamira,2
2015-06-08,Nyamira,0
2015-06-09,Nyamira,1
2015-06-10,Nyamira,1
2015-06-11,Nyamira,0
2015-06-12,Nyamira,0
2015-06-13,Nyamira,1
2015-06-14,Nyamira,2
2015-06-15,Nyamira,1
2015-06-16,Nyamira,2
2015-06-17,Nyamira,0
2015-06-18,Nyamira,2
2015-06-19,Nyamira,1
2015-06-20,Nyamira,0
2015-06-21,Nyamira,0
2015-06-22,Nyamira,1
2015-06-23,Nyamira,1
2015-06-24,Nyamira,0
2015-06-25,Nyamira,0
2015-06-26,Nyamira,1
2015-06-27,Nyamira,2
2015-06-28,Nyamira,0
2015-06-29,Nyamira,0
2015-06-30,Nyamira,1
2015-07-01,Nyamira,0
2015-07-02,Nyamira,0
2015-07-03,Nyamira,0
2015-07-04,Nyamira,2
2015-07-05,Nyamira,0
2015-07-06,Nyamira,2
2015-07-07,Nyamira,0
2015-07-08,Nyamira,1
2015-07-09,Nyamira,2
2015-07-10,Nyamira,2
2015-07-11,Nyamira,1
2015-07-12,Nyamira,1
2015-07-13,Nyamira,1
2015-07-14,Nyamira,0
2015-07-15,Nyamira,1
2015-07-16,Nyamira,2
2015-07-17,Nyamira,1
2015-07-18,Nyamira,0
2015-07-19,Nyamira,0
2015-07-20,Nyamira,2
2015-07-21,Nyamira,0
2015-07-22,Nyamira,0
2015-07-23,Nyamira,1
2015-07-24,Nyamira,2
2015-07-25,Nyamira,2
2015-07-26,Nyamira,0
2015-07-27,Nyamira,1
2015-07-28,Nyamira,0
2015-07-29,Nyamira,2
2015-07-30,Nyamira,0
2015-07-31,Nyamira,0
2015-08-01,Nyamira,2
2015-08-02,Nyamira,1
2015-08-03,Nyamira,1
2015-08-04,Nyamira,1
2015-08-05,Nyamira,0
2015-08-06,Nyamira,1
2015-08-07,Nyamira,1
2015-08-08,Nyamira,2
2015-08-09,Nyamira,0
2015-08-10,Nyamira,2
2015-08-11,Nyamira,0
2015-08-12,Nyamira,1
2015-08-13,Nyamira,2
2015-08-14,Nyamira,0
2015-08-15,Nyamira,0
2015-08-16,Nyamira,1
2015-08-17,Nyamira,0
2015-08-18,Nyamira,1
2015-08-19,Nyamira,2
2015-08-20,Nyamira,1
2015-08-21,Nyamira,0
2015-08-22,Nyamira,1
2015-08-23,Nyamira,2
2015-08-24,Nyamira,0
2015-08-25,Nyamira,0
2015-08-26,Nyamira,1
2015-08-27,Nyamira,1
2015-08-28,Nyamira,0
2015-08-29,Nyamira,2
2015-08-30,Nyamira,1
2015-08-31,Nyamira,0
2015-09-01,Nyamira,1
2015-09-02,Nyamira,0
2015-09-03,Nyamira,0
2015-09-04,Nyamira,0
2015-09-05,Nyamira,1
2015-09-06,Nyamira,0
2015-09-07,Nyamira,0
2015-09-08,Nyamira,2
2015-09-09,Nyamira,1
2015-09-10,Nyamira,2
2015-09-11,Nyamira,1
2015-09-12,Nyamira,1
2015-09-13,Nyamira,2
2015-09-14,Nyamira,0
2015-09-15,Nyamira,1
2015-09-16,Nyamira,2
2015-09-17,Nyamira,1
2015-09-18,Nyamira,2
2015-09-19,Nyamira,0
2015-09-20,Nyamira,1
2015-09-21,Nyamira,0
2015-09-22,Nyamira,0
2015-09-23,Nyamira,1
2015-09-24,Nyamira,1
2015-09-25,Nyamira,0
2015-09-26,Nyamira,2
2015-09-27,Nyamira,2
2015-09-28,Nyamira,1
2015-09-29,Nyamira,1
2015-09-30,Nyamira,1
2015-10-01,Nyamira,0
2015-10-02,Nyamira,2
2015-10-03,Nyamira,2
2015-10-04,Nyamira,2
2015-10-05,Nyamira,1
2015-10-06,Nyamira,2
2015-10-07,Nyamira,2
2015-10-08,Nyamira,1
2015-10-09,Nyamira,0
2015-10-10,Nyamira,2
2015-10-11,Nyamira,15
2015-10-12,Nyamira,6
2015-10-13,Nyamira,18
2015-10-14,Nyamira,2
2015-10-15,Nyamira,0
2015-10-16,Nyamira,18
2015-10-17,Nyamira,0
2015-10-18,Nyamira,2
2015-10-19,Nyamira,2
2015-10-20,Nyamira,0
2015-10-21,Nyamira,1
2015-10-22,Nyamira,0
2015-10-23,Nyamira,2
2015-10-24,Nyamira,2
2015-10-25,Nyamira,15
2015-10-26,Nyamira,2
2015-10-27,Nyamira,2
2015-10-28,Nyamira,1
2015-10-29,Nyamira,2
2015-10-30,Nyamira,1
2015-10-31,Nyamira,2
2015-11-01,Nyamira,1
2015-11-02,Nyamira,0
2015-11-03,Nyamira,1
2015-11-04,Nyamira,2
2015-11-05,Nyamira,2
2015-11-06,Nyamira,2
2015-11-07,Nyamira,12
2015-11-08,Nyamira,0
2015-11-09,Nyamira,1
2015-11-10,Nyamira,1
2015-11-11,Nyamira,2
2015-11-12,Nyamira,2
2015-11-13,Nyamira,0
2015-11-14,Nyamira,0
2015-11-15,Nyamira,1
2015-11-16,Nyamira,1
2015-11-17,Nyamira,2
2015-11-18,Nyamira,0
2015-11-19,Nyamira,2
2015-11-20,Nyamira,2
2015-11-21,Nyamira,2
2015-11-22,Nyamira,1
2015-11-23,Nyamira,1
2015-11-24,Nyamira,0
2015-11-25,Nyamira,1
2015-11-26,Nyamira,1
2015-11-27,Nyamira,1
2015-11-28,Nyamira,1
2015-11-29,Nyamira,2
2015-11-30,Nyamira,2
2015-12-01,Nyamira,1
2015-12-02,Nyamira,0
2015-12-03,Nyamira,0
2015-12-04,Nyamira,0
2015-12-05,Nyamira,1
2015-12-06,Nyamira,2
2015-12-07,Nyamira,2
2015-12-08,Nyamira,1
2015-12-09,Nyamira,1
2015-12-10,Nyamira,1
2015-12-11,Nyamira,1
2015-12-12,Nyamira,0
2015-12-13,Nyamira,2
2015-12-14,Nyamira,2
2015-12-15,Nyamira,1
2015-12-16,Nyamira,2
2015-12-17,Nyamira,0
2015-12-18,Nyamira,0
2015-12-19,Nyamira,2
2015-12-20,Nyamira,2
2015-12-21,Nyamira,2
2015-12-22,Nyamira,2
2015-12-23,Nyamira,1
2015-12-24,Nyamira,0
2015-12-25,Nyamira,1
2015-12-26,Nyamira,1
2015-12-27,Nyamira,1
2015-12-28,Nyamira,2
2015-12-29,Nyamira,1
2015-12-30,Nyamira,1
2015-12-31,Nyamira,0
2016-01-01,Nyamira,1
2016-01-02,Nyamira,0
2016-01-03,Nyamira,0
2016-01-04,Nyamira,0
2016-01-05,Nyamira,0
2016-01-06,Nyamira,2
2016-01-07,Nyamira,2
2016-01-08,Nyamira,0
2016-01-09,Nyamira,0
2016-01-10,Nyamira,0
2016-01-11,Nyamira,1
2016-01-12,Nyamira,0
2016-01-13,Nyamira,1
2016-01-14,Nyamira,1
2016-01-15,Nyamira,1
2016-01-16,Nyamira,1
2016-01-17,Nyamira,1
2016-01-18,Nyamira,0
2016-01-19,Nyamira,1
2016-01-20,Nyamira,2
2016-01-21,Nyamira,1
2016-01-22,Nyamira,2
2016-01-23,Nyamira,2
2016-01-24,Nyamira,2
2016-01-25,Nyamira,1
2016-01-26,Nyamira,2
2016-01-27,Nyamira,0
2016-01-28,Nyamira,0
2016-01-29,Nyamira,0
2016-01-30,Nyamira,0
2016-01-31,Nyamira,0
2016-02-01,Nyamira,0
2016-02-02,Nyamira,1
2016-02-03,Nyamira,0
2016-02-04,Nyamira,2
2016-02-05,Nyamira,2
2016-02-06,Nyamira,2
2016-02-07,Nyamira,1
2016-02-08,Nyamira,1
2016-02-09,Nyamira,0
2016-02-10,Nyamira,2
2016-02-11,Nyamira,1
2016-02-12,Nyamira,1
2016-02-13,Nyamira,1
2016-02-14,Nyamira,1
2016-02-15,Nyamira,0
2016-02-16,Nyamira,2
2016-02-17,Nyamira,1
2016-02-18,Nyamira,0
2016-02-19,Nyamira,1
2016-02-20,Nyamira,0
2016-02-21,Nyamira,1
2016-02-22,Nyamira,0
2016-02-23,Nyamira,0
2016-02-24,Nyamira,1
2016-02-25,Nyamira,2
2016-02-26,Nyamira,2
2016-02-27,Nyamira,1
2016-02-28,Nyamira,2
2016-02-29,Nyamira,0
2016-03-01,Nyamira,14
2016-03-02,Nyamira,2
2016-03-03,Nyamira,10
2016-03-04,Nyamira,19
2016-03-05,Nyamira,2
2016-03-06,Nyamira,1
2016-03-07,Nyamira,12
2016-03-08,Nyamira,2
2016-03-09,Nyamira,1
2016-03-10,Nyamira,16
2016-03-11,Nyamira,0
2016-03-12,Nyamira,14
2016-03-13,Nyamira,2
2016-03-14,Nyamira,16
2016-03-15,Nyamira,15
2016-03-16,Nyamira,13
2016-03-17,Nyamira,14
2016-03-18,Nyamira,11
2016-03-19,Nyamira,1
2016-03-20,Nyamira,0
2016-03-21,Nyamira,8
2016-03-22,Nyamira,10
2016-03-23,Nyamira,2
2016-03-24,Nyamira,5
2016-03-25,Nyamira,13
2016-03-26,Nyamira,1
2016-03-27,Nyamira,2
2016-03-28,Nyamira,17
2016-03-29,Nyamira,1
2016-03-30,Nyamira,16
2016-03-31,Nyamira,3
2016-04-01,Nyamira,1
2016-04-02,Nyamira,7
2016-04-03,Nyamira,6
2016-04-04,Nyamira,0
2016-04-05,Nyamira,1
2016-04-06,Nyamira,2
2016-04-07,Nyamira,16
2016-04-08,Nyamira,12
2016-04-09,Nyamira,2
2016-04-10,Nyamira,1
2016-04-11,Nyamira,4
2016-04-12,Nyamira,20
2016-04-13,Nyamira,22
2016-04-14,Nyamira,20
2016-04-15,Nyamira,2
2016-04-16,Nyamira,1
2016-04-17,Nyamira,26
2016-04-18,Nyamira,18
2016-04-19,Nyamira,8
2016-04-20,Nyamira,0
2016-04-21,Nyamira,1
2016-04-22,Nyamira,18
2016-04-23,Nyamira,0
2016-04-24,Nyamira,2
2016-04-25,Nyamira,2
2016-04-26,Nyamira,0
2016-04-27,Nyamira,1
2016-04-28,Nyamira,0
2016-04-29,Nyamira,20
2016-04-30,Nyamira,15
2016-05-01,Nyamira,18
2016-05-02,Nyamira,1
2016-05-03,Nyamira,11
2016-05-04,Nyamira,18
2016-05-05,Nyamira,12
2016-05-06,Nyamira,2
2016-05-07,Nyamira,1
2016-05-08,Nyamira,0
2016-05-09,Nyamira,2
2016-05-10,Nyamira,11
2016-05-11,Nyamira,11
2016-05-12,Nyamira,2
2016-05-13,Nyamira,1
2016-05-14,Nyamira,21
2016-05-15,Nyamira,1
2016-05-16,Nyamira,0
2016-05-17,Nyamira,2
2016-05-18,Nyamira,19
2016-05-19,Nyamira,2
2016-05-20,Nyamira,1
2016-05-21,Nyamira,1
2016-05-22,Nyamira,16
2016-05-23,Nyamira,0
2016-05-24,Nyamira,1
2016-05-25,Nyamira,23
2016-05-26,Nyamira,14
2016-05-27,Nyamira,25
2016-05-28,Nyamira,1
2016-05-29,Nyamira,10
2016-05-30,Nyamira,2
2016-05-31,Nyamira,1
2016-06-01,Nyamira,2
2016-06-02,Nyamira,2
2016-06-03,Nyamira,0
2016-06-04,Nyamira,2
2016-06-05,Nyamira,2
2016-06-06,Nyamira,0
2016-06-07,Nyamira,2
2016-06-08,Nyamira,1
2016-06-09,Nyamira,0
2016-06-10,Nyamira,2
2016-06-11,Nyamira,1
2016-06-12,Nyamira,0
2016-06-13,Nyamira,2
2016-06-14,Nyamira,1
2016-06-15,Nyamira,1
2016-06-16,Nyamira,2
2016-06-17,Nyamira,0
2016-06-18,Nyamira,2
2016-06-19,Nyamira,2
2016-06-20,Nyamira,1
2016-06-21,Nyamira,2
2016-06-22,Nyamira,2
2016-06-23,Nyamira,0
2016-06-24,Nyamira,1
2016-06-25,Nyamira,2
2016-06-26,Nyamira,0
2016-06-27,Nyamira,0
2016-06-28,Nyamira,1
2016-06-29,Nyamira,0
2016-06-30,Nyamira,1
2016-07-01,Nyamira,0
2016-07-02,Nyamira,1
2016-07-03,Nyamira,0
2016-07-04,Nyamira,1
2016-07-05,Nyamira,0
2016-07-06,Nyamira,0
2016-07-07,Nyamira,0
2016-07-08,Nyamira,0
2016-07-09,Nyamira,2
2016-07-10,Nyamira,2
2016-07-11,Nyamira,1
2016-07-12,Nyamira,0
2016-07-13,Nyamira,1
2016-07-14,Nyamira,1
2016-07-15,Nyamira,1
2016-07-16,Nyamira,0
2016-07-17,Nyamira,2
2016-07-18,Nyamira,2
2016-07-19,Nyamira,2
2016-07-20,Nyamira,1
2016-07-21,Nyamira,1
2016-07-22,Nyamira,0
2016-07-23,Nyamira,1
2016-07-24,Nyamira,1
2016-07-25,Nyamira,2
2016-07-26,Nyamira,1
2016-07-27,Nyamira,2
2016-07-28,Nyamira,2
2016-07-29,Nyamira,1
2016-07-30,Nyamira,2
2016-07-31,Nyamira,1
2016-08-01,Nyamira,2
2016-08-02,Nyamira,0
2016-08-03,Nyamira,0
2016-08-04,Nyamira,0
2016-08-05,Nyamira,2
2016-08-06,Nyamira,0
2016-08-07,Nyamira,0
2016-08-08,Nyamira,0
2016-08-09,Nyamira,1
2016-08-10,Nyamira,0
2016-08-11,Nyamira,0
2016-08-12,Nyamira,0
2016-08-13,Nyamira,2
2016-08-14,Nyamira,0
2016-08-15,Nyamira,2
2016-08-16,Nyamira,1
2016-08-17,Nyamira,1
2016-08-18,Nyamira,0
2016-08-19,Nyamira,0
2016-08-20,Nyamira,2
2016-08-21,Nyamira,0
2016-08-22,Nyamira,2
2016-08-23,Nyamira,2
2016-08-24,Nyamira,1
2016-08-25,Nyamira,0
2016-08-26,Nyamira,1
2016-08-27,Nyamira,2
2016-08-28,Nyamira,1
2016-08-29,Nyamira,2
2016-08-30,Nyamira,0
2016-08-31,Nyamira,2
2016-09-01,Nyamira,1
2016-09-02,Nyamira,0
2016-09-03,Nyamira,1
2016-09-04,Nyamira,0
2016-09-05,Nyamira,0
2016-09-06,Nyamira,1
2016-09-07,Nyamira,0
2016-09-08,Nyamira,0
2016-09-09,Nyamira,2
2016-09-10,Nyamira,2
2016-09-11,Nyamira,2
2016-09-12,Nyamira,2
2016-09-13,Nyamira,1
2016-09-14,Nyamira,2
2016-09-15,Nyamira,0
2016-09-16,Nyamira,1
2016-09-17,Nyamira,2
2016-09-18,Nyamira,0
2016-09-19,Nyamira,2
2016-09-20,Nyamira,2
2016-09-21,Nyamira,2
2016-09-22,Nyamira,1
2016-09-23,Nyamira,1
2016-09-24,Nyamira,1
2016-09-25,Nyamira,2
2016-09-26,Nyamira,0
2016-09-27,Nyamira,1
2016-09-28,Nyamira,0
2016-09-29,Nyamira,1
2016-09-30,Nyamira,0
2016-10-01,Nyamira,0
2015-01-01,Nairobi,0
2015-01-02,Nairobi,0
2015-01-03,Nairobi,2
2015-01-04,Nairobi,0
2015-01-05,Nairobi,2
2015-01-06,Nairobi,0
2015-01-07,Nairobi,2
2015-01-08,Nairobi,0
2015-01-09,Nairobi,1
2015-01-10,Nairobi,2
2015-01-11,Nairobi,0
2015-01-12,Nairobi,0
2015-01-13,Nairobi,0
2015-01-14,Nairobi,1
2015-01-15,Nairobi,1
2015-01-16,Nairobi,2
2015-01-17,Nairobi,2
2015-01-18,Nairobi,0
2015-01-19,Nairobi,1
2015-01-20,Nairobi,0
2015-01-21,Nairobi,2
2015-01-22,Nairobi,1
2015-01-23,Nairobi,0
2015-01-24,Nairobi,0
2015-01-25,Nairobi,1
2015-01-26,Nairobi,2
2015-01-27,Nairobi,1
2015-01-28,Nairobi,2
2015-01-29,Nairobi,0
2015-01-30,Nairobi,1
2015-01-31,Nairobi,0
2015-02-01,Nairobi,1
2015-02-02,Nairobi,0
2015-02-03,Nairobi,0
2015-02-04,Nairobi,1
2015-02-05,Nairobi,1
2015-02-06,Nairobi,1
2015-02-07,Nairobi,2
2015-02-08,Nairobi,2
2015-02-09,Nairobi,0
2015-02-10,Nairobi,1
2015-02-11,Nairobi,0
2015-02-12,Nairobi,0
2015-02-13,Nairobi,0
2015-02-14,Nairobi,2
2015-02-15,Nairobi,1
2015-02-16,Nairobi,0
2015-02-17,Nairobi,0
2015-02-18,Nairobi,2
2015-02-19,Nairobi,2
2015-02-20,Nairobi,2
2015-02-21,Nairobi,2
2015-02-22,Nairobi,0
2015-02-23,Nairobi,1
2015-02-24,Nairobi,1
2015-02-25,Nairobi,1
2015-02-26,Nairobi,2
2015-02-27,Nairobi,1
2015-02-28,Nairobi,0
2015-03-01,Nairobi,14
2015-03-02,Nairobi,2
2015-03-03,Nairobi,12
2015-03-04,Nairobi,0
2015-03-05,Nairobi,1
2015-03-06,Nairobi,12
2015-03-07,Nairobi,12
2015-03-08,Nairobi,7
2015-03-09,Nairobi,6
2015-03-10,Nairobi,24
2015-03-11,Nairobi,2
2015-03-12,Nairobi,0
2015-03-13,Nairobi,22
2015-03-14,Nairobi,8
2015-03-15,Nairobi,2
2015-03-16,Nairobi,14
2015-03-17,Nairobi,27
2015-03-18,Nairobi,0
2015-03-19,Nairobi,1
2015-03-20,Nairobi,2
2015-03-21,Nairobi,15
2015-03-22,Nairobi,2
2015-03-23,Nairobi,21
2015-03-24,Nairobi,14
2015-03-25,Nairobi,16
2015-03-26,Nairobi,11
2015-03-27,Nairobi,14
2015-03-28,Nairobi,1
2015-03-29,Nairobi,2
2015-03-30,Nairobi,12
2015-03-31,Nairobi,0
2015-04-01,Nairobi,22
2015-04-02,Nairobi,8
2015-04-03,Nairobi,2
2015-04-04,Nairobi,8
2015-04-05,Nairobi,13
2015-04-06,Nairobi,5
2015-04-07,Nairobi,14
2015-04-08,Nairobi,15
2015-04-09,Nairobi,10
2015-04-10,Nairobi,20
2015-04-11,Nairobi,14
2015-04-12,Nairobi,12
2015-04-13,Nairobi,2
2015-04-14,Nairobi,10
2015-04-15,Nairobi,6
2015-04-16,Nairobi,0
2015-04-17,Nairobi,2
2015-04-18,Nairobi,0
2015-04-19,Nairobi,1
2015-04-20,Nairobi,18
2015-04-21,Nairobi,2
2015-04-22,Nairobi,18
2015-04-23,Nairobi,1
2015-04-24,Nairobi,7
2015-04-25,Nairobi,1
2015-04-26,Nairobi,7
2015-04-27,Nairobi,0
2015-04-28,Nairobi,20
2015-04-29,Nairobi,0
2015-04-30,Nairobi,14
2015-05-01,Nairobi,13
2015-05-02,Nairobi,13
2015-05-03,Nairobi,15
2015-05-04,Nairobi,2
2015-05-05,Nairobi,1
2015-05-06,Nairobi,0
2015-05-07,Nairobi,0
2015-05-08,Nairobi,18
2015-05-09,Nairobi,2
2015-05-10,Nairobi,7
2015-05-11,Nairobi,1
2015-05-12,Nairobi,0
2015-05-13,Nairobi,2
2015-05-14,Nairobi,8
2015-05-15,Nairobi,0
2015-05-16,Nairobi,14
2015-05-17,Nairobi,13
2015-05-18,Nairobi,11
2015-05-19,Nairobi,11
2015-05-20,Nairobi,2
2015-05-21,Nairobi,2
2015-05-22,Nairobi,17
2015-05-23,Nairobi,13
2015-05-24,Nairobi,13
2015-05-25,Nairobi,2
2015-05-26,Nairobi,9
2015-05-27,Nairobi,0
2015-05-28,Nairobi,1
2015-05-29,Nairobi,16
2015-05-30,Nairobi,1
2015-05-31,Nairobi,19
2015-06-01,Nairobi,0
2015-06-02,Nairobi,0
2015-06-03,Nairobi,2
2015-06-04,Nairobi,0
2015-06-05,Nairobi,2
2015-06-06,Nairobi,0
2015-06-07,Nairobi,1
2015-06-08,Nairobi,0
2015-06-09,Nairobi,0
2015-06-10,Nairobi,2
2015-06-11,Nairobi,0
2015-06-12,Nairobi,1
2015-06-13,Nairobi,1
2015-06-14,Nairobi,2
2015-06-15,Nairobi,2
2015-06-16,Nairobi,0
2015-06-17,Nairobi,1
2015-06-18,Nairobi,2
2015-06-19,Nairobi,0
2015-06-20,Nairobi,2
2015-06-21,Nairobi,0
2015-06-22,Nairobi,1
2015-06-23,Nairobi,1
2015-06-24,Nairobi,1
2015-06-25,Nairobi,0
2015-06-26,Nairobi,0
2015-06-27,Nairobi,0
2015-06-28,Nairobi,2
2015-06-29,Nairobi,1
2015-06-30,Nairobi,1
2015-07-01,Nairobi,0
2015-07-02,Nairobi,1
2015-07-03,Nairobi,1
2015-07-04,Nairobi,1
2015-07-05,Nairobi,0
2015-07-06,Nairobi,0
2015-07-07,Nairobi,2
2015-07-08,Nairobi,1
2015-07-09,Nairobi,2
2015-07-10,Nairobi,2
2015-07-11,Nairobi,0
2015-07-12,Nairobi,2
2015-07-13,Nairobi,1
2015-07-14,Nairobi,0
2015-07-15,Nairobi,0
2015-07-16,Nairobi,0
2015-07-17,Nairobi,1
2015-07-18,Nairobi,0
2015-07-19,Nairobi,1
2015-07-20,Nairobi,1
2015-07-21,Nairobi,2
2015-07-22,Nairobi,0
2015-07-23,Nairobi,1
2015-07-24,Nairobi,1
2015-07-25,Nairobi,1
2015-07-26,Nairobi,0
2015-07-27,Nairobi,2
2015-07-28,Nairobi,0
2015-07-29,Nairobi,1
2015-07-30,Nairobi,1
2015-07-31,Nairobi,0
2015-08-01,Nairobi,2
2015-08-02,Nairobi,2
2015-08-03,Nairobi,1
2015-08-04,Nairobi,2
2015-08-05,Nairobi,0
2015-08-06,Nairobi,1
2015-08-07,Nairobi,1
2015-08-08,Nairobi,2
2015-08-09,Nairobi,2
2015-08-10,Nairobi,1
2015-08-11,Nairobi,0
2015-08-12,Nairobi,2
2015-08-13,Nairobi,1
2015-08-14,Nairobi,1
2015-08-15,Nairobi,1
2015-08-16,Nairobi,2
2015-08-17,Nairobi,0
2015-08-18,Nairobi,2
2015-08-19,Nairobi,2
2015-08-20,Nairobi,2
2015-08-21,Nairobi,0
2015-08-22,Nairobi,1
2015-08-23,Nairobi,2
2015-08-24,Nairobi,0
2015-08-25,Nairobi,1
2015-08-26,Nairobi,2
2015-08-27,Nairobi,1
2015-08-28,Nairobi,2
2015-08-29,Nairobi,0
2015-08-30,Nairobi,1
2015-08-31,Nairobi,2
2015-09-01,Nairobi,1
2015-09-02,Nairobi,1
2015-09-03,Nairobi,2
2015-09-04,Nairobi,2
2015-09-05,Nairobi,1
2015-09-06,Nairobi,2
2015-09-07,Nairobi,2
2015-09-08,Nairobi,0
2015-09-09,Nairobi,1
2015-09-10,Nairobi,1
2015-09-11,Nairobi,0
2015-09-12,Nairobi,2
2015-09-13,Nairobi,1
2015-09-14,Nairobi,1
2015-09-15,Nairobi,2
2015-09-16,Nairobi,2
2015-09-17,Nairobi,0
2015-09-18,Nairobi,1
2015-09-19,Nairobi,1
2015-09-20,Nairobi,2
2015-09-21,Nairobi,1
2015-09-22,Nairobi,2
2015-09-23,Nairobi,1
2015-09-24,Nairobi,1
2015-09-25,Nairobi,0
2015-09-26,Nairobi,2
2015-09-27,Nairobi,1
2015-09-28,Nairobi,2
2015-09-29,Nairobi,2
2015-09-30,Nairobi,2
2015-10-01,Nairobi,0
2015-10-02,Nairobi,0
2015-10-03,Nairobi,2
2015-10-04,Nairobi,1
2015-10-05,Nairobi,0
2015-10-06,Nairobi,14
2015-10-07,Nairobi,1
2015-10-08,Nairobi,2
2015-10-09,Nairobi,1
2015-10-10,Nairobi,0
2015-10-11,Nairobi,2
2015-10-12,Nairobi,0
2015-10-13,Nairobi,2
2015-10-14,Nairobi,1
2015-10-15,Nairobi,2
2015-10-16,Nairobi,8
2015-10-17,Nairobi,4
2015-10-18,Nairobi,2
2015-10-19,Nairobi,1
2015-10-20,Nairobi,1
2015-10-21,Nairobi,1
2015-10-22,Nairobi,0
2015-10-23,Nairobi,0
2015-10-24,Nairobi,0
2015-10-25,Nairobi,1
2015-10-26,Nairobi,12
2015-10-27,Nairobi,0
2015-10-28,Nairobi,0
2015-10-29,Nairobi,2
2015-10-30,Nairobi,2
2015-10-31,Nairobi,2
2015-11-01,Nairobi,1
2015-11-02,Nairobi,1
2015-11-03,Nairobi,2
2015-11-04,Nairobi,1
2015-11-05,Nairobi,1
2015-11-06,Nairobi,2
2015-11-07,Nairobi,1
2015-11-08,Nairobi,2
2015-11-09,Nairobi,2
2015-11-10,Nairobi,1
2015-11-11,Nairobi,1
2015-11-12,Nairobi,7
2015-11-13,Nairobi,1
2015-11-14,Nairobi,0
2015-11-15,Nairobi,0
2015-11-16,Nairobi,2
2015-11-17,Nairobi,0
2015-11-18,Nairobi,0
2015-11-19,Nairobi,0
2015-11-20,Nairobi,0
2015-11-21,Nairobi,5
2015-11-22,Nairobi,2
2015-11-23,Nairobi,0
2015-11-24,Nairobi,0
2015-11-25,Nairobi,16
2015-11-26,Nairobi,0
2015-11-27,Nairobi,2
2015-11-28,Nairobi,1
2015-11-29,Nairobi,0
2015-11-30,Nairobi,0
2015-12-01,Nairobi,1
2015-12-02,Nairobi,1
2015-12-03,Nairobi,2
2015-12-04,Nairobi,2
2015-12-05,Nairobi,2
2015-12-06,Nairobi,0
2015-12-07,Nairobi,1
2015-12-08,Nairobi,2
2015-12-09,Nairobi,2
2015-12-10,Nairobi,0
2015-12-11,Nairobi,2
2015-12-12,Nairobi,1
2015-12-13,Nairobi,0
2015-12-14,Nairobi,2
2015-12-15,Nairobi,0
2015-12-16,Nairobi,2
2015-12-17,Nairobi,0
2015-12-18,Nairobi,0
2015-12-19,Nairobi,0
2015-12-20,Nairobi,2
2015-12-21,Nairobi,1
2015-12-22,Nairobi,2
2015-12-23,Nairobi,2
2015-12-24,Nairobi,2
2015-12-25,Nairobi,2
2015-12-26,Nairobi,2
2015-12-27,Nairobi,0
2015-12-28,Nairobi,0
2015-12-29,Nairobi,2
2015-12-30,Nairobi,0
2015-12-31,Nairobi,0
2016-01-01,Nairobi,2
2016-01-02,Nairobi,2
2016-01-03,Nairobi,1
2016-01-04,Nairobi,2
2016-01-05,Nairobi,0
2016-01-06,Nairobi,2
2016-01-07,Nairobi,1
2016-01-08,Nairobi,0
2016-01-09,Nairobi,0
2016-01-10,Nairobi,1
2016-01-11,Nairobi,2
2016-01-12,Nairobi,0
2016-01-13,Nairobi,0
2016-01-14,Nairobi,2
2016-01-15,Nairobi,0
2016-01-16,Nairobi,1
2016-01-17,Nairobi,2
2016-01-18,Nairobi,2
2016-01-19,Nairobi,2
2016-01-20,Nairobi,0
2016-01-21,Nairobi,2
2016-01-22,Nairobi,2
2016-01-23,Nairobi,2
2016-01-24,Nairobi,1
2016-01-25,Nairobi,1
2016-01-26,Nairobi,1
2016-01-27,Nairobi,2
2016-01-28,Nairobi,0
2016-01-29,Nairobi,1
2016-01-30,Nairobi,2
2016-01-31,Nairobi,1
2016-02-01,Nairobi,2
2016-02-02,Nairobi,1
2016-02-03,Nairobi,2
2016-02-04,Nairobi,2
2016-02-05,Nairobi,1
2016-02-06,Nairobi,1
2016-02-07,Nairobi,2
2016-02-08,Nairobi,2
2016-02-09,Nairobi,0
2016-02-10,Nairobi,0
2016-02-11,Nairobi,0
2016-02-12,Nairobi,0
2016-02-13,Nairobi,2
2016-02-14,Nairobi,0
2016-02-15,Nairobi,1
2016-02-16,Nairobi,0
2016-02-17,Nairobi,0
2016-02-18,Nairobi,2
2016-02-19,Nairobi,2
2016-02-20,Nairobi,2
2016-02-21,Nairobi,2
2016-02-22,Nairobi,0
2016-02-23,Nairobi,0
2016-02-24,Nairobi,1
2016-02-25,Nairobi,1
2016-02-26,Nairobi,2
2016-02-27,Nairobi,2
2016-02-28,Nairobi,1
2016-02-29,Nairobi,2
2016-03-01,Nairobi,11
2016-03-02,Nairobi,14
2016-03-03,Nairobi,15
2016-03-04,Nairobi,21
2016-03-05,Nairobi,18
2016-03-06,Nairobi,12
2016-03-07,Nairobi,0
2016-03-08,Nairobi,1
2016-03-09,Nairobi,12
2016-03-10,Nairobi,0
2016-03-11,Nairobi,0
2016-03-12,Nairobi,1
2016-03-13,Nairobi,0
2016-03-14,Nairobi,16
2016-03-15,Nairobi,15
2016-03-16,Nairobi,0
2016-03-17,Nairobi,19
2016-03-18,Nairobi,2
2016-03-19,Nairobi,22
2016-03-20,Nairobi,2
2016-03-21,Nairobi,0
2016-03-22,Nairobi,2
2016-03-23,Nairobi,20
2016-03-24,Nairobi,11
2016-03-25,Nairobi,13
2016-03-26,Nairobi,0
2016-03-27,Nairobi,2
2016-03-28,Nairobi,0
2016-03-29,Nairobi,17
2016-03-30,Nairobi,13
2016-03-31,Nairobi,0
2016-04-01,Nairobi,1
2016-04-02,Nairobi,16
2016-04-03,Nairobi,0
2016-04-04,Nairobi,0
2016-04-05,Nairobi,29
2016-04-06,Nairobi,0
2016-04-07,Nairobi,22
2016-04-08,Nairobi,8
2016-04-09,Nairobi,0
2016-04-10,Nairobi,0
2016-04-11,Nairobi,1
2016-04-12,Nairobi,11
2016-04-13,Nairobi,15
2016-04-14,Nairobi,2
2016-04-15,Nairobi,0
2016-04-16,Nairobi,11
2016-04-17,Nairobi,10
2016-04-18,Nairobi,25
2016-04-19,Nairobi,0
2016-04-20,Nairobi,2
2016-04-21,Nairobi,0
2016-04-22,Nairobi,15
2016-04-23,Nairobi,14
2016-04-24,Nairobi,8
2016-04-25,Nairobi,11
2016-04-26,Nairobi,9
2016-04-27,Nairobi,0
2016-04-28,Nairobi,5
2016-04-29,Nairobi,0
2016-04-30,Nairobi,2
2016-05-01,Nairobi,13
2016-05-02,Nairobi,8
2016-05-03,Nairobi,19
2016-05-04,Nairobi,14
2016-05-05,Nairobi,13
2016-05-06,Nairobi,0
2016-05-07,Nairobi,16
2016-05-08,Nairobi,0
2016-05-09,Nairobi,10
2016-05-10,Nairobi,1
2016-05-11,Nairobi,6
2016-05-12,Nairobi,17
2016-05-13,Nairobi,6
2016-05-14,Nairobi,11
2016-05-15,Nairobi,1
2016-05-16,Nairobi,15
2016-05-17,Nairobi,1
2016-05-18,Nairobi,15
2016-05-19,Nairobi,0
2016-05-20,Nairobi,6
2016-05-21,Nairobi,2
2016-05-22,Nairobi,20
2016-05-23,Nairobi,4
2016-05-24,Nairobi,1
2016-05-25,Nairobi,0
2016-05-26,Nairobi,15
2016-05-27,Nairobi,4
2016-05-28,Nairobi,6
2016-05-29,Nairobi,1
2016-05-30,Nairobi,0
2016-05-31,Nairobi,13
2016-06-01,Nairobi,2
2016-06-02,Nairobi,2
2016-06-03,Nairobi,1
2016-06-04,Nairobi,2
2016-06-05,Nairobi,1
2016-06-06,Nairobi,2
2016-06-07,Nairobi,1
2016-06-08,Nairobi,1
2016-06-09,Nairobi,0
2016-06-10,Nairobi,1
2016-06-11,Nairobi,2
2016-06-12,Nairobi,1
2016-06-13,Nairobi,0
2016-06-14,Nairobi,2
2016-06-15,Nairobi,2
2016-06-16,Nairobi,1
2016-06-17,Nairobi,2
2016-06-18,Nairobi,1
2016-06-19,Nairobi,0
2016-06-20,Nairobi,2
2016-06-21,Nairobi,2
2016-06-22,Nairobi,1
2016-06-23,Nairobi,2
2016-06-24,Nairobi,2
2016-06-25,Nairobi,0
2016-06-26,Nairobi,0
2016-06-27,Nairobi,0
2016-06-28,Nairobi,0
2016-06-29,Nairobi,0
2016-06-30,Nairobi,1
2016-07-01,Nairobi,0
2016-07-02,Nairobi,2
2016-07-03,Nairobi,1
2016-07-04,Nairobi,0
2016-07-05,Nairobi,2
2016-07-06,Nairobi,1
2016-07-07,Nairobi,1
2016-07-08,Nairobi,0
2016-07-09,Nairobi,0
2016-07-10,Nairobi,2
2016-07-11,Nairobi,2
2016-07-12,Nairobi,0
2016-07-13,Nairobi,0
